"Id","Path","Slice Name","Alias(s)","Label","Min","Max","Must Support?","Is Modifier?","Is Summary?","Type(s)","Short","Definition","Comments","Requirements","Default Value","Meaning When Missing","Fixed Value","Pattern","Example","Minimum Value","Maximum Value","Maximum Length","Binding Strength","Binding Description","Binding Value Set","Code","Slicing Discriminator","Slicing Description","Slicing Ordered","Slicing Rules","Base Path","Base Min","Base Max","Condition(s)","Constraint(s)"
"MedicalDevices-ips","MedicalDevices-ips","","","",0,*,"","","","null {[]} {[]}
","Medical Devices (IPS)","Abbildung der Datenfelder, die für den Entwurf der Datenspezifikation des Rahmenkonzepts Integrierte Versorgung Diabetes Mellitus Typ 2 erforderlich sind, auf dem des IPS-Modul ""Medical Devices"".

Refer to the **[mapping from the logical model of diabetes to the logical model based on the International Patient Summary (IPS)](mappings.html)** in order to get an idea how the IPS relates to diabetes.","","","","","","","","","",,,,,"",,,,"Base",0,*,"",""
"MedicalDevices-ips.subject","MedicalDevices-ips.subject","","","",1,1,"","","","https://diab.iv.elga.gv.at/StructureDefinition/Subject-ips {[]} {[]}
","Patient using device","Patient using device","","","","","","","","","",,,,,"",,,,"MedicalDevices-ips.subject",1,1,"",""
"MedicalDevices-ips.source[x]","MedicalDevices-ips.source[x]","","","",0,1,"","","","https://diab.iv.elga.gv.at/StructureDefinition/Subject-ips {[]} {[]}
Reference {[]} {[CanonicalType[http://hl7.org/fhir/StructureDefinition/Practitioner], CanonicalType[http://hl7.org/fhir/StructureDefinition/PractitionerRole], CanonicalType[http://hl7.org/fhir/StructureDefinition/RelatedPerson]]}","Who made the statement","Who made the statement","","","","","","","","","",,,,,"",,,,"MedicalDevices-ips.source[x]",0,1,"",""
"MedicalDevices-ips.device","MedicalDevices-ips.device","","","",1,1,"","","","Reference {[]} {[CanonicalType[http://hl7.org/fhir/StructureDefinition/Device]]}
","Reference to device used","Reference to device used","","","","","","","","","",,,,,"",,,,"MedicalDevices-ips.device",1,1,"",""
