"Id","Path","Slice Name","Alias(s)","Label","Min","Max","Must Support?","Is Modifier?","Is Summary?","Type(s)","Short","Definition","Comments","Requirements","Default Value","Meaning When Missing","Fixed Value","Pattern","Example","Minimum Value","Maximum Value","Maximum Length","Binding Strength","Binding Description","Binding Value Set","Code","Slicing Discriminator","Slicing Description","Slicing Ordered","Slicing Rules","Base Path","Base Min","Base Max","Condition(s)","Constraint(s)"
"MedicationSummary-ips","MedicationSummary-ips","","","",0,*,"","","","null {[]} {[]}
","Medication Summary (IPS)","Abbildung der Datenfelder, die für den Entwurf der Datenspezifikation des Rahmenkonzepts Integrierte Versorgung Diabetes Mellitus Typ 2 erforderlich sind, auf dem des IPS-Modul ""Medication Summary"".

Refer to the **[mapping from the logical model of diabetes to the logical model based on the International Patient Summary (IPS)](mappings.html)** in order to get an idea how the IPS relates to diabetes.","","","","","","","","","",,,,,"",,,,"Base",0,*,"",""
"MedicationSummary-ips.medication[x]","MedicationSummary-ips.medication[x]","","","",1,1,"","","","CodeableConcept {[]} {[]}
Reference {[]} {[CanonicalType[http://hl7.org/fhir/StructureDefinition/Medication]]}","What medication was taken","What medication was taken","","","","","","","","","",,,,,"",,,,"MedicationSummary-ips.medication[x]",1,1,"",""
"MedicationSummary-ips.subject","MedicationSummary-ips.subject","","","",1,1,"","","","https://diab.iv.elga.gv.at/StructureDefinition/Subject-ips {[]} {[]}
","Who is/was taking the medication","Who is/was taking the medication","","","","","","","","","",,,,,"",,,,"MedicationSummary-ips.subject",1,1,"",""
"MedicationSummary-ips.informationSource[x]","MedicationSummary-ips.informationSource[x]","","","",0,1,"","","","https://diab.iv.elga.gv.at/StructureDefinition/Subject-ips {[]} {[]}
Reference {[]} {[CanonicalType[http://hl7.org/fhir/StructureDefinition/Practitioner], CanonicalType[http://hl7.org/fhir/StructureDefinition/PractitionerRole], CanonicalType[http://hl7.org/fhir/StructureDefinition/RelatedPerson], CanonicalType[http://hl7.org/fhir/StructureDefinition/Organization]]}","Person or organization that provided the information about the taking of this medication","Person or organization that provided the information about the taking of this medication","","","","","","","","","",,,,,"",,,,"MedicationSummary-ips.informationSource[x]",0,1,"",""
