<?xml version="1.0" encoding="UTF-8"?><ImplementationGuide xmlns="http://hl7.org/fhir"><id value="linkedcare.hl7.at"/><text><status value="extensions"/><div xmlns="http://www.w3.org/1999/xhtml"><h2>LINCAIG</h2><p>The official URL for this implementation guide is: </p><pre>http://fhir.hl7.at/linkedcare/ImplementationGuide/linkedcare.hl7.at</pre><div><p>Implementation Guide for the Linked Care medication order process</p>
</div></div></text><url value="http://fhir.hl7.at/linkedcare/ImplementationGuide/linkedcare.hl7.at"/><version value="1.1.0"/><name value="LINCAIG"/><title value="Linked Care Implementation Guide"/><status value="draft"/><date value="2023-10-05T14:03:16+00:00"/><publisher value="technikum-wien-treml"/><contact><name value="technikum-wien-treml"/><telecom><system value="url"/><value value="https://www.technikum-wien.at"/></telecom></contact><description value="Implementation Guide for the Linked Care medication order process"/><packageId value="linkedcare.hl7.at"/><license value="CC0-1.0"/><fhirVersion value="5.0.0"/><dependsOn id="hl7tx"><extension url="http://hl7.org/fhir/tools/StructureDefinition/implementationguide-dependency-comment"><valueMarkdown value="Automatically added as a dependency - all IGs depend on HL7 Terminology"/></extension><uri value="http://terminology.hl7.org/ImplementationGuide/hl7.terminology"/><packageId value="hl7.terminology.r5"/><version value="5.3.0"/></dependsOn><dependsOn id="hl7ext"><extension url="http://hl7.org/fhir/tools/StructureDefinition/implementationguide-dependency-comment"><valueMarkdown value="Automatically added as a dependency - all IGs depend on the HL7 Extension Pack"/></extension><uri value="http://hl7.org/fhir/extensions/ImplementationGuide/hl7.fhir.uv.extensions"/><packageId value="hl7.fhir.uv.extensions.r5"/><version value="1.0.0"/></dependsOn><definition><extension url="http://hl7.org/fhir/tools/StructureDefinition/ig-internal-dependency"><valueCode value="hl7.fhir.uv.tools#current"/></extension><grouping id="-str-profile"><name value="Structures: Resource Profiles"/><description value="These define constraints on FHIR resources for systems conforming to this implementation guide."/></grouping><grouping id="-str-datatype"><name value="Structures: Data Type Profiles"/><description value="These define constraints on FHIR data types for systems conforming to this implementation guide."/></grouping><grouping id="-str-extension"><name value="Structures: Extension Definitions"/><description value="These define constraints on FHIR data types for systems conforming to this implementation guide."/></grouping><grouping id="-term-valueset"><name value="Terminology: Value Sets"/><description value="These define sets of codes used by systems conforming to this implementation guide."/></grouping><grouping id="-term-codesystem"><name value="Terminology: Code Systems"/><description value="These define new code systems used by systems conforming to this implementation guide."/></grouping><grouping id="-ex-example"><name value="Example: Example Instances"/><description value="These are example instances that show what data produced and consumed by systems conforming with this implementation guide might look like."/></grouping><resource><extension url="http://hl7.org/fhir/tools/StructureDefinition/resource-sort"><valueInteger value="999999999"/></extension><extension url="http://hl7.org/fhir/StructureDefinition/implementationguide-page"><valueUri value="StructureDefinition-linca-medication.html"/></extension><reference><reference value="StructureDefinition/linca-medication"/></reference><name value="ELGA complient Medication"/><description value="Profile restricbinding ting the medication code and doseForm to ELGA defined Sets"/><isExample value="false"/><groupingId value="-str-profile"/></resource><resource><extension url="http://hl7.org/fhir/tools/StructureDefinition/resource-sort"><valueInteger value="999999999"/></extension><extension url="http://hl7.org/fhir/StructureDefinition/implementationguide-page"><valueUri value="StructureDefinition-at-core-patient.html"/></extension><reference><reference value="StructureDefinition/at-core-patient"/></reference><name value="HL7® AT Core Patient Profile"/><description value="HL7® Austria FHIR® Core Profile for patient data in Austria.&#xA;The HL7® AT Core Patient is based upon the core FHIR® Patient Resource and designed to meet the applicable patient demographic data elements in Austria. It identifies which core elements, extensions, vocabularies and value sets SHALL be present in the resource when using this profile. Note, this extension represents the common structure of Patient information within Austrian information systems."/><isExample value="false"/><groupingId value="-str-profile"/></resource><resource><extension url="http://hl7.org/fhir/tools/StructureDefinition/resource-sort"><valueInteger value="999999999"/></extension><extension url="http://hl7.org/fhir/StructureDefinition/implementationguide-page"><valueUri value="StructureDefinition-at-core-valueset.html"/></extension><reference><reference value="StructureDefinition/at-core-valueset"/></reference><name value="HL7® AT Core ValueSet Profile"/><description value="HL7® Austria FHIR® Core Profile for valuesets in Austria.&#xA;The HL7® AT Core ValueSet is based upon the core FHIR® ValueSet Resource and defines the use of the OID extension."/><isExample value="false"/><groupingId value="-str-profile"/></resource><resource><extension url="http://hl7.org/fhir/tools/StructureDefinition/resource-sort"><valueInteger value="999999999"/></extension><extension url="http://hl7.org/fhir/StructureDefinition/implementationguide-page"><valueUri value="StructureDefinition-linca-full-order-list.html"/></extension><reference><reference value="StructureDefinition/linca-full-order-list"/></reference><name value="LINCA Order (LINCARequestOrchestration)"/><description value="The placer's software creates the RequestOrchestration when (re)ordering medication."/><isExample value="false"/><groupingId value="-str-profile"/></resource><resource><extension url="http://hl7.org/fhir/tools/StructureDefinition/resource-sort"><valueInteger value="999999999"/></extension><extension url="http://hl7.org/fhir/StructureDefinition/implementationguide-page"><valueUri value="StructureDefinition-linca-order-medication-request.html"/></extension><reference><reference value="StructureDefinition/linca-order-medication-request"/></reference><name value="LINCA Order Item (LINCAOrderMedicationRequest)"/><description value="Individual order items created by the Linked Care system according to the contained items in the order. Send to practicioner for authorization."/><isExample value="false"/><groupingId value="-str-profile"/></resource><resource><extension url="http://hl7.org/fhir/tools/StructureDefinition/resource-sort"><valueInteger value="999999999"/></extension><extension url="http://hl7.org/fhir/StructureDefinition/implementationguide-page"><valueUri value="StructureDefinition-linca-dipsense-documentation.html"/></extension><reference><reference value="StructureDefinition/linca-dipsense-documentation"/></reference><name value="Linked Care Dispense Profile"/><description value="Linked Care Dispense Profile"/><isExample value="false"/><groupingId value="-str-profile"/></resource><resource><extension url="http://hl7.org/fhir/tools/StructureDefinition/resource-sort"><valueInteger value="999999999"/></extension><extension url="http://hl7.org/fhir/StructureDefinition/implementationguide-page"><valueUri value="StructureDefinition-linca-prescription-medication-request.html"/></extension><reference><reference value="StructureDefinition/linca-prescription-medication-request"/></reference><name value="Prescription Medication Request"/><description value="Prescription send by practicioner software. Is always based on order but might differ due to changes."/><isExample value="false"/><groupingId value="-str-profile"/></resource><resource><extension url="http://hl7.org/fhir/tools/StructureDefinition/resource-sort"><valueInteger value="999999999"/></extension><extension url="http://hl7.org/fhir/StructureDefinition/implementationguide-page"><valueUri value="StructureDefinition-at-core-address.html"/></extension><reference><reference value="StructureDefinition/at-core-address"/></reference><name value="HL7® AT Core Address Profile"/><description value="HL7® Austria FHIR® Core Profile for address data in Austria. Note, this extension represents the common structure of address information within Austrian information systems. This extension does not restrict the documented information to Austrian adresses. Address information that does not fit into the given structure may be captured by [Address Additional Information](StructureDefinition-at-core-ext-address-additionalInformation.html)."/><isExample value="false"/><groupingId value="-str-datatype"/></resource><resource><extension url="http://hl7.org/fhir/tools/StructureDefinition/resource-sort"><valueInteger value="999999999"/></extension><extension url="http://hl7.org/fhir/StructureDefinition/implementationguide-page"><valueUri value="StructureDefinition-at-core-ext-address-additionalInformation.html"/></extension><reference><reference value="StructureDefinition/at-core-ext-address-additionalInformation"/></reference><name value="Address Additional Information"/><description value="HL7® Austria FHIR® Core Extension for the additional information part of the Austrian address."/><isExample value="false"/><groupingId value="-str-extension"/></resource><resource><extension url="http://hl7.org/fhir/tools/StructureDefinition/resource-sort"><valueInteger value="999999999"/></extension><extension url="http://hl7.org/fhir/StructureDefinition/implementationguide-page"><valueUri value="StructureDefinition-at-core-ext-patient-religion.html"/></extension><reference><reference value="StructureDefinition/at-core-ext-patient-religion"/></reference><name value="Patient Religion"/><description value="HL7® Austria FHIR® Core Extension for the religion (registered in Austria) of a patient.&#xA;The extension is used to encode the religious confession of a patient (only confessions registered in Austria). Furthermore, it uses the official [HL7 AT CodeSystem](https://termpub.gesundheit.gv.at:443/TermBrowser/gui/main/main.zul?loadType=CodeSystem&amp;loadName=HL7 AT ReligionAustria) for religion and is therefore aligned with the ELGA ValueSet, respectively."/><isExample value="false"/><groupingId value="-str-extension"/></resource><resource><extension url="http://hl7.org/fhir/tools/StructureDefinition/resource-sort"><valueInteger value="999999999"/></extension><extension url="http://hl7.org/fhir/StructureDefinition/implementationguide-page"><valueUri value="StructureDefinition-at-core-ext-valueset-systemoid.html"/></extension><reference><reference value="StructureDefinition/at-core-ext-valueset-systemoid"/></reference><name value="System OID"/><description value="HL7® Austria FHIR® Core Extension for the capturing of OID in ValueSets to reference the CodeSystem they come from.&#xA;The extension is used to document the OID of the system of a code referenced in a ValueSet, to align FHIR with the HL7 Austria CDA document guidelines."/><isExample value="false"/><groupingId value="-str-extension"/></resource><resource><extension url="http://hl7.org/fhir/tools/StructureDefinition/resource-sort"><valueInteger value="999999999"/></extension><extension url="http://hl7.org/fhir/StructureDefinition/implementationguide-page"><valueUri value="ValueSet-at-elga-vs-countryCodes.html"/></extension><reference><reference value="ValueSet/at-elga-vs-countryCodes"/></reference><name value="ELGA Country Code Value Set"/><description value="Value Set for ISO 3166-1 alpha 3 used in ELGA. Also accessible on [Termpub - ValueSet - ELGA Ländercodes](https://termpub.gesundheit.gv.at:443/TermBrowser/gui/main/main.zul?loadType=ValueSet&amp;loadName=ELGA_Laendercodes)."/><isExample value="false"/><groupingId value="-term-valueset"/></resource><resource><extension url="http://hl7.org/fhir/tools/StructureDefinition/resource-sort"><valueInteger value="999999999"/></extension><extension url="http://hl7.org/fhir/StructureDefinition/implementationguide-page"><valueUri value="ValueSet-at-elga-vs-religion.html"/></extension><reference><reference value="ValueSet/at-elga-vs-religion"/></reference><name value="ELGA Religion Value Set"/><description value="Set of religious affiliations to be used in ELGA. It is preferred to use entries of the first level hierachy (1-L). Also accessible on [Termpub - ValueSet - ELGA ReligiousAffiliation](https://termpub.gesundheit.gv.at:443/TermBrowser/gui/main/main.zul?loadType=ValueSet&amp;loadName=ELGA_ReligiousAffiliation)."/><isExample value="false"/><groupingId value="-term-valueset"/></resource><resource><extension url="http://hl7.org/fhir/tools/StructureDefinition/resource-sort"><valueInteger value="999999999"/></extension><extension url="http://hl7.org/fhir/StructureDefinition/implementationguide-page"><valueUri value="CodeSystem-at-core-cs-religion.html"/></extension><reference><reference value="CodeSystem/at-core-cs-religion"/></reference><name value="HL7 AT Core Religion Code System"/><description value="Code system for the religions and faith communities in Austria. Also accessible on [Termpub - CodeSystem - HL7 AT ReligionAustria](https://termpub.gesundheit.gv.at:443/TermBrowser/gui/main/main.zul?loadType=CodeSystem&amp;loadName=HL7.AT:ReligionAustria)."/><isExample value="false"/><groupingId value="-term-codesystem"/></resource><resource><extension url="http://hl7.org/fhir/tools/StructureDefinition/resource-sort"><valueInteger value="999999999"/></extension><extension url="http://hl7.org/fhir/StructureDefinition/implementationguide-page"><valueUri value="CodeSystem-at-core-cs-iso-3166-1-alpha-3.html"/></extension><reference><reference value="CodeSystem/at-core-cs-iso-3166-1-alpha-3"/></reference><name value="HL7® AT® Core ISO 3166-1 alpha 3 Code System"/><description value="ISO code system for country codes with 3 letters. Also accessible on [Termpub - CodeSystem - ISO 3166-1 alpha 3](https://termpub.gesundheit.gv.at/TermBrowser/gui/main/main.zul?loadType=CodeSystem&amp;loadName=ISO%203166-1%20alpha%203%202016)."/><isExample value="false"/><groupingId value="-term-codesystem"/></resource><resource><extension url="http://hl7.org/fhir/tools/StructureDefinition/resource-sort"><valueInteger value="999999999"/></extension><extension url="http://hl7.org/fhir/StructureDefinition/implementationguide-page"><valueUri value="Practitioner-ExamplePractitioner-01.html"/></extension><reference><reference value="Practitioner/ExamplePractitioner-01"/></reference><name value="ExamplePractitioner-01"/><isExample value="true"/><groupingId value="-ex-example"/></resource><resource><extension url="http://hl7.org/fhir/tools/StructureDefinition/resource-sort"><valueInteger value="999999999"/></extension><extension url="http://hl7.org/fhir/StructureDefinition/implementationguide-page"><valueUri value="Patient-Patient-01.html"/></extension><reference><reference value="Patient/Patient-01"/></reference><name value="Patient-01"/><profile value="http://fhir.hl7.at/linkedcare/StructureDefinition/at-core-patient"/><groupingId value="-ex-example"/></resource><resource><extension url="http://hl7.org/fhir/tools/StructureDefinition/resource-sort"><valueInteger value="999999999"/></extension><extension url="http://hl7.org/fhir/StructureDefinition/implementationguide-page"><valueUri value="Patient-Patient-02.html"/></extension><reference><reference value="Patient/Patient-02"/></reference><name value="Patient-02"/><profile value="http://fhir.hl7.at/linkedcare/StructureDefinition/at-core-patient"/><groupingId value="-ex-example"/></resource><resource><extension url="http://hl7.org/fhir/tools/StructureDefinition/resource-sort"><valueInteger value="999999999"/></extension><extension url="http://hl7.org/fhir/StructureDefinition/implementationguide-page"><valueUri value="Patient-Patient-03.html"/></extension><reference><reference value="Patient/Patient-03"/></reference><name value="Patient-03"/><profile value="http://fhir.hl7.at/linkedcare/StructureDefinition/at-core-patient"/><groupingId value="-ex-example"/></resource><resource><extension url="http://hl7.org/fhir/tools/StructureDefinition/resource-sort"><valueInteger value="999999999"/></extension><extension url="http://hl7.org/fhir/StructureDefinition/implementationguide-page"><valueUri value="Patient-Patient-04.html"/></extension><reference><reference value="Patient/Patient-04"/></reference><name value="Patient-04"/><profile value="http://fhir.hl7.at/linkedcare/StructureDefinition/at-core-patient"/><groupingId value="-ex-example"/></resource><resource><extension url="http://hl7.org/fhir/tools/StructureDefinition/resource-sort"><valueInteger value="999999999"/></extension><extension url="http://hl7.org/fhir/StructureDefinition/implementationguide-page"><valueUri value="RequestOrchestration-RequestOrchestrationExample.html"/></extension><reference><reference value="RequestOrchestration/RequestOrchestrationExample"/></reference><name value="RequestOrchestrationExample"/><isExample value="true"/><groupingId value="-ex-example"/></resource><resource><extension url="http://hl7.org/fhir/tools/StructureDefinition/resource-sort"><valueInteger value="999999999"/></extension><extension url="http://hl7.org/fhir/StructureDefinition/implementationguide-page"><valueUri value="MedicationDispense-temp-dispense-ex.html"/></extension><reference><reference value="MedicationDispense/temp-dispense-ex"/></reference><name value="temp-dispense-ex"/><profile value="http://fhir.hl7.at/linkedcare/StructureDefinition/linca-dipsense-documentation"/><groupingId value="-ex-example"/></resource><resource><extension url="http://hl7.org/fhir/tools/StructureDefinition/resource-sort"><valueInteger value="999999999"/></extension><extension url="http://hl7.org/fhir/StructureDefinition/implementationguide-page"><valueUri value="MedicationRequest-linca-order-item-007.html"/></extension><reference><reference value="MedicationRequest/linca-order-item-007"/></reference><name value="temp-medreq-ex"/><profile value="http://fhir.hl7.at/linkedcare/StructureDefinition/linca-order-medication-request"/><groupingId value="-ex-example"/></resource><resource><extension url="http://hl7.org/fhir/tools/StructureDefinition/resource-sort"><valueInteger value="999999999"/></extension><extension url="http://hl7.org/fhir/StructureDefinition/implementationguide-page"><valueUri value="MedicationRequest-temp-presc-ex.html"/></extension><reference><reference value="MedicationRequest/temp-presc-ex"/></reference><name value="temp-presc-ex"/><profile value="http://fhir.hl7.at/linkedcare/StructureDefinition/linca-prescription-medication-request"/><groupingId value="-ex-example"/></resource><page><sourceUrl value="toc.html"/><name value="toc.html"/><title value="Table of Contents"/><generation value="html"/><page><sourceUrl value="index.html"/><name value="index.html"/><title value="Home"/><generation value="markdown"/></page><page><sourceUrl value="technical_information.html"/><name value="technical_information.html"/><title value="Technical Information"/><generation value="markdown"/></page><page><sourceUrl value="usage.html"/><name value="usage.html"/><title value="Usage"/><generation value="markdown"/></page><page><sourceUrl value="user_stories.html"/><name value="user_stories.html"/><title value="User Stories"/><generation value="markdown"/></page><page><sourceUrl value="artifacts.html"/><name value="artifacts.html"/><title value="Artifacts Summary"/><generation value="html"/><page><sourceUrl value="StructureDefinition-linca-medication.html"/><name value="StructureDefinition-linca-medication.html"/><title value="ELGA complient Medication"/><generation value="generated"/></page><page><sourceUrl value="StructureDefinition-at-core-patient.html"/><name value="StructureDefinition-at-core-patient.html"/><title value="HL7® AT Core Patient Profile"/><generation value="generated"/></page><page><sourceUrl value="StructureDefinition-at-core-valueset.html"/><name value="StructureDefinition-at-core-valueset.html"/><title value="HL7® AT Core ValueSet Profile"/><generation value="generated"/></page><page><sourceUrl value="StructureDefinition-linca-full-order-list.html"/><name value="StructureDefinition-linca-full-order-list.html"/><title value="LINCA Order (LINCARequestOrchestration)"/><generation value="generated"/></page><page><sourceUrl value="StructureDefinition-linca-order-medication-request.html"/><name value="StructureDefinition-linca-order-medication-request.html"/><title value="LINCA Order Item (LINCAOrderMedicationRequest)"/><generation value="generated"/></page><page><sourceUrl value="StructureDefinition-linca-dipsense-documentation.html"/><name value="StructureDefinition-linca-dipsense-documentation.html"/><title value="Linked Care Dispense Profile"/><generation value="generated"/></page><page><sourceUrl value="StructureDefinition-linca-prescription-medication-request.html"/><name value="StructureDefinition-linca-prescription-medication-request.html"/><title value="Prescription Medication Request"/><generation value="generated"/></page><page><sourceUrl value="StructureDefinition-at-core-address.html"/><name value="StructureDefinition-at-core-address.html"/><title value="HL7® AT Core Address Profile"/><generation value="generated"/></page><page><sourceUrl value="StructureDefinition-at-core-ext-address-additionalInformation.html"/><name value="StructureDefinition-at-core-ext-address-additionalInformation.html"/><title value="Address Additional Information"/><generation value="generated"/></page><page><sourceUrl value="StructureDefinition-at-core-ext-patient-religion.html"/><name value="StructureDefinition-at-core-ext-patient-religion.html"/><title value="Patient Religion"/><generation value="generated"/></page><page><sourceUrl value="StructureDefinition-at-core-ext-valueset-systemoid.html"/><name value="StructureDefinition-at-core-ext-valueset-systemoid.html"/><title value="System OID"/><generation value="generated"/></page><page><sourceUrl value="ValueSet-at-elga-vs-countryCodes.html"/><name value="ValueSet-at-elga-vs-countryCodes.html"/><title value="ELGA Country Code Value Set"/><generation value="generated"/></page><page><sourceUrl value="ValueSet-at-elga-vs-religion.html"/><name value="ValueSet-at-elga-vs-religion.html"/><title value="ELGA Religion Value Set"/><generation value="generated"/></page><page><sourceUrl value="CodeSystem-at-core-cs-religion.html"/><name value="CodeSystem-at-core-cs-religion.html"/><title value="HL7 AT Core Religion Code System"/><generation value="generated"/></page><page><sourceUrl value="CodeSystem-at-core-cs-iso-3166-1-alpha-3.html"/><name value="CodeSystem-at-core-cs-iso-3166-1-alpha-3.html"/><title value="HL7® AT® Core ISO 3166-1 alpha 3 Code System"/><generation value="generated"/></page><page><sourceUrl value="Practitioner-ExamplePractitioner-01.html"/><name value="Practitioner-ExamplePractitioner-01.html"/><title value="ExamplePractitioner-01"/><generation value="generated"/></page><page><sourceUrl value="Patient-Patient-01.html"/><name value="Patient-Patient-01.html"/><title value="Patient-01"/><generation value="generated"/></page><page><sourceUrl value="Patient-Patient-02.html"/><name value="Patient-Patient-02.html"/><title value="Patient-02"/><generation value="generated"/></page><page><sourceUrl value="Patient-Patient-03.html"/><name value="Patient-Patient-03.html"/><title value="Patient-03"/><generation value="generated"/></page><page><sourceUrl value="Patient-Patient-04.html"/><name value="Patient-Patient-04.html"/><title value="Patient-04"/><generation value="generated"/></page><page><sourceUrl value="RequestOrchestration-RequestOrchestrationExample.html"/><name value="RequestOrchestration-RequestOrchestrationExample.html"/><title value="RequestOrchestrationExample"/><generation value="generated"/></page><page><sourceUrl value="MedicationDispense-temp-dispense-ex.html"/><name value="MedicationDispense-temp-dispense-ex.html"/><title value="temp-dispense-ex"/><generation value="generated"/></page><page><sourceUrl value="MedicationRequest-linca-order-item-007.html"/><name value="MedicationRequest-linca-order-item-007.html"/><title value="temp-medreq-ex"/><generation value="generated"/></page><page><sourceUrl value="MedicationRequest-temp-presc-ex.html"/><name value="MedicationRequest-temp-presc-ex.html"/><title value="temp-presc-ex"/><generation value="generated"/></page></page></page><parameter><code><system value="http://hl7.org/fhir/tools/CodeSystem/ig-parameters"/><code value="copyrightyear"/></code><value value="2023+"/></parameter><parameter><code><system value="http://hl7.org/fhir/tools/CodeSystem/ig-parameters"/><code value="releaselabel"/></code><value value="ci-build"/></parameter><parameter><code><system value="http://hl7.org/fhir/tools/CodeSystem/ig-parameters"/><code value="autoload-resources"/></code><value value="true"/></parameter><parameter><code><system value="http://hl7.org/fhir/guide-parameter-code"/><code value="path-resource"/></code><value value="input/capabilities"/></parameter><parameter><code><system value="http://hl7.org/fhir/guide-parameter-code"/><code value="path-resource"/></code><value value="input/examples"/></parameter><parameter><code><system value="http://hl7.org/fhir/guide-parameter-code"/><code value="path-resource"/></code><value value="input/extensions"/></parameter><parameter><code><system value="http://hl7.org/fhir/guide-parameter-code"/><code value="path-resource"/></code><value value="input/models"/></parameter><parameter><code><system value="http://hl7.org/fhir/guide-parameter-code"/><code value="path-resource"/></code><value value="input/operations"/></parameter><parameter><code><system value="http://hl7.org/fhir/guide-parameter-code"/><code value="path-resource"/></code><value value="input/profiles"/></parameter><parameter><code><system value="http://hl7.org/fhir/guide-parameter-code"/><code value="path-resource"/></code><value value="input/resources"/></parameter><parameter><code><system value="http://hl7.org/fhir/guide-parameter-code"/><code value="path-resource"/></code><value value="input/vocabulary"/></parameter><parameter><code><system value="http://hl7.org/fhir/guide-parameter-code"/><code value="path-resource"/></code><value value="input/maps"/></parameter><parameter><code><system value="http://hl7.org/fhir/guide-parameter-code"/><code value="path-resource"/></code><value value="input/testing"/></parameter><parameter><code><system value="http://hl7.org/fhir/guide-parameter-code"/><code value="path-resource"/></code><value value="input/history"/></parameter><parameter><code><system value="http://hl7.org/fhir/guide-parameter-code"/><code value="path-resource"/></code><value value="fsh-generated/resources"/></parameter><parameter><code><system value="http://hl7.org/fhir/guide-parameter-code"/><code value="path-pages"/></code><value value="template/config"/></parameter><parameter><code><system value="http://hl7.org/fhir/guide-parameter-code"/><code value="path-pages"/></code><value value="input/images"/></parameter><parameter><code><system value="http://hl7.org/fhir/tools/CodeSystem/ig-parameters"/><code value="path-liquid"/></code><value value="template/liquid"/></parameter><parameter><code><system value="http://hl7.org/fhir/tools/CodeSystem/ig-parameters"/><code value="path-liquid"/></code><value value="input/liquid"/></parameter><parameter><code><system value="http://hl7.org/fhir/tools/CodeSystem/ig-parameters"/><code value="path-qa"/></code><value value="temp/qa"/></parameter><parameter><code><system value="http://hl7.org/fhir/tools/CodeSystem/ig-parameters"/><code value="path-temp"/></code><value value="temp/pages"/></parameter><parameter><code><system value="http://hl7.org/fhir/tools/CodeSystem/ig-parameters"/><code value="path-output"/></code><value value="output"/></parameter><parameter><code><system value="http://hl7.org/fhir/guide-parameter-code"/><code value="path-tx-cache"/></code><value value="input-cache/txcache"/></parameter><parameter><code><system value="http://hl7.org/fhir/tools/CodeSystem/ig-parameters"/><code value="path-suppressed-warnings"/></code><value value="input/ignoreWarnings.txt"/></parameter><parameter><code><system value="http://hl7.org/fhir/tools/CodeSystem/ig-parameters"/><code value="path-history"/></code><value value="http://fhir.hl7.at/linkedcare/history.html"/></parameter><parameter><code><system value="http://hl7.org/fhir/tools/CodeSystem/ig-parameters"/><code value="template-html"/></code><value value="template-page.html"/></parameter><parameter><code><system value="http://hl7.org/fhir/tools/CodeSystem/ig-parameters"/><code value="template-md"/></code><value value="template-page-md.html"/></parameter><parameter><code><system value="http://hl7.org/fhir/tools/CodeSystem/ig-parameters"/><code value="apply-contact"/></code><value value="true"/></parameter><parameter><code><system value="http://hl7.org/fhir/tools/CodeSystem/ig-parameters"/><code value="apply-context"/></code><value value="true"/></parameter><parameter><code><system value="http://hl7.org/fhir/tools/CodeSystem/ig-parameters"/><code value="apply-copyright"/></code><value value="true"/></parameter><parameter><code><system value="http://hl7.org/fhir/tools/CodeSystem/ig-parameters"/><code value="apply-jurisdiction"/></code><value value="true"/></parameter><parameter><code><system value="http://hl7.org/fhir/tools/CodeSystem/ig-parameters"/><code value="apply-license"/></code><value value="true"/></parameter><parameter><code><system value="http://hl7.org/fhir/tools/CodeSystem/ig-parameters"/><code value="apply-publisher"/></code><value value="true"/></parameter><parameter><code><system value="http://hl7.org/fhir/tools/CodeSystem/ig-parameters"/><code value="apply-version"/></code><value value="true"/></parameter><parameter><code><system value="http://hl7.org/fhir/tools/CodeSystem/ig-parameters"/><code value="apply-wg"/></code><value value="true"/></parameter><parameter><code><system value="http://hl7.org/fhir/tools/CodeSystem/ig-parameters"/><code value="active-tables"/></code><value value="true"/></parameter><parameter><code><system value="http://hl7.org/fhir/tools/CodeSystem/ig-parameters"/><code value="fmm-definition"/></code><value value="http://hl7.org/fhir/versions.html#maturity"/></parameter><parameter><code><system value="http://hl7.org/fhir/tools/CodeSystem/ig-parameters"/><code value="propagate-status"/></code><value value="true"/></parameter><parameter><code><system value="http://hl7.org/fhir/tools/CodeSystem/ig-parameters"/><code value="excludelogbinaryformat"/></code><value value="true"/></parameter><parameter><code><system value="http://hl7.org/fhir/tools/CodeSystem/ig-parameters"/><code value="tabbed-snapshots"/></code><value value="true"/></parameter></definition></ImplementationGuide>