<?xml version="1.0" encoding="UTF-8"?><ValueSet xmlns="http://hl7.org/fhir"><id value="moped-LKFAbrechnungsKnoten-valueset"/><text><status value="generated"/><div xmlns="http://www.w3.org/1999/xhtml"><p class="res-header-id"><b>Generated Narrative: ValueSet moped-LKFAbrechnungsKnoten-valueset</b></p><a name="moped-LKFAbrechnungsKnoten-valueset"> </a><a name="hcmoped-LKFAbrechnungsKnoten-valueset"> </a><a name="moped-LKFAbrechnungsKnoten-valueset-en-US"> </a><ul><li>Include these codes as defined in <code>http://tbd.at/MOPED-LKFAbrechnungsKnoten</code><table class="none"><tr><td style="white-space:nowrap"><b>Code</b></td><td><b>Display</b></td></tr><tr><td>A</td><td>A</td></tr><tr><td>B</td><td>B</td></tr><tr><td>C</td><td>C</td></tr><tr><td>D</td><td>D</td></tr><tr><td>E</td><td>E</td></tr><tr><td>F</td><td>F</td></tr><tr><td>G</td><td>G</td></tr><tr><td>H</td><td>H</td></tr></table></li></ul></div></text><url value="http://example.org/ValueSet/moped-LKFAbrechnungsKnoten-valueset"/><version value="0.1.0"/><name value="LKFAbrechnungsKnoten"/><title value="LKF Abrechnungsknoten"/><status value="draft"/><date value="2024-10-24T12:33:56+00:00"/><publisher value="Example Publisher"/><contact><name value="Example Publisher"/><telecom><system value="url"/><value value="http://example.org/example-publisher"/></telecom></contact><description value="LKF Abrechnungsknoten"/><compose><include><system value="http://tbd.at/MOPED-LKFAbrechnungsKnoten"/><concept><code value="A"/><display value="A"/></concept><concept><code value="B"/><display value="B"/></concept><concept><code value="C"/><display value="C"/></concept><concept><code value="D"/><display value="D"/></concept><concept><code value="E"/><display value="E"/></concept><concept><code value="F"/><display value="F"/></concept><concept><code value="G"/><display value="G"/></concept><concept><code value="H"/><display value="H"/></concept></include></compose></ValueSet>