<?xml version="1.0" encoding="UTF-8"?><ValueSet xmlns="http://hl7.org/fhir"><id value="moped-aufnahmeart-valueset"/><text><status value="generated"/><div xmlns="http://www.w3.org/1999/xhtml"><p class="res-header-id"><b>Generated Narrative: ValueSet moped-aufnahmeart-valueset</b></p><a name="moped-aufnahmeart-valueset"> </a><a name="hcmoped-aufnahmeart-valueset"> </a><a name="moped-aufnahmeart-valueset-en-US"> </a><ul><li>Include these codes as defined in <code>http://tbd.at/moped-ext-aufnahmeart</code><table class="none"><tr><td style="white-space:nowrap"><b>Code</b></td><td><b>Display</b></td></tr><tr><td>P</td><td>geplante stationäre Aufnahme/geplanter ambulanter Besuch (mit vorhergehender Terminvereinbarung, Richtwert: mindestens 24 Stunden)</td></tr><tr><td>A</td><td>akute stationäre Aufnahme/akuter ambulanter Besuch (ohne vorhergehende Terminvereinbarung)</td></tr><tr><td>K</td><td>stationäre Aufnahme/ambulanter Besuch aus Kapazitätsgründen zugewiesen</td></tr></table></li></ul></div></text><url value="http://example.org/ValueSet/moped-aufnahmeart-valueset"/><version value="0.1.0"/><name value="Aufnahmeart"/><title value="Aufnahmeart des Patienten"/><status value="draft"/><date value="2024-10-24T12:33:56+00:00"/><publisher value="Example Publisher"/><contact><name value="Example Publisher"/><telecom><system value="url"/><value value="http://example.org/example-publisher"/></telecom></contact><description value="ValueSet für die Aufnahmeart des Patienten"/><compose><include><system value="http://tbd.at/moped-ext-aufnahmeart"/><concept><code value="P"/><display value="geplante stationäre Aufnahme/geplanter ambulanter Besuch (mit vorhergehender Terminvereinbarung, Richtwert: mindestens 24 Stunden)"/></concept><concept><code value="A"/><display value="akute stationäre Aufnahme/akuter ambulanter Besuch (ohne vorhergehende Terminvereinbarung)"/></concept><concept><code value="K"/><display value="stationäre Aufnahme/ambulanter Besuch aus Kapazitätsgründen zugewiesen"/></concept></include></compose></ValueSet>