{"resourceType":"OperationDefinition","id":"MOPED.Patient.Entlassen","text":{"status":"generated","div":"<div xmlns=\"http://www.w3.org/1999/xhtml\"><p class=\"res-header-id\"><b>Generated Narrative: OperationDefinition MOPED.Patient.Entlassen</b></p><a name=\"MOPED.Patient.Entlassen\"> </a><a name=\"hcMOPED.Patient.Entlassen\"> </a><a name=\"MOPED.Patient.Entlassen-en-US\"> </a><p>URL: [base]/Encounter/$entlassen</p><h3>Parameters</h3><table class=\"grid\"><tr><td><b>Use</b></td><td><b>Name</b></td><td><b>Scope</b></td><td><b>Cardinality</b></td><td><b>Type</b></td><td><b>Binding</b></td><td><b>Documentation</b></td></tr><tr><td>IN</td><td>aufnahmezahl</td><td/><td>1..1</td><td><a href=\"http://hl7.org/fhir/R5/datatypes.html#Identifier\">Identifier</a></td><td/><td><div><p>Der <em>aufnahmezahl</em> Parameter beinhält den eindeutigen Identifizierer für den relevanten Fall.</p>\n</div></td></tr><tr><td>IN</td><td>zeitpunkt</td><td/><td>1..1</td><td><a href=\"http://hl7.org/fhir/R5/datatypes.html#dateTime\">dateTime</a></td><td/><td><div><p>Der <em>zeitpunkt</em> Parameter definiert zu welchem Zeitpunkt die Beurlaubung startet.</p>\n</div></td></tr><tr><td>IN</td><td>entlassungsart</td><td/><td>1..1</td><td><a href=\"http://hl7.org/fhir/R5/datatypes.html#code\">code</a></td><td><a href=\"ValueSet-moped-entlassungsart-valueset.html\">Entlassungsart des Patienten</a> (Required)</td><td><div><p>Der <em>entlassungsart</em> Parameter definiert die Entlassungsart des Patienten.</p>\n</div></td></tr><tr><td>IN</td><td>tageOhneKostenbeitrag</td><td/><td>0..1</td><td><a href=\"http://hl7.org/fhir/R5/datatypes.html#unsignedInt\">unsignedInt</a></td><td/><td><div><p>Der <em>tageOhneKostenbeitrag</em> Parameter definiert zu für wie viele Tage kein Kostenbeitrag eingehoben wurde.</p>\n</div></td></tr><tr><td>IN</td><td>freigeben</td><td/><td>1..1</td><td><a href=\"http://hl7.org/fhir/R5/datatypes.html#boolean\">boolean</a></td><td/><td><div><p>Mit Hilfe des <em>freigeben</em> Parameters wird angegeben, ob es sich bei der Patienten-Entlassung um vollständige Daten handelt (<em>freigeben</em> = <em>true</em>) und somit eine Validierung erfolgen soll, oder ob lediglich unvollständige Daten zwischengespeichert werden (<em>freigeben</em> = <em>false</em>) - in diesem Fall wird ein Entlassungs-Aviso erstellt.</p>\n</div></td></tr><tr><td>OUT</td><td>return</td><td/><td>1..1</td><td><a href=\"http://hl7.org/fhir/R5/resource.html\">Resource</a> (<a href=\"http://hl7.org/fhir/R5/operationoutcome.html\" title=\"http://hl7.org/fhir/StructureDefinition/OperationOutcome\">OperationOutcome</a>)</td><td/><td><div><p>Der <em>return</em> Parameter gibt Auskunft über den Erfolg der Operation.</p>\n</div></td></tr></table><div><p>TBD: Abgangsart beim MOPEDTransferEncounter falls intensiv, muss befüllt werden; In dieser Operation werden noch keine Leitungen erfasst, hier muss eine Möglichkeit gegeben werden, dies nachzuholen - in einer separaten Transaction/Operation.; Der Status 'SV verarbeitet' stimmt zwar als Voraussetzung für den ersten Schritt. Kann das aber so weiterverfolgt werden, sobald Selbstzahler / private Versicherungen hinzukommen? Was passiert in einer schnellen Entlassung, wenn die SV sich noch nicht zurück gemeldet hat?</p>\n</div></div>"},"url":"http://example.org/OperationDefinition/MOPED.Patient.Entlassen","version":"0.1.0","name":"MOPED_Patient_Entlassen","title":"MOPED Patient $entlassen (POC)","status":"draft","kind":"operation","date":"2024-10-11T06:59:25+00:00","publisher":"Example Publisher","contact":[{"name":"Example Publisher","telecom":[{"system":"url","value":"http://example.org/example-publisher"}]}],"description":"\n**Wer ruft diese Operation in welchem Zusammenhang auf?**\n\nDie Operation wird vom Akteur Krankenhaus (KH) aufgerufen. Die $entlassen Operation wird aufgerufen, wenn ein(e) Patient*in aus dem Krankenhaus entlassen wurde.\n\n**Voraussetzungen für den Aufruf**\n\n* Account-Status: `SV verarbeitet`\n\n**Detaillierte Business-Logik**\n\n1. Suche des MOPEDEncounter: Der MOPEDEncounter mit der jeweiligen *aufnahmezahl* lt. Operation-Parameter wird gesucht\n2. Update des MOPEDEncounters:\n  * *MOPEDEncounter.actualPeriod.end* mit dem *zeitpunkt* lt. Operation-Parameter befüllen\n  * *MOPEDEncounter.status* mit `discharged`  befüllen\n  * *MOPEDEncounter.admission.dischargeDisposition* mit *entlassungsart* lt. Operation-Parameter befüllen\n3. Suche des letzten MOPEDTransferEncounter: Mit *MOPEDTransferEncounter.partOf* einer Referenz auf den MOPEDEncounter aus Schritt 1 und den Status *in-progress*\n4. Update des letzten MOPEDTransferEncounter:\n  * *MOPEDTransferEncounter.status* mit `completed` befüllen gesetzt\n  * *MOPEDTransferEncounter.actualPeriod.end* mit *zeitpunkt* lt. Operation-Parameter befüllen\n4. Erstellung eines leeren *MOPEDClaim*:\n  * *MOPEDClaim.status* mit `draft` befüllen\n  * *MOPEDClaim.patient* mit MOPEDAccount.subject befüllen\n5. Änderungen im Account:\n  * *MOPEDAccount.ClaimRef* mit der Referenz aus Schritt 4 befüllen\n  * *MOPEDAccount.WorkflowStatus* mit `Entlassungs Aviso` befüllen, oder, falls der *freigeben*-Operation-Parameter auf `true` gesetzt war und die Validierung erfolgreich war, wird *MOPEDAccount.WorkflowStatus* mit `Entlassung vollständig` befüllt.\n  * *MOPEDAccount.TageOhneKostenbeitrag* lt. gleichnamigen Opeartion-Parameter befüllen\n\n**Validierung / Fehlerbehandlung**\n\n* Wenn der *freigeben*-Parameter auf *true* ist, muss eine Validierung aller Ressourcen (MOPEDEncounter, Account) erfolgreich sein, oder die Operation schlägt fehl.\n* Wenn der *freigeben*-Parameter auf *true* ist, muss Information zu den Tagen ohne Kostenbeitrag vorliegen (i.e. der Operation-Parameter *TageOhneKostenbeitrag* muss befüllt sein)\n* Wurden bei der Suche in Schritt 4 mehrere MOPEDTransferEncounter gefunden, liegen inkonsistente Daten vor und die Operation schlägt fehl.\n\n**Weitere Hinweise**\n\n* Hinweis 1: Wurde der Patient direkt aus der Intensivstation entlassen, so müsste auch eine Abgangsart im MOPEDTransferEncounter gesetzt werden. Dieser Spezialfall wurde noch nicht berücksichtigt.","affectsState":true,"code":"entlassen","comment":"TBD: Abgangsart beim MOPEDTransferEncounter falls intensiv, muss befüllt werden; In dieser Operation werden noch keine Leitungen erfasst, hier muss eine Möglichkeit gegeben werden, dies nachzuholen - in einer separaten Transaction/Operation.; Der Status 'SV verarbeitet' stimmt zwar als Voraussetzung für den ersten Schritt. Kann das aber so weiterverfolgt werden, sobald Selbstzahler / private Versicherungen hinzukommen? Was passiert in einer schnellen Entlassung, wenn die SV sich noch nicht zurück gemeldet hat?","base":"http://hl7.org/fhir/OperationDefinition/Patient-entlassen","resource":["Encounter"],"system":false,"type":true,"instance":false,"parameter":[{"name":"aufnahmezahl","use":"in","min":1,"max":"1","documentation":"Der *aufnahmezahl* Parameter beinhält den eindeutigen Identifizierer für den relevanten Fall.","type":"Identifier"},{"name":"zeitpunkt","use":"in","min":1,"max":"1","documentation":"Der *zeitpunkt* Parameter definiert zu welchem Zeitpunkt die Beurlaubung startet.","type":"dateTime"},{"name":"entlassungsart","use":"in","min":1,"max":"1","documentation":"Der *entlassungsart* Parameter definiert die Entlassungsart des Patienten.","type":"code","binding":{"strength":"required","valueSet":"moped-entlassungsart-valueset"}},{"name":"tageOhneKostenbeitrag","use":"in","min":0,"max":"1","documentation":"Der *tageOhneKostenbeitrag* Parameter definiert zu für wie viele Tage kein Kostenbeitrag eingehoben wurde.","type":"unsignedInt"},{"name":"freigeben","use":"in","min":1,"max":"1","documentation":"Mit Hilfe des *freigeben* Parameters wird angegeben, ob es sich bei der Patienten-Entlassung um vollständige Daten handelt (*freigeben* = *true*) und somit eine Validierung erfolgen soll, oder ob lediglich unvollständige Daten zwischengespeichert werden (*freigeben* = *false*) - in diesem Fall wird ein Entlassungs-Aviso erstellt.","type":"boolean"},{"name":"return","use":"out","min":1,"max":"1","documentation":"Der *return* Parameter gibt Auskunft über den Erfolg der Operation.","type":"Resource","targetProfile":["http://hl7.org/fhir/StructureDefinition/OperationOutcome"]}]}