{"resourceType":"ValueSet","id":"moped-KostenmeldungARK-valueset","text":{"status":"generated","div":"<div xmlns=\"http://www.w3.org/1999/xhtml\"><p class=\"res-header-id\"><b>Generated Narrative: ValueSet moped-KostenmeldungARK-valueset</b></p><a name=\"moped-KostenmeldungARK-valueset\"> </a><a name=\"hcmoped-KostenmeldungARK-valueset\"> </a><a name=\"moped-KostenmeldungARK-valueset-en-US\"> </a><ul><li>Include these codes as defined in <code>http://tbd.at/MOPED-KostenmeldungARK</code><table class=\"none\"><tr><td style=\"white-space:nowrap\"><b>Code</b></td><td><b>Display</b></td></tr><tr><td>A</td><td>Ausländerverrechnung</td></tr><tr><td>R</td><td>Regressangelegenheiten</td></tr><tr><td>K</td><td>Kosteninformation</td></tr></table></li></ul></div>"},"url":"http://example.org/ValueSet/moped-KostenmeldungARK-valueset","version":"0.1.0","name":"KostenmeldungARK","title":"Kostenmeldung für (A/R/K)","status":"draft","date":"2024-10-11T06:59:25+00:00","publisher":"Example Publisher","contact":[{"name":"Example Publisher","telecom":[{"system":"url","value":"http://example.org/example-publisher"}]}],"description":"ValueSet für die Art der Kostenmeldung","compose":{"include":[{"system":"http://tbd.at/MOPED-KostenmeldungARK","concept":[{"code":"A","display":"Ausländerverrechnung"},{"code":"R","display":"Regressangelegenheiten"},{"code":"K","display":"Kosteninformation"}]}]}}