<?xml version="1.0" encoding="UTF-8"?>

<CodeSystem xmlns="http://hl7.org/fhir">
  <id value="naboto-vidcall-channel-type"/>
  <text>
    <status value="generated"/><div xmlns="http://www.w3.org/1999/xhtml"><p>This code system <code>http://fhir.naboto.com/CodeSystem/naboto-vidcall-channel-type</code> defines the following codes:</p><table class="codes"><tr><td style="white-space:nowrap"><b>Code</b></td><td><b>Display</b></td><td><b>Definition</b></td></tr><tr><td style="white-space:nowrap">visit-e<a name="naboto-vidcall-channel-type-visit-e"> </a></td><td>Visit-e</td><td>A video consultation service provided by public Austrian health insurances.</td></tr><tr><td style="white-space:nowrap">naboto<a name="naboto-vidcall-channel-type-naboto"> </a></td><td>Naboto Video conference service</td><td>A video consultation service provided by Naboto Software GmbH</td></tr></table></div>
  </text>
  <url value="http://fhir.naboto.com/CodeSystem/naboto-vidcall-channel-type"/>
  <version value="0.1.4"/>
  <name value="NabotoVidcallChannelType"/>
  <title value="NabotoVidcallChannelType Code System"/>
  <status value="active"/>
  <date value="2022-11-03T13:30:17+00:00"/>
  <publisher value="Naboto Software GmbH"/>
  <contact>
    <name value="Naboto Software GmbH"/>
    <telecom>
      <system value="url"/>
      <value value="http://naboto.com"/>
    </telecom>
  </contact>
  <description value="Supported providers for conduction video conferences"/>
  <content value="complete"/>
  <count value="2"/>
  <concept>
    <code value="visit-e"/>
    <display value="Visit-e"/>
    <definition value="A video consultation service provided by public Austrian health insurances."/>
  </concept>
  <concept>
    <code value="naboto"/>
    <display value="Naboto Video conference service"/>
    <definition value="A video consultation service provided by Naboto Software GmbH"/>
  </concept>
</CodeSystem>