{
  "resourceType" : "ValueSet",
  "id" : "moped-altersgruppe-valueset",
  "text" : {
    "status" : "generated",
    "div" : "<div xmlns=\"http://www.w3.org/1999/xhtml\"><p class=\"res-header-id\"><b>Generated Narrative: ValueSet moped-altersgruppe-valueset</b></p><a name=\"moped-altersgruppe-valueset\"> </a><a name=\"hcmoped-altersgruppe-valueset\"> </a><a name=\"moped-altersgruppe-valueset-en-US\"> </a><ul><li>Include these codes as defined in <code>http://tbd.at/moped-ext-altersgruppe</code><table class=\"none\"><tr><td style=\"white-space:nowrap\"><b>Code</b></td><td><b>Display</b></td></tr><tr><td>0</td><td>0 Jahre</td></tr><tr><td>1</td><td>1 bis 4 Jahre</td></tr><tr><td>5</td><td>5 bis 9 Jahre</td></tr><tr><td>10</td><td>10 bis 14 Jahre</td></tr><tr><td>15</td><td>15 bis 19 Jahre</td></tr><tr><td>20</td><td>20 bis 24 Jahre</td></tr><tr><td>25</td><td>25 bis 29 Jahre</td></tr><tr><td>30</td><td>30 bis 34 Jahre</td></tr><tr><td>35</td><td>35 bis 39 Jahre</td></tr><tr><td>40</td><td>40 bis 44 Jahre</td></tr><tr><td>45</td><td>45 bis 49 Jahre</td></tr><tr><td>50</td><td>50 bis 54 Jahre</td></tr><tr><td>55</td><td>55 bis 59 Jahre</td></tr><tr><td>60</td><td>60 bis 64 Jahre</td></tr><tr><td>65</td><td>65 bis 69 Jahre</td></tr><tr><td>70</td><td>70 bis 74 Jahre</td></tr><tr><td>75</td><td>75 bis 79 Jahre</td></tr><tr><td>80</td><td>80 bis 84 Jahre</td></tr></table></li></ul></div>"
  },
  "url" : "http://example.org/ValueSet/moped-altersgruppe-valueset",
  "version" : "0.1.0",
  "name" : "Altersgruppe",
  "title" : "Altersgruppe des Patienten",
  "status" : "draft",
  "date" : "2024-10-24T12:20:26+00:00",
  "publisher" : "Example Publisher",
  "contact" : [{
    "name" : "Example Publisher",
    "telecom" : [{
      "system" : "url",
      "value" : "http://example.org/example-publisher"
    }]
  }],
  "description" : "ValueSet für die Altersgruppe des Patienten",
  "compose" : {
    "include" : [{
      "system" : "http://tbd.at/moped-ext-altersgruppe",
      "concept" : [{
        "code" : "0",
        "display" : "0 Jahre"
      },
      {
        "code" : "1",
        "display" : "1 bis 4 Jahre"
      },
      {
        "code" : "5",
        "display" : "5 bis 9 Jahre"
      },
      {
        "code" : "10",
        "display" : "10 bis 14 Jahre"
      },
      {
        "code" : "15",
        "display" : "15 bis 19 Jahre"
      },
      {
        "code" : "20",
        "display" : "20 bis 24 Jahre"
      },
      {
        "code" : "25",
        "display" : "25 bis 29 Jahre"
      },
      {
        "code" : "30",
        "display" : "30 bis 34 Jahre"
      },
      {
        "code" : "35",
        "display" : "35 bis 39 Jahre"
      },
      {
        "code" : "40",
        "display" : "40 bis 44 Jahre"
      },
      {
        "code" : "45",
        "display" : "45 bis 49 Jahre"
      },
      {
        "code" : "50",
        "display" : "50 bis 54 Jahre"
      },
      {
        "code" : "55",
        "display" : "55 bis 59 Jahre"
      },
      {
        "code" : "60",
        "display" : "60 bis 64 Jahre"
      },
      {
        "code" : "65",
        "display" : "65 bis 69 Jahre"
      },
      {
        "code" : "70",
        "display" : "70 bis 74 Jahre"
      },
      {
        "code" : "75",
        "display" : "75 bis 79 Jahre"
      },
      {
        "code" : "80",
        "display" : "80 bis 84 Jahre"
      }]
    }]
  }
}