<?xml version="1.0" encoding="UTF-8"?>

<CodeSystem xmlns="http://hl7.org/fhir">
  <id value="100000072052"/>
  <text>
    <status value="generated"/><div xmlns="http://www.w3.org/1999/xhtml"><p>This case-sensitive code system <code>https://spor.ema.europa.eu/v1/lists/100000072052</code> defines the following codes:</p><table class="codes"><tr><td style="white-space:nowrap"><b>Code</b></td><td><b>Display</b></td></tr><tr><td style="white-space:nowrap">100000072076<a name="100000072052-100000072076"> </a></td><td>Medicinal product not subject to medical prescription</td></tr><tr><td style="white-space:nowrap">100000072074<a name="100000072052-100000072074"> </a></td><td>Not marketed</td></tr><tr><td style="white-space:nowrap">100000072075<a name="100000072052-100000072075"> </a></td><td>No data provided</td></tr><tr><td style="white-space:nowrap">100000072083<a name="100000072052-100000072083"> </a></td><td>Marketed</td></tr><tr><td style="white-space:nowrap">200000026055<a name="100000072052-200000026055"> </a></td><td>Never marketed</td></tr><tr><td style="white-space:nowrap">230000000000<a name="100000072052-230000000000"> </a></td><td>Temporarily unavailable</td></tr></table></div>
  </text>
  <url value="https://spor.ema.europa.eu/v1/lists/100000072052"/>
  <version value="0.1.0"/>
  <name value="MarketingStatusCs"/>
  <title value="Marketing Status"/>
  <status value="active"/>
  <experimental value="false"/>
  <date value="2024-05-24T10:07:38+00:00"/>
  <publisher value="AGES"/>
  <contact>
    <name value="AGES"/>
    <telecom>
      <system value="url"/>
      <value value="https://www.ages.at/"/>
    </telecom>
  </contact>
  <description value="Marketing Status"/>
  <jurisdiction>
    <text value="European Union"/>
  </jurisdiction>
  <caseSensitive value="true"/>
  <content value="complete"/>
  <count value="6"/>
  <concept>
    <code value="100000072076"/>
    <display value="Medicinal product not subject to medical prescription"/>
  </concept>
  <concept>
    <code value="100000072074"/>
    <display value="Not marketed"/>
  </concept>
  <concept>
    <code value="100000072075"/>
    <display value="No data provided"/>
  </concept>
  <concept>
    <code value="100000072083"/>
    <display value="Marketed"/>
  </concept>
  <concept>
    <code value="200000026055"/>
    <display value="Never marketed"/>
  </concept>
  <concept>
    <code value="230000000000"/>
    <display value="Temporarily unavailable"/>
  </concept>
</CodeSystem>