<?xml version="1.0" encoding="UTF-8"?>

<CodeSystem xmlns="http://hl7.org/fhir">
  <id value="100000000004"/>
  <text>
    <status value="generated"/><div xmlns="http://www.w3.org/1999/xhtml"><p>This case-sensitive code system <code>https://spor.ema.europa.eu/v1/lists/100000000004</code> defines the following codes:</p><table class="codes"><tr><td style="white-space:nowrap"><b>Code</b></td><td><b>Display</b></td></tr><tr><td style="white-space:nowrap">100000000012<a name="100000000004-100000000012"> </a></td><td>Human use</td></tr><tr><td style="white-space:nowrap">100000000013<a name="100000000004-100000000013"> </a></td><td>Veterinary use</td></tr><tr><td style="white-space:nowrap">100000000014<a name="100000000004-100000000014"> </a></td><td>Human and Veterinary use</td></tr></table></div>
  </text>
  <url value="https://spor.ema.europa.eu/v1/lists/100000000004"/>
  <version value="0.1.0"/>
  <name value="DomainCs"/>
  <title value="Domain"/>
  <status value="active"/>
  <experimental value="false"/>
  <date value="2024-05-22T14:16:08+00:00"/>
  <publisher value="AGES"/>
  <contact>
    <name value="AGES"/>
    <telecom>
      <system value="url"/>
      <value value="https://www.ages.at/"/>
    </telecom>
  </contact>
  <description value="Domain"/>
  <jurisdiction>
    <text value="European Union"/>
  </jurisdiction>
  <caseSensitive value="true"/>
  <content value="complete"/>
  <count value="3"/>
  <concept>
    <code value="100000000012"/>
    <display value="Human use"/>
  </concept>
  <concept>
    <code value="100000000013"/>
    <display value="Veterinary use"/>
  </concept>
  <concept>
    <code value="100000000014"/>
    <display value="Human and Veterinary use"/>
  </concept>
</CodeSystem>