<?xml version="1.0" encoding="UTF-8"?><ValueSet xmlns="http://hl7.org/fhir"><id value="moped-zugangsart-valueset"/><text><status value="generated"/><div xmlns="http://www.w3.org/1999/xhtml"><p class="res-header-id"><b>Generated Narrative: ValueSet moped-zugangsart-valueset</b></p><a name="moped-zugangsart-valueset"> </a><a name="hcmoped-zugangsart-valueset"> </a><a name="moped-zugangsart-valueset-en-US"> </a><ul><li>Include these codes as defined in <code>http://tbd.at/moped-ext-diagnose-art</code><table class="none"><tr><td style="white-space:nowrap"><b>Code</b></td><td><b>Display</b></td></tr><tr><td>A</td><td>Aufnahme in den allgemein stationären Bereich inkl. Aufnahme auf Intensiveinheiten</td></tr><tr><td>T</td><td>Transfer von einem anderen Krankenhaus in den allgemein stationären Bereich inkl. Intensiveinheiten</td></tr><tr><td>W</td><td>Wiederaufnahme in den allgemein stationären Bereich inkl. Wiederaufnahme auf Intensiveinheiten</td></tr><tr><td>R</td><td>Aufnahme in den Bereich der Rehabilitation</td></tr><tr><td>K</td><td>Aufnahme eines 0-Tagesfalls</td></tr><tr><td>L</td><td>Kennzeichen der Datensätze, die den Patientenaufenthalt nach dem Zeitpunkt der Asylierung beschreiben</td></tr><tr><td>G</td><td>Aufnahme eines Frühgeborenen/Neugeborenen am Tag der Geburt oder am Folgetag in den allgemein stationären Bereich inkl. Aufnahme auf Intensiveinheiten</td></tr><tr><td>LKF_P</td><td>Aufnahme in den ausschließlichen Bereich der Pflege</td></tr><tr><td>KaOrg_3</td><td>Ambulanzfall</td></tr><tr><td>KaOrg_7</td><td>AUVA Wiederaufnahme (Diagnose der Aufnahme enthält Diagnose der Ersterkrankung. Aufnahmezahl AUFZL enthält jene des Erstberichtes).</td></tr><tr><td>KaOrg_8</td><td>Kurheilverfahren stationär</td></tr><tr><td>KaOrg_9</td><td>Rehabilitationsaufenthalt ambulant</td></tr><tr><td>KaOrg_U</td><td>Urgenz</td></tr><tr><td>KaOrg_1</td><td>Verlängerung</td></tr><tr><td>KaOrg_2</td><td>Asylierung</td></tr><tr><td>KaOrg_E</td><td>Erinnerung (Urgenz von Ambulanzmeldungen)</td></tr><tr><td>LKF_1</td><td>Fremdzuweisung von einem:einer Allgemeinmediziner:in</td></tr><tr><td>LKF_2</td><td>Fremdzuweisung von einem Facharzt/einer Fachärztin</td></tr><tr><td>LKF_3</td><td>Fremdzuweisung von der eigenen/einer anderen Krankenanstalt ohne bestehenden stationären Aufenthalt</td></tr><tr><td>LKF_4</td><td>Fremdzuweisung von einem Notarzt/einer Notärztin</td></tr><tr><td>LKF_5</td><td>Selbstzuweisung (ohne Einweisungsschein)</td></tr><tr><td>LKF_6</td><td>Wiederbestellung</td></tr><tr><td>LKF_9</td><td>Sonstige Zuweisung (durch Behörde, Pflegeeinrichtung, etc.)</td></tr></table></li></ul></div></text><url value="http://example.org/ValueSet/moped-zugangsart-valueset"/><version value="0.1.0"/><name value="Zugangsart"/><title value="Zugangsart des Patienten"/><status value="draft"/><date value="2024-09-23T12:14:42+00:00"/><publisher value="Example Publisher"/><contact><name value="Example Publisher"/><telecom><system value="url"/><value value="http://example.org/example-publisher"/></telecom></contact><description value="ValueSet für die Zugangsart des Patienten (LKF + Ka-Org)"/><compose><include><system value="http://tbd.at/moped-ext-diagnose-art"/><concept><code value="A"/><display value="Aufnahme in den allgemein stationären Bereich inkl. Aufnahme auf Intensiveinheiten"/></concept><concept><code value="T"/><display value="Transfer von einem anderen Krankenhaus in den allgemein stationären Bereich inkl. Intensiveinheiten"/></concept><concept><code value="W"/><display value="Wiederaufnahme in den allgemein stationären Bereich inkl. Wiederaufnahme auf Intensiveinheiten"/></concept><concept><code value="R"/><display value="Aufnahme in den Bereich der Rehabilitation"/></concept><concept><code value="K"/><display value="Aufnahme eines 0-Tagesfalls"/></concept><concept><code value="L"/><display value="Kennzeichen der Datensätze, die den Patientenaufenthalt nach dem Zeitpunkt der Asylierung beschreiben"/></concept><concept><code value="G"/><display value="Aufnahme eines Frühgeborenen/Neugeborenen am Tag der Geburt oder am Folgetag in den allgemein stationären Bereich inkl. Aufnahme auf Intensiveinheiten"/></concept><concept><code value="LKF_P"/><display value="Aufnahme in den ausschließlichen Bereich der Pflege"/></concept><concept><code value="KaOrg_3"/><display value="Ambulanzfall"/></concept><concept><code value="KaOrg_7"/><display value="AUVA Wiederaufnahme (Diagnose der Aufnahme enthält Diagnose der Ersterkrankung. Aufnahmezahl AUFZL enthält jene des Erstberichtes)."/></concept><concept><code value="KaOrg_8"/><display value="Kurheilverfahren stationär"/></concept><concept><code value="KaOrg_9"/><display value="Rehabilitationsaufenthalt ambulant"/></concept><concept><code value="KaOrg_U"/><display value="Urgenz"/></concept><concept><code value="KaOrg_1"/><display value="Verlängerung"/></concept><concept><code value="KaOrg_2"/><display value="Asylierung"/></concept><concept><code value="KaOrg_E"/><display value="Erinnerung (Urgenz von Ambulanzmeldungen)"/></concept><concept><code value="LKF_1"/><display value="Fremdzuweisung von einem:einer Allgemeinmediziner:in"/></concept><concept><code value="LKF_2"/><display value="Fremdzuweisung von einem Facharzt/einer Fachärztin"/></concept><concept><code value="LKF_3"/><display value="Fremdzuweisung von der eigenen/einer anderen Krankenanstalt ohne bestehenden stationären Aufenthalt"/></concept><concept><code value="LKF_4"/><display value="Fremdzuweisung von einem Notarzt/einer Notärztin"/></concept><concept><code value="LKF_5"/><display value="Selbstzuweisung (ohne Einweisungsschein)"/></concept><concept><code value="LKF_6"/><display value="Wiederbestellung"/></concept><concept><code value="LKF_9"/><display value="Sonstige Zuweisung (durch Behörde, Pflegeeinrichtung, etc.)"/></concept></include></compose></ValueSet>