{"resourceType":"ValueSet","id":"moped-zugangsart-valueset","text":{"status":"generated","div":"<div xmlns=\"http://www.w3.org/1999/xhtml\"><p class=\"res-header-id\"><b>Generated Narrative: ValueSet moped-zugangsart-valueset</b></p><a name=\"moped-zugangsart-valueset\"> </a><a name=\"hcmoped-zugangsart-valueset\"> </a><a name=\"moped-zugangsart-valueset-en-US\"> </a><ul><li>Include these codes as defined in <code>http://tbd.at/moped-ext-diagnose-art</code><table class=\"none\"><tr><td style=\"white-space:nowrap\"><b>Code</b></td><td><b>Display</b></td></tr><tr><td>A</td><td>Aufnahme in den allgemein stationären Bereich inkl. Aufnahme auf Intensiveinheiten</td></tr><tr><td>T</td><td>Transfer von einem anderen Krankenhaus in den allgemein stationären Bereich inkl. Intensiveinheiten</td></tr><tr><td>W</td><td>Wiederaufnahme in den allgemein stationären Bereich inkl. Wiederaufnahme auf Intensiveinheiten</td></tr><tr><td>R</td><td>Aufnahme in den Bereich der Rehabilitation</td></tr><tr><td>K</td><td>Aufnahme eines 0-Tagesfalls</td></tr><tr><td>L</td><td>Kennzeichen der Datensätze, die den Patientenaufenthalt nach dem Zeitpunkt der Asylierung beschreiben</td></tr><tr><td>G</td><td>Aufnahme eines Frühgeborenen/Neugeborenen am Tag der Geburt oder am Folgetag in den allgemein stationären Bereich inkl. Aufnahme auf Intensiveinheiten</td></tr><tr><td>LKF_P</td><td>Aufnahme in den ausschließlichen Bereich der Pflege</td></tr><tr><td>KaOrg_3</td><td>Ambulanzfall</td></tr><tr><td>KaOrg_7</td><td>AUVA Wiederaufnahme (Diagnose der Aufnahme enthält Diagnose der Ersterkrankung. Aufnahmezahl AUFZL enthält jene des Erstberichtes).</td></tr><tr><td>KaOrg_8</td><td>Kurheilverfahren stationär</td></tr><tr><td>KaOrg_9</td><td>Rehabilitationsaufenthalt ambulant</td></tr><tr><td>KaOrg_U</td><td>Urgenz</td></tr><tr><td>KaOrg_1</td><td>Verlängerung</td></tr><tr><td>KaOrg_2</td><td>Asylierung</td></tr><tr><td>KaOrg_E</td><td>Erinnerung (Urgenz von Ambulanzmeldungen)</td></tr><tr><td>LKF_1</td><td>Fremdzuweisung von einem:einer Allgemeinmediziner:in</td></tr><tr><td>LKF_2</td><td>Fremdzuweisung von einem Facharzt/einer Fachärztin</td></tr><tr><td>LKF_3</td><td>Fremdzuweisung von der eigenen/einer anderen Krankenanstalt ohne bestehenden stationären Aufenthalt</td></tr><tr><td>LKF_4</td><td>Fremdzuweisung von einem Notarzt/einer Notärztin</td></tr><tr><td>LKF_5</td><td>Selbstzuweisung (ohne Einweisungsschein)</td></tr><tr><td>LKF_6</td><td>Wiederbestellung</td></tr><tr><td>LKF_9</td><td>Sonstige Zuweisung (durch Behörde, Pflegeeinrichtung, etc.)</td></tr></table></li></ul></div>"},"url":"http://example.org/ValueSet/moped-zugangsart-valueset","version":"0.1.0","name":"Zugangsart","title":"Zugangsart des Patienten","status":"draft","date":"2024-10-01T09:32:59+00:00","publisher":"Example Publisher","contact":[{"name":"Example Publisher","telecom":[{"system":"url","value":"http://example.org/example-publisher"}]}],"description":"ValueSet für die Zugangsart des Patienten (LKF + Ka-Org)","compose":{"include":[{"system":"http://tbd.at/moped-ext-diagnose-art","concept":[{"code":"A","display":"Aufnahme in den allgemein stationären Bereich inkl. Aufnahme auf Intensiveinheiten"},{"code":"T","display":"Transfer von einem anderen Krankenhaus in den allgemein stationären Bereich inkl. Intensiveinheiten"},{"code":"W","display":"Wiederaufnahme in den allgemein stationären Bereich inkl. Wiederaufnahme auf Intensiveinheiten"},{"code":"R","display":"Aufnahme in den Bereich der Rehabilitation"},{"code":"K","display":"Aufnahme eines 0-Tagesfalls"},{"code":"L","display":"Kennzeichen der Datensätze, die den Patientenaufenthalt nach dem Zeitpunkt der Asylierung beschreiben"},{"code":"G","display":"Aufnahme eines Frühgeborenen/Neugeborenen am Tag der Geburt oder am Folgetag in den allgemein stationären Bereich inkl. Aufnahme auf Intensiveinheiten"},{"code":"LKF_P","display":"Aufnahme in den ausschließlichen Bereich der Pflege"},{"code":"KaOrg_3","display":"Ambulanzfall"},{"code":"KaOrg_7","display":"AUVA Wiederaufnahme (Diagnose der Aufnahme enthält Diagnose der Ersterkrankung. Aufnahmezahl AUFZL enthält jene des Erstberichtes)."},{"code":"KaOrg_8","display":"Kurheilverfahren stationär"},{"code":"KaOrg_9","display":"Rehabilitationsaufenthalt ambulant"},{"code":"KaOrg_U","display":"Urgenz"},{"code":"KaOrg_1","display":"Verlängerung"},{"code":"KaOrg_2","display":"Asylierung"},{"code":"KaOrg_E","display":"Erinnerung (Urgenz von Ambulanzmeldungen)"},{"code":"LKF_1","display":"Fremdzuweisung von einem:einer Allgemeinmediziner:in"},{"code":"LKF_2","display":"Fremdzuweisung von einem Facharzt/einer Fachärztin"},{"code":"LKF_3","display":"Fremdzuweisung von der eigenen/einer anderen Krankenanstalt ohne bestehenden stationären Aufenthalt"},{"code":"LKF_4","display":"Fremdzuweisung von einem Notarzt/einer Notärztin"},{"code":"LKF_5","display":"Selbstzuweisung (ohne Einweisungsschein)"},{"code":"LKF_6","display":"Wiederbestellung"},{"code":"LKF_9","display":"Sonstige Zuweisung (durch Behörde, Pflegeeinrichtung, etc.)"}]}]}}