<?xml version="1.0" encoding="UTF-8"?><CodeSystem xmlns="http://hl7.org/fhir"><id value="asp-liste-authorizationState"/><text><status value="generated"/><div xmlns="http://www.w3.org/1999/xhtml"><p>This case-sensitive code system <code>https://www.ages.at/fhir/CodeSystem/asp-liste-authorizationState</code> defines the following codes:</p><table class="codes"><tr><td style="white-space:nowrap"><b>Code</b></td><td><b>Display</b></td></tr><tr><td style="white-space:nowrap">zugelassen<a name="asp-liste-authorizationState-zugelassen"> </a></td><td>GA - Zugelassen</td></tr><tr><td style="white-space:nowrap">registriert<a name="asp-liste-authorizationState-registriert"> </a></td><td>GA - Registriert</td></tr><tr><td style="white-space:nowrap">parallelimport<a name="asp-liste-authorizationState-parallelimport"> </a></td><td>GA - Parallel importiert</td></tr><tr><td style="white-space:nowrap">abgelehnt<a name="asp-liste-authorizationState-abgelehnt"> </a></td><td>GA - Abgelehnt</td></tr><tr><td style="white-space:nowrap">ruhend<a name="asp-liste-authorizationState-ruhend"> </a></td><td>GA - Ruhend gestellt</td></tr><tr><td style="white-space:nowrap">aufgehoben<a name="asp-liste-authorizationState-aufgehoben"> </a></td><td>GA - Aufgehoben</td></tr></table></div></text><url value="https://www.ages.at/fhir/CodeSystem/asp-liste-authorizationState"/><version value="0.1.0"/><name value="CS_ASP_Liste_AuthorizationState"/><title value="&quot;ASP-Liste&quot; Authorization State"/><status value="active"/><experimental value="false"/><date value="2024-05-27T07:50:10+00:00"/><publisher value="AGES"/><contact><name value="AGES"/><telecom><system value="url"/><value value="https://www.ages.at/"/></telecom></contact><jurisdiction><coding><system value="urn:iso:std:iso:3166"/><code value="AT"/></coding></jurisdiction><caseSensitive value="true"/><content value="complete"/><count value="6"/><concept><code value="zugelassen"/><display value="GA - Zugelassen"/></concept><concept><code value="registriert"/><display value="GA - Registriert"/></concept><concept><code value="parallelimport"/><display value="GA - Parallel importiert"/></concept><concept><code value="abgelehnt"/><display value="GA - Abgelehnt"/></concept><concept><code value="ruhend"/><display value="GA - Ruhend gestellt"/></concept><concept><code value="aufgehoben"/><display value="GA - Aufgehoben"/></concept></CodeSystem>