<?xml version="1.0" encoding="UTF-8"?><CodeSystem xmlns="http://hl7.org/fhir"><id value="220000000060"/><text><status value="generated"/><div xmlns="http://www.w3.org/1999/xhtml"><p>This case-sensitive code system <code>https://spor.ema.europa.eu/v1/lists/220000000060</code> defines the following codes:</p><table class="codes"><tr><td style="white-space:nowrap"><b>Code</b></td><td><b>Display</b></td></tr><tr><td style="white-space:nowrap">220000000061<a name="220000000060-220000000061"> </a></td><td>Marketing Authorisation</td></tr><tr><td style="white-space:nowrap">220000000062<a name="220000000060-220000000062"> </a></td><td>Orphan Designation</td></tr><tr><td style="white-space:nowrap">220000000063<a name="220000000060-220000000063"> </a></td><td>Parallel Trade Authorisation</td></tr><tr><td style="white-space:nowrap">220000000065<a name="220000000060-220000000065"> </a></td><td>Paediatric Use</td></tr><tr><td style="white-space:nowrap">220000000077<a name="220000000060-220000000077"> </a></td><td>Market Protection</td></tr><tr><td style="white-space:nowrap">220000000096<a name="220000000060-220000000096"> </a></td><td>GMP Inside EEA</td></tr><tr><td style="white-space:nowrap">220000000097<a name="220000000060-220000000097"> </a></td><td>GMP Outside EEA</td></tr><tr><td style="white-space:nowrap">220000000098<a name="220000000060-220000000098"> </a></td><td>SME</td></tr><tr><td style="white-space:nowrap">220000000099<a name="220000000060-220000000099"> </a></td><td>Manufacturing Authorisation</td></tr></table></div></text><url value="https://spor.ema.europa.eu/v1/lists/220000000060"/><version value="0.1.0"/><name value="RegulatoryEntitlementTypeCs"/><title value="Regulatory Entitlement"/><status value="active"/><experimental value="false"/><date value="2024-05-24T10:07:38+00:00"/><publisher value="AGES"/><contact><name value="AGES"/><telecom><system value="url"/><value value="https://www.ages.at/"/></telecom></contact><description value="Regulatory Entitlement"/><jurisdiction><text value="European Union"/></jurisdiction><caseSensitive value="true"/><content value="complete"/><count value="9"/><concept><code value="220000000061"/><display value="Marketing Authorisation"/></concept><concept><code value="220000000062"/><display value="Orphan Designation"/></concept><concept><code value="220000000063"/><display value="Parallel Trade Authorisation"/></concept><concept><code value="220000000065"/><display value="Paediatric Use"/></concept><concept><code value="220000000077"/><display value="Market Protection"/></concept><concept><code value="220000000096"/><display value="GMP Inside EEA"/></concept><concept><code value="220000000097"/><display value="GMP Outside EEA"/></concept><concept><code value="220000000098"/><display value="SME"/></concept><concept><code value="220000000099"/><display value="Manufacturing Authorisation"/></concept></CodeSystem>