<?xml version="1.0" encoding="UTF-8"?><CodeSystem xmlns="http://hl7.org/fhir"><id value="100000110633"/><text><status value="generated"/><div xmlns="http://www.w3.org/1999/xhtml"><p>This case-sensitive code system <code>https://spor.ema.europa.eu/v1/lists/100000110633</code> defines the following codes:</p><table class="codes"><tr><td style="white-space:nowrap"><b>Code</b></td></tr></table></div></text><url value="https://spor.ema.europa.eu/v1/lists/100000110633"/><version value="0.1.0"/><name value="UnitsOfMeasurementCs"/><title value="Units Of Measurement"/><status value="active"/><experimental value="false"/><date value="2024-05-27T09:30:15+00:00"/><publisher value="AGES"/><contact><name value="AGES"/><telecom><system value="url"/><value value="https://www.ages.at/"/></telecom></contact><description value="Units Of Measurement"/><jurisdiction><text value="European Union"/></jurisdiction><caseSensitive value="true"/><content value="complete"/></CodeSystem>