<?xml version="1.0" encoding="UTF-8"?><ConceptMap xmlns="http://hl7.org/fhir"><id value="at-medprod-cm-authorizationState"/><text><status value="extensions"/><div xmlns="http://www.w3.org/1999/xhtml"><p>Mapping from <a href="ValueSet-asp-liste-authorizationState.html">&quot;ASP-Liste&quot; Authorization State</a> to <a href="ValueSet-regulatoryEntitlementStatusVs.html">The Regulatory Entitlement Status Value Set</a></p><p>ACTIVE. Published on 2024-05-24 10:07:38+0000 by AGES  (AGES: <a href="https://www.ages.at/">https://www.ages.at/</a>). </p><div><p>A mapping between the authorization state used in the &quot;ASP-Liste&quot; and the status used in the RegulatedAuthorization</p>
</div><br/><p><b>Group 1 </b>Mapping from <a href="CodeSystem-asp-liste-authorizationState.html">&quot;ASP-Liste&quot; Authorization State</a> to <a href="CodeSystem-regulatoryEntitlementStatusCs.html">Regulatory Entitlement Status</a></p><table class="grid"><tr><td><b>Source Code</b></td><td><b>Relationship</b></td><td><b>Target Code</b></td></tr><tr><td>zugelassen (GA - Zugelassen)</td><td><a href="http://hl7.org/fhir/R5/codesystem-concept-map-relationship.html#source-is-narrower-than-target" title="source-is-narrower-than-target">is narrower than</a></td><td>valid</td></tr><tr><td>registriert (GA - Registriert)</td><td><a href="http://hl7.org/fhir/R5/codesystem-concept-map-relationship.html#source-is-narrower-than-target" title="source-is-narrower-than-target">is narrower than</a></td><td>valid</td></tr><tr><td>parallelimport (GA - Parallel importiert)</td><td><a href="http://hl7.org/fhir/R5/codesystem-concept-map-relationship.html#source-is-narrower-than-target" title="source-is-narrower-than-target">is narrower than</a></td><td>valid</td></tr><tr><td>abgelehnt (GA - Abgelehnt)</td><td><a href="http://hl7.org/fhir/R5/codesystem-concept-map-relationship.html#equivalent" title="equivalent">is equivalent to</a></td><td>rejected</td></tr><tr><td>ruhend (GA - Ruhend gestellt)</td><td><a href="http://hl7.org/fhir/R5/codesystem-concept-map-relationship.html#equivalent" title="equivalent">is equivalent to</a></td><td>suspended</td></tr><tr><td>aufgehoben (GA - Aufgehoben)</td><td><a href="http://hl7.org/fhir/R5/codesystem-concept-map-relationship.html#equivalent" title="equivalent">is equivalent to</a></td><td>surrendered</td></tr></table></div></text><url value="https://www.ages.at/fhir/ConceptMap/at-medprod-cm-authorizationState"/><version value="0.1.0"/><name value="AT_MedicinalProduct_CM_AuthorizationState"/><title value="Authorization State Mapping"/><status value="active"/><experimental value="false"/><date value="2024-05-24T10:07:38+00:00"/><publisher value="AGES"/><contact><name value="AGES"/><telecom><system value="url"/><value value="https://www.ages.at/"/></telecom></contact><description value="A mapping between the authorization state used in the &quot;ASP-Liste&quot; and the status used in the RegulatedAuthorization"/><jurisdiction><coding><system value="urn:iso:std:iso:3166"/><code value="AT"/></coding></jurisdiction><sourceScopeUri value="https://www.ages.at/fhir/ValueSet/asp-liste-authorizationState"/><targetScopeUri value="https://ema.europa.eu/fhir/vs/regulatoryEntitlementStatus"/><group><source value="https://www.ages.at/fhir/CodeSystem/asp-liste-authorizationState"/><target value="https://spor.ema.europa.eu/v1/lists/100000072049"/><element><code value="zugelassen"/><target><code value="valid"/><relationship value="source-is-narrower-than-target"/></target></element><element><code value="registriert"/><target><code value="valid"/><relationship value="source-is-narrower-than-target"/></target></element><element><code value="parallelimport"/><target><code value="valid"/><relationship value="source-is-narrower-than-target"/></target></element><element><code value="abgelehnt"/><target><code value="rejected"/><relationship value="equivalent"/></target></element><element><code value="ruhend"/><target><code value="suspended"/><relationship value="equivalent"/></target></element><element><code value="aufgehoben"/><target><code value="surrendered"/><relationship value="equivalent"/></target></element></group></ConceptMap>