<?xml version="1.0" encoding="UTF-8"?><ValueSet xmlns="http://hl7.org/fhir"><id value="medicinalProductNamePartTypeVs"/><text><status value="generated"/><div xmlns="http://www.w3.org/1999/xhtml"><p>This value set includes codes based on the following rules:</p><ul><li>Include all codes defined in <a href="CodeSystem-220000000000.html"><code>https://spor.ema.europa.eu/v1/lists/220000000000</code></a></li><li>Include all codes defined in <a href="CodeSystem-at-medprod-cs-additionalMedicinalProductNamePartType.html"><code>https://www.ages.at/fhir/medicinalproduct/CodeSystem/at-medprod-cs-additionalMedicinalProductNamePartType</code></a></li></ul></div></text><url value="https://www.ages.at/fhir/medicinalproduct/ValueSet/medicinalProductNamePartTypeVs"/><version value="0.1.0"/><name value="MedicinalProductNamePartTypeVs"/><title value="Medicinal Product Name Part Type"/><status value="active"/><date value="2024-05-24T08:22:08+00:00"/><publisher value="AGES"/><contact><name value="AGES"/><telecom><system value="url"/><value value="https://www.ages.at/"/></telecom></contact><compose><include><system value="https://spor.ema.europa.eu/v1/lists/220000000000"/></include><include><system value="https://www.ages.at/fhir/medicinalproduct/CodeSystem/at-medprod-cs-additionalMedicinalProductNamePartType"/></include></compose></ValueSet>