<?xml version="1.0" encoding="UTF-8"?>

<OperationDefinition xmlns="http://hl7.org/fhir">
  <id value="MOPED.Patient.Entlassen"/>
  <text>
    <status value="generated"/><div xmlns="http://www.w3.org/1999/xhtml"><p class="res-header-id"><b>Generated Narrative: OperationDefinition MOPED.Patient.Entlassen</b></p><a name="MOPED.Patient.Entlassen"> </a><a name="hcMOPED.Patient.Entlassen"> </a><a name="MOPED.Patient.Entlassen-en-US"> </a><p>URL: [base]/Encounter/$entlassen</p><h3>Parameters</h3><table class="grid"><tr><td><b>Use</b></td><td><b>Name</b></td><td><b>Scope</b></td><td><b>Cardinality</b></td><td><b>Type</b></td><td><b>Binding</b></td><td><b>Documentation</b></td></tr><tr><td>IN</td><td>aufnahmezahl</td><td/><td>1..1</td><td><a href="http://hl7.org/fhir/R5/datatypes.html#Identifier">Identifier</a></td><td/><td><div><p>Der <em>aufnahmezahl</em> Parameter beinhält den eindeutigen Identifizierer für den relevanten Fall.</p>
</div></td></tr><tr><td>IN</td><td>zeitpunkt</td><td/><td>1..1</td><td><a href="http://hl7.org/fhir/R5/datatypes.html#dateTime">dateTime</a></td><td/><td><div><p>Der <em>zeitpunkt</em> Parameter definiert zu welchem Zeitpunkt die Beurlaubung startet.</p>
</div></td></tr><tr><td>IN</td><td>entlassungsart</td><td/><td>1..1</td><td><a href="http://hl7.org/fhir/R5/datatypes.html#code">code</a></td><td><a href="ValueSet-moped-entlassungsart-valueset.html">Entlassungsart des Patienten</a> (Required)</td><td><div><p>Der <em>entlassungsart</em> Parameter definiert die Entlassungsart des Patienten.</p>
</div></td></tr><tr><td>IN</td><td>tageOhneKostenbeitrag</td><td/><td>0..1</td><td><a href="http://hl7.org/fhir/R5/datatypes.html#unsignedInt">unsignedInt</a></td><td/><td><div><p>Der <em>tageOhneKostenbeitrag</em> Parameter definiert zu für wie viele Tage kein Kostenbeitrag eingehoben wurde.</p>
</div></td></tr><tr><td>IN</td><td>modus</td><td/><td>1..1</td><td><a href="http://hl7.org/fhir/R5/datatypes.html#code">code</a></td><td>hl7.at.test.aviso.oder.freigeben (Required)</td><td><div><p>Mit Hilfe des <em>modus</em> Parameters wird angegeben, ob es sich bei der Patienten-Entlassung um vollständige Daten handelt (<em>freigeben</em>) und somit eine Validierung erfolgen soll, oder ob lediglich unvollständige Daten zwischengespeichert werden (<em>aviso</em>).</p>
</div></td></tr><tr><td>OUT</td><td>return</td><td/><td>1..1</td><td><a href="http://hl7.org/fhir/R5/resource.html">Resource</a> (<a href="http://hl7.org/fhir/R5/operationoutcome.html" title="http://hl7.org/fhir/StructureDefinition/OperationOutcome">OperationOutcome</a>)</td><td/><td><div><p>Der <em>return</em> Parameter gibt Auskunft über den Erfolg der Operation.</p>
</div></td></tr></table><div><p>TBD: Schritt 3: eine Abgangsart vom TransferEncounter muss hinzugefügt werden, welchen fixen wert enthält diese bei Enlassung? Die Extension für Claim-Account ref ist derzeit in Claim, sollte aber zu Account wandern. In dieser Operation werden noch keine Leitungen erfasst, hier muss eine Möglichkeit gegeben werden, dies nachzuholen - ggf. in einer separaten Operation. Was ist, wenn ein Patient stirbt? Wird hier eine Verlegung mit spezieller Abgangsart vorab angestoßen oder findet sich diese Ergeignis erst in der Entlassung wieder?</p>
</div></div>
  </text>
  <url value="http://example.org/OperationDefinition/MOPED.Patient.Entlassen"/>
  <version value="0.1.0"/>
  <name value="MOPED_Patient_Entlassen"/>
  <title value="MOPED Patient $entlassen (POC)"/>
  <status value="draft"/>
  <kind value="operation"/>
  <date value="2024-09-23T19:56:54+00:00"/>
  <publisher value="Example Publisher"/>
  <contact>
    <name value="Example Publisher"/>
    <telecom>
      <system value="url"/>
      <value value="http://example.org/example-publisher"/>
    </telecom>
  </contact>
  <description value="Diese Operation wurde noch nicht ausdefiniert - die Kommentare unterhalb dienen lediglich zur Orientierung und müssen noch stark verändert und erweitert werden.&#xA;&#xA;Die Patient $entlassen Operation wird aufgerufen, wenn ein(e) Patient*in aus dem Krankenhaus entlassen wurde.&#xA;&#xA;Die Operation wird vom Akteur Krankenhaus (KH) aufgerufen.&#xA;&#xA;1. Der Encounter erhält ein End-Datum (*MOPEDEncounter.actualPeriod.end*); der *MOPEDEncounter.status* wird auf *discharged* gesetzt&#xA;2. Das Element *MOPEDEncounter.admission.dischargeDisposition* wird mit dem Operation-Parameter *entlassungsart* befüllt.&#xA;3. Der alte MOPEDTransferEncounter der *partOf* des MOPEDEncounters mit der jeweiligen Aufnahmezahl war und noch den Status *in-progress* hat, wird gesucht. Der Status wird auf *completed* gesetzt und die *MOPEDTransferEncounter.actualPeriod.end* mit dem *zeitpunkt* der Entlassung versehen. &#xA;4. Ein MOPEDClaim mit dem Status *draft* wird erstellt und in *MOPEDAccount.claim* referenziert.&#xA;5. Änderungen am Account: der *MOPEDAccount.WorkflowStatus* wird auf *Entlassungs Aviso* gesetzt, oder, falls der *modus*-Parameter auf *freigeben* gesetzt war und die Validierung erfolgreich war, wird *MOPEDAccount.WorkflowStatus* auf *Entlassung vollständig* gesetzt. Ebenso im *MOPEDAccount* im Element *TageOhneKostenbeitrag* wird der gleichnamige Opeartion-Parameter abgespeichert. Dieser ist verpflichtend zu befüllen, wenn der *modus*-Parameter auf *freigeben* gestellt ist."/>
  <affectsState value="true"/>
  <code value="entlassen"/>
  <comment value="TBD: Schritt 3: eine Abgangsart vom TransferEncounter muss hinzugefügt werden, welchen fixen wert enthält diese bei Enlassung? Die Extension für Claim-Account ref ist derzeit in Claim, sollte aber zu Account wandern. In dieser Operation werden noch keine Leitungen erfasst, hier muss eine Möglichkeit gegeben werden, dies nachzuholen - ggf. in einer separaten Operation. Was ist, wenn ein Patient stirbt? Wird hier eine Verlegung mit spezieller Abgangsart vorab angestoßen oder findet sich diese Ergeignis erst in der Entlassung wieder?"/>
  <base value="http://hl7.org/fhir/OperationDefinition/Patient-entlassen"/>
  <resource value="Encounter"/>
  <system value="false"/>
  <type value="true"/>
  <instance value="false"/>
  <parameter>
    <name value="aufnahmezahl"/>
    <use value="in"/>
    <min value="1"/>
    <max value="1"/>
    <documentation value="Der *aufnahmezahl* Parameter beinhält den eindeutigen Identifizierer für den relevanten Fall."/>
    <type value="Identifier"/>
  </parameter>
  <parameter>
    <name value="zeitpunkt"/>
    <use value="in"/>
    <min value="1"/>
    <max value="1"/>
    <documentation value="Der *zeitpunkt* Parameter definiert zu welchem Zeitpunkt die Beurlaubung startet."/>
    <type value="dateTime"/>
  </parameter>
  <parameter>
    <name value="entlassungsart"/>
    <use value="in"/>
    <min value="1"/>
    <max value="1"/>
    <documentation value="Der *entlassungsart* Parameter definiert die Entlassungsart des Patienten."/>
    <type value="code"/>
    <binding>
      <strength value="required"/>
      <valueSet value="moped-entlassungsart-valueset"/>
    </binding>
  </parameter>
  <parameter>
    <name value="tageOhneKostenbeitrag"/>
    <use value="in"/>
    <min value="0"/>
    <max value="1"/>
    <documentation value="Der *tageOhneKostenbeitrag* Parameter definiert zu für wie viele Tage kein Kostenbeitrag eingehoben wurde."/>
    <type value="unsignedInt"/>
  </parameter>
  <parameter>
    <name value="modus"/>
    <use value="in"/>
    <min value="1"/>
    <max value="1"/>
    <documentation value="Mit Hilfe des *modus* Parameters wird angegeben, ob es sich bei der Patienten-Entlassung um vollständige Daten handelt (*freigeben*) und somit eine Validierung erfolgen soll, oder ob lediglich unvollständige Daten zwischengespeichert werden (*aviso*)."/>
    <type value="code"/>
    <binding>
      <strength value="required"/>
      <valueSet value="hl7.at.test.aviso.oder.freigeben"/>
    </binding>
  </parameter>
  <parameter>
    <name value="return"/>
    <use value="out"/>
    <min value="1"/>
    <max value="1"/>
    <documentation value="Der *return* Parameter gibt Auskunft über den Erfolg der Operation."/>
    <type value="Resource"/>
    <targetProfile value="http://hl7.org/fhir/StructureDefinition/OperationOutcome"/>
  </parameter>
</OperationDefinition>