<?xml version="1.0" encoding="UTF-8"?>

<ValueSet xmlns="http://hl7.org/fhir">
  <id value="moped-VerdachtArbeitsSchuelerunfall-valueset"/>
  <text>
    <status value="generated"/><div xmlns="http://www.w3.org/1999/xhtml"><p class="res-header-id"><b>Generated Narrative: ValueSet moped-VerdachtArbeitsSchuelerunfall-valueset</b></p><a name="moped-VerdachtArbeitsSchuelerunfall-valueset"> </a><a name="hcmoped-VerdachtArbeitsSchuelerunfall-valueset"> </a><a name="moped-VerdachtArbeitsSchuelerunfall-valueset-en-US"> </a><ul><li>Include these codes as defined in <code>http://tbd.at/MOPED-account-VerdachtArbeitsSchuelerunfall</code><table class="none"><tr><td style="white-space:nowrap"><b>Code</b></td><td><b>Display</b></td></tr><tr><td>1</td><td>Arbeitsunfall</td></tr><tr><td>2</td><td>Schüler-/Studentenunfall</td></tr><tr><td>3</td><td>Landwirtschaftlicher Unfall</td></tr><tr><td>4</td><td>Wegunfall Arbeit</td></tr><tr><td>5</td><td>Wegunfall Schüler/Student</td></tr><tr><td>0</td><td>Nein/Unbekannt</td></tr></table></li></ul></div>
  </text>
  <url value="http://example.org/ValueSet/moped-VerdachtArbeitsSchuelerunfall-valueset"/>
  <version value="0.1.0"/>
  <name value="VerdachtArbeitsSchuelerunfall"/>
  <title value="Verdacht auf Arbeits- oder Schuelerunfall"/>
  <status value="draft"/>
  <date value="2024-09-17T18:22:57+00:00"/>
  <publisher value="Example Publisher"/>
  <contact>
    <name value="Example Publisher"/>
    <telecom>
      <system value="url"/>
      <value value="http://example.org/example-publisher"/>
    </telecom>
  </contact>
  <description value="ValueSet für den Verdacht auf einen Arbeits- oder Schuelerunfall"/>
  <compose>
    <include>
      <system value="http://tbd.at/MOPED-account-VerdachtArbeitsSchuelerunfall"/>
      <concept>
        <code value="1"/>
        <display value="Arbeitsunfall"/>
      </concept>
      <concept>
        <code value="2"/>
        <display value="Schüler-/Studentenunfall"/>
      </concept>
      <concept>
        <code value="3"/>
        <display value="Landwirtschaftlicher Unfall"/>
      </concept>
      <concept>
        <code value="4"/>
        <display value="Wegunfall Arbeit"/>
      </concept>
      <concept>
        <code value="5"/>
        <display value="Wegunfall Schüler/Student"/>
      </concept>
      <concept>
        <code value="0"/>
        <display value="Nein/Unbekannt"/>
      </concept>
    </include>
  </compose>
</ValueSet>