[
  {
    "id" : "elga-e-medikation-R5.elga.hl7.at",
    "type" : "ImplementationGuide",
    "url" : "http://fhir.hl7.at/elga-e-medikation-R5/ImplementationGuide/elga-e-medikation-R5.elga.hl7.at",
    "version" : "0.0.0",
    "name" : "ELGAFHIReMedikationR5"
  },
  {
    "id" : "at-core-address",
    "type" : "StructureDefinition",
    "url" : "http://fhir.hl7.at/elga-e-medikation-R5/StructureDefinition/at-core-address",
    "version" : "0.0.0",
    "name" : "HL7ATCoreAddress"
  },
  {
    "id" : "at-core-ext-address-additionalInformation",
    "type" : "StructureDefinition",
    "url" : "http://fhir.hl7.at/elga-e-medikation-R5/StructureDefinition/at-core-ext-address-additionalInformation",
    "version" : "0.0.0",
    "name" : "AddressAdditionalInformation"
  },
  {
    "id" : "at-core-ext-patient-religion",
    "type" : "StructureDefinition",
    "url" : "http://fhir.hl7.at/elga-e-medikation-R5/StructureDefinition/at-core-ext-patient-religion",
    "version" : "0.0.0",
    "name" : "PatientReligion"
  },
  {
    "id" : "at-core-ext-valueset-systemoid",
    "type" : "StructureDefinition",
    "url" : "http://fhir.hl7.at/elga-e-medikation-R5/StructureDefinition/at-core-ext-valueset-systemoid",
    "version" : "0.0.0",
    "name" : "SystemOID"
  },
  {
    "id" : "at-core-patient",
    "type" : "StructureDefinition",
    "url" : "http://fhir.hl7.at/elga-e-medikation-R5/StructureDefinition/at-core-patient",
    "version" : "0.0.0",
    "name" : "HL7ATCorePatient"
  },
  {
    "id" : "at-core-valueset",
    "type" : "StructureDefinition",
    "url" : "http://fhir.hl7.at/elga-e-medikation-R5/StructureDefinition/at-core-valueset",
    "version" : "0.0.0",
    "name" : "HL7ATCoreValueSet"
  },
  {
    "id" : "eMed-prescription-with-multiple-eMed-requests",
    "type" : "StructureDefinition",
    "url" : "http://fhir.hl7.at/elga-e-medikation-R5/StructureDefinition/eMed-prescription-with-multiple-eMed-requests",
    "version" : "0.0.0",
    "name" : "eMedPrescriptionAsRequestOrchestration"
  },
  {
    "id" : "eMed-request",
    "type" : "StructureDefinition",
    "url" : "http://fhir.hl7.at/elga-e-medikation-R5/StructureDefinition/eMed-request",
    "version" : "0.0.0",
    "name" : "eMedRequest"
  },
  {
    "id" : "linca-dipsense-documentation",
    "type" : "StructureDefinition",
    "url" : "http://fhir.hl7.at/elga-e-medikation-R5/StructureDefinition/linca-dipsense-documentation",
    "version" : "0.0.0",
    "name" : "LINCAMedicationDispense"
  },
  {
    "id" : "at-core-cs-iso-3166-1-alpha-3",
    "type" : "CodeSystem",
    "url" : "http://hl7.at/fhir/HL7ATCoreProfiles/4.0.1/CodeSystem/at-core-cs-iso-3166-1-alpha-3",
    "version" : "0.0.0",
    "name" : "HL7ATCoreCSISO-3166-1-alpha-3",
    "oids" : ["1.0.3166.1.2.3"]
  },
  {
    "id" : "at-core-cs-religion",
    "type" : "CodeSystem",
    "url" : "http://hl7.at/fhir/HL7ATCoreProfiles/4.0.1/CodeSystem/at-core-cs-religion",
    "version" : "0.0.0",
    "name" : "HL7ATCoreCSReligion",
    "oids" : ["2.16.840.1.113883.2.16.1.4.1"]
  },
  {
    "id" : "at-elga-vs-countryCodes",
    "type" : "ValueSet",
    "url" : "http://hl7.at/fhir/HL7ATCoreProfiles/4.0.1/ValueSet/at-elga-vs-countryCodes",
    "version" : "0.0.0",
    "name" : "ELGAVSCountryCodes",
    "oids" : ["1.2.40.0.34.10.172"]
  },
  {
    "id" : "at-elga-vs-religion",
    "type" : "ValueSet",
    "url" : "http://hl7.at/fhir/HL7ATCoreProfiles/4.0.1/ValueSet/at-elga-vs-religion",
    "version" : "0.0.0",
    "name" : "ELGAVSReligion",
    "oids" : ["1.2.40.0.34.10.18"]
  }
]
