"Id","Path","Slice Name","Alias(s)","Label","Min","Max","Must Support?","Is Modifier?","Is Summary?","Type(s)","Short","Definition","Comments","Requirements","Default Value","Meaning When Missing","Fixed Value","Pattern","Example","Minimum Value","Maximum Value","Maximum Length","Binding Strength","Binding Description","Binding Value Set","Code","Slicing Discriminator","Slicing Description","Slicing Ordered","Slicing Rules","Base Path","Base Min","Base Max","Condition(s)","Constraint(s)","Mapping: Workflow Pattern","Mapping: FiveWs Pattern Mapping","Mapping: RIM Mapping"
"RequestOrchestration","RequestOrchestration","","","",0,*,"","","","null {[]} {[]}
","A set of related requests","A set of related requests that can be used to capture intended activities that have inter-dependencies such as ""give this medication after that one"".","","","","","","","","","",,,,,"",,,,"RequestOrchestration",0,*,"","dom-2:If the resource is contained in another resource, it SHALL NOT contain nested Resources {contained.contained.empty()}
dom-3:If the resource is contained in another resource, it SHALL be referred to from elsewhere in the resource or SHALL refer to the containing resource {contained.where((('#'+id in (%resource.descendants().reference | %resource.descendants().ofType(canonical) | %resource.descendants().ofType(uri) | %resource.descendants().ofType(url))) or descendants().where(reference = '#').exists() or descendants().where(ofType(canonical) = '#').exists() or descendants().where(ofType(canonical) = '#').exists()).not()).trace('unmatched', id).empty()}dom-4:If a resource is contained in another resource, it SHALL NOT have a meta.versionId or a meta.lastUpdated {contained.meta.versionId.empty() and contained.meta.lastUpdated.empty()}dom-5:If a resource is contained in another resource, it SHALL NOT have a security label {contained.meta.security.empty()}dom-6:A resource should have narrative for robust management {text.`div`.exists()}","Request","clinical.general","Entity, Role, or Act"
"RequestOrchestration.id","RequestOrchestration.id","","","",1,1,"","","Y","id {[]} {[]}
","eMED-ID","The logical id of the resource, as used in the URL for the resource. Once assigned, this value never changes.","Within the context of the FHIR RESTful interactions, the resource has an id except for cases like the create and conditional update. Otherwise, the use of the resouce id depends on the given use case.","","","","","","","","",,,,,"",,,,"Resource.id",0,1,"",""
"RequestOrchestration.meta","RequestOrchestration.meta","","","",0,1,"","","Y","Meta {[]} {[]}
","Metadata about the resource","The metadata about the resource. This is content that is maintained by the infrastructure. Changes to the content might not always be associated with version changes to the resource.","","","","","","","","","",,,,,"",,,,"Resource.meta",0,1,"","ele-1:All FHIR elements must have a @value or children {hasValue() or (children().count() > id.count())}
"
"RequestOrchestration.implicitRules","RequestOrchestration.implicitRules","","","",0,1,"","Y","Y","uri {[]} {[]}
","A set of rules under which this content was created","A reference to a set of rules that were followed when the resource was constructed, and which must be understood when processing the content. Often, this is a reference to an implementation guide that defines the special rules along with other profiles etc.","Asserting this rule set restricts the content to be only understood by a limited set of trading partners. This inherently limits the usefulness of the data in the long term. However, the existing health eco-system is highly fractured, and not yet ready to define, collect, and exchange data in a generally computable sense. Wherever possible, implementers and/or specification writers should avoid using this element. Often, when used, the URL is a reference to an implementation guide that defines these special rules as part of its narrative along with other profiles, value sets, etc.","","","","","","","","",,,,,"",,,,"Resource.implicitRules",0,1,"","ele-1:All FHIR elements must have a @value or children {hasValue() or (children().count() > id.count())}
"
"RequestOrchestration.language","RequestOrchestration.language","","","",0,1,"","","","code {[]} {[]}
","Language of the resource content","The base language in which the resource is written.","Language is provided to support indexing and accessibility (typically, services such as text to speech use the language tag). The html language tag in the narrative applies  to the narrative. The language tag on the resource may be used to specify the language of other presentations generated from the data in the resource. Not all the content has to be in the base language. The Resource.language should not be assumed to apply to the narrative automatically. If a language is specified, it should it also be specified on the div element in the html (see rules in HTML5 for information about the relationship between xml:lang and the html lang attribute).","","","","","","","","",,"required","IETF language tag for a human language","http://hl7.org/fhir/ValueSet/all-languages|5.0.0","",,,,"Resource.language",0,1,"","ele-1:All FHIR elements must have a @value or children {hasValue() or (children().count() > id.count())}
"
"RequestOrchestration.text","RequestOrchestration.text","","narrative
htmlxhtmldisplay","",0,1,"","","","Narrative {[]} {[]}
","Text summary of the resource, for human interpretation","A human-readable narrative that contains a summary of the resource and can be used to represent the content of the resource to a human. The narrative need not encode all the structured data, but is required to contain sufficient detail to make it ""clinically safe"" for a human to just read the narrative. Resource definitions may define what content should be represented in the narrative to ensure clinical safety.","Contained resources do not have a narrative. Resources that are not contained SHOULD have a narrative. In some cases, a resource may only have text with little or no additional discrete data (as long as all minOccurs=1 elements are satisfied).  This may be necessary for data from legacy systems where information is captured as a ""text blob"" or where text is additionally entered raw or narrated and encoded information is added later.","","","","","","","","",,,,,"",,,,"DomainResource.text",0,1,"dom-6
","ele-1:All FHIR elements must have a @value or children {hasValue() or (children().count() > id.count())}
","Act.text?"
"RequestOrchestration.contained","RequestOrchestration.contained","","Prescription
Order","",1,*,"","","","MedicationRequest {[CanonicalType[http://fhir.hl7.at/elga-e-medikation-R5/StructureDefinition/eMed-requests]]} {[]}
","one or several MedicationRequests | eine oder mehrere Verordnungen/MedicationRequests","An order or request for both supply of the medication and the instructions for administration of the medication to a patient. The resource is called ""MedicationRequest"" rather than ""MedicationPrescription"" or ""MedicationOrder"" to generalize the use across inpatient and outpatient settings, including care plans, etc., and to harmonize with workflow patterns.","This should never be done when the content can be identified properly, as once identification is lost, it is extremely difficult (and context dependent) to restore it again. Contained resources may have profiles and tags in their meta elements, but SHALL NOT have security labels.","","","","","","","","",,,,,"",,,,"DomainResource.contained",0,*,"","","Request","clinical.medication","Entity, Role, or Act,CombinedMedicationRequest"
"RequestOrchestration.extension","RequestOrchestration.extension","","extensions
user content","",0,*,"","","","Extension {[]} {[]}
","Additional content defined by implementations","May be used to represent additional information that is not part of the basic definition of the resource. To make the use of extensions safe and managable, there is a strict set of governance applied to the definition and use of extensions. Though any implementer can define an extension, there is a set of requirements that SHALL be met as part of the definition of the extension.","There can be no stigma associated with the use of extensions by any application, project, or standard - regardless of the institution or jurisdiction that uses or defines the extensions.  The use of extensions is what allows the FHIR specification to retain a core level of simplicity for everyone.","","","","","","","","",,,,,"",,,,"DomainResource.extension",0,*,"","ele-1:All FHIR elements must have a @value or children {hasValue() or (children().count() > id.count())}
ext-1:Must have either extensions or value[x], not both {extension.exists() != value.exists()}","N/A"
"RequestOrchestration.modifierExtension","RequestOrchestration.modifierExtension","","extensions
user content","",0,*,"","Y","Y","Extension {[]} {[]}
","Extensions that cannot be ignored","May be used to represent additional information that is not part of the basic definition of the resource and that modifies the understanding of the element that contains it and/or the understanding of the containing element's descendants. Usually modifier elements provide negation or qualification. To make the use of extensions safe and managable, there is a strict set of governance applied to the definition and use of extensions. Though any implementer is allowed to define an extension, there is a set of requirements that SHALL be met as part of the definition of the extension. Applications processing a resource are required to check for modifier extensions.

Modifier extensions SHALL NOT change the meaning of any elements on Resource or DomainResource (including cannot change the meaning of modifierExtension itself).","There can be no stigma associated with the use of extensions by any application, project, or standard - regardless of the institution or jurisdiction that uses or defines the extensions.  The use of extensions is what allows the FHIR specification to retain a core level of simplicity for everyone.","Modifier extensions allow for extensions that *cannot* be safely ignored to be clearly distinguished from the vast majority of extensions which can be safely ignored.  This promotes interoperability by eliminating the need for implementers to prohibit the presence of extensions. For further information, see the [definition of modifier extensions](http://hl7.org/fhir/R5/extensibility.html#modifierExtension).","","","","","","","",,,,,"",,,,"DomainResource.modifierExtension",0,*,"","ele-1:All FHIR elements must have a @value or children {hasValue() or (children().count() > id.count())}
ext-1:Must have either extensions or value[x], not both {extension.exists() != value.exists()}","N/A"
"RequestOrchestration.identifier","RequestOrchestration.identifier","","","",0,*,"","","Y","Identifier {[]} {[]}
","Business identifier","Allows a service to provide a unique, business identifier for the request.","","Allows identification of the request as it is known by various participating systems and in a way that remains consistent across servers.","","","","","","","",,,,,"",,,,"RequestOrchestration.identifier",0,*,"","ele-1:All FHIR elements must have a @value or children {hasValue() or (children().count() > id.count())}
","Request.identifier","FiveWs.identifier"
"RequestOrchestration.instantiatesCanonical","RequestOrchestration.instantiatesCanonical","","","",0,*,"","","Y","canonical {[]} {[]}
","Instantiates FHIR protocol or definition","A canonical URL referencing a FHIR-defined protocol, guideline, orderset or other definition that is adhered to in whole or in part by this request.","","","","","","","","","",,,,,"",,,,"RequestOrchestration.instantiatesCanonical",0,*,"","ele-1:All FHIR elements must have a @value or children {hasValue() or (children().count() > id.count())}
","Request.instantiatesCanonical"
"RequestOrchestration.instantiatesUri","RequestOrchestration.instantiatesUri","","","",0,*,"","","Y","uri {[]} {[]}
","Instantiates external protocol or definition","A URL referencing an externally defined protocol, guideline, orderset or other definition that is adhered to in whole or in part by this request.","","","","","","","","","",,,,,"",,,,"RequestOrchestration.instantiatesUri",0,*,"","ele-1:All FHIR elements must have a @value or children {hasValue() or (children().count() > id.count())}
","Request.instantiatesUri"
"RequestOrchestration.basedOn","RequestOrchestration.basedOn","","fulfills
","",0,*,"","","","Reference {[]} {[CanonicalType[http://hl7.org/fhir/StructureDefinition/Resource]]}
","Fulfills plan, proposal, or order","A plan, proposal or order that is fulfilled in whole or in part by this request.","","Allows tracing of authorization for the request and tracking whether proposals/recommendations were acted upon.","","","","","","","",,,,,"",,,,"RequestOrchestration.basedOn",0,*,"","ele-1:All FHIR elements must have a @value or children {hasValue() or (children().count() > id.count())}
","Request.basedOn"
"RequestOrchestration.replaces","RequestOrchestration.replaces","","supersedes
priorrenewed order","",0,*,"","","","Reference {[]} {[CanonicalType[http://hl7.org/fhir/StructureDefinition/Resource]]}
","Request(s) replaced by this request","Completed or terminated request(s) whose function is taken by this new request.","The replacement could be because the initial request was immediately rejected (due to an issue) or because the previous request was completed, but the need for the action described by the request remains ongoing.","Allows tracing the continuation of a therapy or administrative process instantiated through multiple requests.","","","","","","","",,,,,"",,,,"RequestOrchestration.replaces",0,*,"","ele-1:All FHIR elements must have a @value or children {hasValue() or (children().count() > id.count())}
","Request.replaces"
"RequestOrchestration.groupIdentifier","RequestOrchestration.groupIdentifier","","grouperid
requisition","",0,1,"","","Y","Identifier {[]} {[]}
","Composite request this is part of","A shared identifier common to multiple independent Request instances that were activated/authorized more or less simultaneously by a single author.  The presence of the same identifier on each request ties those requests together and may have business ramifications in terms of reporting of results, billing, etc.  E.g. a requisition number shared by a set of lab tests ordered together, or a prescription number shared by all meds ordered at one time.","Requests are linked either by a ""basedOn"" relationship (i.e. one request is fulfilling another) or by having a common requisition.  Requests that are part of the same requisition are generally treated independently from the perspective of changing their state or maintaining them after initial creation.","Some business processes need to know if multiple items were ordered as part of the same ""prescription"" or ""requisition"" for billing or other purposes.","","","","","","","",,,,,"",,,,"RequestOrchestration.groupIdentifier",0,1,"","ele-1:All FHIR elements must have a @value or children {hasValue() or (children().count() > id.count())}
","Request.groupIdentifier"
"RequestOrchestration.status","RequestOrchestration.status","","","",1,1,"","Y","Y","code {[]} {[]}
","For CDA compatability: always completed, even if the prescription is still be acted upon. | Für CDA-Kompatibilität: immer abgeschlossen, auch wenn das Rezept noch bearbeitet werden muss.","The current state of the request. For request orchestrations, the status reflects the status of all the requests in the orchestration.","","","","","","<valueCode xmlns=""http://hl7.org/fhir"" value=""completed""/>","","","",,"required","Codes identifying the lifecycle stage of a request.","http://hl7.org/fhir/ValueSet/request-status|5.0.0","",,,,"RequestOrchestration.status",1,1,"","ele-1:All FHIR elements must have a @value or children {hasValue() or (children().count() > id.count())}
","Request.status","FiveWs.status"
"RequestOrchestration.intent","RequestOrchestration.intent","","category
","",1,1,"","Y","Y","code {[]} {[]}
","	The prescription represents a request/demand and authorization for action by the requestor. | Das Rezept stellt eine Anfrage/Anforderung und Ermächtigung zum Handeln durch den Antragsteller dar.","Indicates the level of authority/intentionality associated with the request and where the request fits into the workflow chain.","","Proposals/recommendations, plans and orders all use the same structure and can exist in the same fulfillment chain.","","","","<valueCode xmlns=""http://hl7.org/fhir"" value=""order""/>","","","",,"required","Codes indicating the degree of authority/intentionality associated with a request.","http://hl7.org/fhir/ValueSet/request-intent|5.0.0","",,,,"RequestOrchestration.intent",1,1,"","ele-1:All FHIR elements must have a @value or children {hasValue() or (children().count() > id.count())}
","Request.intent","FiveWs.class"
"RequestOrchestration.priority","RequestOrchestration.priority","","","",0,1,"","","Y","code {[]} {[]}
","routine | urgent | asap | stat","Indicates how quickly the request should be addressed with respect to other requests.","","","","If missing, this request should be performed with normal priority","","","","","",,"required","Identifies the level of importance to be assigned to actioning the request.","http://hl7.org/fhir/ValueSet/request-priority|5.0.0","",,,,"RequestOrchestration.priority",0,1,"","ele-1:All FHIR elements must have a @value or children {hasValue() or (children().count() > id.count())}
","Request.priority","FiveWs.grade"
"RequestOrchestration.code","RequestOrchestration.code","","","",0,1,"","","Y","CodeableConcept {[]} {[]}
","Prescription type | Rezeptart","A code that identifies what the overall request orchestration is.","This element can be used to provide a code that captures the meaning of the request orchestration as a whole, as opposed to the code of the action element, which captures the meaning of the individual actions within the request orchestration.","","","","","","","","",,"required","","https://termgit.elga.gv.at/ValueSet/elga-medikationrezeptart","",,,,"RequestOrchestration.code",0,1,"","ele-1:All FHIR elements must have a @value or children {hasValue() or (children().count() > id.count())}
","Request.code","FiveWs.what[x]"
"RequestOrchestration.subject","RequestOrchestration.subject","","","",1,1,"","","","Reference {[]} {[CanonicalType[http://hl7.org/fhir/StructureDefinition/CareTeam], CanonicalType[http://hl7.org/fhir/StructureDefinition/Organization], CanonicalType[http://hl7.org/fhir/StructureDefinition/Practitioner]]}
","Creator of the proposal (reference to the patient is created by each MedicationRequest!) | Ersteller des Rezepts (der Verweis auf den Patienten steht in jedem MedicationRequest!)","The subject for which the request orchestration was created.","","","","","","","","","",,,,,"",,,,"RequestOrchestration.subject",0,1,"","ele-1:All FHIR elements must have a @value or children {hasValue() or (children().count() > id.count())}
","Request.subject","FiveWs.subject[x]"
"RequestOrchestration.encounter","RequestOrchestration.encounter","","","",0,1,"","","","Reference {[]} {[CanonicalType[http://hl7.org/fhir/StructureDefinition/Encounter]]}
","Created as part of","Describes the context of the request orchestration, if any.","","","","","","","","","",,,,,"",,,,"RequestOrchestration.encounter",0,1,"","ele-1:All FHIR elements must have a @value or children {hasValue() or (children().count() > id.count())}
","Request.encounter","FiveWs.context"
"RequestOrchestration.authoredOn","RequestOrchestration.authoredOn","","","",0,1,"","","","dateTime {[]} {[]}
","When the request orchestration was authored","Indicates when the request orchestration was created.","","","","","","","","","",,,,,"",,,,"RequestOrchestration.authoredOn",0,1,"","ele-1:All FHIR elements must have a @value or children {hasValue() or (children().count() > id.count())}
","Request.authoredOn","FiveWs.recorded"
"RequestOrchestration.author","RequestOrchestration.author","","","",0,1,"","","","Reference {[]} {[CanonicalType[http://hl7.org/fhir/StructureDefinition/Device], CanonicalType[http://hl7.org/fhir/StructureDefinition/Practitioner], CanonicalType[http://hl7.org/fhir/StructureDefinition/PractitionerRole]]}
","Device or practitioner that authored the request orchestration","Provides a reference to the author of the request orchestration.","","","","","","","","","",,,,,"",,,,"RequestOrchestration.author",0,1,"","ele-1:All FHIR elements must have a @value or children {hasValue() or (children().count() > id.count())}
","Request.requester","FiveWs.author"
"RequestOrchestration.reason","RequestOrchestration.reason","","","",0,*,"","","","CodeableReference {[]} {[CanonicalType[http://hl7.org/fhir/StructureDefinition/Condition], CanonicalType[http://hl7.org/fhir/StructureDefinition/Observation], CanonicalType[http://hl7.org/fhir/StructureDefinition/DiagnosticReport], CanonicalType[http://hl7.org/fhir/StructureDefinition/DocumentReference]]}
","Why the request orchestration is needed","Describes the reason for the request orchestration in coded or textual form.","","","","","","","","","",,"example","","http://hl7.org/fhir/ValueSet/action-reason-code","",,,,"RequestOrchestration.reason",0,*,"","ele-1:All FHIR elements must have a @value or children {hasValue() or (children().count() > id.count())}
","Request.reason","FiveWs.why[x]"
"RequestOrchestration.goal","RequestOrchestration.goal","","","",0,*,"","","","Reference {[]} {[CanonicalType[http://hl7.org/fhir/StructureDefinition/Goal]]}
","What goals","Goals that are intended to be achieved by following the requests in this RequestOrchestration.","","","","","","","","","",,,,,"",,,,"RequestOrchestration.goal",0,*,"","ele-1:All FHIR elements must have a @value or children {hasValue() or (children().count() > id.count())}
","FiveWs.why[x]","N/A"
"RequestOrchestration.note","RequestOrchestration.note","","","",0,*,"","","","Annotation {[]} {[]}
","Additional notes about the response","Provides a mechanism to communicate additional information about the response.","","","","","","","","","",,,,,"",,,,"RequestOrchestration.note",0,*,"","ele-1:All FHIR elements must have a @value or children {hasValue() or (children().count() > id.count())}
","Request.note"
"RequestOrchestration.action","RequestOrchestration.action","","","",0,*,"","","","BackboneElement {[]} {[]}
","Proposed actions, if any","The actions, if any, produced by the evaluation of the artifact.","","","","","","","","","",,,,,"",,,,"RequestOrchestration.action",0,*,"","ele-1:All FHIR elements must have a @value or children {hasValue() or (children().count() > id.count())}
rqg-1:Must have resource or action but not both {resource.exists() != action.exists()}"
"RequestOrchestration.action.id","RequestOrchestration.action.id","","","",0,1,"","","","string {[]} {[]}
","Unique id for inter-element referencing","Unique id for the element within a resource (for internal references). This may be any string value that does not contain spaces.","","","","","","","","","",,,,,"",,,,"Element.id",0,1,"ele-1
","","n/a"
"RequestOrchestration.action.extension","RequestOrchestration.action.extension","","extensions
user content","",0,*,"","","","Extension {[]} {[]}
","Additional content defined by implementations","May be used to represent additional information that is not part of the basic definition of the element. To make the use of extensions safe and managable, there is a strict set of governance applied to the definition and use of extensions. Though any implementer can define an extension, there is a set of requirements that SHALL be met as part of the definition of the extension.","There can be no stigma associated with the use of extensions by any application, project, or standard - regardless of the institution or jurisdiction that uses or defines the extensions.  The use of extensions is what allows the FHIR specification to retain a core level of simplicity for everyone.","","","","","","","","",,,,,"",,,,"Element.extension",0,*,"","ele-1:All FHIR elements must have a @value or children {hasValue() or (children().count() > id.count())}
ext-1:Must have either extensions or value[x], not both {extension.exists() != value.exists()}","n/a"
"RequestOrchestration.action.modifierExtension","RequestOrchestration.action.modifierExtension","","extensions
user contentmodifiers","",0,*,"","Y","Y","Extension {[]} {[]}
","Extensions that cannot be ignored even if unrecognized","May be used to represent additional information that is not part of the basic definition of the element and that modifies the understanding of the element in which it is contained and/or the understanding of the containing element's descendants. Usually modifier elements provide negation or qualification. To make the use of extensions safe and managable, there is a strict set of governance applied to the definition and use of extensions. Though any implementer can define an extension, there is a set of requirements that SHALL be met as part of the definition of the extension. Applications processing a resource are required to check for modifier extensions.

Modifier extensions SHALL NOT change the meaning of any elements on Resource or DomainResource (including cannot change the meaning of modifierExtension itself).","There can be no stigma associated with the use of extensions by any application, project, or standard - regardless of the institution or jurisdiction that uses or defines the extensions.  The use of extensions is what allows the FHIR specification to retain a core level of simplicity for everyone.","Modifier extensions allow for extensions that *cannot* be safely ignored to be clearly distinguished from the vast majority of extensions which can be safely ignored.  This promotes interoperability by eliminating the need for implementers to prohibit the presence of extensions. For further information, see the [definition of modifier extensions](http://hl7.org/fhir/R5/extensibility.html#modifierExtension).","","","","","","","",,,,,"",,,,"BackboneElement.modifierExtension",0,*,"","ele-1:All FHIR elements must have a @value or children {hasValue() or (children().count() > id.count())}
ext-1:Must have either extensions or value[x], not both {extension.exists() != value.exists()}","N/A"
"RequestOrchestration.action.linkId","RequestOrchestration.action.linkId","","","",0,1,"","","","string {[]} {[]}
","Pointer to specific item from the PlanDefinition","The linkId of the action from the PlanDefinition that corresponds to this action in the RequestOrchestration resource.","","","","","","","","","",,,,,"",,,,"RequestOrchestration.action.linkId",0,1,"","ele-1:All FHIR elements must have a @value or children {hasValue() or (children().count() > id.count())}
","N/A (to add?)"
"RequestOrchestration.action.prefix","RequestOrchestration.action.prefix","","","",0,1,"","","","string {[]} {[]}
","User-visible prefix for the action (e.g. 1. or A.)","A user-visible prefix for the action. For example a section or item numbering such as 1. or A.","","","","","","","","","",,,,,"",,,,"RequestOrchestration.action.prefix",0,1,"","ele-1:All FHIR elements must have a @value or children {hasValue() or (children().count() > id.count())}
"
"RequestOrchestration.action.title","RequestOrchestration.action.title","","","",0,1,"","","","string {[]} {[]}
","User-visible title","The title of the action displayed to a user.","","","","","","","","","",,,,,"",,,,"RequestOrchestration.action.title",0,1,"","ele-1:All FHIR elements must have a @value or children {hasValue() or (children().count() > id.count())}
"
"RequestOrchestration.action.description","RequestOrchestration.action.description","","","",0,1,"","","Y","markdown {[]} {[]}
","Short description of the action","A short description of the action used to provide a summary to display to the user.","","","","","","","","","",,,,,"",,,,"RequestOrchestration.action.description",0,1,"","ele-1:All FHIR elements must have a @value or children {hasValue() or (children().count() > id.count())}
"
"RequestOrchestration.action.textEquivalent","RequestOrchestration.action.textEquivalent","","","",0,1,"","","Y","markdown {[]} {[]}
","Static text equivalent of the action, used if the dynamic aspects cannot be interpreted by the receiving system","A text equivalent of the action to be performed. This provides a human-interpretable description of the action when the definition is consumed by a system that might not be capable of interpreting it dynamically.","","","","","","","","","",,,,,"",,,,"RequestOrchestration.action.textEquivalent",0,1,"","ele-1:All FHIR elements must have a @value or children {hasValue() or (children().count() > id.count())}
"
"RequestOrchestration.action.priority","RequestOrchestration.action.priority","","","",0,1,"","","","code {[]} {[]}
","routine | urgent | asap | stat","Indicates how quickly the action should be addressed with respect to other actions.","","","","","","","","","",,"required","Identifies the level of importance to be assigned to actioning the request.","http://hl7.org/fhir/ValueSet/request-priority|5.0.0","",,,,"RequestOrchestration.action.priority",0,1,"","ele-1:All FHIR elements must have a @value or children {hasValue() or (children().count() > id.count())}
","Request.priority"
"RequestOrchestration.action.code","RequestOrchestration.action.code","","","",0,*,"","","","CodeableConcept {[]} {[]}
","Code representing the meaning of the action or sub-actions","A code that provides meaning for the action or action group. For example, a section may have a LOINC code for a section of a documentation template.","","","","","","","","","",,"example","","http://hl7.org/fhir/ValueSet/action-code","",,,,"RequestOrchestration.action.code",0,*,"","ele-1:All FHIR elements must have a @value or children {hasValue() or (children().count() > id.count())}
","Request.code"
"RequestOrchestration.action.documentation","RequestOrchestration.action.documentation","","","",0,*,"","","","RelatedArtifact {[]} {[]}
","Supporting documentation for the intended performer of the action","Didactic or other informational resources associated with the action that can be provided to the CDS recipient. Information resources can include inline text commentary and links to web resources.","","","","","","","","","",,,,,"",,,,"RequestOrchestration.action.documentation",0,*,"","ele-1:All FHIR elements must have a @value or children {hasValue() or (children().count() > id.count())}
","Request.supportingInfo"
"RequestOrchestration.action.goal","RequestOrchestration.action.goal","","","",0,*,"","","","Reference {[]} {[CanonicalType[http://hl7.org/fhir/StructureDefinition/Goal]]}
","What goals","Goals that are intended to be achieved by following the requests in this action.","","","","","","","","","",,,,,"",,,,"RequestOrchestration.action.goal",0,*,"","ele-1:All FHIR elements must have a @value or children {hasValue() or (children().count() > id.count())}
","FiveWs.why[x]","N/A"
"RequestOrchestration.action.condition","RequestOrchestration.action.condition","","","",0,*,"","","","BackboneElement {[]} {[]}
","Whether or not the action is applicable","An expression that describes applicability criteria, or start/stop conditions for the action.","When multiple conditions of the same kind are present, the effects are combined using AND semantics, so the overall condition is true only if all of the conditions are true.","","","","","","","","",,,,,"",,,,"RequestOrchestration.action.condition",0,*,"","ele-1:All FHIR elements must have a @value or children {hasValue() or (children().count() > id.count())}
"
"RequestOrchestration.action.condition.id","RequestOrchestration.action.condition.id","","","",0,1,"","","","string {[]} {[]}
","Unique id for inter-element referencing","Unique id for the element within a resource (for internal references). This may be any string value that does not contain spaces.","","","","","","","","","",,,,,"",,,,"Element.id",0,1,"ele-1
","","n/a"
"RequestOrchestration.action.condition.extension","RequestOrchestration.action.condition.extension","","extensions
user content","",0,*,"","","","Extension {[]} {[]}
","Additional content defined by implementations","May be used to represent additional information that is not part of the basic definition of the element. To make the use of extensions safe and managable, there is a strict set of governance applied to the definition and use of extensions. Though any implementer can define an extension, there is a set of requirements that SHALL be met as part of the definition of the extension.","There can be no stigma associated with the use of extensions by any application, project, or standard - regardless of the institution or jurisdiction that uses or defines the extensions.  The use of extensions is what allows the FHIR specification to retain a core level of simplicity for everyone.","","","","","","","","",,,,,"",,,,"Element.extension",0,*,"","ele-1:All FHIR elements must have a @value or children {hasValue() or (children().count() > id.count())}
ext-1:Must have either extensions or value[x], not both {extension.exists() != value.exists()}","n/a"
"RequestOrchestration.action.condition.modifierExtension","RequestOrchestration.action.condition.modifierExtension","","extensions
user contentmodifiers","",0,*,"","Y","Y","Extension {[]} {[]}
","Extensions that cannot be ignored even if unrecognized","May be used to represent additional information that is not part of the basic definition of the element and that modifies the understanding of the element in which it is contained and/or the understanding of the containing element's descendants. Usually modifier elements provide negation or qualification. To make the use of extensions safe and managable, there is a strict set of governance applied to the definition and use of extensions. Though any implementer can define an extension, there is a set of requirements that SHALL be met as part of the definition of the extension. Applications processing a resource are required to check for modifier extensions.

Modifier extensions SHALL NOT change the meaning of any elements on Resource or DomainResource (including cannot change the meaning of modifierExtension itself).","There can be no stigma associated with the use of extensions by any application, project, or standard - regardless of the institution or jurisdiction that uses or defines the extensions.  The use of extensions is what allows the FHIR specification to retain a core level of simplicity for everyone.","Modifier extensions allow for extensions that *cannot* be safely ignored to be clearly distinguished from the vast majority of extensions which can be safely ignored.  This promotes interoperability by eliminating the need for implementers to prohibit the presence of extensions. For further information, see the [definition of modifier extensions](http://hl7.org/fhir/R5/extensibility.html#modifierExtension).","","","","","","","",,,,,"",,,,"BackboneElement.modifierExtension",0,*,"","ele-1:All FHIR elements must have a @value or children {hasValue() or (children().count() > id.count())}
ext-1:Must have either extensions or value[x], not both {extension.exists() != value.exists()}","N/A"
"RequestOrchestration.action.condition.kind","RequestOrchestration.action.condition.kind","","","",1,1,"","","","code {[]} {[]}
","applicability | start | stop","The kind of condition.","Applicability criteria are used to determine immediate applicability when a plan definition is applied to a given context. Start and stop criteria are carried through application and used to describe enter/exit criteria for an action.","","","","","","","","",,"required","The kind of condition for the action.","http://hl7.org/fhir/ValueSet/action-condition-kind|5.0.0","",,,,"RequestOrchestration.action.condition.kind",1,1,"","ele-1:All FHIR elements must have a @value or children {hasValue() or (children().count() > id.count())}
"
"RequestOrchestration.action.condition.expression","RequestOrchestration.action.condition.expression","","","",0,1,"","","","Expression {[]} {[]}
","Boolean-valued expression","An expression that returns true or false, indicating whether or not the condition is satisfied.","The expression may be inlined, or may be a reference to a named expression within a logic library referenced by the library element.","","","","","","","","",,,,,"",,,,"RequestOrchestration.action.condition.expression",0,1,"","ele-1:All FHIR elements must have a @value or children {hasValue() or (children().count() > id.count())}
"
"RequestOrchestration.action.input","RequestOrchestration.action.input","","","",0,*,"","","","BackboneElement {[]} {[]}
","Input data requirements","Defines input data requirements for the action.","","","","","","","","","",,,,,"",,,,"RequestOrchestration.action.input",0,*,"","ele-1:All FHIR elements must have a @value or children {hasValue() or (children().count() > id.count())}
pld-0:Input data elements must have a requirement or a relatedData, but not both {requirement.exists() xor relatedData.exists()}","N/A (to add?)"
"RequestOrchestration.action.input.id","RequestOrchestration.action.input.id","","","",0,1,"","","","string {[]} {[]}
","Unique id for inter-element referencing","Unique id for the element within a resource (for internal references). This may be any string value that does not contain spaces.","","","","","","","","","",,,,,"",,,,"Element.id",0,1,"ele-1
","","n/a"
"RequestOrchestration.action.input.extension","RequestOrchestration.action.input.extension","","extensions
user content","",0,*,"","","","Extension {[]} {[]}
","Additional content defined by implementations","May be used to represent additional information that is not part of the basic definition of the element. To make the use of extensions safe and managable, there is a strict set of governance applied to the definition and use of extensions. Though any implementer can define an extension, there is a set of requirements that SHALL be met as part of the definition of the extension.","There can be no stigma associated with the use of extensions by any application, project, or standard - regardless of the institution or jurisdiction that uses or defines the extensions.  The use of extensions is what allows the FHIR specification to retain a core level of simplicity for everyone.","","","","","","","","",,,,,"",,,,"Element.extension",0,*,"","ele-1:All FHIR elements must have a @value or children {hasValue() or (children().count() > id.count())}
ext-1:Must have either extensions or value[x], not both {extension.exists() != value.exists()}","n/a"
"RequestOrchestration.action.input.modifierExtension","RequestOrchestration.action.input.modifierExtension","","extensions
user contentmodifiers","",0,*,"","Y","Y","Extension {[]} {[]}
","Extensions that cannot be ignored even if unrecognized","May be used to represent additional information that is not part of the basic definition of the element and that modifies the understanding of the element in which it is contained and/or the understanding of the containing element's descendants. Usually modifier elements provide negation or qualification. To make the use of extensions safe and managable, there is a strict set of governance applied to the definition and use of extensions. Though any implementer can define an extension, there is a set of requirements that SHALL be met as part of the definition of the extension. Applications processing a resource are required to check for modifier extensions.

Modifier extensions SHALL NOT change the meaning of any elements on Resource or DomainResource (including cannot change the meaning of modifierExtension itself).","There can be no stigma associated with the use of extensions by any application, project, or standard - regardless of the institution or jurisdiction that uses or defines the extensions.  The use of extensions is what allows the FHIR specification to retain a core level of simplicity for everyone.","Modifier extensions allow for extensions that *cannot* be safely ignored to be clearly distinguished from the vast majority of extensions which can be safely ignored.  This promotes interoperability by eliminating the need for implementers to prohibit the presence of extensions. For further information, see the [definition of modifier extensions](http://hl7.org/fhir/R5/extensibility.html#modifierExtension).","","","","","","","",,,,,"",,,,"BackboneElement.modifierExtension",0,*,"","ele-1:All FHIR elements must have a @value or children {hasValue() or (children().count() > id.count())}
ext-1:Must have either extensions or value[x], not both {extension.exists() != value.exists()}","N/A"
"RequestOrchestration.action.input.title","RequestOrchestration.action.input.title","","","",0,1,"","","","string {[]} {[]}
","User-visible title","A human-readable label for the data requirement used to label data flows in BPMN or similar diagrams. Also provides a human readable label when rendering the data requirement that conveys its purpose to human readers.","","","","","","","","","",,,,,"",,,,"RequestOrchestration.action.input.title",0,1,"","ele-1:All FHIR elements must have a @value or children {hasValue() or (children().count() > id.count())}
","N/A (to add?)"
"RequestOrchestration.action.input.requirement","RequestOrchestration.action.input.requirement","","","",0,1,"","","","DataRequirement {[]} {[]}
","What data is provided","Defines the data that is to be provided as input to the action.","","","","","","","","","",,,,,"",,,,"RequestOrchestration.action.input.requirement",0,1,"pld-0
","ele-1:All FHIR elements must have a @value or children {hasValue() or (children().count() > id.count())}
","N/A (to add?)"
"RequestOrchestration.action.input.relatedData","RequestOrchestration.action.input.relatedData","","","",0,1,"","","","id {[]} {[]}
","What data is provided","Points to an existing input or output element that provides data to this input.","The relatedData element allows indicating that an input to a parent action is an input to specific child actions. It also allows the output of one action to be identified as the input to a different action","","","","","","","","",,,,,"",,,,"RequestOrchestration.action.input.relatedData",0,1,"pld-0
","ele-1:All FHIR elements must have a @value or children {hasValue() or (children().count() > id.count())}
","N/A (to add?)"
"RequestOrchestration.action.output","RequestOrchestration.action.output","","","",0,*,"","","","BackboneElement {[]} {[]}
","Output data definition","Defines the outputs of the action, if any.","","","","","","","","","",,,,,"",,,,"RequestOrchestration.action.output",0,*,"","ele-1:All FHIR elements must have a @value or children {hasValue() or (children().count() > id.count())}
pld-1:Output data element must have a requirement or a relatedData, but not both {requirement.exists() xor relatedData.exists()}","N/A (to add?)"
"RequestOrchestration.action.output.id","RequestOrchestration.action.output.id","","","",0,1,"","","","string {[]} {[]}
","Unique id for inter-element referencing","Unique id for the element within a resource (for internal references). This may be any string value that does not contain spaces.","","","","","","","","","",,,,,"",,,,"Element.id",0,1,"ele-1
","","n/a"
"RequestOrchestration.action.output.extension","RequestOrchestration.action.output.extension","","extensions
user content","",0,*,"","","","Extension {[]} {[]}
","Additional content defined by implementations","May be used to represent additional information that is not part of the basic definition of the element. To make the use of extensions safe and managable, there is a strict set of governance applied to the definition and use of extensions. Though any implementer can define an extension, there is a set of requirements that SHALL be met as part of the definition of the extension.","There can be no stigma associated with the use of extensions by any application, project, or standard - regardless of the institution or jurisdiction that uses or defines the extensions.  The use of extensions is what allows the FHIR specification to retain a core level of simplicity for everyone.","","","","","","","","",,,,,"",,,,"Element.extension",0,*,"","ele-1:All FHIR elements must have a @value or children {hasValue() or (children().count() > id.count())}
ext-1:Must have either extensions or value[x], not both {extension.exists() != value.exists()}","n/a"
"RequestOrchestration.action.output.modifierExtension","RequestOrchestration.action.output.modifierExtension","","extensions
user contentmodifiers","",0,*,"","Y","Y","Extension {[]} {[]}
","Extensions that cannot be ignored even if unrecognized","May be used to represent additional information that is not part of the basic definition of the element and that modifies the understanding of the element in which it is contained and/or the understanding of the containing element's descendants. Usually modifier elements provide negation or qualification. To make the use of extensions safe and managable, there is a strict set of governance applied to the definition and use of extensions. Though any implementer can define an extension, there is a set of requirements that SHALL be met as part of the definition of the extension. Applications processing a resource are required to check for modifier extensions.

Modifier extensions SHALL NOT change the meaning of any elements on Resource or DomainResource (including cannot change the meaning of modifierExtension itself).","There can be no stigma associated with the use of extensions by any application, project, or standard - regardless of the institution or jurisdiction that uses or defines the extensions.  The use of extensions is what allows the FHIR specification to retain a core level of simplicity for everyone.","Modifier extensions allow for extensions that *cannot* be safely ignored to be clearly distinguished from the vast majority of extensions which can be safely ignored.  This promotes interoperability by eliminating the need for implementers to prohibit the presence of extensions. For further information, see the [definition of modifier extensions](http://hl7.org/fhir/R5/extensibility.html#modifierExtension).","","","","","","","",,,,,"",,,,"BackboneElement.modifierExtension",0,*,"","ele-1:All FHIR elements must have a @value or children {hasValue() or (children().count() > id.count())}
ext-1:Must have either extensions or value[x], not both {extension.exists() != value.exists()}","N/A"
"RequestOrchestration.action.output.title","RequestOrchestration.action.output.title","","","",0,1,"","","","string {[]} {[]}
","User-visible title","A human-readable label for the data requirement used to label data flows in BPMN or similar diagrams. Also provides a human readable label when rendering the data requirement that conveys its purpose to human readers.","","","","","","","","","",,,,,"",,,,"RequestOrchestration.action.output.title",0,1,"","ele-1:All FHIR elements must have a @value or children {hasValue() or (children().count() > id.count())}
","N/A (to add?)"
"RequestOrchestration.action.output.requirement","RequestOrchestration.action.output.requirement","","","",0,1,"","","","DataRequirement {[]} {[]}
","What data is provided","Defines the data that results as output from the action.","","","","","","","","","",,,,,"",,,,"RequestOrchestration.action.output.requirement",0,1,"pld-1
","ele-1:All FHIR elements must have a @value or children {hasValue() or (children().count() > id.count())}
","N/A (to add?)"
"RequestOrchestration.action.output.relatedData","RequestOrchestration.action.output.relatedData","","","",0,1,"","","","string {[]} {[]}
","What data is provided","Points to an existing input or output element that is results as output from the action.","The relatedData element allows indicating that the output of child action is also the output of a parent action. It also allows the input of one action to be identified as the output of a different action","","","","","","","","",,,,,"",,,,"RequestOrchestration.action.output.relatedData",0,1,"pld-1
","ele-1:All FHIR elements must have a @value or children {hasValue() or (children().count() > id.count())}
","N/A (to add?)"
"RequestOrchestration.action.relatedAction","RequestOrchestration.action.relatedAction","","","",0,*,"","","","BackboneElement {[]} {[]}
","Relationship to another action","A relationship to another action such as ""before"" or ""30-60 minutes after start of"".","","","","","","","","","",,,,,"",,,,"RequestOrchestration.action.relatedAction",0,*,"","ele-1:All FHIR elements must have a @value or children {hasValue() or (children().count() > id.count())}
"
"RequestOrchestration.action.relatedAction.id","RequestOrchestration.action.relatedAction.id","","","",0,1,"","","","string {[]} {[]}
","Unique id for inter-element referencing","Unique id for the element within a resource (for internal references). This may be any string value that does not contain spaces.","","","","","","","","","",,,,,"",,,,"Element.id",0,1,"ele-1
","","n/a"
"RequestOrchestration.action.relatedAction.extension","RequestOrchestration.action.relatedAction.extension","","extensions
user content","",0,*,"","","","Extension {[]} {[]}
","Additional content defined by implementations","May be used to represent additional information that is not part of the basic definition of the element. To make the use of extensions safe and managable, there is a strict set of governance applied to the definition and use of extensions. Though any implementer can define an extension, there is a set of requirements that SHALL be met as part of the definition of the extension.","There can be no stigma associated with the use of extensions by any application, project, or standard - regardless of the institution or jurisdiction that uses or defines the extensions.  The use of extensions is what allows the FHIR specification to retain a core level of simplicity for everyone.","","","","","","","","",,,,,"",,,,"Element.extension",0,*,"","ele-1:All FHIR elements must have a @value or children {hasValue() or (children().count() > id.count())}
ext-1:Must have either extensions or value[x], not both {extension.exists() != value.exists()}","n/a"
"RequestOrchestration.action.relatedAction.modifierExtension","RequestOrchestration.action.relatedAction.modifierExtension","","extensions
user contentmodifiers","",0,*,"","Y","Y","Extension {[]} {[]}
","Extensions that cannot be ignored even if unrecognized","May be used to represent additional information that is not part of the basic definition of the element and that modifies the understanding of the element in which it is contained and/or the understanding of the containing element's descendants. Usually modifier elements provide negation or qualification. To make the use of extensions safe and managable, there is a strict set of governance applied to the definition and use of extensions. Though any implementer can define an extension, there is a set of requirements that SHALL be met as part of the definition of the extension. Applications processing a resource are required to check for modifier extensions.

Modifier extensions SHALL NOT change the meaning of any elements on Resource or DomainResource (including cannot change the meaning of modifierExtension itself).","There can be no stigma associated with the use of extensions by any application, project, or standard - regardless of the institution or jurisdiction that uses or defines the extensions.  The use of extensions is what allows the FHIR specification to retain a core level of simplicity for everyone.","Modifier extensions allow for extensions that *cannot* be safely ignored to be clearly distinguished from the vast majority of extensions which can be safely ignored.  This promotes interoperability by eliminating the need for implementers to prohibit the presence of extensions. For further information, see the [definition of modifier extensions](http://hl7.org/fhir/R5/extensibility.html#modifierExtension).","","","","","","","",,,,,"",,,,"BackboneElement.modifierExtension",0,*,"","ele-1:All FHIR elements must have a @value or children {hasValue() or (children().count() > id.count())}
ext-1:Must have either extensions or value[x], not both {extension.exists() != value.exists()}","N/A"
"RequestOrchestration.action.relatedAction.targetId","RequestOrchestration.action.relatedAction.targetId","","","",1,1,"","","","id {[]} {[]}
","What action this is related to","The element id of the target related action.","","","","","","","","","",,,,,"",,,,"RequestOrchestration.action.relatedAction.targetId",1,1,"","ele-1:All FHIR elements must have a @value or children {hasValue() or (children().count() > id.count())}
"
"RequestOrchestration.action.relatedAction.relationship","RequestOrchestration.action.relatedAction.relationship","","","",1,1,"","","","code {[]} {[]}
","before | before-start | before-end | concurrent | concurrent-with-start | concurrent-with-end | after | after-start | after-end","The relationship of this action to the related action.","","","","","","","","","",,"required","Defines the types of relationships between actions.","http://hl7.org/fhir/ValueSet/action-relationship-type|5.0.0","",,,,"RequestOrchestration.action.relatedAction.relationship",1,1,"","ele-1:All FHIR elements must have a @value or children {hasValue() or (children().count() > id.count())}
"
"RequestOrchestration.action.relatedAction.endRelationship","RequestOrchestration.action.relatedAction.endRelationship","","","",0,1,"","","","code {[]} {[]}
","before | before-start | before-end | concurrent | concurrent-with-start | concurrent-with-end | after | after-start | after-end","The relationship of the end of this action to the related action.","","","","","","","","","",,"required","Defines the types of relationships between actions.","http://hl7.org/fhir/ValueSet/action-relationship-type|5.0.0","",,,,"RequestOrchestration.action.relatedAction.endRelationship",0,1,"","ele-1:All FHIR elements must have a @value or children {hasValue() or (children().count() > id.count())}
","N/A (to add?)"
"RequestOrchestration.action.relatedAction.offset[x]","RequestOrchestration.action.relatedAction.offset[x]","","","",0,1,"","","","Duration {[]} {[]}
Range {[]} {[]}","Time offset for the relationship","A duration or range of durations to apply to the relationship. For example, 30-60 minutes before.","","","","","","","","","",,,,,"",,,,"RequestOrchestration.action.relatedAction.offset[x]",0,1,"","ele-1:All FHIR elements must have a @value or children {hasValue() or (children().count() > id.count())}
"
"RequestOrchestration.action.timing[x]","RequestOrchestration.action.timing[x]","","","",0,1,"","","","dateTime {[]} {[]}
Age {[]} {[]}Period {[]} {[]}Duration {[]} {[]}Range {[]} {[]}Timing {[]} {[]}","When the action should take place","An optional value describing when the action should be performed.","The intent of the timing element is to provide timing for when the action should be performed. The timing may be absolute (specified as a dateTime or Period) or relative (specified as an Age, Duration, or Range), or it may be a more complex, potentially repeating timing specified using Timing.","Allows prompting for activities and detection of missed planned activities.","","","","","","","",,,,,"",,,,"RequestOrchestration.action.timing[x]",0,1,"","ele-1:All FHIR elements must have a @value or children {hasValue() or (children().count() > id.count())}
","Request.occurrence[x]"
"RequestOrchestration.action.location","RequestOrchestration.action.location","","facility
","",0,1,"","","","CodeableReference {[]} {[CanonicalType[http://hl7.org/fhir/StructureDefinition/Location]]}
","Where it should happen","Identifies the facility where the action will occur; e.g. home, hospital, specific clinic, etc.","May reference a specific clinical location or may just identify a type of location.","Helps in planning of activity.","","","","","","","",,,,,"",,,,"RequestOrchestration.action.location",0,1,"","ele-1:All FHIR elements must have a @value or children {hasValue() or (children().count() > id.count())}
",".participation[typeCode=LOC].role"
"RequestOrchestration.action.participant","RequestOrchestration.action.participant","","","",0,*,"","","","BackboneElement {[]} {[]}
","Who should perform the action","The participant that should perform or be responsible for this action.","Because request orchestrations represent potential options for performing activities, some specific participants may still be unknown, so this element allows for both definitional participants (in the same way they are specified in ActivityDefinition and PlanDefinition resources) as well as identifying specific participants when they are known.","","","","","","","","",,,,,"",,,,"RequestOrchestration.action.participant",0,*,"","ele-1:All FHIR elements must have a @value or children {hasValue() or (children().count() > id.count())}
","Request.performer","FiveWs.actor"
"RequestOrchestration.action.participant.id","RequestOrchestration.action.participant.id","","","",0,1,"","","","string {[]} {[]}
","Unique id for inter-element referencing","Unique id for the element within a resource (for internal references). This may be any string value that does not contain spaces.","","","","","","","","","",,,,,"",,,,"Element.id",0,1,"ele-1
","","n/a"
"RequestOrchestration.action.participant.extension","RequestOrchestration.action.participant.extension","","extensions
user content","",0,*,"","","","Extension {[]} {[]}
","Additional content defined by implementations","May be used to represent additional information that is not part of the basic definition of the element. To make the use of extensions safe and managable, there is a strict set of governance applied to the definition and use of extensions. Though any implementer can define an extension, there is a set of requirements that SHALL be met as part of the definition of the extension.","There can be no stigma associated with the use of extensions by any application, project, or standard - regardless of the institution or jurisdiction that uses or defines the extensions.  The use of extensions is what allows the FHIR specification to retain a core level of simplicity for everyone.","","","","","","","","",,,,,"",,,,"Element.extension",0,*,"","ele-1:All FHIR elements must have a @value or children {hasValue() or (children().count() > id.count())}
ext-1:Must have either extensions or value[x], not both {extension.exists() != value.exists()}","n/a"
"RequestOrchestration.action.participant.modifierExtension","RequestOrchestration.action.participant.modifierExtension","","extensions
user contentmodifiers","",0,*,"","Y","Y","Extension {[]} {[]}
","Extensions that cannot be ignored even if unrecognized","May be used to represent additional information that is not part of the basic definition of the element and that modifies the understanding of the element in which it is contained and/or the understanding of the containing element's descendants. Usually modifier elements provide negation or qualification. To make the use of extensions safe and managable, there is a strict set of governance applied to the definition and use of extensions. Though any implementer can define an extension, there is a set of requirements that SHALL be met as part of the definition of the extension. Applications processing a resource are required to check for modifier extensions.

Modifier extensions SHALL NOT change the meaning of any elements on Resource or DomainResource (including cannot change the meaning of modifierExtension itself).","There can be no stigma associated with the use of extensions by any application, project, or standard - regardless of the institution or jurisdiction that uses or defines the extensions.  The use of extensions is what allows the FHIR specification to retain a core level of simplicity for everyone.","Modifier extensions allow for extensions that *cannot* be safely ignored to be clearly distinguished from the vast majority of extensions which can be safely ignored.  This promotes interoperability by eliminating the need for implementers to prohibit the presence of extensions. For further information, see the [definition of modifier extensions](http://hl7.org/fhir/R5/extensibility.html#modifierExtension).","","","","","","","",,,,,"",,,,"BackboneElement.modifierExtension",0,*,"","ele-1:All FHIR elements must have a @value or children {hasValue() or (children().count() > id.count())}
ext-1:Must have either extensions or value[x], not both {extension.exists() != value.exists()}","N/A"
"RequestOrchestration.action.participant.type","RequestOrchestration.action.participant.type","","","",0,1,"","","","code {[]} {[]}
","careteam | device | group | healthcareservice | location | organization | patient | practitioner | practitionerrole | relatedperson","The type of participant in the action.","","","","","","","","","",,"required","The type of participant in the activity.","http://hl7.org/fhir/ValueSet/action-participant-type|5.0.0","",,,,"RequestOrchestration.action.participant.type",0,1,"","ele-1:All FHIR elements must have a @value or children {hasValue() or (children().count() > id.count())}
",".role.classCode"
"RequestOrchestration.action.participant.typeCanonical","RequestOrchestration.action.participant.typeCanonical","","","",0,1,"","","","canonical {[]} {[CanonicalType[http://hl7.org/fhir/StructureDefinition/CapabilityStatement]]}
","Who or what can participate","The type of participant in the action.","","","","","","","","","",,,,,"",,,,"RequestOrchestration.action.participant.typeCanonical",0,1,"","ele-1:All FHIR elements must have a @value or children {hasValue() or (children().count() > id.count())}
",".role.classCode"
"RequestOrchestration.action.participant.typeReference","RequestOrchestration.action.participant.typeReference","","","",0,1,"","","","Reference {[]} {[CanonicalType[http://hl7.org/fhir/StructureDefinition/CareTeam], CanonicalType[http://hl7.org/fhir/StructureDefinition/Device], CanonicalType[http://hl7.org/fhir/StructureDefinition/DeviceDefinition], CanonicalType[http://hl7.org/fhir/StructureDefinition/Endpoint], CanonicalType[http://hl7.org/fhir/StructureDefinition/Group], CanonicalType[http://hl7.org/fhir/StructureDefinition/HealthcareService], CanonicalType[http://hl7.org/fhir/StructureDefinition/Location], CanonicalType[http://hl7.org/fhir/StructureDefinition/Organization], CanonicalType[http://hl7.org/fhir/StructureDefinition/Patient], CanonicalType[http://hl7.org/fhir/StructureDefinition/Practitioner], CanonicalType[http://hl7.org/fhir/StructureDefinition/PractitionerRole], CanonicalType[http://hl7.org/fhir/StructureDefinition/RelatedPerson]]}
","Who or what can participate","The type of participant in the action.","When this element is a reference, it SHOULD be a reference to a definitional resource (for example, a location type, rather than a specific location).","","","","","","","","",,,,,"",,,,"RequestOrchestration.action.participant.typeReference",0,1,"","ele-1:All FHIR elements must have a @value or children {hasValue() or (children().count() > id.count())}
",".role.classCode"
"RequestOrchestration.action.participant.role","RequestOrchestration.action.participant.role","","","",0,1,"","","","CodeableConcept {[]} {[]}
","E.g. Nurse, Surgeon, Parent, etc","The role the participant should play in performing the described action.","","","","","","","","","",,"example","Defines roles played by participants for the action.","http://terminology.hl7.org/ValueSet/action-participant-role","",,,,"RequestOrchestration.action.participant.role",0,1,"","ele-1:All FHIR elements must have a @value or children {hasValue() or (children().count() > id.count())}
",".role.code"
"RequestOrchestration.action.participant.function","RequestOrchestration.action.participant.function","","","",0,1,"","","","CodeableConcept {[]} {[]}
","E.g. Author, Reviewer, Witness, etc","Indicates how the actor will be involved in the action - author, reviewer, witness, etc.","","","","","","","","","",,"example","","http://hl7.org/fhir/ValueSet/action-participant-function","",,,,"RequestOrchestration.action.participant.function",0,1,"","ele-1:All FHIR elements must have a @value or children {hasValue() or (children().count() > id.count())}
",".role.code"
"RequestOrchestration.action.participant.actor[x]","RequestOrchestration.action.participant.actor[x]","","","",0,1,"","","","canonical {[]} {[CanonicalType[http://hl7.org/fhir/StructureDefinition/CapabilityStatement]]}
Reference {[]} {[CanonicalType[http://hl7.org/fhir/StructureDefinition/CareTeam], CanonicalType[http://hl7.org/fhir/StructureDefinition/Device], CanonicalType[http://hl7.org/fhir/StructureDefinition/DeviceDefinition], CanonicalType[http://hl7.org/fhir/StructureDefinition/Endpoint], CanonicalType[http://hl7.org/fhir/StructureDefinition/Group], CanonicalType[http://hl7.org/fhir/StructureDefinition/HealthcareService], CanonicalType[http://hl7.org/fhir/StructureDefinition/Location], CanonicalType[http://hl7.org/fhir/StructureDefinition/Organization], CanonicalType[http://hl7.org/fhir/StructureDefinition/Patient], CanonicalType[http://hl7.org/fhir/StructureDefinition/Practitioner], CanonicalType[http://hl7.org/fhir/StructureDefinition/PractitionerRole], CanonicalType[http://hl7.org/fhir/StructureDefinition/RelatedPerson]]}","Who/what is participating?","A reference to the actual participant.","","","","","","","","","",,,,,"",,,,"RequestOrchestration.action.participant.actor[x]",0,1,"","ele-1:All FHIR elements must have a @value or children {hasValue() or (children().count() > id.count())}
",".role.code"
"RequestOrchestration.action.type","RequestOrchestration.action.type","","","",0,1,"","","","CodeableConcept {[]} {[]}
","create | update | remove | fire-event","The type of action to perform (create, update, remove).","","","","","","","","","",,"extensible","The type of action to be performed.","http://hl7.org/fhir/ValueSet/action-type","",,,,"RequestOrchestration.action.type",0,1,"","ele-1:All FHIR elements must have a @value or children {hasValue() or (children().count() > id.count())}
"
"RequestOrchestration.action.groupingBehavior","RequestOrchestration.action.groupingBehavior","","","",0,1,"","","","code {[]} {[]}
","visual-group | logical-group | sentence-group","Defines the grouping behavior for the action and its children.","","","","","","","","","",,"required","Defines organization behavior of a group.","http://hl7.org/fhir/ValueSet/action-grouping-behavior|5.0.0","",,,,"RequestOrchestration.action.groupingBehavior",0,1,"","ele-1:All FHIR elements must have a @value or children {hasValue() or (children().count() > id.count())}
"
"RequestOrchestration.action.selectionBehavior","RequestOrchestration.action.selectionBehavior","","","",0,1,"","","","code {[]} {[]}
","any | all | all-or-none | exactly-one | at-most-one | one-or-more","Defines the selection behavior for the action and its children.","","","","","","","","","",,"required","Defines selection behavior of a group.","http://hl7.org/fhir/ValueSet/action-selection-behavior|5.0.0","",,,,"RequestOrchestration.action.selectionBehavior",0,1,"","ele-1:All FHIR elements must have a @value or children {hasValue() or (children().count() > id.count())}
"
"RequestOrchestration.action.requiredBehavior","RequestOrchestration.action.requiredBehavior","","","",0,1,"","","","code {[]} {[]}
","must | could | must-unless-documented","Defines expectations around whether an action is required.","","","","","","","","","",,"required","Defines expectations around whether an action or action group is required.","http://hl7.org/fhir/ValueSet/action-required-behavior|5.0.0","",,,,"RequestOrchestration.action.requiredBehavior",0,1,"","ele-1:All FHIR elements must have a @value or children {hasValue() or (children().count() > id.count())}
"
"RequestOrchestration.action.precheckBehavior","RequestOrchestration.action.precheckBehavior","","","",0,1,"","","","code {[]} {[]}
","yes | no","Defines whether the action should usually be preselected.","","","","","","","","","",,"required","Defines selection frequency behavior for an action or group.","http://hl7.org/fhir/ValueSet/action-precheck-behavior|5.0.0","",,,,"RequestOrchestration.action.precheckBehavior",0,1,"","ele-1:All FHIR elements must have a @value or children {hasValue() or (children().count() > id.count())}
"
"RequestOrchestration.action.cardinalityBehavior","RequestOrchestration.action.cardinalityBehavior","","","",0,1,"","","","code {[]} {[]}
","single | multiple","Defines whether the action can be selected multiple times.","","","","","","","","","",,"required","Defines behavior for an action or a group for how many times that item may be repeated.","http://hl7.org/fhir/ValueSet/action-cardinality-behavior|5.0.0","",,,,"RequestOrchestration.action.cardinalityBehavior",0,1,"","ele-1:All FHIR elements must have a @value or children {hasValue() or (children().count() > id.count())}
"
"RequestOrchestration.action.resource","RequestOrchestration.action.resource","","","",0,1,"","","","Reference {[]} {[CanonicalType[http://hl7.org/fhir/StructureDefinition/Resource]]}
","The target of the action","The resource that is the target of the action (e.g. CommunicationRequest).","The target resource SHALL be a [Request](request.html) resource with a Request.intent set to ""option"".","","","","","","","","",,,,,"",,,,"RequestOrchestration.action.resource",0,1,"rqg-1
","ele-1:All FHIR elements must have a @value or children {hasValue() or (children().count() > id.count())}
"
"RequestOrchestration.action.definition[x]","RequestOrchestration.action.definition[x]","","","",0,1,"","","","canonical {[]} {[CanonicalType[http://hl7.org/fhir/StructureDefinition/ActivityDefinition], CanonicalType[http://hl7.org/fhir/StructureDefinition/ObservationDefinition], CanonicalType[http://hl7.org/fhir/StructureDefinition/PlanDefinition], CanonicalType[http://hl7.org/fhir/StructureDefinition/Questionnaire], CanonicalType[http://hl7.org/fhir/StructureDefinition/SpecimenDefinition]]}
uri {[]} {[]}","Description of the activity to be performed","A reference to an ActivityDefinition that describes the action to be taken in detail, a PlanDefinition that describes a series of actions to be taken, a Questionnaire that should be filled out, a SpecimenDefinition describing a specimen to be collected, or an ObservationDefinition that specifies what observation should be captured.","Note that the definition is optional, and if no definition is specified, a dynamicValue with a root ($this) path can be used to define the entire resource dynamically.","","","","","","","","",,,,,"",,,,"RequestOrchestration.action.definition[x]",0,1,"","ele-1:All FHIR elements must have a @value or children {hasValue() or (children().count() > id.count())}
","Act[classCode=ACT; moodCode=DEFN]"
"RequestOrchestration.action.transform","RequestOrchestration.action.transform","","","",0,1,"","","","canonical {[]} {[CanonicalType[http://hl7.org/fhir/StructureDefinition/StructureMap]]}
","Transform to apply the template","A reference to a StructureMap resource that defines a transform that can be executed to produce the intent resource using the ActivityDefinition instance as the input.","Note that when a referenced ActivityDefinition also defines a transform, the transform specified here generally takes precedence. In addition, if both a transform and dynamic values are specific, the dynamic values are applied to the result of the transform.","","","","","","","","",,,,,"",,,,"RequestOrchestration.action.transform",0,1,"","ele-1:All FHIR elements must have a @value or children {hasValue() or (children().count() > id.count())}
","N/A"
"RequestOrchestration.action.dynamicValue","RequestOrchestration.action.dynamicValue","","","",0,*,"","","","BackboneElement {[]} {[]}
","Dynamic aspects of the definition","Customizations that should be applied to the statically defined resource. For example, if the dosage of a medication must be computed based on the patient's weight, a customization would be used to specify an expression that calculated the weight, and the path on the resource that would contain the result.","Dynamic values are applied in the order in which they are defined in the RequestOrchestration resource. Note that when dynamic values are also specified by a referenced ActivityDefinition, the dynamicValues from the ActivityDefinition are applied first, followed by the dynamicValues specified here. In addition, if both a transform and dynamic values are specific, the dynamic values are applied to the result of the transform.","","","","","","","","",,,,,"",,,,"RequestOrchestration.action.dynamicValue",0,*,"","ele-1:All FHIR elements must have a @value or children {hasValue() or (children().count() > id.count())}
","N/A"
"RequestOrchestration.action.dynamicValue.id","RequestOrchestration.action.dynamicValue.id","","","",0,1,"","","","string {[]} {[]}
","Unique id for inter-element referencing","Unique id for the element within a resource (for internal references). This may be any string value that does not contain spaces.","","","","","","","","","",,,,,"",,,,"Element.id",0,1,"ele-1
","","n/a"
"RequestOrchestration.action.dynamicValue.extension","RequestOrchestration.action.dynamicValue.extension","","extensions
user content","",0,*,"","","","Extension {[]} {[]}
","Additional content defined by implementations","May be used to represent additional information that is not part of the basic definition of the element. To make the use of extensions safe and managable, there is a strict set of governance applied to the definition and use of extensions. Though any implementer can define an extension, there is a set of requirements that SHALL be met as part of the definition of the extension.","There can be no stigma associated with the use of extensions by any application, project, or standard - regardless of the institution or jurisdiction that uses or defines the extensions.  The use of extensions is what allows the FHIR specification to retain a core level of simplicity for everyone.","","","","","","","","",,,,,"",,,,"Element.extension",0,*,"","ele-1:All FHIR elements must have a @value or children {hasValue() or (children().count() > id.count())}
ext-1:Must have either extensions or value[x], not both {extension.exists() != value.exists()}","n/a"
"RequestOrchestration.action.dynamicValue.modifierExtension","RequestOrchestration.action.dynamicValue.modifierExtension","","extensions
user contentmodifiers","",0,*,"","Y","Y","Extension {[]} {[]}
","Extensions that cannot be ignored even if unrecognized","May be used to represent additional information that is not part of the basic definition of the element and that modifies the understanding of the element in which it is contained and/or the understanding of the containing element's descendants. Usually modifier elements provide negation or qualification. To make the use of extensions safe and managable, there is a strict set of governance applied to the definition and use of extensions. Though any implementer can define an extension, there is a set of requirements that SHALL be met as part of the definition of the extension. Applications processing a resource are required to check for modifier extensions.

Modifier extensions SHALL NOT change the meaning of any elements on Resource or DomainResource (including cannot change the meaning of modifierExtension itself).","There can be no stigma associated with the use of extensions by any application, project, or standard - regardless of the institution or jurisdiction that uses or defines the extensions.  The use of extensions is what allows the FHIR specification to retain a core level of simplicity for everyone.","Modifier extensions allow for extensions that *cannot* be safely ignored to be clearly distinguished from the vast majority of extensions which can be safely ignored.  This promotes interoperability by eliminating the need for implementers to prohibit the presence of extensions. For further information, see the [definition of modifier extensions](http://hl7.org/fhir/R5/extensibility.html#modifierExtension).","","","","","","","",,,,,"",,,,"BackboneElement.modifierExtension",0,*,"","ele-1:All FHIR elements must have a @value or children {hasValue() or (children().count() > id.count())}
ext-1:Must have either extensions or value[x], not both {extension.exists() != value.exists()}","N/A"
"RequestOrchestration.action.dynamicValue.path","RequestOrchestration.action.dynamicValue.path","","","",0,1,"","","","string {[]} {[]}
","The path to the element to be set dynamically","The path to the element to be customized. This is the path on the resource that will hold the result of the calculation defined by the expression. The specified path SHALL be a FHIRPath resolvable on the specified target type of the ActivityDefinition, and SHALL consist only of identifiers, constant indexers, and a restricted subset of functions. The path is allowed to contain qualifiers (.) to traverse sub-elements, as well as indexers ([x]) to traverse multiple-cardinality sub-elements (see the [Simple FHIRPath Profile](http://hl7.org/fhir/R5/fhirpath.html#simple) for full details).","To specify the path to the current action being realized, the %action environment variable is available in this path. For example, to specify the description element of the target action, the path would be %action.description. The path attribute contains a [Simple FHIRPath Subset](http://hl7.org/fhir/R5/fhirpath.html#simple) that allows path traversal, but not calculation.","","","","","","","","",,,,,"",,,,"RequestOrchestration.action.dynamicValue.path",0,1,"","ele-1:All FHIR elements must have a @value or children {hasValue() or (children().count() > id.count())}
","N/A"
"RequestOrchestration.action.dynamicValue.expression","RequestOrchestration.action.dynamicValue.expression","","","",0,1,"","","","Expression {[]} {[]}
","An expression that provides the dynamic value for the customization","An expression specifying the value of the customized element.","The expression may be inlined or may be a reference to a named expression within a logic library referenced by the library element.","","","","","","","","",,,,,"",,,,"RequestOrchestration.action.dynamicValue.expression",0,1,"","ele-1:All FHIR elements must have a @value or children {hasValue() or (children().count() > id.count())}
","N/A"
"RequestOrchestration.action.action","RequestOrchestration.action.action","","","",0,*,"","","","null {[]} {[]}
","Sub action","Sub actions.","","","","","","","","","",,,,,"",,,,"RequestOrchestration.action.action",0,*,"","ele-1:All FHIR elements must have a @value or children {hasValue() or (children().count() > id.count())}
"
