<?xml version="1.0" encoding="UTF-8"?><ValueSet xmlns="http://hl7.org/fhir"><id value="VS-ELGA-Laendercodes"/><text><status value="generated"/><div xmlns="http://www.w3.org/1999/xhtml"><ul><li>Include all codes defined in <a href="CodeSystem-CS-HL7AT-ISO-3166-1-alpha-3.html"><code>http://hl7.at/fhir/HL7ATCoreProfiles/4.0.1/CodeSystem/CS-HL7AT-ISO-3166-1-alpha-3</code></a></li></ul></div></text><url value="http://hl7.at/fhir/HL7ATCoreProfiles/4.0.1/ValueSet/VS-ELGA-Laendercodes"/><version value="0.2.0"/><name value="ELGA-Laendercodes"/><title value="ELGA L&#xE4;ndercodes"/><status value="active"/><date value="2021-02-18T16:40:37+00:00"/><contact><name value="Technical Committee for FHIR at HL7 Austria"/><telecom><system value="email"/><value value="mailto:tc-fhir@hl7.at"/></telecom></contact><description value="Value Set for ISO 3166-1 alpha 3 used in ELGA"/><compose><include><system value="http://hl7.at/fhir/HL7ATCoreProfiles/4.0.1/CodeSystem/CS-HL7AT-ISO-3166-1-alpha-3"/></include></compose></ValueSet>