{
  "resourceType" : "Bundle",
  "id" : "98270fc3-d092-4607-9b8c-ff7964b6851b",
  "meta" : {
    "lastUpdated" : "2024-05-29T09:10:17.230+00:00"
  },
  "type" : "collection",
  "entry" : [{
    "fullUrl" : "https://hi.iv.elga.gv.at/ValueSet/acetherapy",
    "resource" : {
      "resourceType" : "ValueSet",
      "text" : {
        "status" : "generated",
        "div" : "<div xmlns=\"http://www.w3.org/1999/xhtml\"><p style=\"border: black 1px dotted; background-color: #EEEEEE; padding: 8px; margin-bottom: 8px\">Expansion based on SNOMED CT International edition 01-Feb 2024</p><p>This value set contains 3 concepts</p><table class=\"codes\"><tr><td style=\"white-space:nowrap\"><b>Code</b></td><td><b>System</b></td><td><b>Display</b></td></tr><tr><td style=\"white-space:nowrap\"><a name=\"http---snomed.info-sct-410682003\"> </a>\u00a0\u00a0<a href=\"http://snomed.info/id/410682003\">410682003</a></td><td>http://snomed.info/sct</td><td>Angiotensin converting enzyme inhibitor therapy (procedure)</td></tr><tr><td style=\"white-space:nowrap\"><a name=\"http---snomed.info-sct-134390006\"> </a>\u00a0\u00a0<a href=\"http://snomed.info/id/134390006\">134390006</a></td><td>http://snomed.info/sct</td><td>Angiotensin converting enzyme inhibitor not indicated</td></tr><tr><td style=\"white-space:nowrap\"><a name=\"http---snomed.info-sct-410683008\"> </a>\u00a0\u00a0<a href=\"http://snomed.info/id/410683008\">410683008</a></td><td>http://snomed.info/sct</td><td>Angiotensin II receptor antagonist therapy (procedure)</td></tr></table></div>"
      },
      "url" : "https://hi.iv.elga.gv.at/ValueSet/acetherapy",
      "version" : "0.1.0",
      "name" : "AceTherapy",
      "title" : "ACE Therapie",
      "status" : "draft",
      "date" : "2024-05-29T09:10:17+00:00",
      "expansion" : {
        "identifier" : "urn:uuid:53aa25a8-8511-4e03-b23e-88f3138c854b",
        "timestamp" : "2024-05-29T09:10:59+00:00",
        "total" : 3,
        "offset" : 0,
        "parameter" : [{
          "name" : "count",
          "valueInteger" : 1000
        },
        {
          "name" : "offset",
          "valueInteger" : 0
        },
        {
          "name" : "excludeNested",
          "valueBoolean" : false
        },
        {
          "name" : "used-valueset",
          "valueUri" : "null"
        },
        {
          "name" : "used-codesystem",
          "valueUri" : "http://snomed.info/sct|http://snomed.info/sct/900000000000207008/version/20240201"
        },
        {
          "name" : "version",
          "valueUri" : "http://snomed.info/sct|http://snomed.info/sct/900000000000207008/version/20240201"
        }],
        "contains" : [{
          "system" : "http://snomed.info/sct",
          "code" : "410682003",
          "display" : "Angiotensin converting enzyme inhibitor therapy (procedure)"
        },
        {
          "system" : "http://snomed.info/sct",
          "code" : "134390006",
          "display" : "Angiotensin converting enzyme inhibitor not indicated"
        },
        {
          "system" : "http://snomed.info/sct",
          "code" : "410683008",
          "display" : "Angiotensin II receptor antagonist therapy (procedure)"
        }]
      }
    }
  },
  {
    "fullUrl" : "https://hi.iv.elga.gv.at/ValueSet/austritt",
    "resource" : {
      "resourceType" : "ValueSet",
      "text" : {
        "status" : "generated",
        "div" : "<div xmlns=\"http://www.w3.org/1999/xhtml\"><div style=\"border: black 1px dotted; background-color: #EEEEEE; padding: 8px; margin-bottom: 8px\"><p>Expansion based on:</p><ul><li>SNOMED CT International edition 01-Feb 2024</li><li><a href=\"CodeSystem-sample.html\">codesystem Sample CS v0.1.0 (CodeSystem)</a></li></ul></div><p>This value set contains 5 concepts</p><table class=\"codes\"><tr><td style=\"white-space:nowrap\"><b>Code</b></td><td><b>System</b></td><td><b>Display</b></td></tr><tr><td style=\"white-space:nowrap\"><a name=\"http---snomed.info-sct-723510000\"> </a>\u00a0\u00a0<a href=\"http://snomed.info/id/723510000\">723510000</a></td><td>http://snomed.info/sct</td><td>Entered in error (qualifier value)</td></tr><tr><td style=\"white-space:nowrap\"><a name=\"http---snomed.info-sct-419620001\"> </a>\u00a0\u00a0<a href=\"http://snomed.info/id/419620001\">419620001</a></td><td>http://snomed.info/sct</td><td>Death (event)</td></tr><tr><td style=\"white-space:nowrap\"><a name=\"http---snomed.info-sct-385657008\"> </a>\u00a0\u00a0<a href=\"http://snomed.info/id/385657008\">385657008</a></td><td>http://snomed.info/sct</td><td>Abandoned (qualifier value)</td></tr><tr><td style=\"white-space:nowrap\"><a name=\"http---snomed.info-sct-74964007\"> </a>\u00a0\u00a0<a href=\"http://snomed.info/id/74964007\">74964007</a></td><td>http://snomed.info/sct</td><td>Other</td></tr><tr><td style=\"white-space:nowrap\"><a name=\"https---hi.iv.elga.gv.at-CodeSystem-sample-einrichtung\"> </a>\u00a0\u00a0<a href=\"CodeSystem-sample.html#sample-einrichtung\">einrichtung</a></td><td>https://hi.iv.elga.gv.at/CodeSystem/sample</td><td>durch Einrichtung beendet</td></tr></table></div>"
      },
      "url" : "https://hi.iv.elga.gv.at/ValueSet/austritt",
      "version" : "0.1.0",
      "name" : "Austritt",
      "title" : "Austritt",
      "status" : "draft",
      "date" : "2024-05-29T09:10:17+00:00",
      "expansion" : {
        "identifier" : "urn:uuid:c7110170-1e85-4238-9ea2-61bcb798724b",
        "timestamp" : "2024-05-29T09:10:59+00:00",
        "total" : 5,
        "offset" : 0,
        "parameter" : [{
          "name" : "count",
          "valueInteger" : 1000
        },
        {
          "name" : "offset",
          "valueInteger" : 0
        },
        {
          "name" : "excludeNested",
          "valueBoolean" : false
        },
        {
          "name" : "used-valueset",
          "valueUri" : "null"
        },
        {
          "name" : "used-codesystem",
          "valueUri" : "http://snomed.info/sct|http://snomed.info/sct/900000000000207008/version/20240201"
        },
        {
          "name" : "version",
          "valueUri" : "http://snomed.info/sct|http://snomed.info/sct/900000000000207008/version/20240201"
        },
        {
          "name" : "used-codesystem",
          "valueUri" : "https://hi.iv.elga.gv.at/CodeSystem/sample|0.1.0"
        }],
        "contains" : [{
          "system" : "http://snomed.info/sct",
          "code" : "723510000",
          "display" : "Entered in error (qualifier value)"
        },
        {
          "system" : "http://snomed.info/sct",
          "code" : "419620001",
          "display" : "Death (event)"
        },
        {
          "system" : "http://snomed.info/sct",
          "code" : "385657008",
          "display" : "Abandoned (qualifier value)"
        },
        {
          "system" : "http://snomed.info/sct",
          "code" : "74964007",
          "display" : "Other"
        },
        {
          "system" : "https://hi.iv.elga.gv.at/CodeSystem/sample",
          "code" : "einrichtung",
          "display" : "durch Einrichtung beendet"
        }]
      }
    }
  },
  {
    "fullUrl" : "https://hi.iv.elga.gv.at/ValueSet/behandlungsziel",
    "resource" : {
      "resourceType" : "ValueSet",
      "text" : {
        "status" : "generated",
        "div" : "<div xmlns=\"http://www.w3.org/1999/xhtml\"><p style=\"border: black 1px dotted; background-color: #EEEEEE; padding: 8px; margin-bottom: 8px\">Expansion based on <a href=\"CodeSystem-sample.html\">codesystem Sample CS v0.1.0 (CodeSystem)</a></p><p>This value set contains 4 concepts</p><table class=\"codes\"><tr><td style=\"white-space:nowrap\"><b>Code</b></td><td><b>System</b></td><td><b>Display</b></td></tr><tr><td style=\"white-space:nowrap\"><a name=\"https---hi.iv.elga.gv.at-CodeSystem-sample-1\"> </a>\u00a0\u00a0<a href=\"CodeSystem-sample.html#sample-1\">1</a></td><td>https://hi.iv.elga.gv.at/CodeSystem/sample</td><td>Überwachung der Stabilität</td></tr><tr><td style=\"white-space:nowrap\"><a name=\"https---hi.iv.elga.gv.at-CodeSystem-sample-2\"> </a>\u00a0\u00a0<a href=\"CodeSystem-sample.html#sample-2\">2</a></td><td>https://hi.iv.elga.gv.at/CodeSystem/sample</td><td>Erreichen der Zieldosis</td></tr><tr><td style=\"white-space:nowrap\"><a name=\"https---hi.iv.elga.gv.at-CodeSystem-sample-3a\"> </a>\u00a0\u00a0<a href=\"CodeSystem-sample.html#sample-3a\">3a</a></td><td>https://hi.iv.elga.gv.at/CodeSystem/sample</td><td>Frühzeitige Erkennung von Verschlechterungen und Optimierung der Risikoparameter</td></tr><tr><td style=\"white-space:nowrap\"><a name=\"https---hi.iv.elga.gv.at-CodeSystem-sample-3b\"> </a>\u00a0\u00a0<a href=\"CodeSystem-sample.html#sample-3b\">3b</a></td><td>https://hi.iv.elga.gv.at/CodeSystem/sample</td><td>Intensives Management</td></tr></table></div>"
      },
      "url" : "https://hi.iv.elga.gv.at/ValueSet/behandlungsziel",
      "version" : "0.1.0",
      "name" : "Behandlungsziel",
      "title" : "Behandlungsziel",
      "status" : "draft",
      "date" : "2024-05-29T09:10:17+00:00",
      "expansion" : {
        "identifier" : "urn:uuid:339d73c6-9ac5-450a-92f8-b29a51581560",
        "timestamp" : "2024-05-29T09:10:59+00:00",
        "total" : 4,
        "offset" : 0,
        "parameter" : [{
          "name" : "count",
          "valueInteger" : 1000
        },
        {
          "name" : "offset",
          "valueInteger" : 0
        },
        {
          "name" : "excludeNested",
          "valueBoolean" : false
        },
        {
          "name" : "used-codesystem",
          "valueUri" : "https://hi.iv.elga.gv.at/CodeSystem/sample|0.1.0"
        }],
        "contains" : [{
          "system" : "https://hi.iv.elga.gv.at/CodeSystem/sample",
          "code" : "1",
          "display" : "Überwachung der Stabilität"
        },
        {
          "system" : "https://hi.iv.elga.gv.at/CodeSystem/sample",
          "code" : "2",
          "display" : "Erreichen der Zieldosis"
        },
        {
          "system" : "https://hi.iv.elga.gv.at/CodeSystem/sample",
          "code" : "3a",
          "display" : "Frühzeitige Erkennung von Verschlechterungen und Optimierung der Risikoparameter"
        },
        {
          "system" : "https://hi.iv.elga.gv.at/CodeSystem/sample",
          "code" : "3b",
          "display" : "Intensives Management"
        }]
      }
    }
  },
  {
    "fullUrl" : "https://hi.iv.elga.gv.at/ValueSet/comorbidities",
    "resource" : {
      "resourceType" : "ValueSet",
      "text" : {
        "status" : "generated",
        "div" : "<div xmlns=\"http://www.w3.org/1999/xhtml\"><p style=\"border: black 1px dotted; background-color: #EEEEEE; padding: 8px; margin-bottom: 8px\">Expansion based on SNOMED CT International edition 01-Feb 2024</p><p>This value set contains 15 concepts</p><table class=\"codes\"><tr><td style=\"white-space:nowrap\"><b>Code</b></td><td><b>System</b></td><td><b>Display</b></td></tr><tr><td style=\"white-space:nowrap\"><a name=\"http---snomed.info-sct-53741008\"> </a>\u00a0\u00a0<a href=\"http://snomed.info/id/53741008\">53741008</a></td><td>http://snomed.info/sct</td><td>Coronary arteriosclerosis</td></tr><tr><td style=\"white-space:nowrap\"><a name=\"http---snomed.info-sct-73211009\"> </a>\u00a0\u00a0<a href=\"http://snomed.info/id/73211009\">73211009</a></td><td>http://snomed.info/sct</td><td>Diabetes mellitus</td></tr><tr><td style=\"white-space:nowrap\"><a name=\"http---snomed.info-sct-56731001\"> </a>\u00a0\u00a0<a href=\"http://snomed.info/id/56731001\">56731001</a></td><td>http://snomed.info/sct</td><td>Hypertonia</td></tr><tr><td style=\"white-space:nowrap\"><a name=\"http---snomed.info-sct-13213009\"> </a>\u00a0\u00a0<a href=\"http://snomed.info/id/13213009\">13213009</a></td><td>http://snomed.info/sct</td><td>Congenital heart disease</td></tr><tr><td style=\"white-space:nowrap\"><a name=\"http---snomed.info-sct-17366009\"> </a>\u00a0\u00a0<a href=\"http://snomed.info/id/17366009\">17366009</a></td><td>http://snomed.info/sct</td><td>Atrial arrhythmia</td></tr><tr><td style=\"white-space:nowrap\"><a name=\"http---snomed.info-sct-230689003\"> </a>\u00a0\u00a0<a href=\"http://snomed.info/id/230689003\">230689003</a></td><td>http://snomed.info/sct</td><td>Cerebrovascular and spinal vascular disorders</td></tr><tr><td style=\"white-space:nowrap\"><a name=\"http---snomed.info-sct-723190009\"> </a>\u00a0\u00a0<a href=\"http://snomed.info/id/723190009\">723190009</a></td><td>http://snomed.info/sct</td><td>Chronic renal insufficiency (disorder)</td></tr><tr><td style=\"white-space:nowrap\"><a name=\"http---snomed.info-sct-185086009\"> </a>\u00a0\u00a0<a href=\"http://snomed.info/id/185086009\">185086009</a></td><td>http://snomed.info/sct</td><td>Emphysematous bronchitis</td></tr><tr><td style=\"white-space:nowrap\"><a name=\"http---snomed.info-sct-13645005\"> </a>\u00a0\u00a0<a href=\"http://snomed.info/id/13645005\">13645005</a></td><td>http://snomed.info/sct</td><td>Chronic obstructive lung disease</td></tr><tr><td style=\"white-space:nowrap\"><a name=\"http---snomed.info-sct-73430006\"> </a>\u00a0\u00a0<a href=\"http://snomed.info/id/73430006\">73430006</a></td><td>http://snomed.info/sct</td><td>Sleep apnea</td></tr><tr><td style=\"white-space:nowrap\"><a name=\"http---snomed.info-sct-35489007\"> </a>\u00a0\u00a0<a href=\"http://snomed.info/id/35489007\">35489007</a></td><td>http://snomed.info/sct</td><td>Depressive disorder</td></tr><tr><td style=\"white-space:nowrap\"><a name=\"http---snomed.info-sct-271737000\"> </a>\u00a0\u00a0<a href=\"http://snomed.info/id/271737000\">271737000</a></td><td>http://snomed.info/sct</td><td>Anemia</td></tr><tr><td style=\"white-space:nowrap\"><a name=\"http---snomed.info-sct-55342001\"> </a>\u00a0\u00a0<a href=\"http://snomed.info/id/55342001\">55342001</a></td><td>http://snomed.info/sct</td><td>Neoplastic disease</td></tr><tr><td style=\"white-space:nowrap\"><a name=\"http---snomed.info-sct-238108007\"> </a>\u00a0\u00a0<a href=\"http://snomed.info/id/238108007\">238108007</a></td><td>http://snomed.info/sct</td><td>Cachexia</td></tr><tr><td style=\"white-space:nowrap\"><a name=\"http---snomed.info-sct-82423001\"> </a>\u00a0\u00a0<a href=\"http://snomed.info/id/82423001\">82423001</a></td><td>http://snomed.info/sct</td><td>Chronic pain</td></tr></table></div>"
      },
      "url" : "https://hi.iv.elga.gv.at/ValueSet/comorbidities",
      "version" : "0.1.0",
      "name" : "Comorbidities",
      "title" : "Komorbiditäten",
      "status" : "draft",
      "date" : "2024-05-29T09:10:17+00:00",
      "expansion" : {
        "identifier" : "urn:uuid:eddffc6f-e136-4c52-8176-cea1a8c3bdaf",
        "timestamp" : "2024-05-29T09:10:59+00:00",
        "total" : 15,
        "offset" : 0,
        "parameter" : [{
          "name" : "count",
          "valueInteger" : 1000
        },
        {
          "name" : "offset",
          "valueInteger" : 0
        },
        {
          "name" : "excludeNested",
          "valueBoolean" : false
        },
        {
          "name" : "used-valueset",
          "valueUri" : "null"
        },
        {
          "name" : "used-codesystem",
          "valueUri" : "http://snomed.info/sct|http://snomed.info/sct/900000000000207008/version/20240201"
        },
        {
          "name" : "version",
          "valueUri" : "http://snomed.info/sct|http://snomed.info/sct/900000000000207008/version/20240201"
        }],
        "contains" : [{
          "system" : "http://snomed.info/sct",
          "code" : "53741008",
          "display" : "Coronary arteriosclerosis"
        },
        {
          "system" : "http://snomed.info/sct",
          "code" : "73211009",
          "display" : "Diabetes mellitus"
        },
        {
          "system" : "http://snomed.info/sct",
          "code" : "56731001",
          "display" : "Hypertonia"
        },
        {
          "system" : "http://snomed.info/sct",
          "code" : "13213009",
          "display" : "Congenital heart disease"
        },
        {
          "system" : "http://snomed.info/sct",
          "code" : "17366009",
          "display" : "Atrial arrhythmia"
        },
        {
          "system" : "http://snomed.info/sct",
          "code" : "230689003",
          "display" : "Cerebrovascular and spinal vascular disorders"
        },
        {
          "system" : "http://snomed.info/sct",
          "code" : "723190009",
          "display" : "Chronic renal insufficiency (disorder)"
        },
        {
          "system" : "http://snomed.info/sct",
          "code" : "185086009",
          "display" : "Emphysematous bronchitis"
        },
        {
          "system" : "http://snomed.info/sct",
          "code" : "13645005",
          "display" : "Chronic obstructive lung disease"
        },
        {
          "system" : "http://snomed.info/sct",
          "code" : "73430006",
          "display" : "Sleep apnea"
        },
        {
          "system" : "http://snomed.info/sct",
          "code" : "35489007",
          "display" : "Depressive disorder"
        },
        {
          "system" : "http://snomed.info/sct",
          "code" : "271737000",
          "display" : "Anemia"
        },
        {
          "system" : "http://snomed.info/sct",
          "code" : "55342001",
          "display" : "Neoplastic disease"
        },
        {
          "system" : "http://snomed.info/sct",
          "code" : "238108007",
          "display" : "Cachexia"
        },
        {
          "system" : "http://snomed.info/sct",
          "code" : "82423001",
          "display" : "Chronic pain"
        }]
      }
    }
  },
  {
    "fullUrl" : "https://hi.iv.elga.gv.at/ValueSet/diagnosis",
    "resource" : {
      "resourceType" : "ValueSet",
      "text" : {
        "status" : "generated",
        "div" : "<div xmlns=\"http://www.w3.org/1999/xhtml\"><p style=\"border: black 1px dotted; background-color: #EEEEEE; padding: 8px; margin-bottom: 8px\">Expansion based on SNOMED CT International edition 01-Feb 2024</p><p>This value set contains 3 concepts</p><table class=\"codes\"><tr><td style=\"white-space:nowrap\"><b>Code</b></td><td><b>System</b></td><td><b>Display</b></td></tr><tr><td style=\"white-space:nowrap\"><a name=\"http---snomed.info-sct-703272007\"> </a>\u00a0\u00a0<a href=\"http://snomed.info/id/703272007\">703272007</a></td><td>http://snomed.info/sct</td><td>Heart failure with reduced ejection fraction (disorder)</td></tr><tr><td style=\"white-space:nowrap\"><a name=\"http---snomed.info-sct-788950000\"> </a>\u00a0\u00a0<a href=\"http://snomed.info/id/788950000\">788950000</a></td><td>http://snomed.info/sct</td><td>Heart failure with mid range ejection fraction (disorder)</td></tr><tr><td style=\"white-space:nowrap\"><a name=\"http---snomed.info-sct-446221000\"> </a>\u00a0\u00a0<a href=\"http://snomed.info/id/446221000\">446221000</a></td><td>http://snomed.info/sct</td><td>Heart failure with normal ejection fraction (disorder)</td></tr></table></div>"
      },
      "url" : "https://hi.iv.elga.gv.at/ValueSet/diagnosis",
      "version" : "0.1.0",
      "name" : "Diagnosis",
      "title" : "Diagnose",
      "status" : "draft",
      "date" : "2024-05-29T09:10:17+00:00",
      "expansion" : {
        "identifier" : "urn:uuid:0e5aa0c1-515c-4fee-9b4c-c2e9da9876aa",
        "timestamp" : "2024-05-29T09:11:00+00:00",
        "total" : 3,
        "offset" : 0,
        "parameter" : [{
          "name" : "count",
          "valueInteger" : 1000
        },
        {
          "name" : "offset",
          "valueInteger" : 0
        },
        {
          "name" : "excludeNested",
          "valueBoolean" : false
        },
        {
          "name" : "used-valueset",
          "valueUri" : "null"
        },
        {
          "name" : "used-codesystem",
          "valueUri" : "http://snomed.info/sct|http://snomed.info/sct/900000000000207008/version/20240201"
        },
        {
          "name" : "version",
          "valueUri" : "http://snomed.info/sct|http://snomed.info/sct/900000000000207008/version/20240201"
        }],
        "contains" : [{
          "system" : "http://snomed.info/sct",
          "code" : "703272007",
          "display" : "Heart failure with reduced ejection fraction (disorder)"
        },
        {
          "system" : "http://snomed.info/sct",
          "code" : "788950000",
          "display" : "Heart failure with mid range ejection fraction (disorder)"
        },
        {
          "system" : "http://snomed.info/sct",
          "code" : "446221000",
          "display" : "Heart failure with normal ejection fraction (disorder)"
        }]
      }
    }
  },
  {
    "fullUrl" : "https://hi.iv.elga.gv.at/ValueSet/education",
    "resource" : {
      "resourceType" : "ValueSet",
      "text" : {
        "status" : "generated",
        "div" : "<div xmlns=\"http://www.w3.org/1999/xhtml\"><p style=\"border: black 1px dotted; background-color: #EEEEEE; padding: 8px; margin-bottom: 8px\">Expansion based on SNOMED CT International edition 01-Feb 2024</p><p>This value set contains 4 concepts</p><table class=\"codes\"><tr><td style=\"white-space:nowrap\"><b>Code</b></td><td><b>System</b></td><td><b>Display</b></td></tr><tr><td style=\"white-space:nowrap\"><a name=\"http---snomed.info-sct-710534005\"> </a>\u00a0\u00a0<a href=\"http://snomed.info/id/710534005\">710534005</a></td><td>http://snomed.info/sct</td><td>Education about treatment regime</td></tr><tr><td style=\"white-space:nowrap\"><a name=\"http---snomed.info-sct-410200000\"> </a>\u00a0\u00a0<a href=\"http://snomed.info/id/410200000\">410200000</a></td><td>http://snomed.info/sct</td><td>Weight control education</td></tr><tr><td style=\"white-space:nowrap\"><a name=\"http---snomed.info-sct-171044003\"> </a>\u00a0\u00a0<a href=\"http://snomed.info/id/171044003\">171044003</a></td><td>http://snomed.info/sct</td><td>Health ed. - immunization</td></tr><tr><td style=\"white-space:nowrap\"><a name=\"http---snomed.info-sct-733833000\"> </a>\u00a0\u00a0<a href=\"http://snomed.info/id/733833000\">733833000</a></td><td>http://snomed.info/sct</td><td>Education about self-monitoring (procedure)</td></tr></table></div>"
      },
      "url" : "https://hi.iv.elga.gv.at/ValueSet/education",
      "version" : "0.1.0",
      "name" : "Education",
      "title" : "Schulung und Beratung",
      "status" : "draft",
      "date" : "2024-05-29T09:10:17+00:00",
      "expansion" : {
        "identifier" : "urn:uuid:cd57b88d-e34a-4013-923c-2ca17e3697d0",
        "timestamp" : "2024-05-29T09:11:00+00:00",
        "total" : 4,
        "offset" : 0,
        "parameter" : [{
          "name" : "count",
          "valueInteger" : 1000
        },
        {
          "name" : "offset",
          "valueInteger" : 0
        },
        {
          "name" : "excludeNested",
          "valueBoolean" : false
        },
        {
          "name" : "used-valueset",
          "valueUri" : "null"
        },
        {
          "name" : "used-codesystem",
          "valueUri" : "http://snomed.info/sct|http://snomed.info/sct/900000000000207008/version/20240201"
        },
        {
          "name" : "version",
          "valueUri" : "http://snomed.info/sct|http://snomed.info/sct/900000000000207008/version/20240201"
        }],
        "contains" : [{
          "system" : "http://snomed.info/sct",
          "code" : "710534005",
          "display" : "Education about treatment regime"
        },
        {
          "system" : "http://snomed.info/sct",
          "code" : "410200000",
          "display" : "Weight control education"
        },
        {
          "system" : "http://snomed.info/sct",
          "code" : "171044003",
          "display" : "Health ed. - immunization"
        },
        {
          "system" : "http://snomed.info/sct",
          "code" : "733833000",
          "display" : "Education about self-monitoring (procedure)"
        }]
      }
    }
  },
  {
    "fullUrl" : "https://hi.iv.elga.gv.at/ValueSet/facilitytype",
    "resource" : {
      "resourceType" : "ValueSet",
      "text" : {
        "status" : "generated",
        "div" : "<div xmlns=\"http://www.w3.org/1999/xhtml\"><p style=\"border: black 1px dotted; background-color: #EEEEEE; padding: 8px; margin-bottom: 8px\">Expansion based on SNOMED CT International edition 01-Feb 2024</p><p>This value set contains 2 concepts</p><table class=\"codes\"><tr><td style=\"white-space:nowrap\"><b>Code</b></td><td><b>System</b></td><td><b>Display</b></td></tr><tr><td style=\"white-space:nowrap\"><a name=\"http---snomed.info-sct-440655000\"> </a>\u00a0\u00a0<a href=\"http://snomed.info/id/440655000\">440655000</a></td><td>http://snomed.info/sct</td><td>Outpatient environment (environment)</td></tr><tr><td style=\"white-space:nowrap\"><a name=\"http---snomed.info-sct-440654001\"> </a>\u00a0\u00a0<a href=\"http://snomed.info/id/440654001\">440654001</a></td><td>http://snomed.info/sct</td><td>Inpatient environment (environment)</td></tr></table></div>"
      },
      "url" : "https://hi.iv.elga.gv.at/ValueSet/facilitytype",
      "version" : "0.1.0",
      "name" : "FacilityType",
      "title" : "Einrichtungsart",
      "status" : "draft",
      "date" : "2024-05-29T09:10:17+00:00",
      "expansion" : {
        "identifier" : "urn:uuid:ba2c8a22-9d16-4ec9-861e-3ff747c23c92",
        "timestamp" : "2024-05-29T09:11:00+00:00",
        "total" : 2,
        "offset" : 0,
        "parameter" : [{
          "name" : "count",
          "valueInteger" : 1000
        },
        {
          "name" : "offset",
          "valueInteger" : 0
        },
        {
          "name" : "excludeNested",
          "valueBoolean" : false
        },
        {
          "name" : "used-valueset",
          "valueUri" : "null"
        },
        {
          "name" : "used-codesystem",
          "valueUri" : "http://snomed.info/sct|http://snomed.info/sct/900000000000207008/version/20240201"
        },
        {
          "name" : "version",
          "valueUri" : "http://snomed.info/sct|http://snomed.info/sct/900000000000207008/version/20240201"
        }],
        "contains" : [{
          "system" : "http://snomed.info/sct",
          "code" : "440655000",
          "display" : "Outpatient environment (environment)"
        },
        {
          "system" : "http://snomed.info/sct",
          "code" : "440654001",
          "display" : "Inpatient environment (environment)"
        }]
      }
    }
  },
  {
    "fullUrl" : "https://hi.iv.elga.gv.at/ValueSet/ressourcen",
    "resource" : {
      "resourceType" : "ValueSet",
      "text" : {
        "status" : "generated",
        "div" : "<div xmlns=\"http://www.w3.org/1999/xhtml\"><div style=\"border: black 1px dotted; background-color: #EEEEEE; padding: 8px; margin-bottom: 8px\"><p>Expansion based on:</p><ul><li>SNOMED CT International edition 01-Feb 2024</li><li><a href=\"CodeSystem-sample.html\">codesystem Sample CS v0.1.0 (CodeSystem)</a></li></ul></div><p>This value set contains 3 concepts</p><table class=\"codes\"><tr><td style=\"white-space:nowrap\"><b>Code</b></td><td><b>System</b></td><td><b>Display</b></td></tr><tr><td style=\"white-space:nowrap\"><a name=\"https---hi.iv.elga.gv.at-CodeSystem-sample-selbst\"> </a>\u00a0\u00a0<a href=\"CodeSystem-sample.html#sample-selbst\">selbst</a></td><td>https://hi.iv.elga.gv.at/CodeSystem/sample</td><td>Selbstmanagement möglich (regelmäßiges Monitoring wichtiger Parameter)</td></tr><tr><td style=\"white-space:nowrap\"><a name=\"https---hi.iv.elga.gv.at-CodeSystem-sample-intervall\"> </a>\u00a0\u00a0<a href=\"CodeSystem-sample.html#sample-intervall\">intervall</a></td><td>https://hi.iv.elga.gv.at/CodeSystem/sample</td><td>prinzipiell Selbstmanagement (Überprüfung in definierten Zeitintervallen)</td></tr><tr><td style=\"white-space:nowrap\"><a name=\"http---snomed.info-sct-225309002\"> </a>\u00a0\u00a0<a href=\"http://snomed.info/id/225309002\">225309002</a></td><td>http://snomed.info/sct</td><td>Constant supervision</td></tr></table></div>"
      },
      "url" : "https://hi.iv.elga.gv.at/ValueSet/ressourcen",
      "version" : "0.1.0",
      "name" : "Ressourcen",
      "title" : "Ressourcen",
      "status" : "draft",
      "date" : "2024-05-29T09:10:17+00:00",
      "expansion" : {
        "identifier" : "urn:uuid:02be04b7-4f44-4cd2-99eb-6877862e4511",
        "timestamp" : "2024-05-29T09:11:00+00:00",
        "total" : 3,
        "offset" : 0,
        "parameter" : [{
          "name" : "count",
          "valueInteger" : 1000
        },
        {
          "name" : "offset",
          "valueInteger" : 0
        },
        {
          "name" : "excludeNested",
          "valueBoolean" : false
        },
        {
          "name" : "used-codesystem",
          "valueUri" : "https://hi.iv.elga.gv.at/CodeSystem/sample|0.1.0"
        },
        {
          "name" : "used-valueset",
          "valueUri" : "null"
        },
        {
          "name" : "excludeNested",
          "valueBoolean" : true
        },
        {
          "name" : "used-codesystem",
          "valueUri" : "http://snomed.info/sct|http://snomed.info/sct/900000000000207008/version/20240201"
        },
        {
          "name" : "version",
          "valueUri" : "http://snomed.info/sct|http://snomed.info/sct/900000000000207008/version/20240201"
        }],
        "contains" : [{
          "system" : "https://hi.iv.elga.gv.at/CodeSystem/sample",
          "code" : "selbst",
          "display" : "Selbstmanagement möglich (regelmäßiges Monitoring wichtiger Parameter)"
        },
        {
          "system" : "https://hi.iv.elga.gv.at/CodeSystem/sample",
          "code" : "intervall",
          "display" : "prinzipiell Selbstmanagement (Überprüfung in definierten Zeitintervallen)"
        },
        {
          "system" : "http://snomed.info/sct",
          "code" : "225309002",
          "display" : "Constant supervision"
        }]
      }
    }
  },
  {
    "fullUrl" : "https://hi.iv.elga.gv.at/ValueSet/schulung",
    "resource" : {
      "resourceType" : "ValueSet",
      "text" : {
        "status" : "generated",
        "div" : "<div xmlns=\"http://www.w3.org/1999/xhtml\"><p style=\"border: black 1px dotted; background-color: #EEEEEE; padding: 8px; margin-bottom: 8px\">Expansion based on SNOMED CT International edition 01-Feb 2024</p><p>This value set contains 3 concepts</p><table class=\"codes\"><tr><td style=\"white-space:nowrap\"><b>Code</b></td><td><b>System</b></td><td><b>Display</b></td></tr><tr><td style=\"white-space:nowrap\"><a name=\"http---snomed.info-sct-385658003\"> </a>\u00a0\u00a0<a href=\"http://snomed.info/id/385658003\">385658003</a></td><td>http://snomed.info/sct</td><td>Done (qualifier value)</td></tr><tr><td style=\"white-space:nowrap\"><a name=\"http---snomed.info-sct-385660001\"> </a>\u00a0\u00a0<a href=\"http://snomed.info/id/385660001\">385660001</a></td><td>http://snomed.info/sct</td><td>Not done (qualifier value)</td></tr><tr><td style=\"white-space:nowrap\"><a name=\"http---snomed.info-sct-410529002\"> </a>\u00a0\u00a0<a href=\"http://snomed.info/id/410529002\">410529002</a></td><td>http://snomed.info/sct</td><td>Not needed (qualifier value)</td></tr></table></div>"
      },
      "url" : "https://hi.iv.elga.gv.at/ValueSet/schulung",
      "version" : "0.1.0",
      "name" : "Schulung",
      "title" : "Schulung",
      "status" : "draft",
      "date" : "2024-05-29T09:10:17+00:00",
      "expansion" : {
        "identifier" : "urn:uuid:ab18ab8b-002b-409d-8c45-44615c2e708e",
        "timestamp" : "2024-05-29T09:11:00+00:00",
        "total" : 3,
        "offset" : 0,
        "parameter" : [{
          "name" : "count",
          "valueInteger" : 1000
        },
        {
          "name" : "offset",
          "valueInteger" : 0
        },
        {
          "name" : "excludeNested",
          "valueBoolean" : false
        },
        {
          "name" : "used-valueset",
          "valueUri" : "null"
        },
        {
          "name" : "used-codesystem",
          "valueUri" : "http://snomed.info/sct|http://snomed.info/sct/900000000000207008/version/20240201"
        },
        {
          "name" : "version",
          "valueUri" : "http://snomed.info/sct|http://snomed.info/sct/900000000000207008/version/20240201"
        }],
        "contains" : [{
          "system" : "http://snomed.info/sct",
          "code" : "385658003",
          "display" : "Done (qualifier value)"
        },
        {
          "system" : "http://snomed.info/sct",
          "code" : "385660001",
          "display" : "Not done (qualifier value)"
        },
        {
          "system" : "http://snomed.info/sct",
          "code" : "410529002",
          "display" : "Not needed (qualifier value)"
        }]
      }
    }
  },
  {
    "fullUrl" : "https://hi.iv.elga.gv.at/ValueSet/symptoms",
    "resource" : {
      "resourceType" : "ValueSet",
      "text" : {
        "status" : "generated",
        "div" : "<div xmlns=\"http://www.w3.org/1999/xhtml\"><p style=\"border: black 1px dotted; background-color: #EEEEEE; padding: 8px; margin-bottom: 8px\">Expansion based on SNOMED CT International edition 01-Feb 2024</p><p>This value set contains 4 concepts</p><table class=\"codes\"><tr><td style=\"white-space:nowrap\"><b>Code</b></td><td><b>System</b></td><td><b>Display</b></td></tr><tr><td style=\"white-space:nowrap\"><a name=\"http---snomed.info-sct-420300004\"> </a>\u00a0\u00a0<a href=\"http://snomed.info/id/420300004\">420300004</a></td><td>http://snomed.info/sct</td><td>New York Heart Association Classification - Class I (finding)</td></tr><tr><td style=\"white-space:nowrap\"><a name=\"http---snomed.info-sct-421704003\"> </a>\u00a0\u00a0<a href=\"http://snomed.info/id/421704003\">421704003</a></td><td>http://snomed.info/sct</td><td>New York Heart Association Classification - Class II (finding)</td></tr><tr><td style=\"white-space:nowrap\"><a name=\"http---snomed.info-sct-420913000\"> </a>\u00a0\u00a0<a href=\"http://snomed.info/id/420913000\">420913000</a></td><td>http://snomed.info/sct</td><td>New York Heart Association Classification - Class III (finding)</td></tr><tr><td style=\"white-space:nowrap\"><a name=\"http---snomed.info-sct-422293003\"> </a>\u00a0\u00a0<a href=\"http://snomed.info/id/422293003\">422293003</a></td><td>http://snomed.info/sct</td><td>New York Heart Association Classification - Class IV (finding)</td></tr></table></div>"
      },
      "url" : "https://hi.iv.elga.gv.at/ValueSet/symptoms",
      "version" : "0.1.0",
      "name" : "Symptoms",
      "title" : "Symptomatik",
      "status" : "draft",
      "date" : "2024-05-29T09:10:17+00:00",
      "expansion" : {
        "identifier" : "urn:uuid:31807668-6eca-4f9f-8fcd-febd3164c2ab",
        "timestamp" : "2024-05-29T09:11:00+00:00",
        "total" : 4,
        "offset" : 0,
        "parameter" : [{
          "name" : "count",
          "valueInteger" : 1000
        },
        {
          "name" : "offset",
          "valueInteger" : 0
        },
        {
          "name" : "excludeNested",
          "valueBoolean" : false
        },
        {
          "name" : "used-valueset",
          "valueUri" : "null"
        },
        {
          "name" : "used-codesystem",
          "valueUri" : "http://snomed.info/sct|http://snomed.info/sct/900000000000207008/version/20240201"
        },
        {
          "name" : "version",
          "valueUri" : "http://snomed.info/sct|http://snomed.info/sct/900000000000207008/version/20240201"
        }],
        "contains" : [{
          "system" : "http://snomed.info/sct",
          "code" : "420300004",
          "display" : "New York Heart Association Classification - Class I (finding)"
        },
        {
          "system" : "http://snomed.info/sct",
          "code" : "421704003",
          "display" : "New York Heart Association Classification - Class II (finding)"
        },
        {
          "system" : "http://snomed.info/sct",
          "code" : "420913000",
          "display" : "New York Heart Association Classification - Class III (finding)"
        },
        {
          "system" : "http://snomed.info/sct",
          "code" : "422293003",
          "display" : "New York Heart Association Classification - Class IV (finding)"
        }]
      }
    }
  },
  {
    "fullUrl" : "https://hi.iv.elga.gv.at/ValueSet/targetdose",
    "resource" : {
      "resourceType" : "ValueSet",
      "text" : {
        "status" : "generated",
        "div" : "<div xmlns=\"http://www.w3.org/1999/xhtml\"><p style=\"border: black 1px dotted; background-color: #EEEEEE; padding: 8px; margin-bottom: 8px\">Expansion based on SNOMED CT International edition 01-Feb 2024</p><p>This value set contains 4 concepts</p><table class=\"codes\"><tr><td style=\"white-space:nowrap\"><b>Code</b></td><td><b>System</b></td><td><b>Display</b></td></tr><tr><td style=\"white-space:nowrap\"><a name=\"http---snomed.info-sct-390802008\"> </a>\u00a0\u00a0<a href=\"http://snomed.info/id/390802008\">390802008</a></td><td>http://snomed.info/sct</td><td>Goal achieved (finding)</td></tr><tr><td style=\"white-space:nowrap\"><a name=\"http---snomed.info-sct-390801001\"> </a>\u00a0\u00a0<a href=\"http://snomed.info/id/390801001\">390801001</a></td><td>http://snomed.info/sct</td><td>Goal not achieved (finding)</td></tr><tr><td style=\"white-space:nowrap\"><a name=\"http---snomed.info-sct-494716691000132104\"> </a>\u00a0\u00a0<a href=\"http://snomed.info/id/494716691000132104\">494716691000132104</a></td><td>http://snomed.info/sct</td><td>Medication titrated (finding)</td></tr><tr><td style=\"white-space:nowrap\"><a name=\"http---snomed.info-sct-407566003\"> </a>\u00a0\u00a0<a href=\"http://snomed.info/id/407566003\">407566003</a></td><td>http://snomed.info/sct</td><td>Patient on maximum tolerated dose (finding)</td></tr></table></div>"
      },
      "url" : "https://hi.iv.elga.gv.at/ValueSet/targetdose",
      "version" : "0.1.0",
      "name" : "TargetDose",
      "title" : "Zieldosis",
      "status" : "draft",
      "date" : "2024-05-29T09:10:17+00:00",
      "expansion" : {
        "identifier" : "urn:uuid:239af229-79f2-4aa4-bf9c-b5390cfa14f8",
        "timestamp" : "2024-05-29T09:11:00+00:00",
        "total" : 4,
        "offset" : 0,
        "parameter" : [{
          "name" : "count",
          "valueInteger" : 1000
        },
        {
          "name" : "offset",
          "valueInteger" : 0
        },
        {
          "name" : "excludeNested",
          "valueBoolean" : false
        },
        {
          "name" : "used-valueset",
          "valueUri" : "null"
        },
        {
          "name" : "used-codesystem",
          "valueUri" : "http://snomed.info/sct|http://snomed.info/sct/900000000000207008/version/20240201"
        },
        {
          "name" : "version",
          "valueUri" : "http://snomed.info/sct|http://snomed.info/sct/900000000000207008/version/20240201"
        }],
        "contains" : [{
          "system" : "http://snomed.info/sct",
          "code" : "390802008",
          "display" : "Goal achieved (finding)"
        },
        {
          "system" : "http://snomed.info/sct",
          "code" : "390801001",
          "display" : "Goal not achieved (finding)"
        },
        {
          "system" : "http://snomed.info/sct",
          "code" : "494716691000132104",
          "display" : "Medication titrated (finding)"
        },
        {
          "system" : "http://snomed.info/sct",
          "code" : "407566003",
          "display" : "Patient on maximum tolerated dose (finding)"
        }]
      }
    }
  },
  {
    "fullUrl" : "https://hi.iv.elga.gv.at/ValueSet/therapie",
    "resource" : {
      "resourceType" : "ValueSet",
      "text" : {
        "status" : "generated",
        "div" : "<div xmlns=\"http://www.w3.org/1999/xhtml\"><p style=\"border: black 1px dotted; background-color: #EEEEEE; padding: 8px; margin-bottom: 8px\">Expansion based on SNOMED CT International edition 01-Feb 2024</p><p>This value set contains 3 concepts</p><table class=\"codes\"><tr><td style=\"white-space:nowrap\"><b>Code</b></td><td><b>System</b></td><td><b>Display</b></td></tr><tr><td style=\"white-space:nowrap\"><a name=\"http---snomed.info-sct-373066001\"> </a>\u00a0\u00a0<a href=\"http://snomed.info/id/373066001\">373066001</a></td><td>http://snomed.info/sct</td><td>Yes (qualifier value)</td></tr><tr><td style=\"white-space:nowrap\"><a name=\"http---snomed.info-sct-373067005\"> </a>\u00a0\u00a0<a href=\"http://snomed.info/id/373067005\">373067005</a></td><td>http://snomed.info/sct</td><td>No (qualifier value)</td></tr><tr><td style=\"white-space:nowrap\"><a name=\"http---snomed.info-sct-410536001\"> </a>\u00a0\u00a0<a href=\"http://snomed.info/id/410536001\">410536001</a></td><td>http://snomed.info/sct</td><td>Contraindicated (qualifier value)</td></tr></table></div>"
      },
      "url" : "https://hi.iv.elga.gv.at/ValueSet/therapie",
      "version" : "0.1.0",
      "name" : "Therapie",
      "title" : "Therapie",
      "status" : "draft",
      "date" : "2024-05-29T09:10:17+00:00",
      "expansion" : {
        "identifier" : "urn:uuid:230f7f72-41a5-42d2-9c36-8ad3610869b1",
        "timestamp" : "2024-05-29T09:11:01+00:00",
        "total" : 3,
        "offset" : 0,
        "parameter" : [{
          "name" : "count",
          "valueInteger" : 1000
        },
        {
          "name" : "offset",
          "valueInteger" : 0
        },
        {
          "name" : "excludeNested",
          "valueBoolean" : false
        },
        {
          "name" : "used-valueset",
          "valueUri" : "null"
        },
        {
          "name" : "used-codesystem",
          "valueUri" : "http://snomed.info/sct|http://snomed.info/sct/900000000000207008/version/20240201"
        },
        {
          "name" : "version",
          "valueUri" : "http://snomed.info/sct|http://snomed.info/sct/900000000000207008/version/20240201"
        }],
        "contains" : [{
          "system" : "http://snomed.info/sct",
          "code" : "373066001",
          "display" : "Yes (qualifier value)"
        },
        {
          "system" : "http://snomed.info/sct",
          "code" : "373067005",
          "display" : "No (qualifier value)"
        },
        {
          "system" : "http://snomed.info/sct",
          "code" : "410536001",
          "display" : "Contraindicated (qualifier value)"
        }]
      }
    }
  }]
}