"Id","Path","Slice Name","Alias(s)","Label","Min","Max","Must Support?","Is Modifier?","Is Summary?","Type(s)","Short","Definition","Comments","Requirements","Default Value","Meaning When Missing","Fixed Value","Pattern","Example","Minimum Value","Maximum Value","Maximum Length","Binding Strength","Binding Description","Binding Value Set","Code","Slicing Discriminator","Slicing Description","Slicing Ordered","Slicing Rules","Base Path","Base Min","Base Max","Condition(s)","Constraint(s)"
"MedicationSummary-ips","MedicationSummary-ips","","","",0,*,"","","","null {[]} {[]}
","Medication Summary (IPS)","Abbildung der Datenfelder, die für den Entwurf der Datenspezifikation des modularen Rahmenkonzepts für
Österreich für das Disease-Management bei chronischer Herzinsuffizienz erforderlich sind, auf dem des IPS-Modul ""Medication Summary"".

Refer to the **[mapping from the logical model of HI to the logical model based on the International Patient Summary (IPS)](mappings.html)** in order to get an idea how the IPS relates to HI.","","","","","","","","","",,,,,"",,,,"Base",0,*,"",""
"MedicationSummary-ips.medication[x]","MedicationSummary-ips.medication[x]","","","",1,1,"","","","CodeableConcept {[]} {[]}
Reference {[]} {[CanonicalType[http://hl7.org/fhir/StructureDefinition/Medication]]}","What medication was taken","What medication was taken","","","","","","","","","",,,,,"",,,,"MedicationSummary-ips.medication[x]",1,1,"",""
"MedicationSummary-ips.subject","MedicationSummary-ips.subject","","","",1,1,"","","","https://hi.iv.elga.gv.at/StructureDefinition/Subject-ips {[]} {[]}
","Who is/was taking the medication","Who is/was taking the medication","","","","","","","","","",,,,,"",,,,"MedicationSummary-ips.subject",1,1,"",""
