<?xml version="1.0" encoding="UTF-8"?>

<ValueSet xmlns="http://hl7.org/fhir">
  <id value="education"/>
  <text>
    <status value="generated"/><div xmlns="http://www.w3.org/1999/xhtml"><ul><li>Include these codes as defined in <a href="http://www.snomed.org/"><code>http://snomed.info/sct</code></a><table class="none"><tr><td style="white-space:nowrap"><b>Code</b></td><td><b>Display</b></td><td><b>Deutsch (Österreich) (German (Austria), de)</b></td></tr><tr><td><a href="http://snomed.info/id/710534005">710534005</a></td><td>Education about treatment regime</td><td>?Edukation über das Behandlungsprogramm?</td></tr><tr><td><a href="http://snomed.info/id/410200000">410200000</a></td><td>Weight control education</td><td>Edukation über Gewichtskontrolle</td></tr><tr><td><a href="http://snomed.info/id/171044003">171044003</a></td><td>Immunization education</td><td>?Impfberatung?</td></tr><tr><td><a href="http://snomed.info/id/733833000">733833000</a></td><td>Education about self-monitoring</td><td>?Edukation über Selbst-Monitoring?</td></tr></table></li></ul></div>
  </text>
  <url value="https://hi.iv.elga.gv.at/ValueSet/education"/>
  <version value="0.1.0"/>
  <name value="Education"/>
  <title value="Schulung und Beratung"/>
  <status value="draft"/>
  <date value="2024-05-29T09:13:47+00:00"/>
  <publisher value="ELGA GmbH"/>
  <contact>
    <name value="ELGA GmbH"/>
    <telecom>
      <system value="url"/>
      <value value="https://www.elga.gv.at/"/>
    </telecom>
  </contact>
  <description value="Schulungen im Rahmen des DMP &quot;Herzinsuffizienz&quot;"/>
  <compose>
    <include>
      <system value="http://snomed.info/sct"/>
      <concept>
        <code value="710534005"/>
        <display value="Education about treatment regime"/>
        <designation>
          <language value="de-AT"/>
          <value value="?Edukation über das Behandlungsprogramm?"/>
        </designation>
      </concept>
      <concept>
        <code value="410200000"/>
        <display value="Weight control education"/>
        <designation>
          <language value="de-AT"/>
          <value value="Edukation über Gewichtskontrolle"/>
        </designation>
      </concept>
      <concept>
        <code value="171044003"/>
        <display value="Immunization education"/>
        <designation>
          <language value="de-AT"/>
          <value value="?Impfberatung?"/>
        </designation>
      </concept>
      <concept>
        <code value="733833000"/>
        <display value="Education about self-monitoring"/>
        <designation>
          <language value="de-AT"/>
          <value value="?Edukation über Selbst-Monitoring?"/>
        </designation>
      </concept>
    </include>
  </compose>
</ValueSet>