<?xml version="1.0" encoding="UTF-8"?>

<ValueSet xmlns="http://hl7.org/fhir">
  <id value="facilitytype"/>
  <text>
    <status value="generated"/><div xmlns="http://www.w3.org/1999/xhtml"><ul><li>Include these codes as defined in <a href="http://www.snomed.org/"><code>http://snomed.info/sct</code></a><table class="none"><tr><td style="white-space:nowrap"><b>Code</b></td><td><b>Display</b></td><td><b>Deutsch (Österreich) (German (Austria), de)</b></td></tr><tr><td><a href="http://snomed.info/id/440655000">440655000</a></td><td>Outpatient environment</td><td>Extramural</td></tr><tr><td><a href="http://snomed.info/id/440654001">440654001</a></td><td>Inpatient environment</td><td>Intramural</td></tr></table></li></ul></div>
  </text>
  <url value="https://hi.iv.elga.gv.at/ValueSet/facilitytype"/>
  <version value="0.1.0"/>
  <name value="FacilityType"/>
  <title value="Einrichtungsart"/>
  <status value="draft"/>
  <date value="2024-05-28T06:35:41+00:00"/>
  <publisher value="ELGA GmbH"/>
  <contact>
    <name value="ELGA GmbH"/>
    <telecom>
      <system value="url"/>
      <value value="https://www.elga.gv.at/"/>
    </telecom>
  </contact>
  <description value="Art der Gesundheitseinrichtung (intramural/extramural)"/>
  <compose>
    <include>
      <system value="http://snomed.info/sct"/>
      <concept>
        <code value="440655000"/>
        <display value="Outpatient environment"/>
        <designation>
          <language value="de-AT"/>
          <value value="Extramural"/>
        </designation>
      </concept>
      <concept>
        <code value="440654001"/>
        <display value="Inpatient environment"/>
        <designation>
          <language value="de-AT"/>
          <value value="Intramural"/>
        </designation>
      </concept>
    </include>
  </compose>
</ValueSet>