<?xml version="1.0" encoding="UTF-8"?>

<ValueSet xmlns="http://hl7.org/fhir">
  <id value="symptoms"/>
  <text>
    <status value="generated"/><div xmlns="http://www.w3.org/1999/xhtml"><ul><li>Include these codes as defined in <a href="http://www.snomed.org/"><code>http://snomed.info/sct</code></a><table class="none"><tr><td style="white-space:nowrap"><b>Code</b></td><td><b>Display</b></td><td><b>Deutsch (Österreich) (German (Austria), de)</b></td></tr><tr><td><a href="http://snomed.info/id/420300004">420300004</a></td><td>New York Heart Association Classification - Class I</td><td>NYHA I - New York Heart Association, Klasse I</td></tr><tr><td><a href="http://snomed.info/id/421704003">421704003</a></td><td>New York Heart Association Classification - Class II</td><td>NYHA II - New York Heart Association, Klasse II</td></tr><tr><td><a href="http://snomed.info/id/420913000">420913000</a></td><td>New York Heart Association Classification - Class III</td><td>NYHA III - New York Heart Association, Klasse III</td></tr><tr><td><a href="http://snomed.info/id/422293003">422293003</a></td><td>New York Heart Association Classification - Class IV</td><td>NYHA IV - New York Heart Association, Klasse IV</td></tr></table></li></ul></div>
  </text>
  <url value="https://hi.iv.elga.gv.at/ValueSet/symptoms"/>
  <version value="0.1.0"/>
  <name value="Symptoms"/>
  <title value="Symptomatik"/>
  <status value="draft"/>
  <date value="2024-05-28T08:58:35+00:00"/>
  <publisher value="ELGA GmbH"/>
  <contact>
    <name value="ELGA GmbH"/>
    <telecom>
      <system value="url"/>
      <value value="https://www.elga.gv.at/"/>
    </telecom>
  </contact>
  <description value="Einteilung gemäß der New York Heart Association (NYHA)"/>
  <compose>
    <include>
      <system value="http://snomed.info/sct"/>
      <concept>
        <code value="420300004"/>
        <display value="New York Heart Association Classification - Class I"/>
        <designation>
          <language value="de-AT"/>
          <value value="NYHA I - New York Heart Association, Klasse I"/>
        </designation>
      </concept>
      <concept>
        <code value="421704003"/>
        <display value="New York Heart Association Classification - Class II"/>
        <designation>
          <language value="de-AT"/>
          <value value="NYHA II - New York Heart Association, Klasse II"/>
        </designation>
      </concept>
      <concept>
        <code value="420913000"/>
        <display value="New York Heart Association Classification - Class III"/>
        <designation>
          <language value="de-AT"/>
          <value value="NYHA III - New York Heart Association, Klasse III"/>
        </designation>
      </concept>
      <concept>
        <code value="422293003"/>
        <display value="New York Heart Association Classification - Class IV"/>
        <designation>
          <language value="de-AT"/>
          <value value="NYHA IV - New York Heart Association, Klasse IV"/>
        </designation>
      </concept>
    </include>
  </compose>
</ValueSet>