"Id","Path","Slice Name","Alias(s)","Label","Min","Max","Must Support?","Is Modifier?","Is Summary?","Type(s)","Short","Definition","Comments","Requirements","Default Value","Meaning When Missing","Fixed Value","Pattern","Example","Minimum Value","Maximum Value","Maximum Length","Binding Strength","Binding Description","Binding Value Set","Code","Slicing Discriminator","Slicing Description","Slicing Ordered","Slicing Rules","Base Path","Base Min","Base Max","Condition(s)","Constraint(s)","Mapping: RIM Mapping"
"ExtendedContactDetail","ExtendedContactDetail","","","",0,*,"","","","null {[]} {[]}
","Contact information","Specifies contact information for a specific purpose over a period of time, might be handled/monitored by a specific named person or organization.","This datatype may be sparsely populated, i.e. only contain a purpose and phone number or address, but other cases could be completed filled out.","","","","","","","","",,,,,"",,,,"ExtendedContactDetail",0,*,"","ele-1:All FHIR elements must have a @value or children {hasValue() or (children().count() > id.count())}
","n/a"
"ExtendedContactDetail.id","ExtendedContactDetail.id","","","",0,1,"","","","id {[]} {[]}
","Unique id for inter-element referencing","Unique id for the element within a resource (for internal references). This may be any string value that does not contain spaces.","","","","","","","","","",,,,,"",,,,"Element.id",0,1,"ele-1
","","n/a"
"ExtendedContactDetail.extension","ExtendedContactDetail.extension","","extensions
user content","",0,*,"","","","Extension {[]} {[]}
","Additional content defined by implementations","May be used to represent additional information that is not part of the basic definition of the element. To make the use of extensions safe and managable, there is a strict set of governance applied to the definition and use of extensions. Though any implementer can define an extension, there is a set of requirements that SHALL be met as part of the definition of the extension.","There can be no stigma associated with the use of extensions by any application, project, or standard - regardless of the institution or jurisdiction that uses or defines the extensions.  The use of extensions is what allows the FHIR specification to retain a core level of simplicity for everyone.","","","","","","","","",,,,,"","value:url}
","Extensions are always sliced by (at least) url",,"open","Element.extension",0,*,"","ele-1:All FHIR elements must have a @value or children {hasValue() or (children().count() > id.count())}
ext-1:Must have either extensions or value[x], not both {extension.exists() != value.exists()}","n/a"
"ExtendedContactDetail.purpose","ExtendedContactDetail.purpose","","","",0,1,"","","Y","CodeableConcept {[]} {[]}
","The type of contact","The purpose/type of contact.","If no purpose is defined, then these contact details may be used for any purpose.","","","","","","","","",,"preferred","The purpose for which an extended contact detail should be used.","http://terminology.hl7.org/ValueSet/contactentity-type","",,,,"ExtendedContactDetail.purpose",0,1,"","ele-1:All FHIR elements must have a @value or children {hasValue() or (children().count() > id.count())}
"
"ExtendedContactDetail.name","ExtendedContactDetail.name","","","",0,*,"","","Y","HumanName {[]} {[]}
","Name of an individual to contact","The name of an individual to contact, some types of contact detail are usually blank.","If there is no named individual, the telecom/address information is not generally monitored by a specific individual.","","","","","","","","",,,,,"",,,,"ExtendedContactDetail.name",0,*,"","ele-1:All FHIR elements must have a @value or children {hasValue() or (children().count() > id.count())}
"
"ExtendedContactDetail.telecom","ExtendedContactDetail.telecom","","","",0,*,"","","Y","ContactPoint {[]} {[]}
","Contact details (e.g.phone/fax/url)","The contact details application for the purpose defined.","","","","","","","","","",,,,,"",,,,"ExtendedContactDetail.telecom",0,*,"","ele-1:All FHIR elements must have a @value or children {hasValue() or (children().count() > id.count())}
"
"ExtendedContactDetail.address","ExtendedContactDetail.address","","","",0,1,"","","","Address {[CanonicalType[http://hl7.at/fhir/HL7ATCoreProfiles/5.0.0/StructureDefinition/at-core-address]]} {[]}
","An address expressed using postal conventions (as opposed to GPS or other location definition formats)","An address expressed using postal conventions (as opposed to GPS or other location definition formats).  This data type may be used to convey addresses for use in delivering mail as well as for visiting locations which might not be valid for mail delivery.  There are a variety of postal address formats defined around the world.
The ISO21090-codedString may be used to provide a coded representation of the contents of strings in an Address.","Note: address is intended to describe postal addresses for administrative purposes, not to describe absolute geographical coordinates.  Postal addresses are often used as proxies for physical locations (also see the [Location](location.html#) resource).","","","","","","","","",,,,,"",,,,"ExtendedContactDetail.address",0,1,"","ele-1:All FHIR elements must have a @value or children {hasValue() or (children().count() > id.count())}
at-addr-1:If the extension for street name is used then the value for line must not be empty {line.all($this.extension('http://hl7.org/fhir/StructureDefinition/iso21090-ADXP-streetName').empty() or $this.hasValue())}at-addr-2:If the extension for street number is used then the value for line must not be empty {line.all($this.extension('http://hl7.org/fhir/StructureDefinition/iso21090-ADXP-houseNumber').empty() or $this.hasValue())}at-addr-3:If the extension for floor/door number is used then the value for line must not be empty {line.all($this.extension('http://hl7.org/fhir/StructureDefinition/iso21090-ADXP-additionalLocator').empty() or $this.hasValue())}","n/a,AD"
"ExtendedContactDetail.organization","ExtendedContactDetail.organization","","","",0,1,"","","Y","Reference {[]} {[CanonicalType[http://hl7.at/fhir/HL7ATCoreProfiles/5.0.0/StructureDefinition/at-core-organization]]}
","This contact detail is handled/monitored by a specific organization","This contact detail is handled/monitored by a specific organization. If the name is provided in the contact, then it is referring to the named individual within this organization.","","Some specific types of contact information can be an handled by an organization (eg legal council is via a specific firm).","","","","","","","",,,,,"",,,,"ExtendedContactDetail.organization",0,1,"","ele-1:All FHIR elements must have a @value or children {hasValue() or (children().count() > id.count())}
"
"ExtendedContactDetail.period","ExtendedContactDetail.period","","","",0,1,"","","Y","Period {[]} {[]}
","Period that this contact was valid for usage","Period that this contact was valid for usage.","If the details have multiple periods, then enter in a new ExtendedContact with the new period.","","","","","","","","",,,,,"",,,,"ExtendedContactDetail.period",0,1,"","ele-1:All FHIR elements must have a @value or children {hasValue() or (children().count() > id.count())}
"
