URL,Version,Status,OIDs,Name,Title,Descriptino,Uses,Used,Sources
https://termgit.elga.gv.at/ValueSet/appc-anatomie,1.1.0+20240325,active,"1.2.40.0.34.10.65",appc-anatomie,APPC_Anatomie,"**Description:** Value Set for all APPC-Codes for 4th Axis 'Anatomy'  **Beschreibung:** Value Set aller Codes der 4. APPC-Achse 'Anatomie'",,"Other"
https://termgit.elga.gv.at/ValueSet/appc-anatomie2,1.0.1+20230925,active,"1.2.40.0.34.10.65",appc-anatomie2,APPC_Anatomie2,"**Description:** Value Set for all APPC-Codes for 4th Axis 'Anatomy'  **Beschreibung:** Value Set aller Codes der 4. APPC-Achse 'Anatomie'",,"Other"
https://termgit.elga.gv.at/ValueSet/appc-anatomie3,1.0.1+20230925,active,"1.2.40.0.34.10.65",appc-anatomie3,APPC_Anatomie3,"**Description:** Value Set for all APPC-Codes for 4th Axis 'Anatomy'  **Beschreibung:** Value Set aller Codes der 4. APPC-Achse 'Anatomie'",,"Other"
https://termgit.elga.gv.at/ValueSet/appc-anatomie4,1.0.1+20230925,active,"1.2.40.0.34.10.65",appc-anatomie4,APPC_Anatomie4,"**Description:** Value Set for all APPC-Codes for 4th Axis 'Anatomy'  **Beschreibung:** Value Set aller Codes der 4. APPC-Achse 'Anatomie'",,"Other"
https://termgit.elga.gv.at/ValueSet/appc-anatomie5,1.0.1+20230925,active,"1.2.40.0.34.10.65",appc-anatomie5,APPC_Anatomie5,"**Description:** Value Set for all APPC-Codes for 4th Axis 'Anatomy'  **Beschreibung:** Value Set aller Codes der 4. APPC-Achse 'Anatomie'",,"Other"
https://termgit.elga.gv.at/ValueSet/elga-absentorunknownallergies,3.0.0+20231122,active,"1.2.40.0.34.10.178",elga-absentorunknownallergies,ELGA_AbsentOrUnknownAllergies,"**Description:** Absent Allergy Or Intolerance   **Beschreibung:** Keine Allergie oder Intoleranz",,"hl7.fhir.uv.ips"
https://termgit.elga.gv.at/ValueSet/elga-administrativegender,2.1.0+20240325,active,"1.2.40.0.34.10.4",elga-administrativegender,ELGA_AdministrativeGender,"**Description:** The gender of a person used for adminstrative purposes (as opposed to clinical gender).  **Beschreibung:** Das Geschlecht einer Person zur administrativen Nutzung (entspricht nicht notwendigerweise dem biologischen oder medizinischen Geschlecht).",,"THO (V3),Other"
https://termgit.elga.gv.at/ValueSet/elga-laborparameter,1.6.0+20240326,active,"1.2.40.0.34.10.44",elga-laborparameter,ELGA_Laborparameter,"**Description:** List of parameters used in Austrian laboratories. Units must be specified in UCUM. The list is based on the catalogue of LOINC codes used in the ""Wiener Gesundheitsverbund"" (with the German language version of the codes in the DisplayName). ATTENTION: For some, no official LOINC code exists yet. In these cases, codes derive from the Codesystem ELGA_LaborparameterErgaenzung.  **Beschreibung:** Liste der in österreichischen Labors verwendeten Parameter. Einheiten sind verpflichend in UCUM anzugeben. Grundlage der Liste ist der im Wiener Gesundheitsverbund verwendete Katalog von LOINC-Codes (mit der deutschen Sprachvariante der Codes im DisplayName). ACHTUNG: Für einige existiert noch kein offizieller LOINC-Code. In diesen Fällen werden die Codes aus dem Codesystem ELGA_LaborparameterErgaenzung bezogen.",,"LOINC,Other"
