<?xml version="1.0" encoding="UTF-8"?>

<OperationDefinition xmlns="http://hl7.org/fhir">
  <id value="MOPED.Patient.Beurlauben"/>
  <text>
    <status value="generated"/><div xmlns="http://www.w3.org/1999/xhtml"><p class="res-header-id"><b>Generated Narrative: OperationDefinition MOPED.Patient.Beurlauben</b></p><a name="MOPED.Patient.Beurlauben"> </a><a name="hcMOPED.Patient.Beurlauben"> </a><a name="MOPED.Patient.Beurlauben-en-US"> </a><p>URL: [base]/Encounter/$beurlauben</p><h3>Parameters</h3><table class="grid"><tr><td><b>Use</b></td><td><b>Name</b></td><td><b>Scope</b></td><td><b>Cardinality</b></td><td><b>Type</b></td><td><b>Binding</b></td><td><b>Documentation</b></td></tr><tr><td>IN</td><td>aufnahmezahl</td><td/><td>1..1</td><td><a href="http://hl7.org/fhir/R5/datatypes.html#Identifier">Identifier</a></td><td/><td><div><p>Der <em>aufnahmezahl</em> Parameter beinhält den eindeutigen Identifizierer für den relevanten Fall.</p>
</div></td></tr><tr><td>IN</td><td>zeitpunkt</td><td/><td>1..1</td><td><a href="http://hl7.org/fhir/R5/datatypes.html#dateTime">dateTime</a></td><td/><td><div><p>Der <em>zeitpunkt</em> Parameter definiert zu welchem Zeitpunkt die Beurlaubung startet.</p>
</div></td></tr><tr><td>OUT</td><td>return</td><td/><td>1..1</td><td><a href="http://hl7.org/fhir/R5/resource.html">Resource</a> (<a href="http://hl7.org/fhir/R5/operationoutcome.html" title="http://hl7.org/fhir/StructureDefinition/OperationOutcome">OperationOutcome</a>)</td><td/><td><div><p>Der <em>return</em> Parameter gibt Auskunft über den Erfolg der Operation.</p>
</div></td></tr></table></div>
  </text>
  <url value="http://example.org/OperationDefinition/MOPED.Patient.Beurlauben"/>
  <version value="0.1.0"/>
  <name value="MOPED_Patient_Beurlauben"/>
  <title value="MOPED Patient $beurlauben"/>
  <status value="draft"/>
  <kind value="operation"/>
  <date value="2024-10-23T08:41:38+00:00"/>
  <publisher value="Example Publisher"/>
  <contact>
    <name value="Example Publisher"/>
    <telecom>
      <system value="url"/>
      <value value="http://example.org/example-publisher"/>
    </telecom>
  </contact>
  <description value="Die Patient $beurlauben Operation wird aufgerufen, wenn ein(e) Patient*in in das Krankenhaus aufgenommen wurde und während eines laufenden Falles beurlaubt wird. Die Operation $verlegen wird aufgerufen mit dem Funktionscode '10000000' als Parameter, der Abgangsart '1' und ohne physische Anwesenheit. &#xA;&#xA;Die Operation wird vom Akteur Krankenhaus (KH) aufgerufen."/>
  <affectsState value="true"/>
  <code value="beurlauben"/>
  <base value="http://hl7.org/fhir/OperationDefinition/Patient-beurlauben"/>
  <resource value="Encounter"/>
  <system value="false"/>
  <type value="true"/>
  <instance value="false"/>
  <parameter>
    <name value="aufnahmezahl"/>
    <use value="in"/>
    <min value="1"/>
    <max value="1"/>
    <documentation value="Der *aufnahmezahl* Parameter beinhält den eindeutigen Identifizierer für den relevanten Fall."/>
    <type value="Identifier"/>
  </parameter>
  <parameter>
    <name value="zeitpunkt"/>
    <use value="in"/>
    <min value="1"/>
    <max value="1"/>
    <documentation value="Der *zeitpunkt* Parameter definiert zu welchem Zeitpunkt die Beurlaubung startet."/>
    <type value="dateTime"/>
  </parameter>
  <parameter>
    <name value="return"/>
    <use value="out"/>
    <min value="1"/>
    <max value="1"/>
    <documentation value="Der *return* Parameter gibt Auskunft über den Erfolg der Operation."/>
    <type value="Resource"/>
    <targetProfile value="http://hl7.org/fhir/StructureDefinition/OperationOutcome"/>
  </parameter>
</OperationDefinition>