<?xml version="1.0" encoding="UTF-8"?>

<ValueSet xmlns="http://hl7.org/fhir">
  <id value="moped-Anwesenheitsart-valueset"/>
  <text>
    <status value="generated"/><div xmlns="http://www.w3.org/1999/xhtml"><p class="res-header-id"><b>Generated Narrative: ValueSet moped-Anwesenheitsart-valueset</b></p><a name="moped-Anwesenheitsart-valueset"> </a><a name="hcmoped-Anwesenheitsart-valueset"> </a><a name="moped-Anwesenheitsart-valueset-en-US"> </a><ul><li>Include these codes as defined in <code>http://tbd.at/MOPED-Anwesenheitsart</code><table class="none"><tr><td style="white-space:nowrap"><b>Code</b></td><td><b>Display</b></td></tr><tr><td>ANW</td><td>physisch anwesend</td></tr><tr><td>ABW</td><td>physisch nicht anwesend</td></tr></table></li></ul></div>
  </text>
  <url value="http://example.org/ValueSet/moped-Anwesenheitsart-valueset"/>
  <version value="0.1.0"/>
  <name value="Anwesenheitsart"/>
  <title value="Anwesenheitsart"/>
  <status value="draft"/>
  <date value="2024-10-23T09:21:30+00:00"/>
  <publisher value="Example Publisher"/>
  <contact>
    <name value="Example Publisher"/>
    <telecom>
      <system value="url"/>
      <value value="http://example.org/example-publisher"/>
    </telecom>
  </contact>
  <description value="ValueSet für die Anwesenheitsart"/>
  <compose>
    <include>
      <system value="http://tbd.at/MOPED-Anwesenheitsart"/>
      <concept>
        <code value="ANW"/>
        <display value="physisch anwesend"/>
      </concept>
      <concept>
        <code value="ABW"/>
        <display value="physisch nicht anwesend"/>
      </concept>
    </include>
  </compose>
</ValueSet>