<?xml version="1.0" encoding="UTF-8"?>

<ValueSet xmlns="http://hl7.org/fhir">
  <id value="moped-altersgruppe-valueset"/>
  <text>
    <status value="generated"/><div xmlns="http://www.w3.org/1999/xhtml"><p class="res-header-id"><b>Generated Narrative: ValueSet moped-altersgruppe-valueset</b></p><a name="moped-altersgruppe-valueset"> </a><a name="hcmoped-altersgruppe-valueset"> </a><a name="moped-altersgruppe-valueset-en-US"> </a><ul><li>Include these codes as defined in <code>http://tbd.at/moped-ext-altersgruppe</code><table class="none"><tr><td style="white-space:nowrap"><b>Code</b></td><td><b>Display</b></td></tr><tr><td>0</td><td>0 Jahre</td></tr><tr><td>1</td><td>1 bis 4 Jahre</td></tr><tr><td>5</td><td>5 bis 9 Jahre</td></tr><tr><td>10</td><td>10 bis 14 Jahre</td></tr><tr><td>15</td><td>15 bis 19 Jahre</td></tr><tr><td>20</td><td>20 bis 24 Jahre</td></tr><tr><td>25</td><td>25 bis 29 Jahre</td></tr><tr><td>30</td><td>30 bis 34 Jahre</td></tr><tr><td>35</td><td>35 bis 39 Jahre</td></tr><tr><td>40</td><td>40 bis 44 Jahre</td></tr><tr><td>45</td><td>45 bis 49 Jahre</td></tr><tr><td>50</td><td>50 bis 54 Jahre</td></tr><tr><td>55</td><td>55 bis 59 Jahre</td></tr><tr><td>60</td><td>60 bis 64 Jahre</td></tr><tr><td>65</td><td>65 bis 69 Jahre</td></tr><tr><td>70</td><td>70 bis 74 Jahre</td></tr><tr><td>75</td><td>75 bis 79 Jahre</td></tr><tr><td>80</td><td>80 bis 84 Jahre</td></tr></table></li></ul></div>
  </text>
  <url value="http://example.org/ValueSet/moped-altersgruppe-valueset"/>
  <version value="0.1.0"/>
  <name value="Altersgruppe"/>
  <title value="Altersgruppe des Patienten"/>
  <status value="draft"/>
  <date value="2024-10-23T09:11:48+00:00"/>
  <publisher value="Example Publisher"/>
  <contact>
    <name value="Example Publisher"/>
    <telecom>
      <system value="url"/>
      <value value="http://example.org/example-publisher"/>
    </telecom>
  </contact>
  <description value="ValueSet für die Altersgruppe des Patienten"/>
  <compose>
    <include>
      <system value="http://tbd.at/moped-ext-altersgruppe"/>
      <concept>
        <code value="0"/>
        <display value="0 Jahre"/>
      </concept>
      <concept>
        <code value="1"/>
        <display value="1 bis 4 Jahre"/>
      </concept>
      <concept>
        <code value="5"/>
        <display value="5 bis 9 Jahre"/>
      </concept>
      <concept>
        <code value="10"/>
        <display value="10 bis 14 Jahre"/>
      </concept>
      <concept>
        <code value="15"/>
        <display value="15 bis 19 Jahre"/>
      </concept>
      <concept>
        <code value="20"/>
        <display value="20 bis 24 Jahre"/>
      </concept>
      <concept>
        <code value="25"/>
        <display value="25 bis 29 Jahre"/>
      </concept>
      <concept>
        <code value="30"/>
        <display value="30 bis 34 Jahre"/>
      </concept>
      <concept>
        <code value="35"/>
        <display value="35 bis 39 Jahre"/>
      </concept>
      <concept>
        <code value="40"/>
        <display value="40 bis 44 Jahre"/>
      </concept>
      <concept>
        <code value="45"/>
        <display value="45 bis 49 Jahre"/>
      </concept>
      <concept>
        <code value="50"/>
        <display value="50 bis 54 Jahre"/>
      </concept>
      <concept>
        <code value="55"/>
        <display value="55 bis 59 Jahre"/>
      </concept>
      <concept>
        <code value="60"/>
        <display value="60 bis 64 Jahre"/>
      </concept>
      <concept>
        <code value="65"/>
        <display value="65 bis 69 Jahre"/>
      </concept>
      <concept>
        <code value="70"/>
        <display value="70 bis 74 Jahre"/>
      </concept>
      <concept>
        <code value="75"/>
        <display value="75 bis 79 Jahre"/>
      </concept>
      <concept>
        <code value="80"/>
        <display value="80 bis 84 Jahre"/>
      </concept>
    </include>
  </compose>
</ValueSet>