<?xml version="1.0" encoding="UTF-8"?>

<Patient xmlns="http://hl7.org/fhir">
  <id value="AustrianPatientExample01"/>
  <meta>
    <profile value="http://hl7.at/fhir/4.0.1/HL7ATCoreProfiles/StructureDefinition/austrian-patient"/>
  </meta>
  <text>
    <status value="extensions"/><div xmlns="http://www.w3.org/1999/xhtml"><p><b>Generated Narrative</b></p><h3>Ids</h3><table class="grid"><tr><td>-</td></tr><tr><td>*</td></tr></table><h3>Meta</h3><table class="grid"><tr><td>-</td></tr><tr><td>*</td></tr></table><blockquote><p><b>Patient Religion</b></p><h3>Urls</h3><table class="grid"><tr><td>-</td></tr><tr><td>*</td></tr></table><p><b>value</b>: <span title="Codes: {urn:oid:2.16.840.1.113883.2.16.1.4.1 162}">Pastafarianismus</span></p></blockquote><blockquote><p><b>citizenship</b></p><h3>Urls</h3><table class="grid"><tr><td>-</td></tr><tr><td>*</td></tr></table><p><b>value</b>: <span title="Codes: {urn:oid:1.0.3166.1.2.3 AUT}">Österreich</span></p></blockquote><p><b>identifier</b>: Social Security Number: 1234010100, National unique individual identifier: GH:oeLdSEb0l+8kSdJWjOYyYmnYki0=</p><p><b>name</b>: Max Mustermann </p><p><b>telecom</b>: <a href="mailto:office@hl7.at">office@hl7.at</a>, <a href="tel:+436501234567890">+436501234567890</a></p><p><b>gender</b>: male</p><p><b>birthDate</b>: 1900-01-01</p><p><b>address</b>: Landstrasse 1 Stock 9 Tür 42 Linz Oberösterreich 4020 AUT (HOME)</p></div>
  </text>
  <extension url="http://hl7.at/fhir/4.0.1/HL7ATCoreProfiles/StructureDefinition/patientReligion">
    <extension url="code">
      <valueCodeableConcept>
        <coding>
          <system value="urn:oid:2.16.840.1.113883.2.16.1.4.1"/>
          <code value="162"/>
          <display value="Pastafarianismus"/>
        </coding>
      </valueCodeableConcept>
    </extension>
  </extension>
  <extension url="http://hl7.org/fhir/StructureDefinition/patient-citizenship">
    <extension url="code">
      <valueCodeableConcept>
        <coding>
          <system value="urn:oid:1.0.3166.1.2.3"/>
          <code value="AUT"/>
          <display value="&#xD6;sterreich"/>
        </coding>
      </valueCodeableConcept>
    </extension>
  </extension>
  <identifier>
    <type>
      <coding>
        <system value="http://terminology.hl7.org/CodeSystem/v2-0203"/>
        <code value="SS"/>
        <display value="Social Security Number"/>
      </coding>
    </type>
    <system value="urn:oid:1.2.40.0.10.1.4.3.1"/>
    <value value="1234010100"/>
    <assigner>
      <display value="Hauptverband der &#xF6;sterreichischen Sozialversicherungstr&#xE4;ger"/>
    </assigner>
  </identifier>
  <identifier>
    <type>
      <coding>
        <system value="http://terminology.hl7.org/CodeSystem/v2-0203"/>
        <code value="NI"/>
        <display value="National unique individual identifier"/>
      </coding>
    </type>
    <system value="urn:oid:1.2.40.0.10.2.1.1.149"/>
    <value value="GH:oeLdSEb0l+8kSdJWjOYyYmnYki0="/>
    <assigner>
      <display value="Bundesministerium f&#xFC;r Inneres"/>
    </assigner>
  </identifier>
  <name>
    <family value="Mustermann"/>
    <given value="Max"/>
    <prefix value="DI"/>
  </name>
  <telecom>
    <system value="email"/>
    <value value="office@hl7.at"/>
    <use value="work"/>
  </telecom>
  <telecom>
    <system value="phone"/>
    <value value="+436501234567890"/>
    <use value="home"/>
  </telecom>
  <gender value="male"/>
  <birthDate value="1900-01-01"/>
  <address>
    <use value="home"/>
    <type value="both"/>
    <line value="Landstrasse 1 Stock 9 T&#xFC;r 42">
      <extension url="http://hl7.org/fhir/StructureDefinition/iso21090-ADXP-streetName">
        <valueString value="Landstrasse"/>
      </extension>
      <extension url="http://hl7.org/fhir/StructureDefinition/iso21090-ADXP-houseNumber">
        <valueString value="1"/>
      </extension>
      <extension url="http://hl7.org/fhir/StructureDefinition/iso21090-ADXP-additionalLocator">
        <valueString value="Stock 9 T&#xFC;r 42"/>
      </extension>
    </line>
    <city value="Linz"/>
    <state value="Ober&#xF6;sterreich"/>
    <postalCode value="4020"/>
    <country value="AUT"/>
  </address>
</Patient>