{
  "resourceType" : "ValueSet",
  "id" : "KIOLAGenericQuestionnaires",
  "text" : {
    "status" : "generated",
    "div" : "<div xmlns=\"http://www.w3.org/1999/xhtml\"><ul><li>Include these codes as defined in <a href=\"CodeSystem-kiola-measurement-cs.html\"><code>https://fhir.ehealth-systems.at/kiola/measurement</code></a><table class=\"none\"><tr><td style=\"white-space:nowrap\"><b>Code</b></td><td><b>Display</b></td></tr><tr><td><a href=\"CodeSystem-kiola-measurement-cs.html#kiola-measurement-cs-MDC_DEV_SPEC_PROFILE_VND_AIT_GENERIC_QUESTIONNAIRE_0_V1\">MDC_DEV_SPEC_PROFILE_VND_AIT_GENERIC_QUESTIONNAIRE_0_V1</a></td><td style=\"color: #cccccc\">Generic Questionnaire 0 measurement</td></tr><tr><td><a href=\"CodeSystem-kiola-measurement-cs.html#kiola-measurement-cs-MDC_DEV_SPEC_PROFILE_VND_AIT_GENERIC_QUESTIONNAIRE_1_V1\">MDC_DEV_SPEC_PROFILE_VND_AIT_GENERIC_QUESTIONNAIRE_1_V1</a></td><td style=\"color: #cccccc\">Generic Questionnaire 1 measurement</td></tr><tr><td><a href=\"CodeSystem-kiola-measurement-cs.html#kiola-measurement-cs-MDC_DEV_SPEC_PROFILE_VND_AIT_GENERIC_QUESTIONNAIRE_2_V1\">MDC_DEV_SPEC_PROFILE_VND_AIT_GENERIC_QUESTIONNAIRE_2_V1</a></td><td style=\"color: #cccccc\">Generic Questionnaire 2 measurement</td></tr><tr><td><a href=\"CodeSystem-kiola-measurement-cs.html#kiola-measurement-cs-MDC_DEV_SPEC_PROFILE_VND_AIT_GENERIC_QUESTIONNAIRE_3_V1\">MDC_DEV_SPEC_PROFILE_VND_AIT_GENERIC_QUESTIONNAIRE_3_V1</a></td><td style=\"color: #cccccc\">Generic Questionnaire 3 measurement</td></tr><tr><td><a href=\"CodeSystem-kiola-measurement-cs.html#kiola-measurement-cs-MDC_DEV_SPEC_PROFILE_VND_AIT_GENERIC_QUESTIONNAIRE_4_V1\">MDC_DEV_SPEC_PROFILE_VND_AIT_GENERIC_QUESTIONNAIRE_4_V1</a></td><td style=\"color: #cccccc\">Generic Questionnaire 4 measurement</td></tr><tr><td><a href=\"CodeSystem-kiola-measurement-cs.html#kiola-measurement-cs-MDC_DEV_SPEC_PROFILE_VND_AIT_GENERIC_QUESTIONNAIRE_5_V1\">MDC_DEV_SPEC_PROFILE_VND_AIT_GENERIC_QUESTIONNAIRE_5_V1</a></td><td style=\"color: #cccccc\">Generic Questionnaire 5 measurement</td></tr><tr><td><a href=\"CodeSystem-kiola-measurement-cs.html#kiola-measurement-cs-MDC_DEV_SPEC_PROFILE_VND_AIT_GENERIC_QUESTIONNAIRE_6_V1\">MDC_DEV_SPEC_PROFILE_VND_AIT_GENERIC_QUESTIONNAIRE_6_V1</a></td><td style=\"color: #cccccc\">Generic Questionnaire 6 measurement</td></tr><tr><td><a href=\"CodeSystem-kiola-measurement-cs.html#kiola-measurement-cs-MDC_DEV_SPEC_PROFILE_VND_AIT_GENERIC_QUESTIONNAIRE_7_V1\">MDC_DEV_SPEC_PROFILE_VND_AIT_GENERIC_QUESTIONNAIRE_7_V1</a></td><td style=\"color: #cccccc\">Generic Questionnaire 7 measurement</td></tr><tr><td><a href=\"CodeSystem-kiola-measurement-cs.html#kiola-measurement-cs-MDC_DEV_SPEC_PROFILE_VND_AIT_GENERIC_QUESTIONNAIRE_8_V1\">MDC_DEV_SPEC_PROFILE_VND_AIT_GENERIC_QUESTIONNAIRE_8_V1</a></td><td style=\"color: #cccccc\">Generic Questionnaire 8 measurement</td></tr><tr><td><a href=\"CodeSystem-kiola-measurement-cs.html#kiola-measurement-cs-MDC_DEV_SPEC_PROFILE_VND_AIT_GENERIC_QUESTIONNAIRE_9_V1\">MDC_DEV_SPEC_PROFILE_VND_AIT_GENERIC_QUESTIONNAIRE_9_V1</a></td><td style=\"color: #cccccc\">Generic Questionnaire 9 measurement</td></tr></table></li></ul></div>"
  },
  "url" : "https://fhir.ehealth-systems.at/artifacts/ValueSet/KIOLAGenericQuestionnaires",
  "version" : "0.1.0",
  "name" : "KIOLAGenericQuestionnaires",
  "title" : "KIOLA Generic Questionnaires",
  "status" : "active",
  "date" : "2024-04-27T13:32:49+00:00",
  "contact" : [{
    "name" : "AIT Austrian Institute of Technology",
    "telecom" : [{
      "system" : "email",
      "value" : "mailto:office@ait.ac.at"
    }]
  }],
  "compose" : {
    "include" : [{
      "system" : "https://fhir.ehealth-systems.at/kiola/measurement",
      "concept" : [{
        "code" : "MDC_DEV_SPEC_PROFILE_VND_AIT_GENERIC_QUESTIONNAIRE_0_V1"
      },
      {
        "code" : "MDC_DEV_SPEC_PROFILE_VND_AIT_GENERIC_QUESTIONNAIRE_1_V1"
      },
      {
        "code" : "MDC_DEV_SPEC_PROFILE_VND_AIT_GENERIC_QUESTIONNAIRE_2_V1"
      },
      {
        "code" : "MDC_DEV_SPEC_PROFILE_VND_AIT_GENERIC_QUESTIONNAIRE_3_V1"
      },
      {
        "code" : "MDC_DEV_SPEC_PROFILE_VND_AIT_GENERIC_QUESTIONNAIRE_4_V1"
      },
      {
        "code" : "MDC_DEV_SPEC_PROFILE_VND_AIT_GENERIC_QUESTIONNAIRE_5_V1"
      },
      {
        "code" : "MDC_DEV_SPEC_PROFILE_VND_AIT_GENERIC_QUESTIONNAIRE_6_V1"
      },
      {
        "code" : "MDC_DEV_SPEC_PROFILE_VND_AIT_GENERIC_QUESTIONNAIRE_7_V1"
      },
      {
        "code" : "MDC_DEV_SPEC_PROFILE_VND_AIT_GENERIC_QUESTIONNAIRE_8_V1"
      },
      {
        "code" : "MDC_DEV_SPEC_PROFILE_VND_AIT_GENERIC_QUESTIONNAIRE_9_V1"
      }]
    }]
  }
}