<?xml version="1.0" encoding="UTF-8"?>

<Bundle xmlns="http://hl7.org/fhir">
  <id value="4eeb3b19-46c7-482f-b9f6-3a881af25c08"/>
  <meta>
    <lastUpdated value="2024-10-24T10:48:10.628+00:00"/>
  </meta>
  <type value="collection"/>
  <entry>
    <fullUrl value="http://example.org/ValueSet/moped-WorkflowStatus-valueset"/>
    <resource>
      <ValueSet>
        <text>
          <status value="generated"/>
          <div xmlns="http://www.w3.org/1999/xhtml">
            <p class="res-header-id">
              <b>Generated Narrative: ValueSet </b>
            </p>
            <p>This value set contains 0 concepts</p>
            <table class="codes">
              <tr>
                <td style="white-space:nowrap">
                  <b>Code</b>
                </td>
                <td>
                  <b>System</b>
                </td>
                <td>
                  <b>Display</b>
                </td>
              </tr>
            </table>
          </div>
        </text>
        <url value="http://example.org/ValueSet/moped-WorkflowStatus-valueset"/>
        <version value="0.1.0"/>
        <name value="WorkflowStatus"/>
        <title value="Workflow Status eines Falls"/>
        <status value="draft"/>
        <date value="2024-10-24T10:48:10+00:00"/>
        <expansion>
          <identifier value="urn:uuid:5ad90508-f56c-4370-aadb-122e62bc39b7"/>
          <timestamp value="2024-10-24T10:49:05+00:00"/>
          <total value="0"/>
          <offset value="0"/>
          <parameter>
            <name value="count"/>
            <valueInteger value="1000"/>
          </parameter>
          <parameter>
            <name value="offset"/>
            <valueInteger value="0"/>
          </parameter>
          <parameter>
            <name value="excludeNested"/>
            <valueBoolean value="false"/>
          </parameter>
        </expansion>
      </ValueSet>
    </resource>
  </entry>
</Bundle>