{"resourceType":"ImplementationGuide","id":"linkedcare.hl7.at","text":{"status":"extensions","div":"<div xmlns=\"http://www.w3.org/1999/xhtml\"><h2>LINCAIG</h2><p>The official URL for this implementation guide is: </p><pre>http://fhir.hl7.at/linkedcare/ImplementationGuide/linkedcare.hl7.at</pre><div><p>Implementation Guide for the Linked Care medication order process</p>\n</div></div>"},"url":"http://fhir.hl7.at/linkedcare/ImplementationGuide/linkedcare.hl7.at","version":"1.1.0","name":"LINCAIG","title":"Linked Care Implementation Guide","status":"draft","date":"2023-10-04T18:04:52+00:00","publisher":"technikum-wien-treml","contact":[{"name":"technikum-wien-treml","telecom":[{"system":"url","value":"https://www.technikum-wien.at"}]}],"description":"Implementation Guide for the Linked Care medication order process","packageId":"linkedcare.hl7.at","license":"CC0-1.0","fhirVersion":["5.0.0"],"dependsOn":[{"id":"hl7tx","extension":[{"url":"http://hl7.org/fhir/tools/StructureDefinition/implementationguide-dependency-comment","valueMarkdown":"Automatically added as a dependency - all IGs depend on HL7 Terminology"}],"uri":"http://terminology.hl7.org/ImplementationGuide/hl7.terminology","packageId":"hl7.terminology.r5","version":"5.3.0"},{"id":"hl7ext","extension":[{"url":"http://hl7.org/fhir/tools/StructureDefinition/implementationguide-dependency-comment","valueMarkdown":"Automatically added as a dependency - all IGs depend on the HL7 Extension Pack"}],"uri":"http://hl7.org/fhir/extensions/ImplementationGuide/hl7.fhir.uv.extensions","packageId":"hl7.fhir.uv.extensions.r5","version":"1.0.0"}],"definition":{"extension":[{"url":"http://hl7.org/fhir/tools/StructureDefinition/ig-internal-dependency","valueCode":"hl7.fhir.uv.tools#current"}],"grouping":[{"id":"-str-profile","name":"Structures: Resource Profiles","description":"These define constraints on FHIR resources for systems conforming to this implementation guide."},{"id":"-str-datatype","name":"Structures: Data Type Profiles","description":"These define constraints on FHIR data types for systems conforming to this implementation guide."},{"id":"-str-extension","name":"Structures: Extension Definitions","description":"These define constraints on FHIR data types for systems conforming to this implementation guide."},{"id":"-term-valueset","name":"Terminology: Value Sets","description":"These define sets of codes used by systems conforming to this implementation guide."},{"id":"-term-codesystem","name":"Terminology: Code Systems","description":"These define new code systems used by systems conforming to this implementation guide."},{"id":"-ex-example","name":"Example: Example Instances","description":"These are example instances that show what data produced and consumed by systems conforming with this implementation guide might look like."}],"resource":[{"extension":[{"url":"http://hl7.org/fhir/tools/StructureDefinition/resource-sort","valueInteger":999999999},{"url":"http://hl7.org/fhir/StructureDefinition/implementationguide-page","valueUri":"StructureDefinition-linca-medication.html"}],"reference":{"reference":"StructureDefinition/linca-medication"},"name":"ELGA complient Medication","description":"Profile restricbinding ting the medication code and doseForm to ELGA defined Sets","isExample":false,"groupingId":"-str-profile"},{"extension":[{"url":"http://hl7.org/fhir/tools/StructureDefinition/resource-sort","valueInteger":999999999},{"url":"http://hl7.org/fhir/StructureDefinition/implementationguide-page","valueUri":"StructureDefinition-at-core-patient.html"}],"reference":{"reference":"StructureDefinition/at-core-patient"},"name":"HL7® AT Core Patient Profile","description":"HL7® Austria FHIR® Core Profile for patient data in Austria.\nThe HL7® AT Core Patient is based upon the core FHIR® Patient Resource and designed to meet the applicable patient demographic data elements in Austria. It identifies which core elements, extensions, vocabularies and value sets SHALL be present in the resource when using this profile. Note, this extension represents the common structure of Patient information within Austrian information systems.","isExample":false,"groupingId":"-str-profile"},{"extension":[{"url":"http://hl7.org/fhir/tools/StructureDefinition/resource-sort","valueInteger":999999999},{"url":"http://hl7.org/fhir/StructureDefinition/implementationguide-page","valueUri":"StructureDefinition-at-core-valueset.html"}],"reference":{"reference":"StructureDefinition/at-core-valueset"},"name":"HL7® AT Core ValueSet Profile","description":"HL7® Austria FHIR® Core Profile for valuesets in Austria.\nThe HL7® AT Core ValueSet is based upon the core FHIR® ValueSet Resource and defines the use of the OID extension.","isExample":false,"groupingId":"-str-profile"},{"extension":[{"url":"http://hl7.org/fhir/tools/StructureDefinition/resource-sort","valueInteger":999999999},{"url":"http://hl7.org/fhir/StructureDefinition/implementationguide-page","valueUri":"StructureDefinition-linca-full-order-list.html"}],"reference":{"reference":"StructureDefinition/linca-full-order-list"},"name":"LINCA Order (LINCARequestOrchestration)","description":"The placer's software creates the RequestOrchestration when (re)ordering medication.","isExample":false,"groupingId":"-str-profile"},{"extension":[{"url":"http://hl7.org/fhir/tools/StructureDefinition/resource-sort","valueInteger":999999999},{"url":"http://hl7.org/fhir/StructureDefinition/implementationguide-page","valueUri":"StructureDefinition-linca-order-medication-request.html"}],"reference":{"reference":"StructureDefinition/linca-order-medication-request"},"name":"LINCA Order Item (LINCAOrderMedicationRequest)","description":"Individual order items created by the Linked Care system according to the contained items in the order. Send to practicioner for authorization.","isExample":false,"groupingId":"-str-profile"},{"extension":[{"url":"http://hl7.org/fhir/tools/StructureDefinition/resource-sort","valueInteger":999999999},{"url":"http://hl7.org/fhir/StructureDefinition/implementationguide-page","valueUri":"StructureDefinition-linca-dipsense-documentation.html"}],"reference":{"reference":"StructureDefinition/linca-dipsense-documentation"},"name":"Linked Care Dispense Profile","description":"Linked Care Dispense Profile","isExample":false,"groupingId":"-str-profile"},{"extension":[{"url":"http://hl7.org/fhir/tools/StructureDefinition/resource-sort","valueInteger":999999999},{"url":"http://hl7.org/fhir/StructureDefinition/implementationguide-page","valueUri":"StructureDefinition-linca-prescription-medication-request.html"}],"reference":{"reference":"StructureDefinition/linca-prescription-medication-request"},"name":"Prescription Medication Request","description":"Prescription send by practicioner software. Is always based on order but might differ due to changes.","isExample":false,"groupingId":"-str-profile"},{"extension":[{"url":"http://hl7.org/fhir/tools/StructureDefinition/resource-sort","valueInteger":999999999},{"url":"http://hl7.org/fhir/StructureDefinition/implementationguide-page","valueUri":"StructureDefinition-at-core-address.html"}],"reference":{"reference":"StructureDefinition/at-core-address"},"name":"HL7® AT Core Address Profile","description":"HL7® Austria FHIR® Core Profile for address data in Austria. Note, this extension represents the common structure of address information within Austrian information systems. This extension does not restrict the documented information to Austrian adresses. Address information that does not fit into the given structure may be captured by [Address Additional Information](StructureDefinition-at-core-ext-address-additionalInformation.html).","isExample":false,"groupingId":"-str-datatype"},{"extension":[{"url":"http://hl7.org/fhir/tools/StructureDefinition/resource-sort","valueInteger":999999999},{"url":"http://hl7.org/fhir/StructureDefinition/implementationguide-page","valueUri":"StructureDefinition-at-core-ext-address-additionalInformation.html"}],"reference":{"reference":"StructureDefinition/at-core-ext-address-additionalInformation"},"name":"Address Additional Information","description":"HL7® Austria FHIR® Core Extension for the additional information part of the Austrian address.","isExample":false,"groupingId":"-str-extension"},{"extension":[{"url":"http://hl7.org/fhir/tools/StructureDefinition/resource-sort","valueInteger":999999999},{"url":"http://hl7.org/fhir/StructureDefinition/implementationguide-page","valueUri":"StructureDefinition-at-core-ext-patient-religion.html"}],"reference":{"reference":"StructureDefinition/at-core-ext-patient-religion"},"name":"Patient Religion","description":"HL7® Austria FHIR® Core Extension for the religion (registered in Austria) of a patient.\nThe extension is used to encode the religious confession of a patient (only confessions registered in Austria). Furthermore, it uses the official [HL7 AT CodeSystem](https://termpub.gesundheit.gv.at:443/TermBrowser/gui/main/main.zul?loadType=CodeSystem&loadName=HL7 AT ReligionAustria) for religion and is therefore aligned with the ELGA ValueSet, respectively.","isExample":false,"groupingId":"-str-extension"},{"extension":[{"url":"http://hl7.org/fhir/tools/StructureDefinition/resource-sort","valueInteger":999999999},{"url":"http://hl7.org/fhir/StructureDefinition/implementationguide-page","valueUri":"StructureDefinition-at-core-ext-valueset-systemoid.html"}],"reference":{"reference":"StructureDefinition/at-core-ext-valueset-systemoid"},"name":"System OID","description":"HL7® Austria FHIR® Core Extension for the capturing of OID in ValueSets to reference the CodeSystem they come from.\nThe extension is used to document the OID of the system of a code referenced in a ValueSet, to align FHIR with the HL7 Austria CDA document guidelines.","isExample":false,"groupingId":"-str-extension"},{"extension":[{"url":"http://hl7.org/fhir/tools/StructureDefinition/resource-sort","valueInteger":999999999},{"url":"http://hl7.org/fhir/StructureDefinition/implementationguide-page","valueUri":"ValueSet-at-elga-vs-countryCodes.html"}],"reference":{"reference":"ValueSet/at-elga-vs-countryCodes"},"name":"ELGA Country Code Value Set","description":"Value Set for ISO 3166-1 alpha 3 used in ELGA. Also accessible on [Termpub - ValueSet - ELGA Ländercodes](https://termpub.gesundheit.gv.at:443/TermBrowser/gui/main/main.zul?loadType=ValueSet&loadName=ELGA_Laendercodes).","isExample":false,"groupingId":"-term-valueset"},{"extension":[{"url":"http://hl7.org/fhir/tools/StructureDefinition/resource-sort","valueInteger":999999999},{"url":"http://hl7.org/fhir/StructureDefinition/implementationguide-page","valueUri":"ValueSet-at-elga-vs-religion.html"}],"reference":{"reference":"ValueSet/at-elga-vs-religion"},"name":"ELGA Religion Value Set","description":"Set of religious affiliations to be used in ELGA. It is preferred to use entries of the first level hierachy (1-L). Also accessible on [Termpub - ValueSet - ELGA ReligiousAffiliation](https://termpub.gesundheit.gv.at:443/TermBrowser/gui/main/main.zul?loadType=ValueSet&loadName=ELGA_ReligiousAffiliation).","isExample":false,"groupingId":"-term-valueset"},{"extension":[{"url":"http://hl7.org/fhir/tools/StructureDefinition/resource-sort","valueInteger":999999999},{"url":"http://hl7.org/fhir/StructureDefinition/implementationguide-page","valueUri":"CodeSystem-at-core-cs-religion.html"}],"reference":{"reference":"CodeSystem/at-core-cs-religion"},"name":"HL7 AT Core Religion Code System","description":"Code system for the religions and faith communities in Austria. Also accessible on [Termpub - CodeSystem - HL7 AT ReligionAustria](https://termpub.gesundheit.gv.at:443/TermBrowser/gui/main/main.zul?loadType=CodeSystem&loadName=HL7.AT:ReligionAustria).","isExample":false,"groupingId":"-term-codesystem"},{"extension":[{"url":"http://hl7.org/fhir/tools/StructureDefinition/resource-sort","valueInteger":999999999},{"url":"http://hl7.org/fhir/StructureDefinition/implementationguide-page","valueUri":"CodeSystem-at-core-cs-iso-3166-1-alpha-3.html"}],"reference":{"reference":"CodeSystem/at-core-cs-iso-3166-1-alpha-3"},"name":"HL7® AT® Core ISO 3166-1 alpha 3 Code System","description":"ISO code system for country codes with 3 letters. Also accessible on [Termpub - CodeSystem - ISO 3166-1 alpha 3](https://termpub.gesundheit.gv.at/TermBrowser/gui/main/main.zul?loadType=CodeSystem&loadName=ISO%203166-1%20alpha%203%202016).","isExample":false,"groupingId":"-term-codesystem"},{"extension":[{"url":"http://hl7.org/fhir/tools/StructureDefinition/resource-sort","valueInteger":999999999},{"url":"http://hl7.org/fhir/StructureDefinition/implementationguide-page","valueUri":"Practitioner-ExamplePractitioner-01.html"}],"reference":{"reference":"Practitioner/ExamplePractitioner-01"},"name":"ExamplePractitioner-01","isExample":true,"groupingId":"-ex-example"},{"extension":[{"url":"http://hl7.org/fhir/tools/StructureDefinition/resource-sort","valueInteger":999999999},{"url":"http://hl7.org/fhir/StructureDefinition/implementationguide-page","valueUri":"Patient-Patient-01.html"}],"reference":{"reference":"Patient/Patient-01"},"name":"Patient-01","profile":["http://fhir.hl7.at/linkedcare/StructureDefinition/at-core-patient"],"groupingId":"-ex-example"},{"extension":[{"url":"http://hl7.org/fhir/tools/StructureDefinition/resource-sort","valueInteger":999999999},{"url":"http://hl7.org/fhir/StructureDefinition/implementationguide-page","valueUri":"Patient-Patient-02.html"}],"reference":{"reference":"Patient/Patient-02"},"name":"Patient-02","profile":["http://fhir.hl7.at/linkedcare/StructureDefinition/at-core-patient"],"groupingId":"-ex-example"},{"extension":[{"url":"http://hl7.org/fhir/tools/StructureDefinition/resource-sort","valueInteger":999999999},{"url":"http://hl7.org/fhir/StructureDefinition/implementationguide-page","valueUri":"Patient-Patient-03.html"}],"reference":{"reference":"Patient/Patient-03"},"name":"Patient-03","profile":["http://fhir.hl7.at/linkedcare/StructureDefinition/at-core-patient"],"groupingId":"-ex-example"},{"extension":[{"url":"http://hl7.org/fhir/tools/StructureDefinition/resource-sort","valueInteger":999999999},{"url":"http://hl7.org/fhir/StructureDefinition/implementationguide-page","valueUri":"Patient-Patient-04.html"}],"reference":{"reference":"Patient/Patient-04"},"name":"Patient-04","profile":["http://fhir.hl7.at/linkedcare/StructureDefinition/at-core-patient"],"groupingId":"-ex-example"},{"extension":[{"url":"http://hl7.org/fhir/tools/StructureDefinition/resource-sort","valueInteger":999999999},{"url":"http://hl7.org/fhir/StructureDefinition/implementationguide-page","valueUri":"RequestOrchestration-RequestOrchestrationExample.html"}],"reference":{"reference":"RequestOrchestration/RequestOrchestrationExample"},"name":"RequestOrchestrationExample","isExample":true,"groupingId":"-ex-example"},{"extension":[{"url":"http://hl7.org/fhir/tools/StructureDefinition/resource-sort","valueInteger":999999999},{"url":"http://hl7.org/fhir/StructureDefinition/implementationguide-page","valueUri":"MedicationDispense-temp-dispense-ex.html"}],"reference":{"reference":"MedicationDispense/temp-dispense-ex"},"name":"temp-dispense-ex","profile":["http://fhir.hl7.at/linkedcare/StructureDefinition/linca-dipsense-documentation"],"groupingId":"-ex-example"},{"extension":[{"url":"http://hl7.org/fhir/tools/StructureDefinition/resource-sort","valueInteger":999999999},{"url":"http://hl7.org/fhir/StructureDefinition/implementationguide-page","valueUri":"MedicationRequest-linca-order-item-007.html"}],"reference":{"reference":"MedicationRequest/linca-order-item-007"},"name":"temp-medreq-ex","profile":["http://fhir.hl7.at/linkedcare/StructureDefinition/linca-order-medication-request"],"groupingId":"-ex-example"},{"extension":[{"url":"http://hl7.org/fhir/tools/StructureDefinition/resource-sort","valueInteger":999999999},{"url":"http://hl7.org/fhir/StructureDefinition/implementationguide-page","valueUri":"MedicationRequest-temp-presc-ex.html"}],"reference":{"reference":"MedicationRequest/temp-presc-ex"},"name":"temp-presc-ex","profile":["http://fhir.hl7.at/linkedcare/StructureDefinition/linca-prescription-medication-request"],"groupingId":"-ex-example"}],"page":{"sourceUrl":"toc.html","name":"toc.html","title":"Table of Contents","generation":"html","page":[{"sourceUrl":"index.html","name":"index.html","title":"Home","generation":"markdown"},{"sourceUrl":"technical_information.html","name":"technical_information.html","title":"Technical Information","generation":"markdown"},{"sourceUrl":"usage.html","name":"usage.html","title":"Usage","generation":"markdown"},{"sourceUrl":"user_stories.html","name":"user_stories.html","title":"User Stories","generation":"markdown"},{"sourceUrl":"artifacts.html","name":"artifacts.html","title":"Artifacts Summary","generation":"html","page":[{"sourceUrl":"StructureDefinition-linca-medication.html","name":"StructureDefinition-linca-medication.html","title":"ELGA complient Medication","generation":"generated"},{"sourceUrl":"StructureDefinition-at-core-patient.html","name":"StructureDefinition-at-core-patient.html","title":"HL7® AT Core Patient Profile","generation":"generated"},{"sourceUrl":"StructureDefinition-at-core-valueset.html","name":"StructureDefinition-at-core-valueset.html","title":"HL7® AT Core ValueSet Profile","generation":"generated"},{"sourceUrl":"StructureDefinition-linca-full-order-list.html","name":"StructureDefinition-linca-full-order-list.html","title":"LINCA Order (LINCARequestOrchestration)","generation":"generated"},{"sourceUrl":"StructureDefinition-linca-order-medication-request.html","name":"StructureDefinition-linca-order-medication-request.html","title":"LINCA Order Item (LINCAOrderMedicationRequest)","generation":"generated"},{"sourceUrl":"StructureDefinition-linca-dipsense-documentation.html","name":"StructureDefinition-linca-dipsense-documentation.html","title":"Linked Care Dispense Profile","generation":"generated"},{"sourceUrl":"StructureDefinition-linca-prescription-medication-request.html","name":"StructureDefinition-linca-prescription-medication-request.html","title":"Prescription Medication Request","generation":"generated"},{"sourceUrl":"StructureDefinition-at-core-address.html","name":"StructureDefinition-at-core-address.html","title":"HL7® AT Core Address Profile","generation":"generated"},{"sourceUrl":"StructureDefinition-at-core-ext-address-additionalInformation.html","name":"StructureDefinition-at-core-ext-address-additionalInformation.html","title":"Address Additional Information","generation":"generated"},{"sourceUrl":"StructureDefinition-at-core-ext-patient-religion.html","name":"StructureDefinition-at-core-ext-patient-religion.html","title":"Patient Religion","generation":"generated"},{"sourceUrl":"StructureDefinition-at-core-ext-valueset-systemoid.html","name":"StructureDefinition-at-core-ext-valueset-systemoid.html","title":"System OID","generation":"generated"},{"sourceUrl":"ValueSet-at-elga-vs-countryCodes.html","name":"ValueSet-at-elga-vs-countryCodes.html","title":"ELGA Country Code Value Set","generation":"generated"},{"sourceUrl":"ValueSet-at-elga-vs-religion.html","name":"ValueSet-at-elga-vs-religion.html","title":"ELGA Religion Value Set","generation":"generated"},{"sourceUrl":"CodeSystem-at-core-cs-religion.html","name":"CodeSystem-at-core-cs-religion.html","title":"HL7 AT Core Religion Code System","generation":"generated"},{"sourceUrl":"CodeSystem-at-core-cs-iso-3166-1-alpha-3.html","name":"CodeSystem-at-core-cs-iso-3166-1-alpha-3.html","title":"HL7® AT® Core ISO 3166-1 alpha 3 Code System","generation":"generated"},{"sourceUrl":"Practitioner-ExamplePractitioner-01.html","name":"Practitioner-ExamplePractitioner-01.html","title":"ExamplePractitioner-01","generation":"generated"},{"sourceUrl":"Patient-Patient-01.html","name":"Patient-Patient-01.html","title":"Patient-01","generation":"generated"},{"sourceUrl":"Patient-Patient-02.html","name":"Patient-Patient-02.html","title":"Patient-02","generation":"generated"},{"sourceUrl":"Patient-Patient-03.html","name":"Patient-Patient-03.html","title":"Patient-03","generation":"generated"},{"sourceUrl":"Patient-Patient-04.html","name":"Patient-Patient-04.html","title":"Patient-04","generation":"generated"},{"sourceUrl":"RequestOrchestration-RequestOrchestrationExample.html","name":"RequestOrchestration-RequestOrchestrationExample.html","title":"RequestOrchestrationExample","generation":"generated"},{"sourceUrl":"MedicationDispense-temp-dispense-ex.html","name":"MedicationDispense-temp-dispense-ex.html","title":"temp-dispense-ex","generation":"generated"},{"sourceUrl":"MedicationRequest-linca-order-item-007.html","name":"MedicationRequest-linca-order-item-007.html","title":"temp-medreq-ex","generation":"generated"},{"sourceUrl":"MedicationRequest-temp-presc-ex.html","name":"MedicationRequest-temp-presc-ex.html","title":"temp-presc-ex","generation":"generated"}]}]},"parameter":[{"code":{"system":"http://hl7.org/fhir/tools/CodeSystem/ig-parameters","code":"copyrightyear"},"value":"2023+"},{"code":{"system":"http://hl7.org/fhir/tools/CodeSystem/ig-parameters","code":"releaselabel"},"value":"ci-build"},{"code":{"system":"http://hl7.org/fhir/tools/CodeSystem/ig-parameters","code":"autoload-resources"},"value":"true"},{"code":{"system":"http://hl7.org/fhir/guide-parameter-code","code":"path-resource"},"value":"input/capabilities"},{"code":{"system":"http://hl7.org/fhir/guide-parameter-code","code":"path-resource"},"value":"input/examples"},{"code":{"system":"http://hl7.org/fhir/guide-parameter-code","code":"path-resource"},"value":"input/extensions"},{"code":{"system":"http://hl7.org/fhir/guide-parameter-code","code":"path-resource"},"value":"input/models"},{"code":{"system":"http://hl7.org/fhir/guide-parameter-code","code":"path-resource"},"value":"input/operations"},{"code":{"system":"http://hl7.org/fhir/guide-parameter-code","code":"path-resource"},"value":"input/profiles"},{"code":{"system":"http://hl7.org/fhir/guide-parameter-code","code":"path-resource"},"value":"input/resources"},{"code":{"system":"http://hl7.org/fhir/guide-parameter-code","code":"path-resource"},"value":"input/vocabulary"},{"code":{"system":"http://hl7.org/fhir/guide-parameter-code","code":"path-resource"},"value":"input/maps"},{"code":{"system":"http://hl7.org/fhir/guide-parameter-code","code":"path-resource"},"value":"input/testing"},{"code":{"system":"http://hl7.org/fhir/guide-parameter-code","code":"path-resource"},"value":"input/history"},{"code":{"system":"http://hl7.org/fhir/guide-parameter-code","code":"path-resource"},"value":"fsh-generated/resources"},{"code":{"system":"http://hl7.org/fhir/guide-parameter-code","code":"path-pages"},"value":"template/config"},{"code":{"system":"http://hl7.org/fhir/guide-parameter-code","code":"path-pages"},"value":"input/images"},{"code":{"system":"http://hl7.org/fhir/tools/CodeSystem/ig-parameters","code":"path-liquid"},"value":"template/liquid"},{"code":{"system":"http://hl7.org/fhir/tools/CodeSystem/ig-parameters","code":"path-liquid"},"value":"input/liquid"},{"code":{"system":"http://hl7.org/fhir/tools/CodeSystem/ig-parameters","code":"path-qa"},"value":"temp/qa"},{"code":{"system":"http://hl7.org/fhir/tools/CodeSystem/ig-parameters","code":"path-temp"},"value":"temp/pages"},{"code":{"system":"http://hl7.org/fhir/tools/CodeSystem/ig-parameters","code":"path-output"},"value":"output"},{"code":{"system":"http://hl7.org/fhir/guide-parameter-code","code":"path-tx-cache"},"value":"input-cache/txcache"},{"code":{"system":"http://hl7.org/fhir/tools/CodeSystem/ig-parameters","code":"path-suppressed-warnings"},"value":"input/ignoreWarnings.txt"},{"code":{"system":"http://hl7.org/fhir/tools/CodeSystem/ig-parameters","code":"path-history"},"value":"http://fhir.hl7.at/linkedcare/history.html"},{"code":{"system":"http://hl7.org/fhir/tools/CodeSystem/ig-parameters","code":"template-html"},"value":"template-page.html"},{"code":{"system":"http://hl7.org/fhir/tools/CodeSystem/ig-parameters","code":"template-md"},"value":"template-page-md.html"},{"code":{"system":"http://hl7.org/fhir/tools/CodeSystem/ig-parameters","code":"apply-contact"},"value":"true"},{"code":{"system":"http://hl7.org/fhir/tools/CodeSystem/ig-parameters","code":"apply-context"},"value":"true"},{"code":{"system":"http://hl7.org/fhir/tools/CodeSystem/ig-parameters","code":"apply-copyright"},"value":"true"},{"code":{"system":"http://hl7.org/fhir/tools/CodeSystem/ig-parameters","code":"apply-jurisdiction"},"value":"true"},{"code":{"system":"http://hl7.org/fhir/tools/CodeSystem/ig-parameters","code":"apply-license"},"value":"true"},{"code":{"system":"http://hl7.org/fhir/tools/CodeSystem/ig-parameters","code":"apply-publisher"},"value":"true"},{"code":{"system":"http://hl7.org/fhir/tools/CodeSystem/ig-parameters","code":"apply-version"},"value":"true"},{"code":{"system":"http://hl7.org/fhir/tools/CodeSystem/ig-parameters","code":"apply-wg"},"value":"true"},{"code":{"system":"http://hl7.org/fhir/tools/CodeSystem/ig-parameters","code":"active-tables"},"value":"true"},{"code":{"system":"http://hl7.org/fhir/tools/CodeSystem/ig-parameters","code":"fmm-definition"},"value":"http://hl7.org/fhir/versions.html#maturity"},{"code":{"system":"http://hl7.org/fhir/tools/CodeSystem/ig-parameters","code":"propagate-status"},"value":"true"},{"code":{"system":"http://hl7.org/fhir/tools/CodeSystem/ig-parameters","code":"excludelogbinaryformat"},"value":"true"},{"code":{"system":"http://hl7.org/fhir/tools/CodeSystem/ig-parameters","code":"tabbed-snapshots"},"value":"true"}]}}