{"resourceType":"ValueSet","id":"moped-ursache-valueset","text":{"status":"generated","div":"<div xmlns=\"http://www.w3.org/1999/xhtml\"><p class=\"res-header-id\"><b>Generated Narrative: ValueSet moped-ursache-valueset</b></p><a name=\"moped-ursache-valueset\"> </a><a name=\"hcmoped-ursache-valueset\"> </a><a name=\"moped-ursache-valueset-en-US\"> </a><ul><li>Include these codes as defined in <code>http://tbd.at/MOPED-encounter-ursache</code><table class=\"none\"><tr><td style=\"white-space:nowrap\"><b>Code</b></td><td><b>Display</b></td></tr><tr><td>00</td><td>Überweisung</td></tr><tr><td>01</td><td>Arbeitsunfall oder Berufskrankheit</td></tr><tr><td>02</td><td>Wehrdienstbeschädigung</td></tr><tr><td>03</td><td>Strom/Blitz</td></tr><tr><td>04</td><td>Beschädigung nach dem KOVG, HVB, etc.</td></tr><tr><td>05</td><td>Raufhandel</td></tr><tr><td>06</td><td>Trunkenheit</td></tr><tr><td>07</td><td>Arbeitsunfall in der Land- und Forstwirtschaft</td></tr><tr><td>08</td><td>Verkehrsunfall</td></tr><tr><td>09</td><td>Erste Hilfe</td></tr><tr><td>10</td><td>Mutter-Kind-Pass-Untersuchung</td></tr><tr><td>11</td><td>Mutter-Kind-Pass-Untersuchung für Nichtversicherte</td></tr><tr><td>12</td><td>Behandlung in Folge einer Schwangerschaft</td></tr><tr><td>13</td><td>Gesundenuntersuchung</td></tr><tr><td>14</td><td>Vergewaltigung</td></tr><tr><td>15</td><td>Verbrennung</td></tr><tr><td>16</td><td>Tierbiss</td></tr><tr><td>17</td><td>Routineuntersuchung Neugeborenes</td></tr><tr><td>19</td><td>Telemedizinische Leistungen</td></tr><tr><td>30</td><td>Nachbehandlung nach stationärer Pflege in einer Anstalt</td></tr><tr><td>32</td><td>Prästationäre Untersuchung/Behandlung vor stationärer Anstaltspflege</td></tr><tr><td>35</td><td>Nichtanwesenheit des Patienten in der Ambulanz (Laborprobe, Untersuchung einer Gewebeprobe)</td></tr><tr><td>40</td><td>ambulante Chemotherapie</td></tr><tr><td>45</td><td>Diabetesbehandlung im Rahmen von Therapie Aktiv</td></tr><tr><td>50</td><td>Dialyse</td></tr><tr><td>60</td><td>Spende von Körperteilen</td></tr><tr><td>70</td><td>Anzeigepflichtige übertragbare Krankheit (meldepflichtige Diagnose)</td></tr><tr><td>80</td><td>Humangenetische Untersuchung</td></tr><tr><td>99</td><td>Sonstige Ursache</td></tr></table></li></ul></div>"},"url":"http://example.org/ValueSet/moped-ursache-valueset","version":"0.1.0","name":"UrsacheValueSet","title":"Ursache für Behandlung","status":"draft","date":"2024-09-26T08:17:16+00:00","publisher":"Example Publisher","contact":[{"name":"Example Publisher","telecom":[{"system":"url","value":"http://example.org/example-publisher"}]}],"description":"ValueSet für die Ursache der Behandlung laut Ka-Org","compose":{"include":[{"system":"http://tbd.at/MOPED-encounter-ursache","concept":[{"code":"00","display":"Überweisung"},{"code":"01","display":"Arbeitsunfall oder Berufskrankheit"},{"code":"02","display":"Wehrdienstbeschädigung"},{"code":"03","display":"Strom/Blitz"},{"code":"04","display":"Beschädigung nach dem KOVG, HVB, etc."},{"code":"05","display":"Raufhandel"},{"code":"06","display":"Trunkenheit"},{"code":"07","display":"Arbeitsunfall in der Land- und Forstwirtschaft"},{"code":"08","display":"Verkehrsunfall"},{"code":"09","display":"Erste Hilfe"},{"code":"10","display":"Mutter-Kind-Pass-Untersuchung"},{"code":"11","display":"Mutter-Kind-Pass-Untersuchung für Nichtversicherte"},{"code":"12","display":"Behandlung in Folge einer Schwangerschaft"},{"code":"13","display":"Gesundenuntersuchung"},{"code":"14","display":"Vergewaltigung"},{"code":"15","display":"Verbrennung"},{"code":"16","display":"Tierbiss"},{"code":"17","display":"Routineuntersuchung Neugeborenes"},{"code":"19","display":"Telemedizinische Leistungen"},{"code":"30","display":"Nachbehandlung nach stationärer Pflege in einer Anstalt"},{"code":"32","display":"Prästationäre Untersuchung/Behandlung vor stationärer Anstaltspflege"},{"code":"35","display":"Nichtanwesenheit des Patienten in der Ambulanz (Laborprobe, Untersuchung einer Gewebeprobe)"},{"code":"40","display":"ambulante Chemotherapie"},{"code":"45","display":"Diabetesbehandlung im Rahmen von Therapie Aktiv"},{"code":"50","display":"Dialyse"},{"code":"60","display":"Spende von Körperteilen"},{"code":"70","display":"Anzeigepflichtige übertragbare Krankheit (meldepflichtige Diagnose)"},{"code":"80","display":"Humangenetische Untersuchung"},{"code":"99","display":"Sonstige Ursache"}]}]}}