Source File	Size	loadResources	load	generateSnapshots	load-configure	scan	loadDepInfo	loadInfo	checkR4R4B	generateNarratives	validate	loadLists	checkConformanceResources	checkConformanceResources2	checkConformanceResources3	generateLogicalMaps	validateExpressions	scanForUsageStats	checkURLsUnique	processProvenanceDetails	generate1	generate2	responsesForQuestionnaire	generateLogicals	makeDependencies	generateExampleZip	generateValidationPack	scanProfilesForR5	scanExamplesForR5
/fsh-generated/resources/ImplementationGuide-elga.moped.json	80897	-	0	0	0	0	0	0	22	55	0	0	0	0	0	0	0	2	0	0	204	294	0	0	0	0	8	0	2
fsh-generated/resources/Claim-PJ1LKFRequest1.json	5349	19	0	0	0	0	0	0	2	299	0	0	0	0	0	0	0	1	0	0	22	25	0	0	0	1	0	0	0
fsh-generated/resources/Claim-PJ1VAERequest1.json	2477	21	0	0	0	0	0	0	0	284	0	0	0	0	0	0	0	0	0	0	14	12	0	0	0	0	0	0	0
fsh-generated/resources/Claim-PJ2LKFRequest1.json	6073	12	0	0	1	0	0	0	0	18	0	0	0	0	0	0	0	0	0	0	21	20	0	0	0	0	0	0	0
fsh-generated/resources/Claim-PJ2VAERequest1.json	2473	8	0	0	0	0	0	0	0	10	0	0	0	0	0	0	0	0	0	0	13	12	0	0	0	0	0	0	0
fsh-generated/resources/ClaimResponse-PJ1LKFResponse1.json	1105	8	0	0	0	0	0	0	0	6	0	0	0	0	0	0	0	0	0	0	10	10	0	0	0	0	0	0	0
fsh-generated/resources/ClaimResponse-PJ1VAEResponse1.json	2998	8	0	0	0	0	0	0	1	6	0	0	0	0	0	0	0	0	0	0	13	10	0	0	0	0	0	0	0
fsh-generated/resources/ClaimResponse-PJ2LKFResponse1.json	1105	7	0	0	0	0	0	0	0	4	0	0	0	0	0	0	0	0	0	0	11	10	0	0	0	0	0	0	0
fsh-generated/resources/ClaimResponse-PJ2VAEResponse1.json	2961	7	0	0	0	0	0	0	0	5	0	0	0	0	0	0	0	0	0	0	13	12	0	0	0	0	0	0	0
fsh-generated/resources/CodeSystem-AbgangsartCS.json	671	6	0	0	1	0	1	0	0	6	0	0	1	0	0	0	0	0	0	0	8	558	0	0	0	0	0	0	0
fsh-generated/resources/CodeSystem-AbrechnungsRelevanzCS.json	840	6	0	0	0	0	0	0	0	4	0	0	0	0	0	0	0	0	0	0	8	48	0	0	0	0	1	0	0
fsh-generated/resources/CodeSystem-AbrechnungsartAuslaenderverrechnungCS.json	754	5	0	0	0	0	0	0	0	4	0	0	0	0	0	0	0	0	0	0	12	43	0	0	0	0	0	0	0
fsh-generated/resources/CodeSystem-AltersgruppeCS.json	1804	7	0	0	0	0	0	0	1	4	0	0	0	0	0	0	0	0	0	0	15	51	0	0	0	0	0	0	0
fsh-generated/resources/CodeSystem-AnwesenheitsartCS.json	521	5	0	0	0	0	0	0	0	3	0	0	0	0	0	0	0	0	0	0	11	36	0	0	0	0	0	0	0
fsh-generated/resources/CodeSystem-Aufnahmeart2CS.json	990	6	0	0	0	0	0	0	0	4	0	0	0	0	0	0	0	0	0	0	13	61	0	0	0	0	0	0	0
fsh-generated/resources/CodeSystem-AufnahmeartCS.json	2966	6	0	0	0	0	0	0	0	4	0	0	0	0	0	0	0	0	0	0	20	48	0	0	0	0	1	0	0
fsh-generated/resources/CodeSystem-BehandlungsartCS.json	568	6	0	0	0	0	0	0	0	4	0	0	0	0	0	0	0	0	0	0	11	35	0	0	0	0	0	0	0
fsh-generated/resources/CodeSystem-ClaimSupportingInformationCategoryCS.json	1177	6	0	0	0	0	0	0	0	4	0	0	0	0	0	0	0	0	0	0	14	34	0	0	0	0	0	0	0
fsh-generated/resources/CodeSystem-CompositionSectionsCS.json	1707	6	0	0	0	0	0	0	0	5	0	0	0	0	0	0	0	0	0	0	11	36	0	0	0	0	0	0	0
fsh-generated/resources/CodeSystem-EWCodes2025CS.json	93012	31	0	0	1	0	0	0	8	80	0	0	0	0	0	0	0	1	0	0	282	267	0	0	0	0	19	0	1
fsh-generated/resources/CodeSystem-EntlassungsartCS.json	3230	7	0	0	0	0	0	0	1	8	0	0	0	0	0	0	0	0	0	0	21	34	0	0	0	0	0	0	0
fsh-generated/resources/CodeSystem-FondsrelevanzCS.json	903	6	0	0	0	0	0	0	0	5	0	0	0	0	0	0	0	0	0	0	14	25	0	0	0	0	0	0	0
fsh-generated/resources/CodeSystem-KostenmeldungARKCS.json	609	6	0	0	1	0	0	0	0	5	0	0	0	0	0	0	0	0	0	0	9	24	0	0	0	0	0	0	0
fsh-generated/resources/CodeSystem-LKFAbrechnungsKnotenCS.json	804	6	0	0	0	0	0	0	1	5	0	0	1	0	0	0	0	0	0	0	8	28	0	0	0	0	0	0	0
fsh-generated/resources/CodeSystem-LKFHauptdiagnosegruppenCS.json	21132	12	0	0	0	0	0	0	3	15	0	0	0	0	0	0	0	0	0	0	67	94	0	0	0	0	6	0	0
fsh-generated/resources/CodeSystem-LKFmedizinischeEinzelleistungenCS.json	21147	13	0	0	0	0	0	0	3	12	0	0	0	0	0	0	0	0	0	0	69	83	0	0	0	0	6	0	0
fsh-generated/resources/CodeSystem-MopedClaimItemCategoryCS.json	1352	6	0	0	0	0	0	0	0	4	0	0	0	0	0	0	0	0	0	0	11	26	0	0	0	0	0	0	0
fsh-generated/resources/CodeSystem-MopedEncounterTypesCS.json	767	5	0	0	0	0	0	0	0	3	0	0	0	0	0	0	0	0	0	0	13	24	0	0	0	0	0	0	0
fsh-generated/resources/CodeSystem-MopedPaymentTypesCS.json	469	6	0	0	0	0	0	0	0	3	0	0	0	0	0	0	0	0	0	0	9	23	0	0	0	0	0	0	0
fsh-generated/resources/CodeSystem-SonderklasseCS.json	513	6	0	0	0	0	0	0	0	3	0	0	0	0	0	0	0	0	0	0	11	23	0	0	0	0	0	0	0
fsh-generated/resources/CodeSystem-SpezielleOrganisationsformCS.json	1778	6	0	0	1	0	0	0	0	3	0	0	0	0	0	0	0	0	0	0	12	27	0	0	0	0	1	0	0
fsh-generated/resources/CodeSystem-TransportartCS.json	856	6	0	0	0	0	0	0	0	3	0	0	0	0	0	0	0	0	0	0	13	23	0	0	0	0	0	0	0
fsh-generated/resources/CodeSystem-UrsacheCS.json	2788	7	0	0	0	0	0	0	1	3	0	0	0	0	0	0	0	0	0	0	14	30	0	0	0	0	0	0	0
fsh-generated/resources/CodeSystem-VAEStatusCS.json	2696	6	0	0	0	0	0	0	0	4	0	0	0	0	0	0	0	0	0	0	14	30	0	0	0	0	1	0	0
fsh-generated/resources/CodeSystem-VerdachtArbeitsSchuelerunfallCS.json	775	6	0	0	0	0	0	0	0	2	0	0	0	0	0	0	0	0	0	0	8	26	0	0	0	0	0	0	0
fsh-generated/resources/CodeSystem-VerpflegskostenBeitragsbefreiungCS.json	1030	6	0	0	0	0	0	0	0	3	0	0	0	0	0	0	0	0	0	0	9	24	0	0	0	0	0	0	0
fsh-generated/resources/CodeSystem-WorkflowStatusCS.json	1441	6	0	0	1	0	0	0	0	3	0	0	0	0	0	0	0	0	0	0	10	27	0	0	0	0	0	0	0
fsh-generated/resources/CodeSystem-ZahlungskennzeichenAuslaenderverrechnungCS.json	1195	6	0	0	0	0	0	0	0	4	0	0	0	0	0	0	0	0	0	0	10	26	0	0	0	0	0	0	0
fsh-generated/resources/CodeSystem-ZahlungskennzeichenRegressCS.json	741	6	0	0	0	0	0	0	1	3	0	0	0	0	0	0	0	0	0	0	8	26	0	0	0	0	1	0	0
fsh-generated/resources/Composition-PJ1CompositionAufnehmen.json	2612	9	0	0	0	0	0	0	0	180	0	0	0	0	0	0	0	0	0	0	11	24	0	0	0	0	0	0	0
fsh-generated/resources/Condition-PJ1Condition1.json	1458	8	0	0	0	0	0	0	0	202	0	0	0	0	0	0	0	0	0	0	9	14	0	0	0	0	0	0	0
fsh-generated/resources/Condition-PJ2Condition1.json	1496	5	0	0	0	0	0	0	0	204	0	0	0	0	0	0	0	0	0	0	19	16	0	0	0	0	0	0	0
fsh-generated/resources/Condition-PJ2Condition2.json	1321	4	0	0	0	0	0	0	0	168	0	0	0	0	0	0	0	0	0	0	9	14	0	0	0	0	0	0	0
fsh-generated/resources/Coverage-PJ1Coverage.json	940	4	0	0	0	0	0	0	0	3	0	0	0	0	0	0	0	0	0	0	9	13	0	0	0	0	0	0	0
fsh-generated/resources/Coverage-PJ2Coverage.json	936	4	0	0	0	0	0	0	0	2	0	0	0	0	0	0	0	0	0	0	8	14	0	0	0	0	0	0	0
fsh-generated/resources/Encounter-PJ1Encounter.json	2987	6	0	0	0	0	0	0	0	4	0	0	0	0	0	0	0	0	0	0	12	15	0	0	0	0	0	0	0
fsh-generated/resources/Encounter-PJ1EncounterAufnahme.json	2778	3	0	0	0	0	0	0	1	3	0	0	0	0	0	0	0	0	0	0	11	17	0	0	0	0	0	0	0
fsh-generated/resources/Encounter-PJ1EncounterBasis.json	2992	4	0	0	0	0	0	0	0	3	0	0	0	0	0	0	0	0	0	0	12	16	0	0	0	0	0	0	0
fsh-generated/resources/Encounter-PJ1EncounterBund.json	2148	4	0	0	0	0	0	0	0	2	0	0	0	0	0	0	0	0	0	0	10	8	0	0	0	0	0	0	0
fsh-generated/resources/Encounter-PJ1EncounterLGF.json	2297	4	0	0	1	0	0	0	0	3	0	0	0	0	0	0	0	0	0	0	11	12	0	0	0	0	0	0	0
fsh-generated/resources/Encounter-PJ1EncounterSV.json	2626	3	0	0	0	0	0	0	1	3	0	0	0	0	0	0	0	0	0	0	11	13	0	0	0	0	0	0	0
fsh-generated/resources/Encounter-PJ1TransferEncounter1.json	1964	5	0	0	0	0	0	0	0	5	0	0	0	0	0	0	0	0	0	0	10	12	0	0	0	0	0	0	0
fsh-generated/resources/Encounter-PJ1TransferEncounter1Aufnahme.json	1467	3	0	0	0	0	0	0	0	3	0	0	0	0	0	0	0	0	0	0	9	11	0	0	0	0	0	0	0
fsh-generated/resources/Encounter-PJ2Encounter.json	2978	4	0	0	0	0	0	0	0	3	0	0	0	0	0	0	0	0	0	0	13	20	0	0	0	0	0	0	0
fsh-generated/resources/Encounter-PJ2TransferEncounter1.json	1713	3	0	0	0	0	0	0	0	3	0	0	0	0	0	0	0	0	0	0	10	12	0	0	0	0	0	0	0
fsh-generated/resources/Encounter-PJ2TransferEncounter2.json	1887	4	0	0	0	0	0	0	0	44	0	0	0	0	0	0	0	0	0	0	10	14	0	0	0	0	0	0	0
fsh-generated/resources/Encounter-PJ2TransferEncounter3.json	1887	3	0	0	0	0	0	0	0	3	0	0	0	0	0	0	0	0	0	0	10	12	0	0	0	0	0	0	0
fsh-generated/resources/Encounter-PJ2TransferEncounter4.json	1887	3	0	0	0	0	0	0	0	3	0	0	0	0	0	0	0	1	0	0	10	13	0	0	0	0	0	0	0
fsh-generated/resources/Encounter-PJ2TransferEncounter5.json	1887	3	0	0	1	0	0	0	1	4	0	0	0	0	0	0	0	0	0	0	9	12	0	0	0	0	0	0	0
fsh-generated/resources/OperationDefinition-MOPED.Auf.Request.Antworten.json	1320	9	0	0	0	0	0	0	0	31	0	0	0	0	0	0	0	0	0	0	10	12	0	0	1	0	0	0	0
fsh-generated/resources/OperationDefinition-MOPED.Claim.Melden.json	1247	6	0	0	0	0	0	0	0	6	0	0	0	0	0	0	0	0	0	0	9	9	0	0	0	0	0	0	0
fsh-generated/resources/OperationDefinition-MOPED.ClaimResponse.Entscheiden.json	1269	6	0	0	0	0	0	0	0	5	0	0	0	0	0	0	0	0	0	0	13	9	0	0	0	0	0	0	0
fsh-generated/resources/OperationDefinition-MOPED.Daten.Update.json	1272	7	0	0	0	0	0	0	0	6	0	0	0	0	0	0	0	0	0	0	13	10	0	0	0	0	0	0	0
fsh-generated/resources/OperationDefinition-MOPED.Encounter.Abrechnen.json	1229	5	0	0	0	0	0	0	0	5	0	0	0	0	0	0	0	0	0	0	13	9	0	0	0	0	0	0	0
fsh-generated/resources/OperationDefinition-MOPED.Patient.Aufnehmen.json	1672	6	0	0	0	0	0	0	1	6	0	0	0	0	0	0	0	0	0	0	14	10	0	0	0	0	1	0	0
fsh-generated/resources/OperationDefinition-MOPED.Patient.Entlassen.json	1278	6	0	0	0	0	0	0	0	5	0	0	0	0	0	0	0	0	0	0	9	9	0	0	0	0	0	0	0
fsh-generated/resources/OperationDefinition-MOPED.VAERequest.Anfragen.json	1443	5	0	0	0	0	0	0	0	11	0	0	0	0	0	0	0	0	0	0	10	9	0	0	0	0	0	0	0
fsh-generated/resources/Organization-AbteilungHerzJesu1.json	1343	8	0	0	0	0	0	0	0	2	0	0	0	0	0	0	0	0	0	0	8	13	0	0	0	0	0	0	1
fsh-generated/resources/Organization-AbteilungKHRied1.json	661	5	0	0	0	0	0	0	0	1	0	0	0	0	0	0	0	0	0	0	7	12	0	0	0	0	0	0	0
fsh-generated/resources/Organization-AbteilungKHRied2.json	661	6	0	0	0	0	0	0	0	1	0	0	0	0	0	0	0	0	0	0	7	11	0	0	0	0	0	0	0
fsh-generated/resources/Organization-AbteilungKHRied3.json	661	5	0	0	0	0	0	0	0	0	0	0	0	0	0	0	0	0	0	0	7	10	0	0	0	0	0	0	0
fsh-generated/resources/Organization-AbteilungKHRied4.json	661	6	0	0	0	0	0	0	0	1	0	0	0	0	0	0	0	0	0	0	7	11	0	0	0	0	0	0	0
fsh-generated/resources/Organization-KHK999.json	1563	5	0	0	0	0	0	0	0	1	0	0	0	0	0	0	0	0	0	0	10	8	0	0	0	0	0	0	0
fsh-generated/resources/Organization-OrganizationHerzJesuKrankenhaus.json	1514	3	0	0	1	0	0	0	0	1	0	0	0	0	0	0	0	0	0	0	10	8	0	0	0	0	0	0	0
fsh-generated/resources/Organization-OrganizationKrankenhausRied.json	1593	7	0	0	0	0	0	0	0	1	0	0	0	0	0	0	0	0	0	0	9	8	0	0	0	0	0	0	0
fsh-generated/resources/Organization-OrganizationLGF.json	377	4	0	0	0	0	0	0	0	1	0	0	0	0	0	0	0	0	0	0	7	8	0	0	0	0	0	0	0
fsh-generated/resources/Organization-OrganizationUeberweisendeOrganization1.json	325	4	0	0	0	0	0	0	0	0	0	0	0	0	0	0	0	0	0	0	7	7	0	0	0	0	0	0	0
fsh-generated/resources/Organization-OrganizationUeberweisendeOrganization2.json	539	3	0	0	0	0	0	0	1	1	0	0	0	0	0	0	0	0	0	0	8	8	0	0	0	0	0	0	0
fsh-generated/resources/Organization-SV11.json	1221	6	0	0	0	0	0	0	0	0	0	0	0	0	0	0	0	0	0	0	8	8	0	0	0	0	0	0	0
fsh-generated/resources/Organization-SV12.json	562	6	0	0	0	0	0	0	0	1	0	0	0	0	0	0	0	0	0	0	7	7	0	0	0	0	0	0	0
fsh-generated/resources/Organization-SV13.json	555	6	0	0	0	0	0	0	0	0	0	0	0	0	0	0	0	0	0	0	7	8	0	0	0	0	0	0	0
fsh-generated/resources/Organization-SV14.json	1229	3	0	0	0	0	0	0	0	1	0	0	0	0	0	0	0	0	0	0	7	8	0	0	0	0	0	0	0
fsh-generated/resources/Organization-SV15.json	555	5	0	0	0	0	0	0	0	0	0	0	0	0	0	0	0	0	0	0	10	8	0	0	0	0	0	0	0
fsh-generated/resources/Organization-SV16.json	553	6	0	0	1	0	0	0	0	0	0	0	0	0	0	0	0	0	0	0	9	8	0	0	0	0	0	0	0
fsh-generated/resources/Organization-SV17.json	553	5	0	0	0	0	0	0	0	1	0	0	0	0	0	0	0	0	0	0	7	7	0	0	0	0	0	0	0
fsh-generated/resources/Organization-SV18.json	550	6	0	0	0	0	0	0	0	0	0	0	0	0	0	0	0	0	0	0	6	8	0	0	0	0	0	0	0
fsh-generated/resources/Organization-SV19.json	555	6	0	0	0	0	0	0	0	1	0	0	0	0	0	0	0	0	0	0	7	7	0	0	0	0	0	0	0
fsh-generated/resources/OrganizationAffiliation-OrganizationAffiliationWgfHerzJesu.json	452	7	0	0	0	0	0	0	0	1	0	0	0	0	0	0	0	0	0	0	6	13	0	0	0	0	0	0	0
fsh-generated/resources/Patient-PJ1Patient.json	2059	9	0	0	0	0	0	0	0	1	0	0	0	0	0	0	0	0	0	0	8	9	0	0	0	0	0	0	0
fsh-generated/resources/Patient-PJ2Patient.json	2098	3	0	0	0	0	0	0	0	1	0	0	0	0	0	0	0	0	0	0	9	9	0	0	0	0	0	0	0
fsh-generated/resources/Patient-Test1PatientBund.json	1233	3	0	0	0	0	0	0	1	0	0	0	0	0	0	0	0	0	0	0	11	8	0	0	0	0	0	0	0
fsh-generated/resources/Patient-Test1PatientLGF.json	1260	4	0	0	0	0	0	0	0	1	0	0	0	0	0	0	0	0	0	0	9	8	0	0	0	0	0	0	0
fsh-generated/resources/Patient-Test1PatientOhneMaskierung.json	2052	3	0	0	0	0	0	0	0	1	0	0	0	0	0	0	0	0	0	0	9	9	0	0	0	0	0	0	0
fsh-generated/resources/Patient-Test1PatientSV.json	1903	3	0	0	0	0	0	0	0	0	0	0	0	0	0	0	0	0	0	0	8	8	0	0	0	0	0	0	0
fsh-generated/resources/Procedure-PJ1Procedure1.json	955	8	0	0	1	0	0	0	0	4	0	0	0	0	0	0	0	0	0	0	9	16	0	0	0	0	0	0	0
fsh-generated/resources/Procedure-PJ2Procedure1.json	970	6	0	0	0	0	0	0	0	3	0	0	0	0	0	0	0	0	0	0	8	13	0	0	0	0	0	0	0
fsh-generated/resources/Procedure-PJ2Procedure2.json	949	6	0	0	0	0	0	0	0	3	0	0	0	0	0	0	0	0	0	0	8	12	0	0	0	0	0	0	0
fsh-generated/resources/Questionnaire-ka-statistik-k03.json	3923	7	0	0	0	0	0	0	0	35	0	0	0	0	0	0	0	0	0	0	60	32	0	0	0	0	2	0	0
fsh-generated/resources/Questionnaire-ka-statistik-k05.json	2311	3	0	0	0	0	0	0	1	10	0	0	0	0	0	0	0	0	0	0	36	18	0	0	0	0	1	0	0
fsh-generated/resources/Questionnaire-register-questionnaire.json	8757	5	0	0	0	0	0	0	0	13	0	0	0	0	0	0	0	0	0	0	47	38	0	0	0	0	1	0	0
fsh-generated/resources/Questionnaire-saps3-questionnaire.json	39846	8	0	0	0	0	0	0	3	40	0	0	0	0	0	0	0	0	0	0	184	81	0	0	0	0	8	0	0
fsh-generated/resources/Questionnaire-strokeunit-questionnaire.json	79242	14	0	0	0	0	0	0	6	68	0	0	0	0	0	0	0	0	0	0	301	152	0	0	0	0	33	0	1
fsh-generated/resources/Questionnaire-tiss-a-questionnaire.json	9924	7	0	0	0	0	0	0	1	25	0	0	0	0	0	0	0	1	0	0	86	41	0	0	0	0	3	0	0
fsh-generated/resources/QuestionnaireResponse-Test2SAPS3QuestionnaireResponse1.json	19959	7	0	0	0	0	0	0	2	8	0	0	0	0	0	0	0	0	0	0	127	37	0	0	0	0	0	0	0
fsh-generated/resources/QuestionnaireResponse-strokeunit-questionnaire-response-1.json	23922	6	0	0	0	0	0	0	2	10	0	0	0	0	0	0	0	0	0	0	185	53	0	0	0	0	0	0	0
fsh-generated/resources/QuestionnaireResponse-tiss-a-questionnaireresponse.json	5728	4	0	0	0	0	0	0	0	4	0	0	0	0	0	0	0	0	0	0	79	21	0	0	0	0	0	0	0
fsh-generated/resources/StructureDefinition-Hauptversicherter.json	3658	4	0	62	0	0	0	0	0	915	0	0	1	0	0	0	0	1	0	0	173	1255	0	0	0	0	7	0	1
fsh-generated/resources/StructureDefinition-KHOrganization.json	917	3	0	62	1	0	0	0	0	25	0	0	0	0	0	0	0	0	0	0	176	584	0	0	0	0	7	1	0
fsh-generated/resources/StructureDefinition-LGFOrganization.json	635	2	0	66	0	0	0	0	0	24	0	0	0	0	0	0	0	1	0	0	157	464	0	0	0	0	5	0	1
fsh-generated/resources/StructureDefinition-MopedARKRequest.json	17815	7	0	572	0	0	0	0	0	235	0	0	2	0	0	0	0	7	0	0	1569	3162	0	0	0	0	55	0	5
fsh-generated/resources/StructureDefinition-MopedARKResponse.json	7731	4	0	191	0	0	0	0	0	65	0	0	0	0	0	0	0	2	0	0	432	1106	0	0	0	0	15	1	1
fsh-generated/resources/StructureDefinition-MopedARKStatusUpdate.json	3751	3	0	60	0	0	0	0	0	20	0	0	0	0	0	0	0	0	0	0	119	395	0	0	0	0	4	0	0
fsh-generated/resources/StructureDefinition-MopedAbrechnenBundleKH.json	1832	3	0	492	0	0	0	0	0	22	0	0	0	0	0	0	0	1	0	0	149	567	0	0	0	0	5	0	1
fsh-generated/resources/StructureDefinition-MopedAnfragenBundleKH.json	1827	3	0	124	0	0	0	0	0	18	0	0	1	0	0	0	0	1	0	0	148	400	0	0	0	0	5	0	0
fsh-generated/resources/StructureDefinition-MopedAnfragenComposition.json	1512	3	0	450	0	0	0	0	0	99	0	0	0	0	0	0	0	4	0	0	840	1592	0	0	0	0	21	1	4
fsh-generated/resources/StructureDefinition-MopedAntwortenBundleSV.json	4734	6	0	141	0	0	0	0	0	42	0	0	1	0	0	0	0	2	0	0	359	469	0	0	0	0	13	0	1
fsh-generated/resources/StructureDefinition-MopedAufnahmeComposition.json	1570	4	0	91	0	0	0	0	0	76	0	0	1	0	0	0	0	4	0	0	828	1529	0	0	0	0	20	0	3
fsh-generated/resources/StructureDefinition-MopedAufnehmenBundleKH.json	1690	3	0	426	0	0	0	0	0	37	0	0	0	0	0	0	0	3	0	0	641	996	0	0	0	0	23	0	2
fsh-generated/resources/StructureDefinition-MopedBeantwortenComposition.json	1535	3	0	73	0	0	0	0	0	48	0	0	1	0	0	0	0	4	0	0	828	1268	0	0	0	0	21	1	3
fsh-generated/resources/StructureDefinition-MopedComposition.json	26902	8	0	0	1	0	0	0	0	128	0	0	0	0	0	0	0	5	0	0	1172	1284	0	0	0	0	30	0	4
fsh-generated/resources/StructureDefinition-MopedCondition.json	4199	4	0	15	0	0	0	0	0	16	0	0	0	0	0	0	0	0	0	0	155	2153	0	0	1	0	6	0	0
fsh-generated/resources/StructureDefinition-MopedCoverage.json	4363	4	0	16	0	0	0	0	0	199	0	0	1	0	0	0	0	1	0	0	176	283	0	0	0	0	6	0	1
fsh-generated/resources/StructureDefinition-MopedCoverageSelbstzahler.json	1750	4	0	16	0	0	0	0	0	10	0	0	0	0	0	0	0	1	0	0	111	186	0	0	0	0	4	0	0
fsh-generated/resources/StructureDefinition-MopedEncounter.json	9896	5	0	28	0	0	0	0	0	35	0	0	0	0	0	0	0	1	0	0	358	434	0	0	0	0	12	0	1
fsh-generated/resources/StructureDefinition-MopedEncounterA.json	1304	3	0	50	0	0	0	1	0	23	0	0	0	0	0	0	0	2	0	0	268	397	0	0	0	0	9	0	1
fsh-generated/resources/StructureDefinition-MopedEncounterAufnahmeS.json	738	3	0	69	0	0	0	0	0	18	0	0	0	0	0	0	0	1	0	0	253	395	0	0	0	0	9	0	1
fsh-generated/resources/StructureDefinition-MopedEncounterBund.json	1032	3	0	45	0	0	0	0	0	21	0	0	0	0	0	0	0	1	0	0	277	361	0	0	0	0	9	0	2
fsh-generated/resources/StructureDefinition-MopedEncounterEntlassungS.json	1140	3	0	42	0	0	0	0	0	19	0	0	0	0	0	0	0	2	0	0	261	402	0	0	0	0	9	1	1
fsh-generated/resources/StructureDefinition-MopedEncounterLGF.json	1025	4	0	41	0	0	0	0	0	19	0	0	1	0	0	0	0	1	0	0	262	355	0	0	0	0	8	0	1
fsh-generated/resources/StructureDefinition-MopedEncounterS.json	2988	6	0	1	0	0	0	0	0	45	0	0	0	0	0	0	0	2	0	0	285	390	0	0	0	0	10	0	1
fsh-generated/resources/StructureDefinition-MopedEncounterSV.json	1306	3	0	41	1	0	0	0	0	20	0	0	0	0	0	0	0	1	0	0	268	343	0	0	0	0	9	0	1
fsh-generated/resources/StructureDefinition-MopedEntlassenAvisoComposition.json	1123	3	0	109	0	0	0	0	0	50	0	0	0	0	0	0	0	4	0	0	830	1190	0	0	0	0	20	1	3
fsh-generated/resources/StructureDefinition-MopedEntlassenBundle.json	1039	3	0	79	0	0	0	0	0	36	0	0	1	0	0	0	0	3	0	0	620	785	0	0	0	0	22	0	2
fsh-generated/resources/StructureDefinition-MopedEntlassenVollstaendigComposition.json	1172	3	0	140	0	0	0	0	0	89	0	0	0	0	0	0	0	4	0	0	836	1442	0	0	0	0	21	0	3
fsh-generated/resources/StructureDefinition-MopedEntscheidenLGFBundle.json	3344	3	0	142	0	0	0	0	0	18	0	0	0	0	0	0	0	1	0	0	252	339	0	0	0	0	9	0	1
fsh-generated/resources/StructureDefinition-MopedLKFRequest.json	20372	10	0	148	0	0	0	0	0	97	0	0	1	0	0	0	0	6	0	0	1506	1882	0	0	0	0	48	1	4
fsh-generated/resources/StructureDefinition-MopedLKFResponse.json	2577	3	0	47	0	0	0	0	0	52	0	0	0	0	0	0	0	2	0	0	294	461	0	0	0	0	9	0	1
fsh-generated/resources/StructureDefinition-MopedMasterComposition.json	7297	3	0	118	1	0	0	0	0	60	0	0	1	0	0	0	0	4	0	0	828	1087	0	0	0	0	21	0	3
fsh-generated/resources/StructureDefinition-MopedMeldenLGFBundle.json	1939	4	0	25	0	0	0	0	0	13	0	0	0	0	0	0	0	0	0	0	147	378	0	0	0	0	5	0	1
fsh-generated/resources/StructureDefinition-MopedOrganizationAbteilung.json	3460	3	0	21	0	0	0	0	0	13	0	0	0	0	0	0	0	1	0	0	111	169	0	0	0	0	4	0	0
fsh-generated/resources/StructureDefinition-MopedPatientBund.json	2573	5	0	95	0	0	0	0	0	33	0	0	0	0	0	0	0	2	0	0	418	691	0	0	0	0	16	1	1
fsh-generated/resources/StructureDefinition-MopedPatientLGF.json	2460	5	0	88	0	0	0	0	0	33	0	0	0	0	0	0	0	3	0	0	405	403	0	0	0	0	18	0	2
fsh-generated/resources/StructureDefinition-MopedPatientSV.json	951	2	0	70	0	0	0	0	0	32	0	0	1	0	0	0	0	2	0	0	418	560	0	0	0	0	40	0	2
fsh-generated/resources/StructureDefinition-MopedProcedure.json	5993	4	0	36	0	0	0	0	0	14	0	0	0	0	0	0	0	1	0	0	170	252	0	0	0	0	8	0	0
fsh-generated/resources/StructureDefinition-MopedQuestionnaireResponse.json	1915	3	0	6	0	0	0	0	0	8	0	0	0	0	0	0	0	0	0	0	83	151	0	0	0	0	3	0	0
fsh-generated/resources/StructureDefinition-MopedSupportingInfo.json	6307	5	0	5	0	0	0	0	0	13	0	0	0	0	0	0	0	0	0	0	126	142	0	0	0	0	4	0	1
fsh-generated/resources/StructureDefinition-MopedSupportingInfoFREMDRE.json	6433	4	0	6	0	0	0	0	0	15	0	0	0	0	0	0	0	1	0	0	127	157	0	0	0	0	3	0	0
fsh-generated/resources/StructureDefinition-MopedSupportingInfoOEGKELBNR.json	6447	4	0	6	0	0	0	0	0	13	0	0	0	0	0	0	0	0	0	0	129	149	0	0	0	0	4	0	0
fsh-generated/resources/StructureDefinition-MopedSupportingInfoSonderklasse.json	6596	5	0	6	1	0	0	0	0	56	0	0	0	0	0	0	0	0	0	0	129	189	0	0	0	0	4	0	0
fsh-generated/resources/StructureDefinition-MopedSupportingInfoVortageanzahlAufKostenbeitrag.json	6839	4	0	6	0	0	0	0	0	15	0	0	0	0	0	0	0	1	0	0	150	171	0	0	0	0	4	0	1
fsh-generated/resources/StructureDefinition-MopedTransferEncounter.json	3727	3	0	11	0	0	0	0	0	17	0	0	0	0	0	0	0	1	0	0	180	249	0	0	0	0	6	0	0
fsh-generated/resources/StructureDefinition-MopedTransferEncounterA.json	2801	4	0	20	0	0	0	0	0	18	0	0	0	0	0	0	0	1	0	0	205	405	0	0	0	0	8	0	1
fsh-generated/resources/StructureDefinition-MopedTransferEncounterI.json	1691	2	0	28	0	0	0	0	0	11	0	0	0	0	0	0	0	0	0	0	172	301	0	0	0	0	5	0	0
fsh-generated/resources/StructureDefinition-MopedTransferEncounterS.json	1342	3	0	0	0	0	0	0	0	13	0	0	1	0	0	0	0	1	0	0	160	261	0	0	0	0	6	0	1
fsh-generated/resources/StructureDefinition-MopedUpdateBundleKH.json	10402	5	0	0	0	0	0	0	0	45	0	0	0	0	0	0	0	3	0	0	731	795	0	0	0	0	25	0	2
fsh-generated/resources/StructureDefinition-MopedUpdateComposition.json	2130	3	0	58	0	0	0	0	0	49	0	0	0	0	0	0	0	4	0	0	831	1098	0	0	0	0	21	0	3
fsh-generated/resources/StructureDefinition-MopedVAERequest.json	9560	4	0	26	0	0	0	0	0	37	0	0	1	0	0	0	0	2	0	0	439	541	0	0	1	0	14	1	1
fsh-generated/resources/StructureDefinition-MopedVAEResponse.json	6827	4	0	20	0	0	0	0	0	60	0	0	0	0	0	0	0	2	0	0	324	439	0	0	0	0	11	0	1
fsh-generated/resources/StructureDefinition-SVOrganization.json	910	3	0	60	0	0	0	0	0	13	0	0	0	0	0	0	0	0	0	0	165	231	0	0	0	0	5	0	1
fsh-generated/resources/StructureDefinition-moped-ext-AbrechnungsRelevanz.json	2001	3	0	3	0	0	0	0	0	5	0	0	0	0	0	0	0	0	0	0	27	97	0	0	0	0	1	0	0
fsh-generated/resources/StructureDefinition-moped-ext-AbrechnungsartAuslaenderverrechnung.json	1772	3	0	3	1	0	0	0	0	4	0	0	0	0	0	0	0	1	0	0	26	73	0	0	0	0	1	0	0
fsh-generated/resources/StructureDefinition-moped-ext-AddItemCategory.json	1550	3	0	3	0	0	0	0	0	4	0	0	0	0	0	0	0	0	0	0	25	72	0	0	0	0	0	0	0
fsh-generated/resources/StructureDefinition-moped-ext-AnzahlBeurlaubungen.json	1937	3	0	3	0	0	0	0	0	7	0	0	0	0	0	0	0	0	0	0	43	91	0	0	0	0	1	0	0
fsh-generated/resources/StructureDefinition-moped-ext-AnzahlVerlegungen.json	1921	3	0	3	0	0	0	0	0	5	0	0	0	0	0	0	0	0	0	0	43	91	0	0	0	0	2	0	0
fsh-generated/resources/StructureDefinition-moped-ext-Beihilfenaequivalent.json	1925	2	0	3	0	0	0	0	0	5	0	0	0	0	0	0	0	0	0	0	43	93	0	0	0	0	1	0	0
fsh-generated/resources/StructureDefinition-moped-ext-Betreuungsschein.json	1994	3	0	3	0	0	0	0	0	5	0	0	0	0	0	0	0	0	0	0	43	86	0	0	0	0	1	0	0
fsh-generated/resources/StructureDefinition-moped-ext-Diagnosetyp.json	1549	3	0	2	0	0	0	0	0	4	0	0	0	0	0	0	0	0	0	0	25	71	0	0	0	0	1	0	0
fsh-generated/resources/StructureDefinition-moped-ext-Kostenstelle.json	5259	4	0	5	0	0	0	0	0	8	0	0	0	0	0	0	0	0	0	0	85	107	0	0	0	0	2	0	0
fsh-generated/resources/StructureDefinition-moped-ext-Leistungsanzahl.json	1985	4	0	3	0	0	0	0	0	4	0	0	0	0	0	0	0	0	0	0	29	71	0	0	0	0	1	0	0
fsh-generated/resources/StructureDefinition-moped-ext-PaymentPercentage.json	1905	4	0	3	0	0	0	0	0	4	0	0	0	0	0	0	0	0	0	0	29	77	0	0	0	0	1	0	0
fsh-generated/resources/StructureDefinition-moped-ext-ReasonForNonPayment.json	1954	3	0	3	0	0	0	0	0	7	0	0	0	0	0	0	0	0	0	0	28	77	0	0	0	0	1	0	0
fsh-generated/resources/StructureDefinition-moped-ext-RechnungsnummerKHLGF.json	2106	3	0	5	1	0	0	0	0	8	0	0	0	0	0	0	0	1	0	0	43	91	0	0	0	0	1	0	0
fsh-generated/resources/StructureDefinition-moped-ext-TageOhneKostenbeitrag.json	2067	4	0	3	0	0	0	0	0	9	0	0	0	0	0	0	0	0	0	0	51	87	0	0	0	0	1	0	0
fsh-generated/resources/StructureDefinition-moped-ext-Zahlungskennzeichen.json	1869	3	0	3	0	0	0	0	0	7	0	0	0	0	0	0	0	0	0	0	26	75	0	0	0	0	1	0	0
fsh-generated/resources/StructureDefinition-moped-ext-altersgruppe.json	4904	3	0	5	0	0	0	0	0	12	0	0	0	0	0	0	0	0	0	0	74	100	0	0	0	0	2	0	1
fsh-generated/resources/StructureDefinition-moped-ext-aufnahmeart.json	1658	3	0	3	0	0	0	0	0	7	0	0	0	0	0	0	0	0	0	0	27	73	0	0	0	0	0	0	0
fsh-generated/resources/StructureDefinition-moped-ext-diagnoseKnoten.json	2145	3	0	3	0	0	0	0	0	7	0	0	0	0	0	0	0	0	0	0	27	76	0	0	0	0	1	0	0
fsh-generated/resources/StructureDefinition-moped-ext-fehlerWarnung.json	4304	4	0	4	0	1	0	0	0	7	0	0	0	0	0	0	0	0	0	0	72	100	0	0	0	0	2	0	0
fsh-generated/resources/StructureDefinition-moped-ext-fondsrelevanz.json	1784	3	0	3	0	0	0	0	0	4	0	0	0	0	0	0	0	0	0	0	27	72	0	0	0	0	1	0	0
fsh-generated/resources/StructureDefinition-moped-ext-unfalldatum.json	1476	3	0	3	0	0	0	0	0	4	0	0	0	0	0	0	0	0	0	0	26	70	0	0	0	0	0	0	0
fsh-generated/resources/StructureDefinition-moped-ext-vdasid.json	3130	3	0	5	0	0	0	0	0	6	0	0	0	0	0	0	0	0	0	0	47	88	0	0	0	0	2	0	0
fsh-generated/resources/StructureDefinition-moped-ext-verpflegskostenBeitragsbefreiung.json	3398	3	0	4	0	0	0	0	0	6	0	0	0	0	0	0	0	1	0	0	60	100	0	0	0	0	1	0	0
fsh-generated/resources/SubscriptionTopic-neueVAE.json	870	5	0	0	1	0	0	0	0	6	0	0	0	0	0	0	0	0	0	0	8	10	0	0	0	0	1	0	0
fsh-generated/resources/SubscriptionTopic-vaeAbgelehnt.json	968	3	0	0	0	0	0	0	1	6	0	0	0	0	0	0	0	0	0	0	9	11	0	0	0	0	0	0	0
fsh-generated/resources/ValueSet-AbgangsartVS.json	411	3	0	0	0	0	0	0	0	43	0	0	0	0	0	0	0	0	0	0	7	54	0	0	0	0	0	0	0
fsh-generated/resources/ValueSet-AbrechnungsRelevanzVS.json	473	3	0	0	0	0	0	0	0	3	0	0	0	0	0	0	0	0	0	0	7	35	0	0	0	0	0	0	0
fsh-generated/resources/ValueSet-AbrechnungsartAuslaenderverrechnungVS.json	553	2	0	0	0	0	0	0	0	2	0	0	0	0	0	0	0	0	0	0	7	34	0	0	0	0	0	0	0
fsh-generated/resources/ValueSet-AltersgruppeVS.json	423	3	0	0	0	0	0	0	0	3	0	0	0	0	0	0	0	0	0	0	7	55	0	0	0	0	0	0	0
fsh-generated/resources/ValueSet-AnwesenheitsartVS.json	413	2	0	0	0	0	0	0	0	2	0	0	0	0	0	0	0	0	0	0	8	34	0	0	0	0	0	0	0
fsh-generated/resources/ValueSet-Aufnahmeart2VS.json	422	3	0	0	0	0	0	0	0	3	0	0	0	0	0	0	0	0	0	0	7	35	0	0	0	0	0	0	0
fsh-generated/resources/ValueSet-AufnahmeartVS.json	432	3	0	0	0	0	0	0	0	2	0	0	0	0	0	0	0	0	0	0	8	58	0	0	0	0	0	0	0
fsh-generated/resources/ValueSet-BehandlungsartVS.json	407	2	0	0	0	0	0	0	0	2	0	0	0	0	0	0	0	0	0	0	6	34	0	0	0	0	1	0	0
fsh-generated/resources/ValueSet-ClaimSupportingInformationCategoryVS.json	527	3	0	0	0	0	0	0	0	2	0	0	0	0	0	0	0	0	0	0	8	38	0	0	0	0	0	0	0
fsh-generated/resources/ValueSet-CompositionSectionsVS.json	700	3	0	0	0	0	0	0	0	4	0	0	0	0	0	0	0	0	0	0	8	54	0	0	0	0	0	0	0
fsh-generated/resources/ValueSet-EWCodes2025VS.json	476	2	0	0	0	0	0	0	0	2	0	0	0	0	0	0	0	0	0	0	7	862	0	0	0	0	0	0	0
fsh-generated/resources/ValueSet-EntlassungsartAVS.json	912	3	0	0	0	0	0	0	0	3	0	0	0	0	0	0	0	0	0	0	9	42	0	0	0	0	0	0	0
fsh-generated/resources/ValueSet-EntlassungsartSVS.json	941	3	0	0	0	0	0	0	1	3	0	0	0	0	0	0	0	0	0	0	10	41	0	0	0	0	0	0	0
fsh-generated/resources/ValueSet-EntlassungsartVS.json	566	2	0	0	0	0	0	0	0	67	0	0	0	0	0	0	0	0	0	0	7	46	0	0	0	0	0	0	0
fsh-generated/resources/ValueSet-FondsrelevanzVS.json	401	3	0	0	1	0	0	0	0	5	0	0	0	0	0	0	0	0	0	0	7	23	0	0	0	0	0	0	0
fsh-generated/resources/ValueSet-HTTPVerbInsertOnlyVS.json	557	2	0	0	0	0	0	0	0	5	0	0	0	0	0	0	0	0	0	0	7	19	0	0	0	0	0	0	0
fsh-generated/resources/ValueSet-HTTPVerbInsertUpdateDeleteVS.json	695	3	0	0	0	0	0	0	0	4	0	0	0	0	0	0	0	0	0	0	7	28	0	0	0	0	1	0	0
fsh-generated/resources/ValueSet-HTTPVerbUpdateOnlyVS.json	547	3	0	0	0	0	0	0	0	5	0	0	0	0	0	0	0	0	0	0	7	22	0	0	0	0	0	0	0
fsh-generated/resources/ValueSet-ICD10ATVS.json	375	5	0	0	0	0	0	0	0	28	0	0	0	0	0	0	0	0	0	0	7	17	0	0	0	0	0	0	0
fsh-generated/resources/ValueSet-KostenmeldungARKVS.json	434	3	0	0	0	0	0	0	0	2	0	0	0	0	0	0	0	0	0	0	6	23	0	0	0	0	0	0	0
fsh-generated/resources/ValueSet-LKFAbrechnungsGruppeVS.json	534	3	0	0	0	0	0	0	0	3	0	0	0	0	0	0	0	0	0	0	8	508	0	0	0	0	0	0	0
fsh-generated/resources/ValueSet-LKFAbrechnungsKnotenVS.json	427	2	0	0	0	0	0	0	0	2	0	0	0	0	0	0	0	0	0	0	6	31	0	0	0	0	0	0	0
fsh-generated/resources/ValueSet-LKFDiagnoseTypVS.json	563	3	0	0	0	0	0	0	0	460	0	0	0	0	0	0	0	0	0	0	7	482	0	0	0	0	0	0	0
fsh-generated/resources/ValueSet-LKFHauptdiagnosegruppenVS.json	445	2	0	0	0	0	0	0	1	2	0	0	0	0	0	0	0	0	0	0	6	388	0	0	0	0	0	0	0
fsh-generated/resources/ValueSet-LKFLeistungskatalogVS.json	432	3	0	0	0	0	0	0	0	28	0	0	0	0	0	0	0	0	0	0	7	452	0	0	0	0	0	0	0
fsh-generated/resources/ValueSet-LKFSeitenlokalisationVS.json	644	3	0	0	0	0	0	0	0	461	0	0	0	0	0	0	0	0	0	0	7	468	0	0	0	0	0	0	0
fsh-generated/resources/ValueSet-LKFSupportingInformationCategoryVS.json	660	2	0	0	1	0	0	0	0	3	0	0	0	0	0	0	0	0	0	0	10	20	0	0	0	0	0	0	0
fsh-generated/resources/ValueSet-LKFmedizinischeEinzelleistungenVS.json	507	3	0	0	0	0	0	0	0	3	0	0	0	0	0	0	0	0	0	0	7	267	0	0	0	0	1	0	0
fsh-generated/resources/ValueSet-MopedClaimItemCategoryVS.json	476	2	0	0	0	0	0	0	0	2	0	0	0	0	0	0	0	0	0	0	7	35	0	0	0	0	0	0	0
fsh-generated/resources/ValueSet-MopedEncounterStatusAufnahmeVS.json	615	3	0	0	0	0	0	0	0	2	0	0	0	0	0	0	0	0	0	0	7	26	0	0	0	0	0	0	0
fsh-generated/resources/ValueSet-MopedEncounterStatusEntlassungVS.json	618	3	0	0	0	0	0	0	0	3	0	0	0	0	0	0	0	0	0	0	11	28	0	0	0	0	0	0	0
fsh-generated/resources/ValueSet-MopedEncounterStatusVS.json	621	2	0	0	0	0	0	0	0	2	0	0	0	0	0	0	0	0	0	0	7	30	0	0	0	0	0	0	0
fsh-generated/resources/ValueSet-MopedEncounterTypesVS.json	431	3	0	0	0	0	0	0	0	3	0	0	0	0	0	0	0	0	0	0	6	29	0	0	0	0	0	0	0
fsh-generated/resources/ValueSet-MopedPaymentTypesVS.json	631	3	0	0	0	0	0	0	0	2	0	0	0	0	0	0	0	0	0	0	7	31	0	0	0	0	0	0	0
fsh-generated/resources/ValueSet-MopedRelatedPersonRelationshipTypeVS.json	795	2	0	0	0	0	0	0	0	20	0	0	0	0	0	0	0	0	0	0	8	65	0	0	0	0	0	0	0
fsh-generated/resources/ValueSet-SonderklasseVS.json	406	3	0	0	0	0	0	0	1	2	0	0	0	0	0	0	0	0	0	0	6	19	0	0	0	0	0	0	0
fsh-generated/resources/ValueSet-SpezielleOrganisationsformVS.json	604	3	0	0	0	0	0	0	0	2	0	0	0	0	0	0	0	0	0	0	7	31	0	0	0	0	0	0	0
fsh-generated/resources/ValueSet-TransportartVS.json	409	3	0	0	0	0	0	0	0	2	0	0	0	0	0	0	0	0	0	0	7	24	0	0	0	0	1	0	0
fsh-generated/resources/ValueSet-UrsacheVS.json	408	3	0	0	0	0	0	0	0	3	0	0	0	0	0	0	0	0	0	0	7	56	0	0	0	0	0	0	0
fsh-generated/resources/ValueSet-VAEStatusVS.json	425	2	0	0	0	0	0	0	0	2	0	0	0	0	0	0	0	0	0	0	7	43	0	0	0	0	0	0	0
fsh-generated/resources/ValueSet-VAESupportingInformationCategoryVS.json	658	3	0	0	1	0	0	0	0	2	0	0	0	0	0	0	0	0	0	0	8	19	0	0	0	0	0	0	0
fsh-generated/resources/ValueSet-VerdachtArbeitsSchuelerunfallVS.json	652	2	0	0	0	0	0	0	0	3	0	0	0	0	0	0	0	0	0	0	7	32	0	0	0	0	0	0	0
fsh-generated/resources/ValueSet-VerpflegskostenBeitragsbefreiungVS.json	515	3	0	0	0	0	0	0	0	2	0	0	0	0	0	0	0	0	0	0	7	22	0	0	0	0	0	0	0
fsh-generated/resources/ValueSet-WorkflowStatusVS.json	458	2	0	0	0	0	0	0	0	2	0	0	0	0	0	0	0	0	0	0	6	29	0	0	0	0	0	0	0
fsh-generated/resources/ValueSet-ZahlungskennzeichenVS.json	574	3	0	0	0	0	0	0	0	3	0	0	0	0	0	0	0	0	0	0	7	30	0	0	0	0	0	0	0
input/examples/Abteilung_KHK999ABT11111100.json	1322	3	0	0	0	0	0	0	0	1	0	0	0	0	0	0	0	0	0	0	9	9	0	0	0	0	0	0	0
input/examples/Abteilung_KHK999ABT12111100.json	1322	3	0	0	0	0	0	0	1	0	0	0	0	0	0	0	0	0	0	0	8	8	0	0	0	0	0	0	0
input/examples/Abteilung_KHK999ABT12118102.json	1321	3	0	0	0	0	0	0	0	1	0	0	0	0	0	0	0	0	0	0	7	7	0	0	0	0	0	0	0
input/examples/Abteilung_KHK999ABT16075000.json	1119	29	0	0	0	0	0	0	0	0	0	0	0	0	0	0	0	0	0	0	8	7	0	0	0	0	0	0	0
input/examples/Abteilung_KHK999ABT16111111.json	1104	3	0	0	0	0	0	0	0	1	0	0	0	0	0	0	0	0	0	0	7	7	0	0	0	0	0	0	0
input/examples/Abteilung_KHK999ABT16111112.json	1104	3	0	0	0	0	0	0	0	0	0	0	0	0	0	0	0	0	0	0	8	6	0	0	0	0	0	0	0
input/examples/Abteilung_KHK999ABT16211100.json	1311	3	0	0	0	0	0	0	0	0	0	0	0	0	0	0	0	0	0	0	7	7	0	0	0	0	0	0	0
input/examples/Abteilung_KHK999ABT16518011.json	1305	2	0	0	0	0	0	0	0	1	0	0	0	0	0	0	0	0	0	0	8	17	0	0	0	0	0	0	0
input/examples/Claim_LKFRequest42.json	5131	4	0	0	0	0	0	0	1	413	0	0	0	0	0	0	0	0	0	0	16	15	0	0	0	0	0	0	0
input/examples/Composition_Composition42.json	3675	3	0	0	0	0	0	0	0	2	0	0	0	0	0	0	0	0	0	0	11	15	0	0	0	0	0	0	1
input/examples/Condition_Condition42.1.json	930	3	0	0	0	0	0	0	0	357	0	0	0	0	0	0	0	0	0	0	8	6	0	0	0	0	0	0	0
input/examples/Encounter_Encounter42.json	2393	3	0	0	0	0	0	0	0	2	0	0	0	0	0	0	0	0	0	0	9	7	0	0	0	0	0	0	0
input/examples/Encounter_TransferEncounter42.1.json	1197	3	0	0	0	0	0	0	0	1	0	0	0	0	0	0	0	0	0	0	8	7	0	0	0	0	0	0	0
input/examples/Encounter_TransferEncounter42.2.json	1426	3	0	0	0	0	0	0	0	2	0	0	0	0	0	0	0	0	0	0	9	7	0	0	0	0	0	0	0
input/examples/Patient_Patient42.json	1202	2	0	0	0	0	0	0	0	195	0	0	0	0	0	0	0	0	0	0	8	5	0	0	0	0	0	0	0
input/examples/QuestionnaireResponse_SAPS42.1.json	18440	5	0	0	0	0	0	0	1	3	0	0	0	0	0	0	0	0	0	0	113	22	0	0	0	0	0	0	0
input/examples/QuestionnaireResponse_TISS42.1.json	5444	4	0	0	0	0	0	0	1	2	0	0	0	0	0	0	0	0	0	0	63	15	0	0	0	0	0	0	0
input/examples/QuestionnaireResponse_TISS42.2.json	5444	4	0	0	0	0	0	0	0	2	0	0	0	0	0	0	0	0	0	0	64	14	0	0	0	1	0	0	0
input/examples/QuestionnaireResponse_TISS42.3.json	5444	3	0	0	0	0	0	0	1	1	0	0	0	0	0	0	0	0	0	0	63	12	0	0	0	0	0	0	0
