<?xml version="1.0" encoding="UTF-8"?><ImplementationGuide xmlns="http://hl7.org/fhir"><id value="HL7ATCoreProfiles"/><text><status value="extensions"/><div xmlns="http://www.w3.org/1999/xhtml"><h2>HL7AustriaImplementationGuide</h2><p>The official URL for this implementation guide is: </p><pre>http://hl7.at/fhir/HL7ATCoreProfiles/4.0.1/ImplementationGuide/HL7ATCoreProfiles</pre><div><p>An Implementation Guide for the HL7® Austria FHIR® Core Profiles.</p>
</div></div></text><url value="http://hl7.at/fhir/HL7ATCoreProfiles/4.0.1/ImplementationGuide/HL7ATCoreProfiles"/><version value="0.3.0"/><name value="HL7AustriaImplementationGuide"/><title value="HL7® Austria FHIR® Core Implementation Guide"/><status value="active"/><date value="2021-12-15T15:18:17+00:00"/><contact><name value="Technical Committee for FHIR® at HL7® Austria"/><telecom><system value="email"/><value value="mailto:tc-fhir@hl7.at"/></telecom></contact><description value="An Implementation Guide for the HL7® Austria FHIR® Core Profiles."/><packageId value="HL7ATCoreProfiles"/><license value="CC0-1.0"/><fhirVersion value="4.0.1"/><definition><extension url="http://hl7.org/fhir/tools/StructureDefinition/ig-parameter"><extension url="code"><valueString value="copyrightyear"/></extension><extension url="value"><valueString value="2020+"/></extension></extension><extension url="http://hl7.org/fhir/tools/StructureDefinition/ig-parameter"><extension url="code"><valueString value="releaselabel"/></extension><extension url="value"><valueString value="STU1"/></extension></extension><extension url="http://hl7.org/fhir/tools/StructureDefinition/ig-parameter"><extension url="code"><valueString value="show-inherited-invariants"/></extension><extension url="value"><valueString value="false"/></extension></extension><extension url="http://hl7.org/fhir/tools/StructureDefinition/ig-parameter"><extension url="code"><valueString value="path-liquid"/></extension><extension url="value"><valueString value="template/liquid"/></extension></extension><extension url="http://hl7.org/fhir/tools/StructureDefinition/ig-parameter"><extension url="code"><valueString value="path-liquid"/></extension><extension url="value"><valueString value="input/liquid"/></extension></extension><extension url="http://hl7.org/fhir/tools/StructureDefinition/ig-parameter"><extension url="code"><valueString value="path-qa"/></extension><extension url="value"><valueString value="temp/qa"/></extension></extension><extension url="http://hl7.org/fhir/tools/StructureDefinition/ig-parameter"><extension url="code"><valueString value="path-temp"/></extension><extension url="value"><valueString value="temp/pages"/></extension></extension><extension url="http://hl7.org/fhir/tools/StructureDefinition/ig-parameter"><extension url="code"><valueString value="path-output"/></extension><extension url="value"><valueString value="output"/></extension></extension><extension url="http://hl7.org/fhir/tools/StructureDefinition/ig-parameter"><extension url="code"><valueString value="path-suppressed-warnings"/></extension><extension url="value"><valueString value="input/ignoreWarnings.txt"/></extension></extension><extension url="http://hl7.org/fhir/tools/StructureDefinition/ig-parameter"><extension url="code"><valueString value="path-history"/></extension><extension url="value"><valueString value="http://hl7.at/fhir/HL7ATCoreProfiles/4.0.1/history.html"/></extension></extension><extension url="http://hl7.org/fhir/tools/StructureDefinition/ig-parameter"><extension url="code"><valueString value="template-html"/></extension><extension url="value"><valueString value="template-page.html"/></extension></extension><extension url="http://hl7.org/fhir/tools/StructureDefinition/ig-parameter"><extension url="code"><valueString value="template-md"/></extension><extension url="value"><valueString value="template-page-md.html"/></extension></extension><extension url="http://hl7.org/fhir/tools/StructureDefinition/ig-parameter"><extension url="code"><valueString value="apply-contact"/></extension><extension url="value"><valueString value="true"/></extension></extension><extension url="http://hl7.org/fhir/tools/StructureDefinition/ig-parameter"><extension url="code"><valueString value="apply-context"/></extension><extension url="value"><valueString value="true"/></extension></extension><extension url="http://hl7.org/fhir/tools/StructureDefinition/ig-parameter"><extension url="code"><valueString value="apply-copyright"/></extension><extension url="value"><valueString value="true"/></extension></extension><extension url="http://hl7.org/fhir/tools/StructureDefinition/ig-parameter"><extension url="code"><valueString value="apply-jurisdiction"/></extension><extension url="value"><valueString value="true"/></extension></extension><extension url="http://hl7.org/fhir/tools/StructureDefinition/ig-parameter"><extension url="code"><valueString value="apply-license"/></extension><extension url="value"><valueString value="true"/></extension></extension><extension url="http://hl7.org/fhir/tools/StructureDefinition/ig-parameter"><extension url="code"><valueString value="apply-publisher"/></extension><extension url="value"><valueString value="true"/></extension></extension><extension url="http://hl7.org/fhir/tools/StructureDefinition/ig-parameter"><extension url="code"><valueString value="apply-version"/></extension><extension url="value"><valueString value="true"/></extension></extension><extension url="http://hl7.org/fhir/tools/StructureDefinition/ig-parameter"><extension url="code"><valueString value="active-tables"/></extension><extension url="value"><valueString value="true"/></extension></extension><grouping id="-str-profile"><name value="Structures: Resource Profiles"/><description value="These define constraints on FHIR resources for systems conforming to this implementation guide"/></grouping><grouping id="-str-datatype"><name value="Structures: Data Type Profiles"/><description value="These define constraints on FHIR data types for systems conforming to this implementation guide"/></grouping><grouping id="-str-extension"><name value="Structures: Extension Definitions"/><description value="These define constraints on FHIR data types for systems conforming to this implementation guide"/></grouping><grouping id="-term-valueset"><name value="Terminology: Value Sets"/><description value="These define sets of codes used by systems conforming to this implementation guide"/></grouping><grouping id="-term-codesystem"><name value="Terminology: Code Systems"/><description value="These define new code systems used by systems conforming to this implementation guide"/></grouping><grouping id="-ex-example"><name value="Example: Example Instances"/><description value="These are example instances that show what data produced and consumed by systems conforming with this implementation guide might look like"/></grouping><resource><extension url="http://hl7.org/fhir/StructureDefinition/implementationguide-page"><valueUri value="StructureDefinition-at-core-address.html"/></extension><reference><reference value="StructureDefinition/at-core-address"/></reference><name value="HL7® AT Core Address Profile"/><description value="HL7® Austria FHIR® Core Profile for address data in Austria. Note, this extension represents the common structure of address information within Austrian information systems. This extension does not restrict the documented information to Austrian adresses. Address information that does not fit into the given structure may be captured by [Address Additional Information](StructureDefinition-at-core-ext-address-additionalInformation.html)."/><exampleBoolean value="false"/><groupingId value="-str-datatype"/></resource><resource><extension url="http://hl7.org/fhir/StructureDefinition/implementationguide-page"><valueUri value="StructureDefinition-at-core-patient.html"/></extension><reference><reference value="StructureDefinition/at-core-patient"/></reference><name value="HL7® AT Core Patient Profile"/><description value="HL7® Austria FHIR® Core Profile for patient pata in Austria."/><exampleBoolean value="false"/><groupingId value="-str-profile"/></resource><resource><extension url="http://hl7.org/fhir/StructureDefinition/implementationguide-page"><valueUri value="StructureDefinition-at-core-ext-address-additionalInformation.html"/></extension><reference><reference value="StructureDefinition/at-core-ext-address-additionalInformation"/></reference><name value="Address Additional Information"/><description value="HL7® Austria FHIR® Core Extension for the additional information part of the Austrian address."/><exampleBoolean value="false"/><groupingId value="-str-extension"/></resource><resource><extension url="http://hl7.org/fhir/StructureDefinition/implementationguide-page"><valueUri value="StructureDefinition-at-core-ext-patient-religion.html"/></extension><reference><reference value="StructureDefinition/at-core-ext-patient-religion"/></reference><name value="Patient Religion"/><description value="HL7® Austria FHIR® Core Extension for the religion (registered in Austria) of a patient.&#xD;&#xA;The extension is used to encode the religious confession of a patient (only confessions registered in Austria). Furthermore, it uses the official [HL7 AT CodeSystem](https://termpub.gesundheit.gv.at:443/TermBrowser/gui/main/main.zul?loadType=CodeSystem&amp;loadName=HL7 AT ReligionAustria) for religion and is therefore aligned with the ELGA ValueSet, respectively."/><exampleBoolean value="false"/><groupingId value="-str-extension"/></resource><resource><extension url="http://hl7.org/fhir/StructureDefinition/implementationguide-page"><valueUri value="Patient-HL7ATCorePatientExample01.html"/></extension><reference><reference value="Patient/HL7ATCorePatientExample01"/></reference><name value="HL7ATCorePatientExample01"/><description value="Example for the usage of the HL7 AT Core Patient Profile"/><exampleCanonical value="http://hl7.at/fhir/HL7ATCoreProfiles/4.0.1/StructureDefinition/at-core-patient"/><groupingId value="-ex-example"/></resource><resource><extension url="http://hl7.org/fhir/StructureDefinition/implementationguide-page"><valueUri value="Patient-HL7ATCorePatientExample02-deceasedTime.html"/></extension><reference><reference value="Patient/HL7ATCorePatientExample02-deceasedTime"/></reference><name value="HL7ATCorePatientExample02-deceasedTime"/><description value="Example with deceasedTime for the usage of the HL7 AT Core Patient Profile"/><exampleCanonical value="http://hl7.at/fhir/HL7ATCoreProfiles/4.0.1/StructureDefinition/at-core-patient"/><groupingId value="-ex-example"/></resource><resource><extension url="http://hl7.org/fhir/StructureDefinition/implementationguide-page"><valueUri value="Patient-HL7ATCorePatientExample03-deceasedBoolean.html"/></extension><reference><reference value="Patient/HL7ATCorePatientExample03-deceasedBoolean"/></reference><name value="HL7ATCorePatientExample03-deceasedBoolean"/><description value="Example with deceasedBoolean for the usage of the HL7 AT Core Patient Profile"/><exampleCanonical value="http://hl7.at/fhir/HL7ATCoreProfiles/4.0.1/StructureDefinition/at-core-patient"/><groupingId value="-ex-example"/></resource><resource><extension url="http://hl7.org/fhir/StructureDefinition/implementationguide-page"><valueUri value="Patient-HL7ATCorePatientExample04-Full.html"/></extension><reference><reference value="Patient/HL7ATCorePatientExample04-Full"/></reference><name value="HL7ATCorePatientExample04-Full"/><description value="Example with all elements for the usage of the HL7 AT Core Patient Profile"/><exampleCanonical value="http://hl7.at/fhir/HL7ATCoreProfiles/4.0.1/StructureDefinition/at-core-patient"/><groupingId value="-ex-example"/></resource><resource><extension url="http://hl7.org/fhir/StructureDefinition/implementationguide-page"><valueUri value="Patient-HL7ATCorePatientExample05-FullElga.html"/></extension><reference><reference value="Patient/HL7ATCorePatientExample05-FullElga"/></reference><name value="HL7ATCorePatientExample05-FullElga"/><description value="Example with all ELGA header elements in the HL7 AT Core Patient Profile"/><exampleCanonical value="http://hl7.at/fhir/HL7ATCoreProfiles/4.0.1/StructureDefinition/at-core-patient"/><groupingId value="-ex-example"/></resource><resource><extension url="http://hl7.org/fhir/StructureDefinition/implementationguide-page"><valueUri value="Organization-Organization-example-f001-burgers.html"/></extension><reference><reference value="Organization/Organization-example-f001-burgers"/></reference><name value="Organization-example-f001-burgers"/><description value="Real-world organization example (Burgers MC) from the HL7® FHIR® specification. Note that this resource uses **nothing** from this implementation guide. It just exists to be referenced in the patient example resources."/><exampleBoolean value="true"/><groupingId value="-ex-example"/></resource><resource><extension url="http://hl7.org/fhir/StructureDefinition/implementationguide-page"><valueUri value="CodeSystem-at-core-cs-iso-3166-1-alpha-3.html"/></extension><reference><reference value="CodeSystem/at-core-cs-iso-3166-1-alpha-3"/></reference><name value="at-core-cs-iso-3166-1-alpha-3"/><description value="ISO code system for country codes with 3 letters. Also accessible on [Termpub - CodeSystem - ISO 3166-1 alpha 3](https://termpub.gesundheit.gv.at/TermBrowser/gui/main/main.zul?loadType=CodeSystem&amp;loadName=ISO%203166-1%20alpha%203%202016)."/><exampleBoolean value="false"/><groupingId value="-term-codesystem"/></resource><resource><extension url="http://hl7.org/fhir/StructureDefinition/implementationguide-page"><valueUri value="CodeSystem-at-core-cs-religion.html"/></extension><reference><reference value="CodeSystem/at-core-cs-religion"/></reference><name value="at-core-cs-religion"/><description value="Code system for the religions and faith communities in Austria. Also accessible on [Termpub - CodeSystem - HL7 AT ReligionAustria](https://termpub.gesundheit.gv.at:443/TermBrowser/gui/main/main.zul?loadType=CodeSystem&amp;loadName=HL7.AT:ReligionAustria)."/><exampleBoolean value="false"/><groupingId value="-term-codesystem"/></resource><resource><extension url="http://hl7.org/fhir/StructureDefinition/implementationguide-page"><valueUri value="ValueSet-at-elga-vs-countryCodes.html"/></extension><reference><reference value="ValueSet/at-elga-vs-countryCodes"/></reference><name value="at-elga-vs-countryCodes"/><description value="Value Set for ISO 3166-1 alpha 3 used in ELGA. Also accessible on [Termpub - ValueSet - ELGA Ländercodes](https://termpub.gesundheit.gv.at:443/TermBrowser/gui/main/main.zul?loadType=ValueSet&amp;loadName=ELGA_Laendercodes)."/><exampleBoolean value="false"/><groupingId value="-term-valueset"/></resource><resource><extension url="http://hl7.org/fhir/StructureDefinition/implementationguide-page"><valueUri value="ValueSet-at-elga-vs-religion.html"/></extension><reference><reference value="ValueSet/at-elga-vs-religion"/></reference><name value="at-elga-vs-religion"/><description value="Set of religious affiliations to be used in ELGA. It is preferred to use entries of the first level hierachy (1-L). Also accessible on [Termpub - ValueSet - ELGA ReligiousAffiliation](https://termpub.gesundheit.gv.at:443/TermBrowser/gui/main/main.zul?loadType=ValueSet&amp;loadName=ELGA_ReligiousAffiliation)."/><exampleBoolean value="false"/><groupingId value="-term-valueset"/></resource><page><nameUrl value="toc.html"/><title value="Table of Contents"/><generation value="html"/><page><nameUrl value="index.html"/><title value="Home"/><generation value="markdown"/></page><page><nameUrl value="artifacts.html"/><title value="Artifacts Summary"/><generation value="html"/><page><nameUrl value="StructureDefinition-at-core-patient.html"/><title value="HL7® AT Core Patient Profile"/><generation value="generated"/></page><page><nameUrl value="StructureDefinition-at-core-address.html"/><title value="HL7® AT Core Address Profile"/><generation value="generated"/></page><page><nameUrl value="StructureDefinition-at-core-ext-address-additionalInformation.html"/><title value="Address Additional Information"/><generation value="generated"/></page><page><nameUrl value="StructureDefinition-at-core-ext-patient-religion.html"/><title value="Patient Religion"/><generation value="generated"/></page><page><nameUrl value="ValueSet-at-elga-vs-countryCodes.html"/><title value="at-elga-vs-countryCodes"/><generation value="generated"/></page><page><nameUrl value="ValueSet-at-elga-vs-religion.html"/><title value="at-elga-vs-religion"/><generation value="generated"/></page><page><nameUrl value="CodeSystem-at-core-cs-iso-3166-1-alpha-3.html"/><title value="at-core-cs-iso-3166-1-alpha-3"/><generation value="generated"/></page><page><nameUrl value="CodeSystem-at-core-cs-religion.html"/><title value="at-core-cs-religion"/><generation value="generated"/></page><page><nameUrl value="Patient-HL7ATCorePatientExample01.html"/><title value="HL7ATCorePatientExample01"/><generation value="generated"/></page><page><nameUrl value="Patient-HL7ATCorePatientExample02-deceasedTime.html"/><title value="HL7ATCorePatientExample02-deceasedTime"/><generation value="generated"/></page><page><nameUrl value="Patient-HL7ATCorePatientExample03-deceasedBoolean.html"/><title value="HL7ATCorePatientExample03-deceasedBoolean"/><generation value="generated"/></page><page><nameUrl value="Patient-HL7ATCorePatientExample04-Full.html"/><title value="HL7ATCorePatientExample04-Full"/><generation value="generated"/></page><page><nameUrl value="Patient-HL7ATCorePatientExample05-FullElga.html"/><title value="HL7ATCorePatientExample05-FullElga"/><generation value="generated"/></page><page><nameUrl value="Organization-Organization-example-f001-burgers.html"/><title value="Organization-example-f001-burgers"/><generation value="generated"/></page></page></page><parameter><code value="path-resource"/><value value="input/capabilities"/></parameter><parameter><code value="path-resource"/><value value="input/examples"/></parameter><parameter><code value="path-resource"/><value value="input/extensions"/></parameter><parameter><code value="path-resource"/><value value="input/models"/></parameter><parameter><code value="path-resource"/><value value="input/operations"/></parameter><parameter><code value="path-resource"/><value value="input/profiles"/></parameter><parameter><code value="path-resource"/><value value="input/resources"/></parameter><parameter><code value="path-resource"/><value value="input/vocabulary"/></parameter><parameter><code value="path-resource"/><value value="input/maps"/></parameter><parameter><code value="path-resource"/><value value="input/testing"/></parameter><parameter><code value="path-resource"/><value value="input/history"/></parameter><parameter><code value="path-resource"/><value value="fsh-generated/resources"/></parameter><parameter><code value="path-pages"/><value value="template/config"/></parameter><parameter><code value="path-pages"/><value value="input/images"/></parameter><parameter><code value="path-tx-cache"/><value value="input-cache/txcache"/></parameter></definition></ImplementationGuide>