"Id","Path","Slice Name","Alias(s)","Label","Min","Max","Must Support?","Is Modifier?","Is Summary?","Type(s)","Short","Definition","Comments","Requirements","Default Value","Meaning When Missing","Fixed Value","Pattern","Example","Minimum Value","Maximum Value","Maximum Length","Binding Strength","Binding Description","Binding Value Set","Code","Slicing Discriminator","Slicing Description","Slicing Ordered","Slicing Rules","Base Path","Base Min","Base Max","Condition(s)","Constraint(s)","Mapping: FiveWs Pattern Mapping","Mapping: RIM Mapping"
"Account","Account","","Cost center
Record","",0,*,"","","","null {[]} {[]}
","Tracks balance, charges, for patient or cost center","A financial tool for tracking value accrued for a particular purpose.  In the healthcare field, used to track charges for a patient, cost centers, etc.","","","","","","","","","",,,,,"",,,,"Account",0,*,"","dom-2:If the resource is contained in another resource, it SHALL NOT contain nested Resources {contained.contained.empty()}
dom-3:If the resource is contained in another resource, it SHALL be referred to from elsewhere in the resource or SHALL refer to the containing resource {contained.where((('#'+id in (%resource.descendants().reference | %resource.descendants().ofType(canonical) | %resource.descendants().ofType(uri) | %resource.descendants().ofType(url))) or descendants().where(reference = '#').exists() or descendants().where(ofType(canonical) = '#').exists() or descendants().where(ofType(canonical) = '#').exists()).not()).trace('unmatched', id).empty()}dom-4:If a resource is contained in another resource, it SHALL NOT have a meta.versionId or a meta.lastUpdated {contained.meta.versionId.empty() and contained.meta.lastUpdated.empty()}dom-5:If a resource is contained in another resource, it SHALL NOT have a security label {contained.meta.security.empty()}dom-6:A resource should have narrative for robust management {text.`div`.exists()}","financial.support","Entity, Role, or Act,Account"
"Account.id","Account.id","","","",0,1,"","","Y","id {[]} {[]}
","Logical id of this artifact","The logical id of the resource, as used in the URL for the resource. Once assigned, this value never changes.","Within the context of the FHIR RESTful interactions, the resource has an id except for cases like the create and conditional update. Otherwise, the use of the resouce id depends on the given use case.","","","","","","","","",,,,,"",,,,"Resource.id",0,1,"",""
"Account.meta","Account.meta","","","",0,1,"","","Y","Meta {[]} {[]}
","Metadata about the resource","The metadata about the resource. This is content that is maintained by the infrastructure. Changes to the content might not always be associated with version changes to the resource.","","","","","","","","","",,,,,"",,,,"Resource.meta",0,1,"","ele-1:All FHIR elements must have a @value or children {hasValue() or (children().count() > id.count())}
"
"Account.implicitRules","Account.implicitRules","","","",0,1,"","Y","Y","uri {[]} {[]}
","A set of rules under which this content was created","A reference to a set of rules that were followed when the resource was constructed, and which must be understood when processing the content. Often, this is a reference to an implementation guide that defines the special rules along with other profiles etc.","Asserting this rule set restricts the content to be only understood by a limited set of trading partners. This inherently limits the usefulness of the data in the long term. However, the existing health eco-system is highly fractured, and not yet ready to define, collect, and exchange data in a generally computable sense. Wherever possible, implementers and/or specification writers should avoid using this element. Often, when used, the URL is a reference to an implementation guide that defines these special rules as part of its narrative along with other profiles, value sets, etc.","","","","","","","","",,,,,"",,,,"Resource.implicitRules",0,1,"","ele-1:All FHIR elements must have a @value or children {hasValue() or (children().count() > id.count())}
"
"Account.language","Account.language","","","",0,1,"","","","code {[]} {[]}
","Language of the resource content","The base language in which the resource is written.","Language is provided to support indexing and accessibility (typically, services such as text to speech use the language tag). The html language tag in the narrative applies  to the narrative. The language tag on the resource may be used to specify the language of other presentations generated from the data in the resource. Not all the content has to be in the base language. The Resource.language should not be assumed to apply to the narrative automatically. If a language is specified, it should it also be specified on the div element in the html (see rules in HTML5 for information about the relationship between xml:lang and the html lang attribute).","","","","","","","","",,"required","IETF language tag for a human language","http://hl7.org/fhir/ValueSet/all-languages|5.0.0","",,,,"Resource.language",0,1,"","ele-1:All FHIR elements must have a @value or children {hasValue() or (children().count() > id.count())}
"
"Account.text","Account.text","","narrative
htmlxhtmldisplay","",0,1,"","","","Narrative {[]} {[]}
","Text summary of the resource, for human interpretation","A human-readable narrative that contains a summary of the resource and can be used to represent the content of the resource to a human. The narrative need not encode all the structured data, but is required to contain sufficient detail to make it ""clinically safe"" for a human to just read the narrative. Resource definitions may define what content should be represented in the narrative to ensure clinical safety.","Contained resources do not have a narrative. Resources that are not contained SHOULD have a narrative. In some cases, a resource may only have text with little or no additional discrete data (as long as all minOccurs=1 elements are satisfied).  This may be necessary for data from legacy systems where information is captured as a ""text blob"" or where text is additionally entered raw or narrated and encoded information is added later.","","","","","","","","",,,,,"",,,,"DomainResource.text",0,1,"dom-6
","ele-1:All FHIR elements must have a @value or children {hasValue() or (children().count() > id.count())}
","Act.text?"
"Account.contained","Account.contained","","inline resources
anonymous resourcescontained resources","",0,*,"","","","Resource {[]} {[]}
","Contained, inline Resources","These resources do not have an independent existence apart from the resource that contains them - they cannot be identified independently, nor can they have their own independent transaction scope. This is allowed to be a Parameters resource if and only if it is referenced by a resource that provides context/meaning.","This should never be done when the content can be identified properly, as once identification is lost, it is extremely difficult (and context dependent) to restore it again. Contained resources may have profiles and tags in their meta elements, but SHALL NOT have security labels.","","","","","","","","",,,,,"",,,,"DomainResource.contained",0,*,"dom-2
dom-4dom-3dom-5","","N/A"
"Account.extension","Account.extension","","","",1,*,"","","","Extension {[]} {[]}
","Extension","An Extension","","","","","","","","","",,,,,"","value:url}
","",,"open","DomainResource.extension",0,*,"","ele-1:All FHIR elements must have a @value or children {hasValue() or (children().count() > id.count())}
ext-1:Must have either extensions or value[x], not both {extension.exists() != value.exists()}"
"Account.extension:AnzahlVerlegungen","Account.extension","AnzahlVerlegungen","","",0,1,"","","","Extension {[CanonicalType[http://example.org/StructureDefinition/moped-ext-AnzahlVerlegungen]]} {[]}
","AnzahlVerlegungen","MOPED Extension für die Anzahl der Verlegungen","","","","","","","","","",,,,,"",,,,"DomainResource.extension",0,*,"","ele-1:All FHIR elements must have a @value or children {hasValue() or (children().count() > id.count())}
ext-1:Must have either extensions or value[x], not both {extension.exists() != value.exists()}"
"Account.extension:AnzahlBeurlaubungen","Account.extension","AnzahlBeurlaubungen","","",0,1,"","","","Extension {[CanonicalType[http://example.org/StructureDefinition/moped-ext-AnzahlBeurlaubungen]]} {[]}
","AnzahlBeurlaubungen","MOPED Extension für die Anzahl der Beurlaubungen","","","","","","","","","",,,,,"",,,,"DomainResource.extension",0,*,"","ele-1:All FHIR elements must have a @value or children {hasValue() or (children().count() > id.count())}
ext-1:Must have either extensions or value[x], not both {extension.exists() != value.exists()}"
"Account.extension:VDASID","Account.extension","VDASID","","",0,1,"","","","Extension {[CanonicalType[http://example.org/StructureDefinition/moped-ext-vdasid]]} {[]}
","VDAS-ID - VersichertenDatenAbfrageService","Es handelt sich um eine ID, welche bei der VDAS-Abfrage durch die Krankenanstalt vom e-card System vergeben wird und von der Krankenanstalt in der Aufnahme-/Ereignisanzeige mitgeliefert werden kann. Dadurch kann das Abfrageergebnis eindeutig nachvollzogen werden.
Das Ergebnis der VDAS-Abfrage ist im ambulanten Bereich für den Krankenversicherungsträger verbindlich. Eine Ablehnung aus versicherungsrechtlichen Gründen ist nicht möglich, sofern die Er- eignisanzeige jenem Träger aus der VDAS-Abfrage (inkl. VDAS-ID) übermittelt wurde.
Um eine zwischenstaatliche Verrechnung zu ermöglichen ist bei zwischenstaatlichen Fällen eine Ablehnung zulässig.","","","","","","","","","",,,,,"",,,,"DomainResource.extension",0,*,"","ele-1:All FHIR elements must have a @value or children {hasValue() or (children().count() > id.count())}
ext-1:Must have either extensions or value[x], not both {extension.exists() != value.exists()}"
"Account.extension:WorkflowStatus","Account.extension","WorkflowStatus","","",1,1,"","","","Extension {[CanonicalType[http://example.org/StructureDefinition/moped-ext-workflow-status]]} {[]}
","Workflow Status","MOPED Extension für den Workflowstatus. Dieser beschreibt den Zustand in dem sich der administrative Fall derzeit befindet","","","","","","","","","",,,,,"",,,,"DomainResource.extension",0,*,"","ele-1:All FHIR elements must have a @value or children {hasValue() or (children().count() > id.count())}
ext-1:Must have either extensions or value[x], not both {extension.exists() != value.exists()}"
"Account.extension:VerdachtArbeitsSchuelerunfall","Account.extension","VerdachtArbeitsSchuelerunfall","","",0,1,"","","","Extension {[CanonicalType[http://example.org/StructureDefinition/moped-ext-VerdachtArbeitsSchuelerunfall]]} {[]}
","Verdacht auf Arbeits- oder Schuelerunfall","MOPED Extension für den Verdacht auf einen Arbeits- oder Schuelerunfall.","","","","","","","","","",,,,,"",,,,"DomainResource.extension",0,*,"","ele-1:All FHIR elements must have a @value or children {hasValue() or (children().count() > id.count())}
ext-1:Must have either extensions or value[x], not both {extension.exists() != value.exists()}"
"Account.extension:VerdachtFremdverschulden","Account.extension","VerdachtFremdverschulden","","",0,1,"","","","Extension {[CanonicalType[http://example.org/StructureDefinition/moped-ext-VerdachtFremdverschulden]]} {[]}
","Verdacht auf Fremdverschulden","MOPED Extension für den Verdacht auf Fremdverschulden","","","","","","","","","",,,,,"",,,,"DomainResource.extension",0,*,"","ele-1:All FHIR elements must have a @value or children {hasValue() or (children().count() > id.count())}
ext-1:Must have either extensions or value[x], not both {extension.exists() != value.exists()}"
"Account.extension:TageOhneKostenbeitrag","Account.extension","TageOhneKostenbeitrag","","",0,1,"","","","Extension {[CanonicalType[http://example.org/StructureDefinition/moped-ext-TageOhneKostenbeitrag]]} {[]}
","Tage ohne Einhebung des Kostenbeitrags","Anzahl der Tage, für welche kein Kostenbeitrag seitens der Krankenanstalt eingehoben wurde","","","","","","","","","",,,,,"",,,,"DomainResource.extension",0,*,"","ele-1:All FHIR elements must have a @value or children {hasValue() or (children().count() > id.count())}
ext-1:Must have either extensions or value[x], not both {extension.exists() != value.exists()}"
"Account.modifierExtension","Account.modifierExtension","","extensions
user content","",0,*,"","Y","Y","Extension {[]} {[]}
","Extensions that cannot be ignored","May be used to represent additional information that is not part of the basic definition of the resource and that modifies the understanding of the element that contains it and/or the understanding of the containing element's descendants. Usually modifier elements provide negation or qualification. To make the use of extensions safe and managable, there is a strict set of governance applied to the definition and use of extensions. Though any implementer is allowed to define an extension, there is a set of requirements that SHALL be met as part of the definition of the extension. Applications processing a resource are required to check for modifier extensions.

Modifier extensions SHALL NOT change the meaning of any elements on Resource or DomainResource (including cannot change the meaning of modifierExtension itself).","There can be no stigma associated with the use of extensions by any application, project, or standard - regardless of the institution or jurisdiction that uses or defines the extensions.  The use of extensions is what allows the FHIR specification to retain a core level of simplicity for everyone.","Modifier extensions allow for extensions that *cannot* be safely ignored to be clearly distinguished from the vast majority of extensions which can be safely ignored.  This promotes interoperability by eliminating the need for implementers to prohibit the presence of extensions. For further information, see the [definition of modifier extensions](http://hl7.org/fhir/R5/extensibility.html#modifierExtension).","","","","","","","",,,,,"",,,,"DomainResource.modifierExtension",0,*,"","ele-1:All FHIR elements must have a @value or children {hasValue() or (children().count() > id.count())}
ext-1:Must have either extensions or value[x], not both {extension.exists() != value.exists()}","N/A"
"Account.identifier","Account.identifier","","","",0,*,"","","Y","Identifier {[]} {[]}
","Account number","Unique identifier used to reference the account.  Might or might not be intended for human use (e.g. credit card number).","","","","","","","","","",,,,,"",,,,"Account.identifier",0,*,"","ele-1:All FHIR elements must have a @value or children {hasValue() or (children().count() > id.count())}
","FiveWs.identifier",".id"
"Account.status","Account.status","","","",1,1,"","Y","Y","code {[]} {[]}
","active | inactive | entered-in-error | on-hold | unknown","Indicates whether the account is presently used/usable or not.","This element is labeled as a modifier because the status contains the codes inactive and entered-in-error that mark the Account as not currently valid.","","","","","","","","",,"required","Indicates whether the account is available to be used.","http://hl7.org/fhir/ValueSet/account-status|5.0.0","",,,,"Account.status",1,1,"","ele-1:All FHIR elements must have a @value or children {hasValue() or (children().count() > id.count())}
","FiveWs.status",".statusCode"
"Account.billingStatus","Account.billingStatus","","","",0,1,"","","Y","CodeableConcept {[]} {[]}
","Tracks the lifecycle of the account through the billing process","The BillingStatus tracks the lifecycle of the account through the billing process. It indicates how transactions are treated when they are allocated to the account.","","","","","","","","","",,"example","Indicates whether the account is available to be used for billing purposes.","http://hl7.org/fhir/ValueSet/account-billing-status","",,,,"Account.billingStatus",0,1,"","ele-1:All FHIR elements must have a @value or children {hasValue() or (children().count() > id.count())}
"
"Account.type","Account.type","","","",0,1,"","","Y","CodeableConcept {[]} {[]}
","E.g. patient, expense, depreciation","Categorizes the account for reporting and searching purposes.","","","","","","","","","",,"example","The usage type of this account, permits categorization of accounts.","http://hl7.org/fhir/ValueSet/account-type","",,,,"Account.type",0,1,"","ele-1:All FHIR elements must have a @value or children {hasValue() or (children().count() > id.count())}
","FiveWs.class",".code"
"Account.name","Account.name","","Title
","",0,1,"","","Y","string {[]} {[]}
","Human-readable label","Name used for the account when displaying it to humans in reports, etc.","","","","","","","","","",,,,,"",,,,"Account.name",0,1,"","ele-1:All FHIR elements must have a @value or children {hasValue() or (children().count() > id.count())}
","FiveWs.what[x]",".title"
"Account.subject","Account.subject","","target
","",0,*,"","","Y","Reference {[]} {[CanonicalType[http://hl7.at/fhir/HL7ATCoreProfiles/5.0.0/StructureDefinition/at-core-patient]]}
","The entity that caused the expenses","Identifies the entity which incurs the expenses. While the immediate recipients of services or goods might be entities related to the subject, the expenses were ultimately incurred by the subject of the Account.","Accounts can be applied to non-patients for tracking other non-patient related activities, such as group services (patients not tracked, and costs charged to another body), or might not be allocated.","","","","","","","","",,,,,"",,,,"Account.subject",0,*,"","ele-1:All FHIR elements must have a @value or children {hasValue() or (children().count() > id.count())}
","FiveWs.subject[x]",".subject"
"Account.servicePeriod","Account.servicePeriod","","","",0,1,"","","Y","Period {[]} {[]}
","Transaction window","The date range of services associated with this account.","It is possible for transactions to be posted outside the service period, as long as the service was provided within the defined service period.","","","","","","","","",,,,,"",,,,"Account.servicePeriod",0,1,"","ele-1:All FHIR elements must have a @value or children {hasValue() or (children().count() > id.count())}
","FiveWs.done[x]",".coverage.insurancePolicy.effectiveTime"
"Account.coverage","Account.coverage","","","",0,*,"","","Y","BackboneElement {[]} {[]}
","The party(s) that are responsible for covering the payment of this account, and what order should they be applied to the account","The party(s) that are responsible for covering the payment of this account, and what order should they be applied to the account.","Typically. this may be some form of insurance, internal charges, or self-pay.

Local or jurisdictional business rules may determine which coverage covers which types of billable items charged to the account, and in which order.
Where the order is important, a local/jurisdictional extension may be defined to specify the order for the type of charge.","","","","","","","","",,,,,"",,,,"Account.coverage",0,*,"","ele-1:All FHIR elements must have a @value or children {hasValue() or (children().count() > id.count())}
",".coverage"
"Account.coverage.id","Account.coverage.id","","","",0,1,"","","","string {[]} {[]}
","Unique id for inter-element referencing","Unique id for the element within a resource (for internal references). This may be any string value that does not contain spaces.","","","","","","","","","",,,,,"",,,,"Element.id",0,1,"ele-1
","","n/a"
"Account.coverage.extension","Account.coverage.extension","","extensions
user content","",0,*,"","","","Extension {[]} {[]}
","Additional content defined by implementations","May be used to represent additional information that is not part of the basic definition of the element. To make the use of extensions safe and managable, there is a strict set of governance applied to the definition and use of extensions. Though any implementer can define an extension, there is a set of requirements that SHALL be met as part of the definition of the extension.","There can be no stigma associated with the use of extensions by any application, project, or standard - regardless of the institution or jurisdiction that uses or defines the extensions.  The use of extensions is what allows the FHIR specification to retain a core level of simplicity for everyone.","","","","","","","","",,,,,"",,,,"Element.extension",0,*,"","ele-1:All FHIR elements must have a @value or children {hasValue() or (children().count() > id.count())}
ext-1:Must have either extensions or value[x], not both {extension.exists() != value.exists()}","n/a"
"Account.coverage.modifierExtension","Account.coverage.modifierExtension","","extensions
user contentmodifiers","",0,*,"","Y","Y","Extension {[]} {[]}
","Extensions that cannot be ignored even if unrecognized","May be used to represent additional information that is not part of the basic definition of the element and that modifies the understanding of the element in which it is contained and/or the understanding of the containing element's descendants. Usually modifier elements provide negation or qualification. To make the use of extensions safe and managable, there is a strict set of governance applied to the definition and use of extensions. Though any implementer can define an extension, there is a set of requirements that SHALL be met as part of the definition of the extension. Applications processing a resource are required to check for modifier extensions.

Modifier extensions SHALL NOT change the meaning of any elements on Resource or DomainResource (including cannot change the meaning of modifierExtension itself).","There can be no stigma associated with the use of extensions by any application, project, or standard - regardless of the institution or jurisdiction that uses or defines the extensions.  The use of extensions is what allows the FHIR specification to retain a core level of simplicity for everyone.","Modifier extensions allow for extensions that *cannot* be safely ignored to be clearly distinguished from the vast majority of extensions which can be safely ignored.  This promotes interoperability by eliminating the need for implementers to prohibit the presence of extensions. For further information, see the [definition of modifier extensions](http://hl7.org/fhir/R5/extensibility.html#modifierExtension).","","","","","","","",,,,,"",,,,"BackboneElement.modifierExtension",0,*,"","ele-1:All FHIR elements must have a @value or children {hasValue() or (children().count() > id.count())}
ext-1:Must have either extensions or value[x], not both {extension.exists() != value.exists()}","N/A"
"Account.coverage.coverage","Account.coverage.coverage","","","",1,1,"","","Y","Reference {[]} {[CanonicalType[http://hl7.org/fhir/StructureDefinition/Coverage]]}
","The party(s), such as insurances, that may contribute to the payment of this account","The party(s) that contribute to payment (or part of) of the charges applied to this account (including self-pay).

A coverage may only be responsible for specific types of charges, and the sequence of the coverages in the account could be important when processing billing.","","","","","","","","","",,,,,"",,,,"Account.coverage.coverage",1,1,"","ele-1:All FHIR elements must have a @value or children {hasValue() or (children().count() > id.count())}
",".coverage.insurancePolicy.author"
"Account.coverage.priority","Account.coverage.priority","","coordination of benefit priority
","",0,1,"","","Y","positiveInt {[]} {[]}
","The priority of the coverage in the context of this account","The priority of the coverage in the context of this account.","It is common in some jurisdictions for there to be multiple coverages allocated to an account, and a sequence is required to order the settling of the account (often with insurance claiming).","","","","","","","","",,,,,"",,,,"Account.coverage.priority",0,1,"","ele-1:All FHIR elements must have a @value or children {hasValue() or (children().count() > id.count())}
",".coverage.sequenceNumber"
"Account.owner","Account.owner","","","",0,1,"","","Y","Reference {[]} {[CanonicalType[http://hl7.at/fhir/HL7ATCoreProfiles/5.0.0/StructureDefinition/at-core-organization]]}
","Entity managing the Account","Indicates the service area, hospital, department, etc. with responsibility for managing the Account.","","","","","","","","","",,,,,"",,,,"Account.owner",0,1,"","ele-1:All FHIR elements must have a @value or children {hasValue() or (children().count() > id.count())}
",".holder"
"Account.description","Account.description","","","",0,1,"","","Y","markdown {[]} {[]}
","Explanation of purpose/use","Provides additional information about what the account tracks and how it is used.","","","","","","","","","",,,,,"",,,,"Account.description",0,1,"","ele-1:All FHIR elements must have a @value or children {hasValue() or (children().count() > id.count())}
",".subjectOf.observationEvent[code=""annotation""].value"
"Account.guarantor","Account.guarantor","","","",0,*,"","","","BackboneElement {[]} {[]}
","The parties ultimately responsible for balancing the Account","The parties responsible for balancing the account if other payment options fall short.","","","","","","","","","",,,,,"",,,,"Account.guarantor",0,*,"","ele-1:All FHIR elements must have a @value or children {hasValue() or (children().count() > id.count())}
",".holder.guarantorRole"
"Account.guarantor.id","Account.guarantor.id","","","",0,1,"","","","string {[]} {[]}
","Unique id for inter-element referencing","Unique id for the element within a resource (for internal references). This may be any string value that does not contain spaces.","","","","","","","","","",,,,,"",,,,"Element.id",0,1,"ele-1
","","n/a"
"Account.guarantor.extension","Account.guarantor.extension","","extensions
user content","",0,*,"","","","Extension {[]} {[]}
","Additional content defined by implementations","May be used to represent additional information that is not part of the basic definition of the element. To make the use of extensions safe and managable, there is a strict set of governance applied to the definition and use of extensions. Though any implementer can define an extension, there is a set of requirements that SHALL be met as part of the definition of the extension.","There can be no stigma associated with the use of extensions by any application, project, or standard - regardless of the institution or jurisdiction that uses or defines the extensions.  The use of extensions is what allows the FHIR specification to retain a core level of simplicity for everyone.","","","","","","","","",,,,,"",,,,"Element.extension",0,*,"","ele-1:All FHIR elements must have a @value or children {hasValue() or (children().count() > id.count())}
ext-1:Must have either extensions or value[x], not both {extension.exists() != value.exists()}","n/a"
"Account.guarantor.modifierExtension","Account.guarantor.modifierExtension","","extensions
user contentmodifiers","",0,*,"","Y","Y","Extension {[]} {[]}
","Extensions that cannot be ignored even if unrecognized","May be used to represent additional information that is not part of the basic definition of the element and that modifies the understanding of the element in which it is contained and/or the understanding of the containing element's descendants. Usually modifier elements provide negation or qualification. To make the use of extensions safe and managable, there is a strict set of governance applied to the definition and use of extensions. Though any implementer can define an extension, there is a set of requirements that SHALL be met as part of the definition of the extension. Applications processing a resource are required to check for modifier extensions.

Modifier extensions SHALL NOT change the meaning of any elements on Resource or DomainResource (including cannot change the meaning of modifierExtension itself).","There can be no stigma associated with the use of extensions by any application, project, or standard - regardless of the institution or jurisdiction that uses or defines the extensions.  The use of extensions is what allows the FHIR specification to retain a core level of simplicity for everyone.","Modifier extensions allow for extensions that *cannot* be safely ignored to be clearly distinguished from the vast majority of extensions which can be safely ignored.  This promotes interoperability by eliminating the need for implementers to prohibit the presence of extensions. For further information, see the [definition of modifier extensions](http://hl7.org/fhir/R5/extensibility.html#modifierExtension).","","","","","","","",,,,,"",,,,"BackboneElement.modifierExtension",0,*,"","ele-1:All FHIR elements must have a @value or children {hasValue() or (children().count() > id.count())}
ext-1:Must have either extensions or value[x], not both {extension.exists() != value.exists()}","N/A"
"Account.guarantor.party","Account.guarantor.party","","","",1,1,"","","","Reference {[]} {[CanonicalType[http://hl7.org/fhir/StructureDefinition/Patient], CanonicalType[http://hl7.org/fhir/StructureDefinition/RelatedPerson], CanonicalType[http://hl7.org/fhir/StructureDefinition/Organization]]}
","Responsible entity","The entity who is responsible.","","","","","","","","","",,,,,"",,,,"Account.guarantor.party",1,1,"","ele-1:All FHIR elements must have a @value or children {hasValue() or (children().count() > id.count())}
",".holder.guarantorRole[guarantorPerson|guarantorOrganization]"
"Account.guarantor.onHold","Account.guarantor.onHold","","","",0,1,"","","","boolean {[]} {[]}
","Credit or other hold applied","A guarantor may be placed on credit hold or otherwise have their role temporarily suspended.","","","","","","","","","",,,,,"",,,,"Account.guarantor.onHold",0,1,"","ele-1:All FHIR elements must have a @value or children {hasValue() or (children().count() > id.count())}
",".holder.guarantorRole.statusCode"
"Account.guarantor.period","Account.guarantor.period","","","",0,1,"","","","Period {[]} {[]}
","Guarantee account during","The timeframe during which the guarantor accepts responsibility for the account.","","","","","","","","","",,,,,"",,,,"Account.guarantor.period",0,1,"","ele-1:All FHIR elements must have a @value or children {hasValue() or (children().count() > id.count())}
",".holder.guarantorRole.effectiveTime"
"Account.diagnosis","Account.diagnosis","","","",0,*,"","","Y","BackboneElement {[]} {[]}
","The list of diagnoses relevant to this account","When using an account for billing a specific Encounter the set of diagnoses that are relevant for billing are stored here on the account where they are able to be sequenced appropriately prior to processing to produce claim(s).","","","","","","","","","",,,,,"",,,,"Account.diagnosis",0,*,"","act-1:The dateOfDiagnosis is not valid when using a reference to a diagnosis {condition.reference.empty().not() implies dateOfDiagnosis.empty()}
ele-1:All FHIR elements must have a @value or children {hasValue() or (children().count() > id.count())}"
"Account.diagnosis.id","Account.diagnosis.id","","","",0,1,"","","","string {[]} {[]}
","Unique id for inter-element referencing","Unique id for the element within a resource (for internal references). This may be any string value that does not contain spaces.","","","","","","","","","",,,,,"",,,,"Element.id",0,1,"ele-1
","","n/a"
"Account.diagnosis.extension","Account.diagnosis.extension","","extensions
user content","",0,*,"","","","Extension {[]} {[]}
","Additional content defined by implementations","May be used to represent additional information that is not part of the basic definition of the element. To make the use of extensions safe and managable, there is a strict set of governance applied to the definition and use of extensions. Though any implementer can define an extension, there is a set of requirements that SHALL be met as part of the definition of the extension.","There can be no stigma associated with the use of extensions by any application, project, or standard - regardless of the institution or jurisdiction that uses or defines the extensions.  The use of extensions is what allows the FHIR specification to retain a core level of simplicity for everyone.","","","","","","","","",,,,,"",,,,"Element.extension",0,*,"","ele-1:All FHIR elements must have a @value or children {hasValue() or (children().count() > id.count())}
ext-1:Must have either extensions or value[x], not both {extension.exists() != value.exists()}","n/a"
"Account.diagnosis.modifierExtension","Account.diagnosis.modifierExtension","","extensions
user contentmodifiers","",0,*,"","Y","Y","Extension {[]} {[]}
","Extensions that cannot be ignored even if unrecognized","May be used to represent additional information that is not part of the basic definition of the element and that modifies the understanding of the element in which it is contained and/or the understanding of the containing element's descendants. Usually modifier elements provide negation or qualification. To make the use of extensions safe and managable, there is a strict set of governance applied to the definition and use of extensions. Though any implementer can define an extension, there is a set of requirements that SHALL be met as part of the definition of the extension. Applications processing a resource are required to check for modifier extensions.

Modifier extensions SHALL NOT change the meaning of any elements on Resource or DomainResource (including cannot change the meaning of modifierExtension itself).","There can be no stigma associated with the use of extensions by any application, project, or standard - regardless of the institution or jurisdiction that uses or defines the extensions.  The use of extensions is what allows the FHIR specification to retain a core level of simplicity for everyone.","Modifier extensions allow for extensions that *cannot* be safely ignored to be clearly distinguished from the vast majority of extensions which can be safely ignored.  This promotes interoperability by eliminating the need for implementers to prohibit the presence of extensions. For further information, see the [definition of modifier extensions](http://hl7.org/fhir/R5/extensibility.html#modifierExtension).","","","","","","","",,,,,"",,,,"BackboneElement.modifierExtension",0,*,"","ele-1:All FHIR elements must have a @value or children {hasValue() or (children().count() > id.count())}
ext-1:Must have either extensions or value[x], not both {extension.exists() != value.exists()}","N/A"
"Account.diagnosis.sequence","Account.diagnosis.sequence","","","",0,1,"","","","positiveInt {[]} {[]}
","Ranking of the diagnosis (for each type)","Ranking of the diagnosis (for each type).","","","","","","","","","",,,,,"",,,,"Account.diagnosis.sequence",0,1,"","ele-1:All FHIR elements must have a @value or children {hasValue() or (children().count() > id.count())}
"
"Account.diagnosis.condition","Account.diagnosis.condition","","indication
","",1,1,"","","Y","CodeableReference {[]} {[CanonicalType[http://hl7.org/fhir/StructureDefinition/Condition]]}
","The diagnosis relevant to the account","The diagnosis relevant to the account.","","","","","","","","","",,"example","","http://hl7.org/fhir/ValueSet/condition-code","",,,,"Account.diagnosis.condition",1,1,"act-1
","ele-1:All FHIR elements must have a @value or children {hasValue() or (children().count() > id.count())}
"
"Account.diagnosis.dateOfDiagnosis","Account.diagnosis.dateOfDiagnosis","","","",0,1,"","","","dateTime {[]} {[]}
","Date of the diagnosis (when coded diagnosis)","Ranking of the diagnosis (for each type).","","","","","","","","","",,,,,"",,,,"Account.diagnosis.dateOfDiagnosis",0,1,"act-1
","ele-1:All FHIR elements must have a @value or children {hasValue() or (children().count() > id.count())}
"
"Account.diagnosis.type","Account.diagnosis.type","","","",0,*,"","","","CodeableConcept {[]} {[]}
","Type that this diagnosis has relevant to the account (e.g. admission, billing, discharge …)","Type that this diagnosis has relevant to the account (e.g. admission, billing, discharge …).","","","","","","","","","",,"preferred","The type of diagnosis this condition represents.","http://hl7.org/fhir/ValueSet/encounter-diagnosis-use","",,,,"Account.diagnosis.type",0,*,"","ele-1:All FHIR elements must have a @value or children {hasValue() or (children().count() > id.count())}
"
"Account.diagnosis.onAdmission","Account.diagnosis.onAdmission","","","",0,1,"","","","boolean {[]} {[]}
","Diagnosis present on Admission","Was the Diagnosis present on Admission in the related Encounter.","","","","","","","","","",,,,,"",,,,"Account.diagnosis.onAdmission",0,1,"","ele-1:All FHIR elements must have a @value or children {hasValue() or (children().count() > id.count())}
"
"Account.diagnosis.packageCode","Account.diagnosis.packageCode","","","",0,*,"","","","CodeableConcept {[]} {[]}
","Package Code specific for billing","The package code can be used to group diagnoses that may be priced or delivered as a single product. Such as DRGs.","","","","","","","","","",,"example","Local or Regional package codes, e.g. DRGs","","",,,,"Account.diagnosis.packageCode",0,*,"","ele-1:All FHIR elements must have a @value or children {hasValue() or (children().count() > id.count())}
"
"Account.procedure","Account.procedure","","","",0,*,"","","Y","BackboneElement {[]} {[]}
","The list of procedures relevant to this account","When using an account for billing a specific Encounter the set of procedures that are relevant for billing are stored here on the account where they are able to be sequenced appropriately prior to processing to produce claim(s).","","","","","","","","","",,,,,"",,,,"Account.procedure",0,*,"","act-2:The dateOfService is not valid when using a reference to a procedure {code.reference.empty().not() implies dateOfService.empty()}
ele-1:All FHIR elements must have a @value or children {hasValue() or (children().count() > id.count())}"
"Account.procedure.id","Account.procedure.id","","","",0,1,"","","","string {[]} {[]}
","Unique id for inter-element referencing","Unique id for the element within a resource (for internal references). This may be any string value that does not contain spaces.","","","","","","","","","",,,,,"",,,,"Element.id",0,1,"ele-1
","","n/a"
"Account.procedure.extension","Account.procedure.extension","","extensions
user content","",0,*,"","","","Extension {[]} {[]}
","Additional content defined by implementations","May be used to represent additional information that is not part of the basic definition of the element. To make the use of extensions safe and managable, there is a strict set of governance applied to the definition and use of extensions. Though any implementer can define an extension, there is a set of requirements that SHALL be met as part of the definition of the extension.","There can be no stigma associated with the use of extensions by any application, project, or standard - regardless of the institution or jurisdiction that uses or defines the extensions.  The use of extensions is what allows the FHIR specification to retain a core level of simplicity for everyone.","","","","","","","","",,,,,"",,,,"Element.extension",0,*,"","ele-1:All FHIR elements must have a @value or children {hasValue() or (children().count() > id.count())}
ext-1:Must have either extensions or value[x], not both {extension.exists() != value.exists()}","n/a"
"Account.procedure.modifierExtension","Account.procedure.modifierExtension","","extensions
user contentmodifiers","",0,*,"","Y","Y","Extension {[]} {[]}
","Extensions that cannot be ignored even if unrecognized","May be used to represent additional information that is not part of the basic definition of the element and that modifies the understanding of the element in which it is contained and/or the understanding of the containing element's descendants. Usually modifier elements provide negation or qualification. To make the use of extensions safe and managable, there is a strict set of governance applied to the definition and use of extensions. Though any implementer can define an extension, there is a set of requirements that SHALL be met as part of the definition of the extension. Applications processing a resource are required to check for modifier extensions.

Modifier extensions SHALL NOT change the meaning of any elements on Resource or DomainResource (including cannot change the meaning of modifierExtension itself).","There can be no stigma associated with the use of extensions by any application, project, or standard - regardless of the institution or jurisdiction that uses or defines the extensions.  The use of extensions is what allows the FHIR specification to retain a core level of simplicity for everyone.","Modifier extensions allow for extensions that *cannot* be safely ignored to be clearly distinguished from the vast majority of extensions which can be safely ignored.  This promotes interoperability by eliminating the need for implementers to prohibit the presence of extensions. For further information, see the [definition of modifier extensions](http://hl7.org/fhir/R5/extensibility.html#modifierExtension).","","","","","","","",,,,,"",,,,"BackboneElement.modifierExtension",0,*,"","ele-1:All FHIR elements must have a @value or children {hasValue() or (children().count() > id.count())}
ext-1:Must have either extensions or value[x], not both {extension.exists() != value.exists()}","N/A"
"Account.procedure.sequence","Account.procedure.sequence","","","",0,1,"","","","positiveInt {[]} {[]}
","Ranking of the procedure (for each type)","Ranking of the procedure (for each type).","","","","","","","","","",,,,,"",,,,"Account.procedure.sequence",0,1,"","ele-1:All FHIR elements must have a @value or children {hasValue() or (children().count() > id.count())}
"
"Account.procedure.code","Account.procedure.code","","indication
","",1,1,"","","Y","CodeableReference {[]} {[CanonicalType[http://hl7.org/fhir/StructureDefinition/Procedure]]}
","The procedure relevant to the account","The procedure relevant to the account.","","","","","","","","","",,"example","","http://hl7.org/fhir/ValueSet/procedure-code","",,,,"Account.procedure.code",1,1,"act-2
","ele-1:All FHIR elements must have a @value or children {hasValue() or (children().count() > id.count())}
"
"Account.procedure.dateOfService","Account.procedure.dateOfService","","","",0,1,"","","","dateTime {[]} {[]}
","Date of the procedure (when coded procedure)","Date of the procedure when using a coded procedure. If using a reference to a procedure, then the date on the procedure should be used.","","","","","","","","","",,,,,"",,,,"Account.procedure.dateOfService",0,1,"act-2
","ele-1:All FHIR elements must have a @value or children {hasValue() or (children().count() > id.count())}
"
"Account.procedure.type","Account.procedure.type","","","",0,*,"","","","CodeableConcept {[]} {[]}
","How this procedure value should be used in charging the account","How this procedure value should be used in charging the account.","","","","","","","","","",,"example","Usage for the specific procedure - e.g. billing","","",,,,"Account.procedure.type",0,*,"","ele-1:All FHIR elements must have a @value or children {hasValue() or (children().count() > id.count())}
"
"Account.procedure.packageCode","Account.procedure.packageCode","","","",0,*,"","","","CodeableConcept {[]} {[]}
","Package Code specific for billing","The package code can be used to group procedures that may be priced or delivered as a single product. Such as DRGs.","","","","","","","","","",,"example","Local or Regional package codes, e.g. DRGs","","",,,,"Account.procedure.packageCode",0,*,"","ele-1:All FHIR elements must have a @value or children {hasValue() or (children().count() > id.count())}
"
"Account.procedure.device","Account.procedure.device","","","",0,*,"","","Y","Reference {[]} {[CanonicalType[http://hl7.org/fhir/StructureDefinition/Device]]}
","Any devices that were associated with the procedure","Any devices that were associated with the procedure relevant to the account.","","","","","","","","","",,,,,"",,,,"Account.procedure.device",0,*,"","ele-1:All FHIR elements must have a @value or children {hasValue() or (children().count() > id.count())}
"
"Account.relatedAccount","Account.relatedAccount","","","",0,*,"","","","BackboneElement {[]} {[]}
","Other associated accounts related to this account","Other associated accounts related to this account.","","","","","","","","","",,,,,"",,,,"Account.relatedAccount",0,*,"","ele-1:All FHIR elements must have a @value or children {hasValue() or (children().count() > id.count())}
"
"Account.relatedAccount.id","Account.relatedAccount.id","","","",0,1,"","","","string {[]} {[]}
","Unique id for inter-element referencing","Unique id for the element within a resource (for internal references). This may be any string value that does not contain spaces.","","","","","","","","","",,,,,"",,,,"Element.id",0,1,"ele-1
","","n/a"
"Account.relatedAccount.extension","Account.relatedAccount.extension","","extensions
user content","",0,*,"","","","Extension {[]} {[]}
","Additional content defined by implementations","May be used to represent additional information that is not part of the basic definition of the element. To make the use of extensions safe and managable, there is a strict set of governance applied to the definition and use of extensions. Though any implementer can define an extension, there is a set of requirements that SHALL be met as part of the definition of the extension.","There can be no stigma associated with the use of extensions by any application, project, or standard - regardless of the institution or jurisdiction that uses or defines the extensions.  The use of extensions is what allows the FHIR specification to retain a core level of simplicity for everyone.","","","","","","","","",,,,,"",,,,"Element.extension",0,*,"","ele-1:All FHIR elements must have a @value or children {hasValue() or (children().count() > id.count())}
ext-1:Must have either extensions or value[x], not both {extension.exists() != value.exists()}","n/a"
"Account.relatedAccount.modifierExtension","Account.relatedAccount.modifierExtension","","extensions
user contentmodifiers","",0,*,"","Y","Y","Extension {[]} {[]}
","Extensions that cannot be ignored even if unrecognized","May be used to represent additional information that is not part of the basic definition of the element and that modifies the understanding of the element in which it is contained and/or the understanding of the containing element's descendants. Usually modifier elements provide negation or qualification. To make the use of extensions safe and managable, there is a strict set of governance applied to the definition and use of extensions. Though any implementer can define an extension, there is a set of requirements that SHALL be met as part of the definition of the extension. Applications processing a resource are required to check for modifier extensions.

Modifier extensions SHALL NOT change the meaning of any elements on Resource or DomainResource (including cannot change the meaning of modifierExtension itself).","There can be no stigma associated with the use of extensions by any application, project, or standard - regardless of the institution or jurisdiction that uses or defines the extensions.  The use of extensions is what allows the FHIR specification to retain a core level of simplicity for everyone.","Modifier extensions allow for extensions that *cannot* be safely ignored to be clearly distinguished from the vast majority of extensions which can be safely ignored.  This promotes interoperability by eliminating the need for implementers to prohibit the presence of extensions. For further information, see the [definition of modifier extensions](http://hl7.org/fhir/R5/extensibility.html#modifierExtension).","","","","","","","",,,,,"",,,,"BackboneElement.modifierExtension",0,*,"","ele-1:All FHIR elements must have a @value or children {hasValue() or (children().count() > id.count())}
ext-1:Must have either extensions or value[x], not both {extension.exists() != value.exists()}","N/A"
"Account.relatedAccount.relationship","Account.relatedAccount.relationship","","","",0,1,"","","","CodeableConcept {[]} {[]}
","Relationship of the associated Account","Relationship of the associated Account.","","","","","","","","","",,"example","Indicates the relationship between the accounts","http://hl7.org/fhir/ValueSet/account-relationship","",,,,"Account.relatedAccount.relationship",0,1,"","ele-1:All FHIR elements must have a @value or children {hasValue() or (children().count() > id.count())}
"
"Account.relatedAccount.account","Account.relatedAccount.account","","","",1,1,"","","","Reference {[]} {[CanonicalType[http://hl7.org/fhir/StructureDefinition/Account]]}
","Reference to an associated Account","Reference to an associated Account.","","","","","","","","","",,,,,"",,,,"Account.relatedAccount.account",1,1,"","ele-1:All FHIR elements must have a @value or children {hasValue() or (children().count() > id.count())}
"
"Account.currency","Account.currency","","","",0,1,"","","","CodeableConcept {[]} {[]}
","The base or default currency","The default currency for the account.","","","","","","","","","",,"required","","http://hl7.org/fhir/ValueSet/currencies|5.0.0","",,,,"Account.currency",0,1,"","ele-1:All FHIR elements must have a @value or children {hasValue() or (children().count() > id.count())}
"
"Account.balance","Account.balance","","","",0,*,"","","","BackboneElement {[]} {[]}
","Calculated account balance(s)","The calculated account balances - these are calculated and processed by the finance system.The balances with a `term` that is not current are usually generated/updated by an invoicing or similar process.","","","","","","","","","",,,,,"",,,,"Account.balance",0,*,"","ele-1:All FHIR elements must have a @value or children {hasValue() or (children().count() > id.count())}
"
"Account.balance.id","Account.balance.id","","","",0,1,"","","","string {[]} {[]}
","Unique id for inter-element referencing","Unique id for the element within a resource (for internal references). This may be any string value that does not contain spaces.","","","","","","","","","",,,,,"",,,,"Element.id",0,1,"ele-1
","","n/a"
"Account.balance.extension","Account.balance.extension","","extensions
user content","",0,*,"","","","Extension {[]} {[]}
","Additional content defined by implementations","May be used to represent additional information that is not part of the basic definition of the element. To make the use of extensions safe and managable, there is a strict set of governance applied to the definition and use of extensions. Though any implementer can define an extension, there is a set of requirements that SHALL be met as part of the definition of the extension.","There can be no stigma associated with the use of extensions by any application, project, or standard - regardless of the institution or jurisdiction that uses or defines the extensions.  The use of extensions is what allows the FHIR specification to retain a core level of simplicity for everyone.","","","","","","","","",,,,,"",,,,"Element.extension",0,*,"","ele-1:All FHIR elements must have a @value or children {hasValue() or (children().count() > id.count())}
ext-1:Must have either extensions or value[x], not both {extension.exists() != value.exists()}","n/a"
"Account.balance.modifierExtension","Account.balance.modifierExtension","","extensions
user contentmodifiers","",0,*,"","Y","Y","Extension {[]} {[]}
","Extensions that cannot be ignored even if unrecognized","May be used to represent additional information that is not part of the basic definition of the element and that modifies the understanding of the element in which it is contained and/or the understanding of the containing element's descendants. Usually modifier elements provide negation or qualification. To make the use of extensions safe and managable, there is a strict set of governance applied to the definition and use of extensions. Though any implementer can define an extension, there is a set of requirements that SHALL be met as part of the definition of the extension. Applications processing a resource are required to check for modifier extensions.

Modifier extensions SHALL NOT change the meaning of any elements on Resource or DomainResource (including cannot change the meaning of modifierExtension itself).","There can be no stigma associated with the use of extensions by any application, project, or standard - regardless of the institution or jurisdiction that uses or defines the extensions.  The use of extensions is what allows the FHIR specification to retain a core level of simplicity for everyone.","Modifier extensions allow for extensions that *cannot* be safely ignored to be clearly distinguished from the vast majority of extensions which can be safely ignored.  This promotes interoperability by eliminating the need for implementers to prohibit the presence of extensions. For further information, see the [definition of modifier extensions](http://hl7.org/fhir/R5/extensibility.html#modifierExtension).","","","","","","","",,,,,"",,,,"BackboneElement.modifierExtension",0,*,"","ele-1:All FHIR elements must have a @value or children {hasValue() or (children().count() > id.count())}
ext-1:Must have either extensions or value[x], not both {extension.exists() != value.exists()}","N/A"
"Account.balance.aggregate","Account.balance.aggregate","","","",0,1,"","","","CodeableConcept {[]} {[]}
","Who is expected to pay this part of the balance","Who is expected to pay this part of the balance.","","","","","","","","","",,"extensible","Indicates the balance was outstanding at the given age.","http://hl7.org/fhir/ValueSet/account-aggregate","",,,,"Account.balance.aggregate",0,1,"","ele-1:All FHIR elements must have a @value or children {hasValue() or (children().count() > id.count())}
"
"Account.balance.term","Account.balance.term","","","",0,1,"","","","CodeableConcept {[]} {[]}
","current | 30 | 60 | 90 | 120","The term of the account balances - The balance value is the amount that was outstanding for this age.","","","","","","","","","",,"extensible","Indicates the balance was outstanding at the given age.","http://hl7.org/fhir/ValueSet/account-balance-term","",,,,"Account.balance.term",0,1,"","ele-1:All FHIR elements must have a @value or children {hasValue() or (children().count() > id.count())}
"
"Account.balance.estimate","Account.balance.estimate","","","",0,1,"","","","boolean {[]} {[]}
","Estimated balance","The amount is only an estimated value - this is likely common for `current` term balances, but not with known terms (that were generated by a backend process).","","","","","","","","","",,,,,"",,,,"Account.balance.estimate",0,1,"","ele-1:All FHIR elements must have a @value or children {hasValue() or (children().count() > id.count())}
"
"Account.balance.amount","Account.balance.amount","","","",1,1,"","","","Money {[]} {[]}
","Calculated amount","The actual balance value calculated for the age defined in the term property.","","","","","","","","","",,,,,"",,,,"Account.balance.amount",1,1,"","ele-1:All FHIR elements must have a @value or children {hasValue() or (children().count() > id.count())}
"
"Account.calculatedAt","Account.calculatedAt","","","",0,1,"","","","instant {[]} {[]}
","Time the balance amount was calculated","Time the balance amount was calculated.","The total(s) are not typically updated using the restful API but more often by back-end processes included in a typical finance system.","","","","","","","","",,,,,"",,,,"Account.calculatedAt",0,1,"","ele-1:All FHIR elements must have a @value or children {hasValue() or (children().count() > id.count())}
"
