{
  "package": "fhir.example",
  "version": "0.1.0",
  "fhirVersion": "5.0.0",
  "extensions": [
    {
      "url": "http://example.org/StructureDefinition/moped-ext-diagnose-typ",
      "title": "LKF Diagnoseart",
      "types": [
        "code",
        "code"
      ]
    },
    {
      "url": "http://example.org/StructureDefinition/moped-ext-workflow-status",
      "title": "Workflow Status",
      "types": [
        "code",
        "code"
      ]
    }
  ],
  "profiles": {
    "Account": [
      {
        "url": "http://example.org/StructureDefinition/MOPEDAccount",
        "title": "MOPEDAccount"
      }
    ],
    "Encounter": [
      {
        "url": "http://example.org/StructureDefinition/MOPEDAdmissionEncounter",
        "title": "MOPEDAdmissionEncounter"
      }
    ],
    "Claim": [
      {
        "url": "http://example.org/StructureDefinition/MOPEDClaim",
        "title": "MOPEDClaim"
      }
    ],
    "ClaimResponse": [
      {
        "url": "http://example.org/StructureDefinition/MOPEDClaimResponse",
        "title": "MOPEDClaimResponse"
      }
    ],
    "Coverage": [
      {
        "url": "http://example.org/StructureDefinition/MOPEDCoverage",
        "title": "MOPEDCoverage"
      }
    ],
    "CoverageEligibilityRequest": [
      {
        "url": "http://example.org/StructureDefinition/MOPEDCoverageEligibilityRequest",
        "title": "MOPEDCoverageEligibilityRequest"
      }
    ],
    "CoverageEligibilityResponse": [
      {
        "url": "http://example.org/StructureDefinition/MOPEDCoverageEligibilityResponse",
        "title": "MOPEDCoverageEligibilityResponse"
      }
    ],
    "Organization": [
      {
        "url": "http://example.org/StructureDefinition/MOPEDOrganizationAbteilung",
        "title": "MOPEDOrganizationAbteilung"
      }
    ]
  },
  "usage": {
    "http://example.org/StructureDefinition/moped-ext-workflow-status": [
      "Account"
    ],
    "http://hl7.org/fhir/StructureDefinition/elementdefinition-bestpractice": [
      "StructureDefinition.snapshot.element.constraint"
    ],
    "http://hl7.org/fhir/StructureDefinition/elementdefinition-bestpractice-explanation": [
      "StructureDefinition.snapshot.element.constraint"
    ],
    "http://hl7.org/fhir/StructureDefinition/elementdefinition-bindingName": [
      "StructureDefinition.snapshot.element.binding"
    ],
    "http://hl7.org/fhir/StructureDefinition/elementdefinition-translatable": [
      "StructureDefinition.snapshot.element"
    ],
    "http://hl7.org/fhir/StructureDefinition/structuredefinition-display-hint": [
      "StructureDefinition.snapshot.element"
    ],
    "http://hl7.org/fhir/StructureDefinition/structuredefinition-fhir-type": [
      "StructureDefinition.snapshot.element.type"
    ],
    "http://hl7.org/fhir/StructureDefinition/structuredefinition-hierarchy": [
      "StructureDefinition.differential.element.type",
      "StructureDefinition.snapshot.element.type"
    ],
    "http://hl7.org/fhir/StructureDefinition/structuredefinition-type-characteristics": [
      "StructureDefinition"
    ],
    "http://hl7.org/fhir/tools/StructureDefinition/ig-internal-dependency": [
      "ImplementationGuide.definition"
    ],
    "http://hl7.org/fhir/tools/StructureDefinition/implementationguide-dependency-comment": [
      "ImplementationGuide.dependsOn"
    ],
    "http://hl7.org/fhir/tools/StructureDefinition/resource-information": [
      "ImplementationGuide.definition.resource"
    ]
  }
}