<?xml version="1.0" encoding="UTF-8"?>

<ValueSet xmlns="http://hl7.org/fhir">
  <id value="moped-KostenmeldungARK-valueset"/>
  <text>
    <status value="generated"/><div xmlns="http://www.w3.org/1999/xhtml"><p class="res-header-id"><b>Generated Narrative: ValueSet moped-KostenmeldungARK-valueset</b></p><a name="moped-KostenmeldungARK-valueset"> </a><a name="hcmoped-KostenmeldungARK-valueset"> </a><a name="moped-KostenmeldungARK-valueset-en-US"> </a><ul><li>Include these codes as defined in <code>http://tbd.at/MOPED-KostenmeldungARK</code><table class="none"><tr><td style="white-space:nowrap"><b>Code</b></td><td><b>Display</b></td></tr><tr><td>A</td><td>Ausländerverrechnung</td></tr><tr><td>R</td><td>Regressangelegenheiten</td></tr><tr><td>K</td><td>Kosteninformation</td></tr></table></li></ul></div>
  </text>
  <url value="http://example.org/ValueSet/moped-KostenmeldungARK-valueset"/>
  <version value="0.1.0"/>
  <name value="KostenmeldungARK"/>
  <title value="Kostenmeldung für (A/R/K)"/>
  <status value="draft"/>
  <date value="2024-09-19T12:04:20+00:00"/>
  <publisher value="Example Publisher"/>
  <contact>
    <name value="Example Publisher"/>
    <telecom>
      <system value="url"/>
      <value value="http://example.org/example-publisher"/>
    </telecom>
  </contact>
  <description value="ValueSet für die Art der Kostenmeldung"/>
  <compose>
    <include>
      <system value="http://tbd.at/MOPED-KostenmeldungARK"/>
      <concept>
        <code value="A"/>
        <display value="Ausländerverrechnung"/>
      </concept>
      <concept>
        <code value="R"/>
        <display value="Regressangelegenheiten"/>
      </concept>
      <concept>
        <code value="K"/>
        <display value="Kosteninformation"/>
      </concept>
    </include>
  </compose>
</ValueSet>