{
  "codeSystems" : [
    {
      "url" : "http://example.org/ValueSet/moped-AbrechnungsRelevanz-valueset",
      "version" : "0.1.0",
      "status" : "draft",
      "name" : "AbrechnungsRelevanz",
      "title" : "Abrechnungsrelevanz der medizinischen Leistung",
      "description" : "Abrechnungsrelevanz der medizinischen Leistung",
      "systems" : ["http://tbd.at/MOPED-LKFAbrechnungsRelevanz"],
      "uses" : {
      },
      "StructureDefinition-moped-ext-AbrechnungsRelevanz.html" : "Medizinische Leistung - Abrechnungsrelevanz"
    },
    {
      "url" : "http://example.org/ValueSet/moped-KostenmeldungARK-valueset",
      "version" : "0.1.0",
      "status" : "draft",
      "name" : "KostenmeldungARK",
      "title" : "Kostenmeldung für (A/R/K)",
      "description" : "ValueSet für die Art der Kostenmeldung",
      "systems" : ["http://tbd.at/MOPED-KostenmeldungARK"],
      "uses" : {
      },
      "StructureDefinition-moped-ext-KonstenmeldungARK.html" : "Kostenmeldung für (A/R/K)"
    },
    {
      "url" : "http://example.org/ValueSet/moped-Sonderklasse-valueset",
      "version" : "0.1.0",
      "status" : "draft",
      "name" : "Sonderklasse",
      "title" : "Sonderklasse",
      "description" : "ValueSet für die Klasse (KaOrg)",
      "systems" : ["http://tbd.at/MOPED-Sonderklasse"]
    },
    {
      "url" : "http://example.org/ValueSet/moped-VerdachtArbeitsSchuelerunfall-valueset",
      "version" : "0.1.0",
      "status" : "draft",
      "name" : "VerdachtArbeitsSchuelerunfall",
      "title" : "Verdacht auf Arbeits- oder Schuelerunfall",
      "description" : "ValueSet für den Verdacht auf einen Arbeits- oder Schuelerunfall",
      "systems" : ["http://tbd.at/MOPED-account-VerdachtArbeitsSchuelerunfall"],
      "uses" : {
      },
      "StructureDefinition-moped-ext-VerdachtArbeitsSchuelerunfall.html" : "Verdacht auf Arbeits- oder Schuelerunfall",
      "OperationDefinition-MOPED.Patient.Aufnehmen.html" : "MOPED Patient $aufnehmen (POC)"
    },
    {
      "url" : "http://example.org/ValueSet/moped-WorkflowStatus-valueset",
      "version" : "0.1.0",
      "status" : "draft",
      "name" : "WorkflowStatus",
      "title" : "Workflow Status eines Falls",
      "description" : "ValueSet für die Statusoptionen in denen sich ein Fall befinden kann.",
      "uses" : {
      },
      "StructureDefinition-moped-ext-workflow-status.html" : "Workflow Status"
    },
    {
      "url" : "http://example.org/ValueSet/moped-abgangsart-valueset",
      "version" : "0.1.0",
      "status" : "draft",
      "name" : "Abgangsart",
      "title" : "Abgangsart des Patienten",
      "description" : "ValueSet für die Abgangsart des Patienten",
      "uses" : {
      },
      "OperationDefinition-MOPED.Patient.Verlegen.html" : "MOPED Patient $verlegen (POC)",
      "StructureDefinition-MOPEDTransferEncounter.html" : "MOPEDTransferEncounter"
    },
    {
      "url" : "http://example.org/ValueSet/moped-aufnahmeart-valueset",
      "version" : "0.1.0",
      "status" : "draft",
      "name" : "Aufnahmeart",
      "title" : "Aufnahmeart des Patienten",
      "description" : "ValueSet für die Aufnahmeart des Patienten",
      "systems" : ["http://tbd.at/moped-ext-aufnahmeart"],
      "uses" : {
      },
      "StructureDefinition-MOPEDEncounter.html" : "MOPEDEncounter"
    },
    {
      "url" : "http://example.org/ValueSet/moped-behandlungsart-valueset",
      "version" : "0.1.0",
      "status" : "draft",
      "name" : "Behandlungsart",
      "title" : "Behandlungsart",
      "description" : "ValueSet für die Behandlungsart",
      "systems" : ["http://tbd.at/MOPED-encounter-behandlungsart"],
      "uses" : {
      },
      "StructureDefinition-MOPEDEncounter.html" : "MOPEDEncounter"
    },
    {
      "url" : "http://example.org/ValueSet/moped-entlassungsart-valueset",
      "version" : "0.1.0",
      "status" : "draft",
      "name" : "Entlassungsart",
      "title" : "Entlassungsart des Patienten",
      "description" : "ValueSet für die Entlassungsart des Patienten",
      "systems" : ["http://tbd.at/MOPED-encounter-entlassungsart"],
      "uses" : {
      },
      "OperationDefinition-MOPED.Patient.Entlassen.html" : "MOPED Patient $entlassen (POC)",
      "StructureDefinition-MOPEDEncounter.html" : "MOPEDEncounter"
    },
    {
      "url" : "http://example.org/ValueSet/moped-transportart-valueset",
      "version" : "0.1.0",
      "status" : "draft",
      "name" : "Transportart",
      "title" : "Transportart",
      "description" : "ValueSet für die Transportart des Patienten",
      "systems" : ["http://tbd.at/moped-ext-transportart"],
      "uses" : {
      },
      "StructureDefinition-moped-ext-transportart.html" : "Transportart"
    },
    {
      "url" : "http://example.org/ValueSet/moped-ursache-valueset",
      "version" : "0.1.0",
      "status" : "draft",
      "name" : "UrsacheValueSet",
      "title" : "Ursache für Behandlung",
      "description" : "ValueSet für die Ursache der Behandlung laut Ka-Org",
      "systems" : ["http://tbd.at/MOPED-encounter-ursache"],
      "uses" : {
      },
      "StructureDefinition-MOPEDEncounter.html" : "MOPEDEncounter"
    },
    {
      "url" : "http://example.org/ValueSet/moped-zugangsart-valueset",
      "version" : "0.1.0",
      "status" : "draft",
      "name" : "Zugangsart",
      "title" : "Zugangsart des Patienten",
      "description" : "ValueSet für die Zugangsart des Patienten (LKF + Ka-Org)",
      "systems" : ["http://tbd.at/moped-ext-diagnose-art"],
      "uses" : {
      },
      "StructureDefinition-moped-ext-zugangsart.html" : "Zugangsart"
    },
    {
      "url" : "http://hl7.org/fhir/ValueSet/encounter-reason-use",
      "version" : "5.0.0",
      "status" : "draft",
      "name" : "EncounterReasonUse",
      "title" : "Encounter Reason Use",
      "description" : "What a specific Encounter/EpisodeOfCare `reason.value` is to be used for.",
      "systems" : ["http://hl7.org/fhir/encounter-reason-use"],
      "oids" : ["2.16.840.1.113883.4.642.4.3320"],
      "sources" : ["2.16.840.1.113883.4.642.4.3320"],
      "uses" : {
      },
      "StructureDefinition-MOPEDEncounter.html" : "MOPEDEncounter"
    }
  ]
}
