<?xml version="1.0" encoding="UTF-8"?>

<ValueSet xmlns="http://hl7.org/fhir">
  <id value="moped-LKFHauptdiagnosegruppen-valueset"/>
  <text>
    <status value="generated"/><div xmlns="http://www.w3.org/1999/xhtml"><p class="res-header-id"><b>Generated Narrative: ValueSet moped-LKFHauptdiagnosegruppen-valueset</b></p><a name="moped-LKFHauptdiagnosegruppen-valueset"> </a><a name="hcmoped-LKFHauptdiagnosegruppen-valueset"> </a><a name="moped-LKFHauptdiagnosegruppen-valueset-en-US"> </a><ul><li>Include these codes as defined in <code>http://tbd.at/MOPED-LKFHauptdiagnosegruppen</code><table class="none"><tr><td style="white-space:nowrap"><b>Code</b></td><td><b>Display</b></td></tr><tr><td>HDG24.01</td><td>HDG24.01</td></tr><tr><td>HDG24.02</td><td>HDG24.02</td></tr><tr><td>HDG24.03</td><td>HDG24.03</td></tr></table></li></ul></div>
  </text>
  <url value="http://example.org/ValueSet/moped-LKFHauptdiagnosegruppen-valueset"/>
  <version value="0.1.0"/>
  <name value="LKFHauptdiagnosegruppen"/>
  <title value="LKF Hauptdiagnosegruppen"/>
  <status value="draft"/>
  <date value="2024-10-24T13:59:53+00:00"/>
  <publisher value="Example Publisher"/>
  <contact>
    <name value="Example Publisher"/>
    <telecom>
      <system value="url"/>
      <value value="http://example.org/example-publisher"/>
    </telecom>
  </contact>
  <description value="LKF Hauptdiagnosegruppen"/>
  <compose>
    <include>
      <system value="http://tbd.at/MOPED-LKFHauptdiagnosegruppen"/>
      <concept>
        <code value="HDG24.01"/>
        <display value="HDG24.01"/>
      </concept>
      <concept>
        <code value="HDG24.02"/>
        <display value="HDG24.02"/>
      </concept>
      <concept>
        <code value="HDG24.03"/>
        <display value="HDG24.03"/>
      </concept>
    </include>
  </compose>
</ValueSet>