<?xml version="1.0" encoding="UTF-8"?>

<ValueSet xmlns="http://hl7.org/fhir">
  <id value="moped-entlassungsart-valueset"/>
  <text>
    <status value="generated"/><div xmlns="http://www.w3.org/1999/xhtml"><p class="res-header-id"><b>Generated Narrative: ValueSet moped-entlassungsart-valueset</b></p><a name="moped-entlassungsart-valueset"> </a><a name="hcmoped-entlassungsart-valueset"> </a><a name="moped-entlassungsart-valueset-en-US"> </a><ul><li>Include these codes as defined in <code>http://tbd.at/MOPED-encounter-entlassungsart</code><table class="none"><tr><td style="white-space:nowrap"><b>Code</b></td><td><b>Display</b></td></tr><tr><td>KaOrg_1</td><td>Urlaub</td></tr><tr><td>KaOrg_2</td><td>Rehabilitation angezeigt</td></tr><tr><td>KaOrg_3</td><td>Asylierung</td></tr><tr><td>4</td><td>Entlassung gegen Revers</td></tr><tr><td>KaOrg_5</td><td>AUVA Ende der Arbeitsunfähigkeit</td></tr><tr><td>KaOrg_6</td><td>AUVA Ende der ambulanten Behandlung</td></tr><tr><td>KaOrg_7</td><td>AUVA Ende der ambulanten Behandlung und Ende der Arbeitsunfähigkeit</td></tr><tr><td>KaOrg_8</td><td>Ende Rehabilitationsaufenthalt stationär</td></tr><tr><td>KaOrg_9</td><td>Ende Rehabilitationsaufenthalt ambulant</td></tr><tr><td>E</td><td>Entlassung aus dem Krankenhaus</td></tr><tr><td>KaOrg_K</td><td>Ende Kurheilverfahren stationär</td></tr><tr><td>T</td><td>Transfer in eine andere Krankenanstalt</td></tr><tr><td>S</td><td>Sterbefall</td></tr><tr><td>A</td><td>Krankenhausinterne Verlegung vom Bereich der Rehabilitation und vom ausschließlichen Bereich der Pflege in den allgemeinen stationären Bereich (inkl. Intensivbereich)</td></tr><tr><td>KaOrg_H</td><td>Abschluss eines Aufenthaltes im halbstationären Bereich oder krankenhausinterne Verlegung in den halbstationären Bereich</td></tr><tr><td>R</td><td>Krankenhausinterne Verlegung in den Bereich der Rehabilitation</td></tr><tr><td>P</td><td>Krankenhausinterne Verlegung in den ausschließlichen Bereich der Pflege</td></tr><tr><td>LKF_L</td><td>Kennzeichen der Datensätze, die zum Zeitpunkt der Asylierung dokumentarisch abgeschlossen werden</td></tr><tr><td>LKF_V</td><td>Kennzeichen für noch nicht abgeschlossene Aufenthalte von am Jahresende verbleibenden Patient:innen</td></tr><tr><td>LKF_1</td><td>Zuweisung an eine:n Allgemeinmediziner:in</td></tr><tr><td>LKF_2</td><td>Zuweisung an einen Facharzt/eine Fachärztin</td></tr><tr><td>LKF_3</td><td>Zuweisung an die eigene/eine andere Krankenanstalt zur ambulanten Weiterbetreuung</td></tr><tr><td>LKF_5</td><td>Zuweisung an die eigene/eine andere Krankenanstalt zur stationären Aufnahme</td></tr><tr><td>LKF_6</td><td>Wiederbestellung</td></tr><tr><td>LKF_7</td><td>Behandlungsende, keine Zuweisung</td></tr><tr><td>LKF_8</td><td>Sterbefall</td></tr><tr><td>LKF_9</td><td>Sonstige Abgangsart</td></tr></table></li></ul></div>
  </text>
  <url value="http://example.org/ValueSet/moped-entlassungsart-valueset"/>
  <version value="0.1.0"/>
  <name value="Entlassungsart"/>
  <title value="Entlassungsart des Patienten"/>
  <status value="draft"/>
  <date value="2024-09-17T13:24:04+00:00"/>
  <publisher value="Example Publisher"/>
  <contact>
    <name value="Example Publisher"/>
    <telecom>
      <system value="url"/>
      <value value="http://example.org/example-publisher"/>
    </telecom>
  </contact>
  <description value="ValueSet für die Entlassungsart des Patienten"/>
  <compose>
    <include>
      <system value="http://tbd.at/MOPED-encounter-entlassungsart"/>
      <concept>
        <code value="KaOrg_1"/>
        <display value="Urlaub"/>
      </concept>
      <concept>
        <code value="KaOrg_2"/>
        <display value="Rehabilitation angezeigt"/>
      </concept>
      <concept>
        <code value="KaOrg_3"/>
        <display value="Asylierung"/>
      </concept>
      <concept>
        <code value="4"/>
        <display value="Entlassung gegen Revers"/>
      </concept>
      <concept>
        <code value="KaOrg_5"/>
        <display value="AUVA Ende der Arbeitsunfähigkeit"/>
      </concept>
      <concept>
        <code value="KaOrg_6"/>
        <display value="AUVA Ende der ambulanten Behandlung"/>
      </concept>
      <concept>
        <code value="KaOrg_7"/>
        <display value="AUVA Ende der ambulanten Behandlung und Ende der Arbeitsunfähigkeit"/>
      </concept>
      <concept>
        <code value="KaOrg_8"/>
        <display value="Ende Rehabilitationsaufenthalt stationär"/>
      </concept>
      <concept>
        <code value="KaOrg_9"/>
        <display value="Ende Rehabilitationsaufenthalt ambulant"/>
      </concept>
      <concept>
        <code value="E"/>
        <display value="Entlassung aus dem Krankenhaus"/>
      </concept>
      <concept>
        <code value="KaOrg_K"/>
        <display value="Ende Kurheilverfahren stationär"/>
      </concept>
      <concept>
        <code value="T"/>
        <display value="Transfer in eine andere Krankenanstalt"/>
      </concept>
      <concept>
        <code value="S"/>
        <display value="Sterbefall"/>
      </concept>
      <concept>
        <code value="A"/>
        <display value="Krankenhausinterne Verlegung vom Bereich der Rehabilitation und vom ausschließlichen Bereich der Pflege in den allgemeinen stationären Bereich (inkl. Intensivbereich)"/>
      </concept>
      <concept>
        <code value="KaOrg_H"/>
        <display value="Abschluss eines Aufenthaltes im halbstationären Bereich oder krankenhausinterne Verlegung in den halbstationären Bereich"/>
      </concept>
      <concept>
        <code value="R"/>
        <display value="Krankenhausinterne Verlegung in den Bereich der Rehabilitation"/>
      </concept>
      <concept>
        <code value="P"/>
        <display value="Krankenhausinterne Verlegung in den ausschließlichen Bereich der Pflege"/>
      </concept>
      <concept>
        <code value="LKF_L"/>
        <display value="Kennzeichen der Datensätze, die zum Zeitpunkt der Asylierung dokumentarisch abgeschlossen werden"/>
      </concept>
      <concept>
        <code value="LKF_V"/>
        <display value="Kennzeichen für noch nicht abgeschlossene Aufenthalte von am Jahresende verbleibenden Patient:innen"/>
      </concept>
      <concept>
        <code value="LKF_1"/>
        <display value="Zuweisung an eine:n Allgemeinmediziner:in"/>
      </concept>
      <concept>
        <code value="LKF_2"/>
        <display value="Zuweisung an einen Facharzt/eine Fachärztin"/>
      </concept>
      <concept>
        <code value="LKF_3"/>
        <display value="Zuweisung an die eigene/eine andere Krankenanstalt zur ambulanten Weiterbetreuung"/>
      </concept>
      <concept>
        <code value="LKF_5"/>
        <display value="Zuweisung an die eigene/eine andere Krankenanstalt zur stationären Aufnahme"/>
      </concept>
      <concept>
        <code value="LKF_6"/>
        <display value="Wiederbestellung"/>
      </concept>
      <concept>
        <code value="LKF_7"/>
        <display value="Behandlungsende, keine Zuweisung"/>
      </concept>
      <concept>
        <code value="LKF_8"/>
        <display value="Sterbefall"/>
      </concept>
      <concept>
        <code value="LKF_9"/>
        <display value="Sonstige Abgangsart"/>
      </concept>
    </include>
  </compose>
</ValueSet>