<?xml version="1.0" encoding="UTF-8"?><ValueSet xmlns="http://hl7.org/fhir"><id value="moped-AbrechnungsRelevanz-valueset"/><text><status value="generated"/><div xmlns="http://www.w3.org/1999/xhtml"><p class="res-header-id"><b>Generated Narrative: ValueSet moped-AbrechnungsRelevanz-valueset</b></p><a name="moped-AbrechnungsRelevanz-valueset"> </a><a name="hcmoped-AbrechnungsRelevanz-valueset"> </a><a name="moped-AbrechnungsRelevanz-valueset-en-US"> </a><ul><li>Include these codes as defined in <code>http://tbd.at/MOPED-LKFAbrechnungsRelevanz</code><table class="none"><tr><td style="white-space:nowrap"><b>Code</b></td><td><b>Display</b></td></tr><tr><td>J</td><td>Ja (Die Leistung ist bei der Bepunktung zu berücksichtigen.)</td></tr><tr><td>N</td><td>Nein (Die Leistung ist bei der Bepunktung nicht zu berücksichtigen.)</td></tr><tr><td>K</td><td>Nein (Die Leistung ist bei der Bepunktung nicht zu berücksichtigen, wird aber von einem Sozialversicherungsträger vergütet.)</td></tr></table></li></ul></div></text><url value="http://example.org/ValueSet/moped-AbrechnungsRelevanz-valueset"/><version value="0.1.0"/><name value="AbrechnungsRelevanz"/><title value="Abrechnungsrelevanz der medizinischen Leistung"/><status value="draft"/><date value="2024-10-01T09:32:59+00:00"/><publisher value="Example Publisher"/><contact><name value="Example Publisher"/><telecom><system value="url"/><value value="http://example.org/example-publisher"/></telecom></contact><description value="Abrechnungsrelevanz der medizinischen Leistung"/><compose><include><system value="http://tbd.at/MOPED-LKFAbrechnungsRelevanz"/><concept><code value="J"/><display value="Ja (Die Leistung ist bei der Bepunktung zu berücksichtigen.)"/></concept><concept><code value="N"/><display value="Nein (Die Leistung ist bei der Bepunktung nicht zu berücksichtigen.)"/></concept><concept><code value="K"/><display value="Nein (Die Leistung ist bei der Bepunktung nicht zu berücksichtigen, wird aber von einem Sozialversicherungsträger vergütet.)"/></concept></include></compose></ValueSet>