"Id","Path","Slice Name","Alias(s)","Label","Min","Max","Must Support?","Is Modifier?","Is Summary?","Type(s)","Short","Definition","Comments","Requirements","Default Value","Meaning When Missing","Fixed Value","Pattern","Example","Minimum Value","Maximum Value","Maximum Length","Binding Strength","Binding Description","Binding Value Set","Code","Slicing Discriminator","Slicing Description","Slicing Ordered","Slicing Rules","Base Path","Base Min","Base Max","Condition(s)","Constraint(s)","Mapping: HL7 V2 Mapping","Mapping: RIM Mapping"
"Attachment","Attachment","","","",0,*,"","","","null {[]} {[]}
","Content in a format defined elsewhere","For referring to data content defined in other formats.","When providing a summary view (for example with Observation.value[x]) Attachment should be represented with a brief display text such as ""Signed Procedure Consent"".","","","","","","","","",,,,,"",,,,"Attachment",0,*,"","att-1:If the Attachment has data, it SHALL have a contentType {data.empty() or contentType.exists()}
ele-1:All FHIR elements must have a @value or children {hasValue() or (children().count() > id.count())}","ED/RP","n/a,ED"
"Attachment.id","Attachment.id","","","",0,1,"","","","id {[]} {[]}
","Unique id for inter-element referencing","Unique id for the element within a resource (for internal references). This may be any string value that does not contain spaces.","","","","","","","","","",,,,,"",,,,"Element.id",0,1,"ele-1
","","n/a"
"Attachment.extension","Attachment.extension","","extensions
user content","",0,*,"","","","Extension {[]} {[]}
","Additional content defined by implementations","May be used to represent additional information that is not part of the basic definition of the element. To make the use of extensions safe and managable, there is a strict set of governance applied to the definition and use of extensions. Though any implementer can define an extension, there is a set of requirements that SHALL be met as part of the definition of the extension.","There can be no stigma associated with the use of extensions by any application, project, or standard - regardless of the institution or jurisdiction that uses or defines the extensions.  The use of extensions is what allows the FHIR specification to retain a core level of simplicity for everyone.","","","","","","","","",,,,,"","value:url}
","Extensions are always sliced by (at least) url",,"open","Element.extension",0,*,"","ele-1:All FHIR elements must have a @value or children {hasValue() or (children().count() > id.count())}
ext-1:Must have either extensions or value[x], not both {extension.exists() != value.exists()}","n/a"
"Attachment.contentType","Attachment.contentType","","","",1,1,"","","Y","code {[]} {[]}
","Mime type of the content, with charset etc.","Identifies the type of the data in the attachment and allows a method to be chosen to interpret or render the data. Includes mime type parameters such as charset where appropriate.","","Processors of the data need to be able to know how to interpret the data.","","","","","<valueCode xmlns=""http://hl7.org/fhir"" value=""text/plain; charset=UTF-8, image/png""/>","","",,"required","BCP 13 (RFCs 2045, 2046, 2047, 4288, 4289 and 2049)","http://hl7.org/fhir/ValueSet/mimetypes|5.0.0","",,,,"Attachment.contentType",0,1,"att-1
","ele-1:All FHIR elements must have a @value or children {hasValue() or (children().count() > id.count())}
","ED.2+ED.3/RP.2+RP.3. Note conversion may be needed if old style values are being used","./mediaType, ./charset"
"Attachment.language","Attachment.language","","","",0,1,"","","Y","code {[]} {[]}
","Human language of the content (BCP-47)","The human language of the content. The value can be any valid value according to BCP 47.","","Users need to be able to choose between the languages in a set of attachments.","","","","","<valueCode xmlns=""http://hl7.org/fhir"" value=""en-AU""/>","","",,"required","IETF language tag for a human language.","http://hl7.org/fhir/ValueSet/all-languages|5.0.0","",,,,"Attachment.language",0,1,"","ele-1:All FHIR elements must have a @value or children {hasValue() or (children().count() > id.count())}
","./language"
"Attachment.data","Attachment.data","","","",1,1,"","","","base64Binary {[]} {[]}
","Data inline, base64ed","The actual data of the attachment - a sequence of bytes, base64 encoded.","The base64-encoded data SHALL be expressed in the same character set as the base resource XML or JSON.","The data needs to able to be transmitted inline.","","","","","","","",,,,,"",,,,"Attachment.data",0,1,"att-1
","ele-1:All FHIR elements must have a @value or children {hasValue() or (children().count() > id.count())}
","ED.5","./data"
"Attachment.url","Attachment.url","","","",0,0,"","","Y","url {[]} {[]}
","Uri where the data can be found","A location where the data can be accessed.","If both data and url are provided, the url SHALL point to the same content as the data contains. Urls may be relative references or may reference transient locations such as a wrapping envelope using cid: though this has ramifications for using signatures. Relative URLs are interpreted relative to the service url, like a resource reference, rather than relative to the resource itself. If a URL is provided, it SHALL resolve to actual data.","The data needs to be transmitted by reference.","","","","","<valueUrl xmlns=""http://hl7.org/fhir"" value=""http://www.acme.com/logo-small.png""/>","","",,,,,"",,,,"Attachment.url",0,1,"","ele-1:All FHIR elements must have a @value or children {hasValue() or (children().count() > id.count())}
","RP.1+RP.2 - if they refer to a URL (see v2.6)","./reference/literal"
"Attachment.size","Attachment.size","","","",0,1,"","","Y","integer64 {[]} {[]}
","Number of bytes of content (if url provided)","The number of bytes of data that make up this attachment (before base64 encoding, if that is done).","The number of bytes is redundant if the data is provided as a base64binary, but is useful if the data is provided as a url reference.","Representing the size allows applications to determine whether they should fetch the content automatically in advance, or refuse to fetch it at all.","","","","","","","",,,,,"",,,,"Attachment.size",0,1,"","ele-1:All FHIR elements must have a @value or children {hasValue() or (children().count() > id.count())}
","N/A (needs data type R3 proposal)"
"Attachment.hash","Attachment.hash","","","",0,1,"","","Y","base64Binary {[]} {[]}
","Hash of the data (sha-1, base64ed)","The calculated hash of the data using SHA-1. Represented using base64.","The hash is calculated on the data prior to base64 encoding, if the data is based64 encoded. The hash is not intended to support digital signatures. Where protection against malicious threats a digital signature should be considered, see [Provenance.signature](http://hl7.org/fhir/R5/provenance-definitions.html#Provenance.signature) for mechanism to protect a resource with a digital signature.","Included so that applications can verify that the contents of a location have not changed due to technical failures (e.g., storage rot, transport glitch, incorrect version).","","","","","","","",,,,,"",,,,"Attachment.hash",0,1,"","ele-1:All FHIR elements must have a @value or children {hasValue() or (children().count() > id.count())}
",".integrityCheck[parent::ED/integrityCheckAlgorithm=""SHA-1""]"
"Attachment.title","Attachment.title","","","",0,1,"","","Y","string {[]} {[]}
","Label to display in place of the data","A label or set of text to display in place of the data.","May sometimes be derived from the source filename.","Applications need a label to display to a human user in place of the actual data if the data cannot be rendered or perceived by the viewer.","","","","","<valueString xmlns=""http://hl7.org/fhir"" value=""Official Corporate Logo""/>","","",,,,,"",,,,"Attachment.title",0,1,"","ele-1:All FHIR elements must have a @value or children {hasValue() or (children().count() > id.count())}
","./title/data"
"Attachment.creation","Attachment.creation","","","",0,1,"","","Y","dateTime {[]} {[]}
","Date attachment was first created","The date that the attachment was first created.","","This is often tracked as an integrity issue for use of the attachment.","","","","","","","",,,,,"",,,,"Attachment.creation",0,1,"","ele-1:All FHIR elements must have a @value or children {hasValue() or (children().count() > id.count())}
","N/A (needs data type R3 proposal)"
"Attachment.height","Attachment.height","","","",0,1,"","","","positiveInt {[]} {[]}
","Height of the image in pixels (photo/video)","Height of the image in pixels (photo/video).","","","","","","","","","",,,,,"",,,,"Attachment.height",0,1,"","ele-1:All FHIR elements must have a @value or children {hasValue() or (children().count() > id.count())}
",".outboundRelationship[typeCode=""COMP].target[classCode=""OBS"", moodCode=""EVN"",code=""<CODE>""].value"
"Attachment.width","Attachment.width","","","",0,1,"","","","positiveInt {[]} {[]}
","Width of the image in pixels (photo/video)","Width of the image in pixels (photo/video).","","","","","","","","","",,,,,"",,,,"Attachment.width",0,1,"","ele-1:All FHIR elements must have a @value or children {hasValue() or (children().count() > id.count())}
",".outboundRelationship[typeCode=""COMP].target[classCode=""OBS"", moodCode=""EVN"",code=""<CODE>""].value"
"Attachment.frames","Attachment.frames","","","",0,1,"","","","positiveInt {[]} {[]}
","Number of frames if > 1 (photo)","The number of frames in a photo. This is used with a multi-page fax, or an imaging acquisition context that takes multiple slices in a single image, or an animated gif. If there is more than one frame, this SHALL have a value in order to alert interface software that a multi-frame capable rendering widget is required.","if the number of frames is not supplied, the value may be unknown. Applications should not assume that there is only one frame unless it is explicitly stated.","","","","","","","","",,,,,"",,,,"Attachment.frames",0,1,"","ele-1:All FHIR elements must have a @value or children {hasValue() or (children().count() > id.count())}
",".outboundRelationship[typeCode=""COMP].target[classCode=""OBS"", moodCode=""EVN"",code=""<CODE>""].value"
"Attachment.duration","Attachment.duration","","","",0,1,"","","","decimal {[]} {[]}
","Length in seconds (audio / video)","The duration of the recording in seconds - for audio and video.","The duration might differ from occurrencePeriod if recording was paused.","","","","","","","","",,,,,"",,,,"Attachment.duration",0,1,"","ele-1:All FHIR elements must have a @value or children {hasValue() or (children().count() > id.count())}
",".outboundRelationship[typeCode=""COMP].target[classCode=""OBS"", moodCode=""EVN"",code=""<CODE>""].value"
"Attachment.pages","Attachment.pages","","","",0,1,"","","","positiveInt {[]} {[]}
","Number of printed pages","The number of pages when printed.","","","","","","","","","",,,,,"",,,,"Attachment.pages",0,1,"","ele-1:All FHIR elements must have a @value or children {hasValue() or (children().count() > id.count())}
"
