"Id","Path","Slice Name","Alias(s)","Label","Min","Max","Must Support?","Is Modifier?","Is Summary?","Type(s)","Short","Definition","Comments","Requirements","Default Value","Meaning When Missing","Fixed Value","Pattern","Example","Minimum Value","Maximum Value","Maximum Length","Binding Strength","Binding Description","Binding Value Set","Code","Slicing Discriminator","Slicing Description","Slicing Ordered","Slicing Rules","Base Path","Base Min","Base Max","Condition(s)","Constraint(s)"
"DiagnosticResults-ips","DiagnosticResults-ips","","","",0,*,"","","","null {[]} {[]}
","Diagnostic Results (IPS)","Abbildung der Datenfelder, die für den Entwurf der Datenspezifikation des modularen Rahmenkonzepts für
Österreich für das Disease-Management bei chronischer Herzinsuffizienz erforderlich sind, auf dem des IPS-Modul ""Diagnostic Results"".

Refer to the **[mapping from the logical model of HI to the logical model based on the International Patient Summary (IPS)](mappings.html)** in order to get an idea how the IPS relates to HI.","","","","","","","","","",,,,,"",,,,"Base",0,*,"",""
"DiagnosticResults-ips.code","DiagnosticResults-ips.code","","","",1,1,"","","","CodeableConcept {[]} {[]}
","Type of observation (code / type)","Type of observation (code / type)","","","","","","","","","",,,,,"",,,,"DiagnosticResults-ips.code",1,1,"",""
"DiagnosticResults-ips.subject","DiagnosticResults-ips.subject","","","",1,1,"","","","https://hi.iv.elga.gv.at/StructureDefinition/Subject-ips {[]} {[]}
","Who and/or what the observation is about","Who and/or what the observation is about","","","","","","","","","",,,,,"",,,,"DiagnosticResults-ips.subject",1,1,"",""
"DiagnosticResults-ips.effective[x]","DiagnosticResults-ips.effective[x]","","","",1,1,"","","","dateTime {[]} {[]}
Period {[]} {[]}","Clinically relevant time/time-period for observation","Clinically relevant time/time-period for observation","","","","","","","","","",,,,,"",,,,"DiagnosticResults-ips.effective[x]",1,1,"",""
"DiagnosticResults-ips.performer","DiagnosticResults-ips.performer","","","",1,1,"","","","Reference {[]} {[CanonicalType[http://hl7.org/fhir/StructureDefinition/Practitioner], CanonicalType[http://hl7.org/fhir/StructureDefinition/PractitionerRole]]}
","Who is responsible for the observation","Who is responsible for the observation","","","","","","","","","",,,,,"",,,,"DiagnosticResults-ips.performer",1,1,"",""
"DiagnosticResults-ips.value[x]","DiagnosticResults-ips.value[x]","","","",1,1,"","","","Quantity {[]} {[]}
CodeableConcept {[]} {[]}string {[]} {[]}boolean {[]} {[]}integer {[]} {[]}Range {[]} {[]}Ratio {[]} {[]}SampledData {[]} {[]}time {[]} {[]}dateTime {[]} {[]}Period {[]} {[]}","Actual result","Actual result","","","","","","","","","",,,,,"",,,,"DiagnosticResults-ips.value[x]",1,1,"",""
