"Id","Path","Slice Name","Alias(s)","Label","Min","Max","Must Support?","Is Modifier?","Is Summary?","Type(s)","Short","Definition","Comments","Requirements","Default Value","Meaning When Missing","Fixed Value","Pattern","Example","Minimum Value","Maximum Value","Maximum Length","Binding Strength","Binding Description","Binding Value Set","Code","Slicing Discriminator","Slicing Description","Slicing Ordered","Slicing Rules","Base Path","Base Min","Base Max","Condition(s)","Constraint(s)"
"ProblemList-ips","ProblemList-ips","","","",0,*,"","","","null {[]} {[]}
","Problem List (IPS)","Abbildung der Datenfelder, die für den Entwurf der Datenspezifikation des modularen Rahmenkonzepts für
Österreich für das Disease-Management bei chronischer Herzinsuffizienz erforderlich sind, auf dem des IPS-Modul ""Problem List"".

Refer to the **[mapping from the logical model of HI to the logical model based on the International Patient Summary (IPS)](mappings.html)** in order to get an idea how the IPS relates to HI.","","","","","","","","","",,,,,"",,,,"Base",0,*,"",""
"ProblemList-ips.code","ProblemList-ips.code","","","",1,1,"","","","CodeableConcept {[]} {[]}
","Identification of the condition, problem or diagnosis","Identification of the condition, problem or diagnosis","","","","","","","","","",,"preferred","","http://hl7.org/fhir/uv/ips/ValueSet/problems-snomed-absent-unknown-uv-ips","",,,,"ProblemList-ips.code",1,1,"",""
"ProblemList-ips.subject","ProblemList-ips.subject","","","",1,1,"","","","https://hi.iv.elga.gv.at/StructureDefinition/Subject-ips {[]} {[]}
","Who has the condition?","Who has the condition?","","","","","","","","","",,,,,"",,,,"ProblemList-ips.subject",1,1,"",""
"ProblemList-ips.recordedDate","ProblemList-ips.recordedDate","","","",1,1,"","","","dateTime {[]} {[]}
","Date record was first recorded","Date record was first recorded","","","","","","","","","",,,,,"",,,,"ProblemList-ips.recordedDate",1,1,"",""
"ProblemList-ips.asserter","ProblemList-ips.asserter","","","",1,1,"","","","Reference {[]} {[CanonicalType[http://hl7.org/fhir/StructureDefinition/Practitioner], CanonicalType[http://hl7.org/fhir/StructureDefinition/PractitionerRole]]}
","Person who asserts this condition","Person who asserts this condition","","","","","","","","","",,,,,"",,,,"ProblemList-ips.asserter",1,1,"",""
