"Id","Path","Slice Name","Alias(s)","Label","Min","Max","Must Support?","Is Modifier?","Is Summary?","Type(s)","Short","Definition","Comments","Requirements","Default Value","Meaning When Missing","Fixed Value","Pattern","Example","Minimum Value","Maximum Value","Maximum Length","Binding Strength","Binding Description","Binding Value Set","Code","Slicing Discriminator","Slicing Description","Slicing Ordered","Slicing Rules","Base Path","Base Min","Base Max","Condition(s)","Constraint(s)","Mapping: RIM Mapping","Mapping: HL7 v2 Mapping"
"Dosage","Dosage","","","",0,*,"","","","null {[]} {[]}
","How the medication is/was taken or should be taken","Indicates how the medication is/was taken or should be taken by the patient.","","","","","","","","","",,,,,"",,,,"Dosage",0,*,"","ele-1:All FHIR elements must have a @value or children {hasValue() or (children().count() > id.count())}
","n/a",".outboundRelationship[typeCode=COMP].target[classCode=SBADM, moodCode=INT]"
"Dosage.id","Dosage.id","","","",0,1,"","","","string {[]} {[]}
","Unique id for inter-element referencing","Unique id for the element within a resource (for internal references). This may be any string value that does not contain spaces.","","","","","","","","","",,,,,"",,,,"Element.id",0,1,"","","n/a"
"Dosage.extension","Dosage.extension","","extensions
user content","",0,*,"","","","Extension {[]} {[]}
","Additional content defined by implementations","May be used to represent additional information that is not part of the basic definition of the element. To make the use of extensions safe and manageable, there is a strict set of governance  applied to the definition and use of extensions. Though any implementer can define an extension, there is a set of requirements that SHALL be met as part of the definition of the extension.","There can be no stigma associated with the use of extensions by any application, project, or standard - regardless of the institution or jurisdiction that uses or defines the extensions.  The use of extensions is what allows the FHIR specification to retain a core level of simplicity for everyone.","","","","","","","","",,,,,"","value:url}
","Extensions are always sliced by (at least) url",,"open","Element.extension",0,*,"","ele-1:All FHIR elements must have a @value or children {hasValue() or (children().count() > id.count())}
ext-1:Must have either extensions or value[x], not both {extension.exists() != value.exists()}","n/a"
"Dosage.modifierExtension","Dosage.modifierExtension","","extensions
user contentmodifiers","",0,*,"","Y","Y","Extension {[]} {[]}
","Extensions that cannot be ignored even if unrecognized","May be used to represent additional information that is not part of the basic definition of the element and that modifies the understanding of the element in which it is contained and/or the understanding of the containing element's descendants. Usually modifier elements provide negation or qualification. To make the use of extensions safe and manageable, there is a strict set of governance applied to the definition and use of extensions. Though any implementer can define an extension, there is a set of requirements that SHALL be met as part of the definition of the extension. Applications processing a resource are required to check for modifier extensions.

Modifier extensions SHALL NOT change the meaning of any elements on Resource or DomainResource (including cannot change the meaning of modifierExtension itself).","There can be no stigma associated with the use of extensions by any application, project, or standard - regardless of the institution or jurisdiction that uses or defines the extensions.  The use of extensions is what allows the FHIR specification to retain a core level of simplicity for everyone.","Modifier extensions allow for extensions that *cannot* be safely ignored to be clearly distinguished from the vast majority of extensions which can be safely ignored.  This promotes interoperability by eliminating the need for implementers to prohibit the presence of extensions. For further information, see the [definition of modifier extensions](http://hl7.org/fhir/R4/extensibility.html#modifierExtension).","","","","","","","",,,,,"",,,,"BackboneElement.modifierExtension",0,*,"","ele-1:All FHIR elements must have a @value or children {hasValue() or (children().count() > id.count())}
ext-1:Must have either extensions or value[x], not both {extension.exists() != value.exists()}","N/A"
"Dosage.sequence","Dosage.sequence","","","",0,1,"Y","","Y","integer {[]} {[]}
","Die Reihenfolge der Dosierungsanweisungen. Entfällt bei Einzeldosierung.","Indicates the order in which the dosage instructions should be applied or interpreted.","","If the sequence number of multiple Dosages is the same, then it is implied that the instructions are to be treated as concurrent.  If the sequence number is different, then the Dosages are intended to be sequential.","","","","","","","",,,,,"",,,,"Dosage.sequence",0,1,"","ele-1:All FHIR elements must have a @value or children {hasValue() or (children().count() > id.count())}
",".text","TQ1-1"
"Dosage.text","Dosage.text","","","",0,1,"Y","","Y","string {[]} {[]}
","Freitext-Dosierungsanweisung, wenn keine strukturierte Angabe möglich ist.","Free text dosage instructions e.g. SIG.","","Free text dosage instructions can be used for cases where the instructions are too complex to code.  The content of this attribute does not include the name or description of the medication. When coded instructions are present, the free text instructions may still be present for display to humans taking or administering the medication. It is expected that the text instructions will always be populated.  If the dosage.timing attribute is also populated, then the dosage.text should reflect the same information as the timing.  Additional information about administration or preparation of the medication should be included as text.","","","","","","","",,,,,"",,,,"Dosage.text",0,1,"","ele-1:All FHIR elements must have a @value or children {hasValue() or (children().count() > id.count())}
",".text","RXO-6; RXE-21"
"Dosage.additionalInstruction","Dosage.additionalInstruction","","","",0,*,"","","Y","CodeableConcept {[]} {[]}
","Codierte Anweisungen oder Warnhinweise für den Patienten, z.B. zur Einnahme oder zur Aufbewahrung des Arzneimittels. (ex):
https://hl7.org/fhir/R4/valueset-additional-instruction-codes.html. TODO: Nur wenn nicht ohnehin im Beipackzettel enthalten oder zusätzlich? Evtl. f. magistrale Zubereitungen, da kein Beipackzettel.","Supplemental instructions to the patient on how to take the medication  (e.g. ""with meals"" or""take half to one hour before food"") or warnings for the patient about the medication (e.g. ""may cause drowsiness"" or ""avoid exposure of skin to direct sunlight or sunlamps"").","Information about administration or preparation of the medication (e.g. ""infuse as rapidly as possibly via intraperitoneal port"" or ""immediately following drug x"") should be populated in dosage.text.","Additional instruction is intended to be coded, but where no code exists, the element could include text.  For example, ""Swallow with plenty of water"" which might or might not be coded.","","","","","","","",,"example","A coded concept identifying additional instructions such as ""take with water"" or ""avoid operating heavy machinery"".","http://hl7.org/fhir/ValueSet/additional-instruction-codes|4.0.1","",,,,"Dosage.additionalInstruction",0,*,"","ele-1:All FHIR elements must have a @value or children {hasValue() or (children().count() > id.count())}
",".text","RXO-7"
"Dosage.patientInstruction","Dosage.patientInstruction","","","",0,1,"","","Y","string {[]} {[]}
","Freitext Anweisungen für den Patienten, z.B. zur Einnahme oder zur Aufbewahrung des Arzneimittels.","Instructions in terms that are understood by the patient or consumer.","","","","","","","","","",,,,,"",,,,"Dosage.patientInstruction",0,1,"","ele-1:All FHIR elements must have a @value or children {hasValue() or (children().count() > id.count())}
",".text","RXO-7"
"Dosage.timing","Dosage.timing","","","",0,1,"Y","","Y","Timing {[CanonicalType[https://fhir.hl7.at/elga/emed/r4/StructureDefinition/at-emed-timing]]} {[]}
","Zeitpunkt oder Zeitraum der Einnahme des Medikaments. 
Um widersprüchliche Anweisungen zu vermeiden, ist entweder Dosage.timing oder Dosage.text zu befüllen.","When medication should be administered.","This attribute might not always be populated while the Dosage.text is expected to be populated.  If both are populated, then the Dosage.text should reflect the content of the Dosage.timing.","The timing schedule for giving the medication to the patient. This  data type allows many different expressions. For example: ""Every 8 hours""; ""Three times a day""; ""1/2 an hour before breakfast for 10 days from 23-Dec 2011:""; ""15 Oct 2013, 17 Oct 2013 and 1 Nov 2013"".  Sometimes, a rate can imply duration when expressed as total volume / duration (e.g.  500mL/2 hours implies a duration of 2 hours).  However, when rate doesn't imply duration (e.g. 250mL/hour), then the timing.repeat.duration is needed to convey the infuse over time period.","","","","","","","",,,,,"",,,,"Dosage.timing",0,1,"","ele-1:All FHIR elements must have a @value or children {hasValue() or (children().count() > id.count())}
",".effectiveTime"
"Dosage.asNeeded[x]","Dosage.asNeeded[x]","","","",0,1,"","","Y","boolean {[]} {[]}
","Take ""as needed"" (for x)","Indicates whether the Medication is only taken when needed within a specific dosing schedule (Boolean option), or it indicates the precondition for taking the Medication (CodeableConcept).","Can express ""as needed"" without a reason by setting the Boolean = True.  In this case the CodeableConcept is not populated.  Or you can express ""as needed"" with a reason by including the CodeableConcept.  In this case the Boolean is assumed to be True.  If you set the Boolean to False, then the dose is given according to the schedule and is not ""prn"" or ""as needed"".","","","","","","","","",,"example","A coded concept identifying the precondition that should be met or evaluated prior to consuming or administering a medication dose.  For example ""pain"", ""30 minutes prior to sexual intercourse"", ""on flare-up"" etc.","http://hl7.org/fhir/ValueSet/medication-as-needed-reason|4.0.1","","type:$this}
","",,"closed","Dosage.asNeeded[x]",0,1,"","ele-1:All FHIR elements must have a @value or children {hasValue() or (children().count() > id.count())}
",".outboundRelationship[typeCode=PRCN].target[classCode=OBS, moodCode=EVN, code=""as needed""].value=boolean or codable concept","TQ1-9"
"Dosage.asNeeded[x]:asNeededBoolean","Dosage.asNeeded[x]","asNeededBoolean","","",0,1,"Y","","Y","boolean {[]} {[]}
","Bedarfsmedikation: Ja/Nein","Indicates whether the Medication is only taken when needed within a specific dosing schedule (Boolean option), or it indicates the precondition for taking the Medication (CodeableConcept).","Can express ""as needed"" without a reason by setting the Boolean = True.  In this case the CodeableConcept is not populated.  Or you can express ""as needed"" with a reason by including the CodeableConcept.  In this case the Boolean is assumed to be True.  If you set the Boolean to False, then the dose is given according to the schedule and is not ""prn"" or ""as needed"".","","","","","","","","",,,,,"",,,,"Dosage.asNeeded[x]",0,1,"","ele-1:All FHIR elements must have a @value or children {hasValue() or (children().count() > id.count())}
",".outboundRelationship[typeCode=PRCN].target[classCode=OBS, moodCode=EVN, code=""as needed""].value=boolean or codable concept","TQ1-9"
"Dosage.asNeeded[x]:asNeededCodeableConcept","Dosage.asNeeded[x]","asNeededCodeableConcept","","",0,0,"","","Y","CodeableConcept {[]} {[]}
","Bedarfsmedikation: Grund für die Bedarfsmedikation; Vermutlich reicht ein genereller Grund für die Medikation im Planeintrag (wenn e-Diagnose verfügbar).","Indicates whether the Medication is only taken when needed within a specific dosing schedule (Boolean option), or it indicates the precondition for taking the Medication (CodeableConcept).","Can express ""as needed"" without a reason by setting the Boolean = True.  In this case the CodeableConcept is not populated.  Or you can express ""as needed"" with a reason by including the CodeableConcept.  In this case the Boolean is assumed to be True.  If you set the Boolean to False, then the dose is given according to the schedule and is not ""prn"" or ""as needed"".","","","","","","","","",,"example","A coded concept identifying the precondition that should be met or evaluated prior to consuming or administering a medication dose.  For example ""pain"", ""30 minutes prior to sexual intercourse"", ""on flare-up"" etc.","http://hl7.org/fhir/ValueSet/medication-as-needed-reason|4.0.1","",,,,"Dosage.asNeeded[x]",0,1,"","ele-1:All FHIR elements must have a @value or children {hasValue() or (children().count() > id.count())}
",".outboundRelationship[typeCode=PRCN].target[classCode=OBS, moodCode=EVN, code=""as needed""].value=boolean or codable concept","TQ1-9"
"Dosage.site","Dosage.site","","","",0,1,"","","Y","CodeableConcept {[]} {[]}
","Körperstelle, an der das Medikament angewendet wird, z.B. Haut, Auge, Ohr etc.","Body site to administer to.","If the use case requires attributes from the BodySite resource (e.g. to identify and track separately) then use the standard extension [bodySite](http://hl7.org/fhir/R4/extension-bodysite.html).  May be a summary code, or a reference to a very precise definition of the location, or both.","A coded specification of the anatomic site where the medication first enters the body.","","","","","","","",,"example","A coded concept describing the site location the medicine enters into or onto the body.","http://hl7.org/fhir/ValueSet/approach-site-codes|4.0.1","",,,,"Dosage.site",0,1,"","ele-1:All FHIR elements must have a @value or children {hasValue() or (children().count() > id.count())}
",".approachSiteCode","RXR-2"
"Dosage.route","Dosage.route","","","",0,1,"Y","","Y","CodeableConcept {[]} {[]}
","Art der Anwendung der Arznei. (z.B. oral, nasal, intravenös, subkutan). Kann bei codierten Arzneien aus der ASP-Liste entnommen werden.","How drug should enter body.","","A code specifying the route or physiological path of administration of a therapeutic agent into or onto a patient's body.","","","","","","","",,"required","","https://termgit.elga.gv.at/CodeSystem/medikationartanwendung","",,,,"Dosage.route",0,1,"","ele-1:All FHIR elements must have a @value or children {hasValue() or (children().count() > id.count())}
",".routeCode","RXR-1"
"Dosage.method","Dosage.method","","","",0,1,"Y","","Y","CodeableConcept {[]} {[]}
","Verabreichungsmethode, z.B. Infusion, Injektion, Tablette, Salbe etc. ","Technique for administering medication.","Terminologies used often pre-coordinate this term with the route and or form of administration.","A coded value indicating the method by which the medication is introduced into or onto the body. Most commonly used for injections.  For examples, Slow Push; Deep IV.","","","","","","","",,"example","A coded concept describing the technique by which the medicine is administered.","http://hl7.org/fhir/ValueSet/administration-method-codes|4.0.1","",,,,"Dosage.method",0,1,"","ele-1:All FHIR elements must have a @value or children {hasValue() or (children().count() > id.count())}
",".doseQuantity","RXR-4"
"Dosage.doseAndRate","Dosage.doseAndRate","","","",0,1,"Y","","Y","Element {[]} {[]}
","Menge des verabreichten Medikaments","The amount of medication administered.","","","","","","","","","",,,,,"",,,,"Dosage.doseAndRate",0,*,"","ele-1:All FHIR elements must have a @value or children {hasValue() or (children().count() > id.count())}
","TQ1-2"
"Dosage.doseAndRate.id","Dosage.doseAndRate.id","","","",0,1,"","","","string {[]} {[]}
","Unique id for inter-element referencing","Unique id for the element within a resource (for internal references). This may be any string value that does not contain spaces.","","","","","","","","","",,,,,"",,,,"Element.id",0,1,"","","n/a"
"Dosage.doseAndRate.extension","Dosage.doseAndRate.extension","","extensions
user content","",0,*,"","","","Extension {[]} {[]}
","Additional content defined by implementations","May be used to represent additional information that is not part of the basic definition of the element. To make the use of extensions safe and manageable, there is a strict set of governance  applied to the definition and use of extensions. Though any implementer can define an extension, there is a set of requirements that SHALL be met as part of the definition of the extension.","There can be no stigma associated with the use of extensions by any application, project, or standard - regardless of the institution or jurisdiction that uses or defines the extensions.  The use of extensions is what allows the FHIR specification to retain a core level of simplicity for everyone.","","","","","","","","",,,,,"","value:url}
","Extensions are always sliced by (at least) url",,"open","Element.extension",0,*,"","ele-1:All FHIR elements must have a @value or children {hasValue() or (children().count() > id.count())}
ext-1:Must have either extensions or value[x], not both {extension.exists() != value.exists()}","n/a"
"Dosage.doseAndRate.type","Dosage.doseAndRate.type","","","",0,1,"","","Y","CodeableConcept {[]} {[]}
","Art der Dosierung, z.B. berechnet, wie verordnet (ex): https://hl7.org/fhir/R4/valueset-dose-rate-type.html","The kind of dose or rate specified, for example, ordered or calculated.","","If the type is not populated, assume to be ""ordered"".","","","","","","","",,"example","The kind of dose or rate specified.","http://hl7.org/fhir/ValueSet/dose-rate-type|4.0.1","",,,,"Dosage.doseAndRate.type",0,1,"","ele-1:All FHIR elements must have a @value or children {hasValue() or (children().count() > id.count())}
","RXO-21; RXE-23"
"Dosage.doseAndRate.dose[x]","Dosage.doseAndRate.dose[x]","","","",0,1,"","","Y","Range {[]} {[]}
Quantity {[CanonicalType[http://hl7.org/fhir/StructureDefinition/SimpleQuantity|4.0.1]]} {[]}","Menge des verabreichten Medikaments pro Zeiteinheit.","Amount of medication per dose.","Note that this specifies the quantity of the specified medication, not the quantity for each active ingredient(s). Each ingredient amount can be communicated in the Medication resource. For example, if one wants to communicate that a tablet was 375 mg, where the dose was one tablet, you can use the Medication resource to document that the tablet was comprised of 375 mg of drug XYZ. Alternatively if the dose was 375 mg, then you may only need to use the Medication resource to indicate this was a tablet. If the example were an IV such as dopamine and you wanted to communicate that 400mg of dopamine was mixed in 500 ml of some IV solution, then this would all be communicated in the Medication resource. If the administration is not intended to be instantaneous (rate is present or timing has a duration), this can be specified to convey the total amount to be administered over the period of time as indicated by the schedule e.g. 500 ml in dose, with timing used to convey that this should be done over 4 hours.","The amount of therapeutic or other substance given at one administration event.","","","","","","","",,,,,"","type:$this}
","",,"closed","Dosage.doseAndRate.dose[x]",0,1,"","ele-1:All FHIR elements must have a @value or children {hasValue() or (children().count() > id.count())}
",".doseQuantity","RXO-2, RXE-3"
"Dosage.doseAndRate.dose[x]:doseRange","Dosage.doseAndRate.dose[x]","doseRange","","",0,1,"Y","","Y","Range {[]} {[]}
","Dosierungsspanne wird mit low und high angegeben, z.B. 5-10 mg.","Amount of medication per dose.","Note that this specifies the quantity of the specified medication, not the quantity for each active ingredient(s). Each ingredient amount can be communicated in the Medication resource. For example, if one wants to communicate that a tablet was 375 mg, where the dose was one tablet, you can use the Medication resource to document that the tablet was comprised of 375 mg of drug XYZ. Alternatively if the dose was 375 mg, then you may only need to use the Medication resource to indicate this was a tablet. If the example were an IV such as dopamine and you wanted to communicate that 400mg of dopamine was mixed in 500 ml of some IV solution, then this would all be communicated in the Medication resource. If the administration is not intended to be instantaneous (rate is present or timing has a duration), this can be specified to convey the total amount to be administered over the period of time as indicated by the schedule e.g. 500 ml in dose, with timing used to convey that this should be done over 4 hours.","The amount of therapeutic or other substance given at one administration event.","","","","","","","",,,,,"",,,,"Dosage.doseAndRate.dose[x]",0,1,"","ele-1:All FHIR elements must have a @value or children {hasValue() or (children().count() > id.count())}
",".doseQuantity","RXO-2, RXE-3"
"Dosage.doseAndRate.dose[x]:doseQuantity","Dosage.doseAndRate.dose[x]","doseQuantity","","",0,1,"Y","","Y","Quantity {[CanonicalType[http://hl7.org/fhir/StructureDefinition/SimpleQuantity]]} {[]}
","Mapping auf doseQuantity","Amount of medication per dose.","Note that this specifies the quantity of the specified medication, not the quantity for each active ingredient(s). Each ingredient amount can be communicated in the Medication resource. For example, if one wants to communicate that a tablet was 375 mg, where the dose was one tablet, you can use the Medication resource to document that the tablet was comprised of 375 mg of drug XYZ. Alternatively if the dose was 375 mg, then you may only need to use the Medication resource to indicate this was a tablet. If the example were an IV such as dopamine and you wanted to communicate that 400mg of dopamine was mixed in 500 ml of some IV solution, then this would all be communicated in the Medication resource. If the administration is not intended to be instantaneous (rate is present or timing has a duration), this can be specified to convey the total amount to be administered over the period of time as indicated by the schedule e.g. 500 ml in dose, with timing used to convey that this should be done over 4 hours.","The amount of therapeutic or other substance given at one administration event.","","","","","","","",,,,,"",,,,"Dosage.doseAndRate.dose[x]",0,1,"","ele-1:All FHIR elements must have a @value or children {hasValue() or (children().count() > id.count())}
",".doseQuantity","RXO-2, RXE-3"
"Dosage.doseAndRate.dose[x]:doseQuantity.id","Dosage.doseAndRate.dose[x].id","","","",0,1,"","","","string {[]} {[]}
","Unique id for inter-element referencing","Unique id for the element within a resource (for internal references). This may be any string value that does not contain spaces.","","","","","","","","","",,,,,"",,,,"Element.id",0,1,"","","n/a"
"Dosage.doseAndRate.dose[x]:doseQuantity.extension","Dosage.doseAndRate.dose[x].extension","","extensions
user content","",0,*,"","","","Extension {[]} {[]}
","Additional content defined by implementations","May be used to represent additional information that is not part of the basic definition of the element. To make the use of extensions safe and manageable, there is a strict set of governance  applied to the definition and use of extensions. Though any implementer can define an extension, there is a set of requirements that SHALL be met as part of the definition of the extension.","There can be no stigma associated with the use of extensions by any application, project, or standard - regardless of the institution or jurisdiction that uses or defines the extensions.  The use of extensions is what allows the FHIR specification to retain a core level of simplicity for everyone.","","","","","","","","",,,,,"","value:url}
","Extensions are always sliced by (at least) url",,"open","Element.extension",0,*,"","ele-1:All FHIR elements must have a @value or children {hasValue() or (children().count() > id.count())}
ext-1:Must have either extensions or value[x], not both {extension.exists() != value.exists()}","n/a"
"Dosage.doseAndRate.dose[x]:doseQuantity.value","Dosage.doseAndRate.dose[x].value","","","",0,1,"","","Y","decimal {[]} {[]}
","Numerical value (with implicit precision)","The value of the measured amount. The value includes an implicit precision in the presentation of the value.","The implicit precision in the value should always be honored. Monetary values have their own rules for handling precision (refer to standard accounting text books).","Precision is handled implicitly in almost all cases of measurement.","","","","","","","",,,,,"",,,,"Quantity.value",0,1,"","ele-1:All FHIR elements must have a @value or children {hasValue() or (children().count() > id.count())}
","PQ.value, CO.value, MO.value, IVL.high or IVL.low depending on the value","SN.2  / CQ - N/A"
"Dosage.doseAndRate.dose[x]:doseQuantity.comparator","Dosage.doseAndRate.dose[x].comparator","","","",0,0,"","Y","Y","code {[]} {[]}
","< | <= | >= | > - how to understand the value","Not allowed to be used in this context","","Need a framework for handling measures where the value is <5ug/L or >400mg/L due to the limitations of measuring methodology.","","If there is no comparator, then there is no modification of the value","","","","","",,"required","How the Quantity should be understood and represented.","http://hl7.org/fhir/ValueSet/quantity-comparator|4.0.1","",,,,"Quantity.comparator",0,1,"","ele-1:All FHIR elements must have a @value or children {hasValue() or (children().count() > id.count())}
","IVL properties","SN.1  / CQ.1"
"Dosage.doseAndRate.dose[x]:doseQuantity.unit","Dosage.doseAndRate.dose[x].unit","","","",0,1,"","","Y","string {[]} {[]}
","Unit representation","A human-readable form of the unit.","","There are many representations for units of measure and in many contexts, particular representations are fixed and required. I.e. mcg for micrograms.","","","","","","","",,"required","","https://termgit.elga.gv.at/ValueSet-elga-medikationmengenart","",,,,"Quantity.unit",0,1,"","ele-1:All FHIR elements must have a @value or children {hasValue() or (children().count() > id.count())}
","PQ.unit","(see OBX.6 etc.) / CQ.2"
"Dosage.doseAndRate.dose[x]:doseQuantity.system","Dosage.doseAndRate.dose[x].system","","","",0,1,"","","Y","uri {[]} {[]}
","System that defines coded unit form","The identification of the system that provides the coded form of the unit.","","Need to know the system that defines the coded form of the unit.","","","","","","","",,,,,"",,,,"Quantity.system",0,1,"qty-3
","ele-1:All FHIR elements must have a @value or children {hasValue() or (children().count() > id.count())}
","CO.codeSystem, PQ.translation.codeSystem","(see OBX.6 etc.) / CQ.2"
"Dosage.doseAndRate.dose[x]:doseQuantity.code","Dosage.doseAndRate.dose[x].code","","","",0,1,"","","Y","code {[]} {[]}
","Coded form of the unit","A computer processable form of the unit in some unit representation system.","The preferred system is UCUM, but SNOMED CT can also be used (for customary units) or ISO 4217 for currency.  The context of use may additionally require a code from a particular system.","Need a computable form of the unit that is fixed across all forms. UCUM provides this for quantities, but SNOMED CT provides many units of interest.","","","","","","","",,,,,"",,,,"Quantity.code",0,1,"","ele-1:All FHIR elements must have a @value or children {hasValue() or (children().count() > id.count())}
","PQ.code, MO.currency, PQ.translation.code","(see OBX.6 etc.) / CQ.2"
"Dosage.doseAndRate.rate[x]","Dosage.doseAndRate.rate[x]","","","",0,1,"","","Y","Ratio {[]} {[]}
Range {[]} {[]}Quantity {[CanonicalType[http://hl7.org/fhir/StructureDefinition/SimpleQuantity|4.0.1]]} {[]}","Amount of medication per unit of time","Amount of medication per unit of time.","It is possible to supply both a rate and a doseQuantity to provide full details about how the medication is to be administered and supplied. If the rate is intended to change over time, depending on local rules/regulations, each change should be captured as a new version of the MedicationRequest with an updated rate, or captured with a new MedicationRequest with the new rate.It is possible to specify a rate over time (for example, 100 ml/hour) using either the rateRatio and rateQuantity.  The rateQuantity approach requires systems to have the capability to parse UCUM grammer where ml/hour is included rather than a specific ratio where the time is specified as the denominator.  Where a rate such as 500ml over 2 hours is specified, the use of rateRatio may be more semantically correct than specifying using a rateQuantity of 250 mg/hour.","Identifies the speed with which the medication was or will be introduced into the patient. Typically the rate for an infusion e.g. 100 ml per 1 hour or 100 ml/hr.  May also be expressed as a rate per unit of time e.g. 500 ml per 2 hours.   Other examples: 200 mcg/min or 200 mcg/1 minute; 1 liter/8 hours.  Sometimes, a rate can imply duration when expressed as total volume / duration (e.g.  500mL/2 hours implies a duration of 2 hours).  However, when rate doesn't imply duration (e.g. 250mL/hour), then the timing.repeat.duration is needed to convey the infuse over time period.","","","","","","","",,,,,"","type:$this}
","",,"closed","Dosage.doseAndRate.rate[x]",0,1,"","ele-1:All FHIR elements must have a @value or children {hasValue() or (children().count() > id.count())}
",".rateQuantity","RXE22, RXE23, RXE-24"
"Dosage.doseAndRate.rate[x]:rateRatio","Dosage.doseAndRate.rate[x]","rateRatio","","",0,1,"","","Y","Ratio {[]} {[]}
","TODO: prüfen","Amount of medication per unit of time.","It is possible to supply both a rate and a doseQuantity to provide full details about how the medication is to be administered and supplied. If the rate is intended to change over time, depending on local rules/regulations, each change should be captured as a new version of the MedicationRequest with an updated rate, or captured with a new MedicationRequest with the new rate.It is possible to specify a rate over time (for example, 100 ml/hour) using either the rateRatio and rateQuantity.  The rateQuantity approach requires systems to have the capability to parse UCUM grammer where ml/hour is included rather than a specific ratio where the time is specified as the denominator.  Where a rate such as 500ml over 2 hours is specified, the use of rateRatio may be more semantically correct than specifying using a rateQuantity of 250 mg/hour.","Identifies the speed with which the medication was or will be introduced into the patient. Typically the rate for an infusion e.g. 100 ml per 1 hour or 100 ml/hr.  May also be expressed as a rate per unit of time e.g. 500 ml per 2 hours.   Other examples: 200 mcg/min or 200 mcg/1 minute; 1 liter/8 hours.  Sometimes, a rate can imply duration when expressed as total volume / duration (e.g.  500mL/2 hours implies a duration of 2 hours).  However, when rate doesn't imply duration (e.g. 250mL/hour), then the timing.repeat.duration is needed to convey the infuse over time period.","","","","","","","",,,,,"",,,,"Dosage.doseAndRate.rate[x]",0,1,"","ele-1:All FHIR elements must have a @value or children {hasValue() or (children().count() > id.count())}
",".rateQuantity","RXE22, RXE23, RXE-24"
"Dosage.doseAndRate.rate[x]:rateRange","Dosage.doseAndRate.rate[x]","rateRange","","",0,1,"","","Y","Range {[]} {[]}
","TODO: prüfen","Amount of medication per unit of time.","It is possible to supply both a rate and a doseQuantity to provide full details about how the medication is to be administered and supplied. If the rate is intended to change over time, depending on local rules/regulations, each change should be captured as a new version of the MedicationRequest with an updated rate, or captured with a new MedicationRequest with the new rate.It is possible to specify a rate over time (for example, 100 ml/hour) using either the rateRatio and rateQuantity.  The rateQuantity approach requires systems to have the capability to parse UCUM grammer where ml/hour is included rather than a specific ratio where the time is specified as the denominator.  Where a rate such as 500ml over 2 hours is specified, the use of rateRatio may be more semantically correct than specifying using a rateQuantity of 250 mg/hour.","Identifies the speed with which the medication was or will be introduced into the patient. Typically the rate for an infusion e.g. 100 ml per 1 hour or 100 ml/hr.  May also be expressed as a rate per unit of time e.g. 500 ml per 2 hours.   Other examples: 200 mcg/min or 200 mcg/1 minute; 1 liter/8 hours.  Sometimes, a rate can imply duration when expressed as total volume / duration (e.g.  500mL/2 hours implies a duration of 2 hours).  However, when rate doesn't imply duration (e.g. 250mL/hour), then the timing.repeat.duration is needed to convey the infuse over time period.","","","","","","","",,,,,"",,,,"Dosage.doseAndRate.rate[x]",0,1,"","ele-1:All FHIR elements must have a @value or children {hasValue() or (children().count() > id.count())}
",".rateQuantity","RXE22, RXE23, RXE-24"
"Dosage.doseAndRate.rate[x]:rateQuantity","Dosage.doseAndRate.rate[x]","rateQuantity","","",0,1,"","","Y","Quantity {[CanonicalType[http://hl7.org/fhir/StructureDefinition/SimpleQuantity]]} {[]}
","TODO: prüfen","Amount of medication per unit of time.","It is possible to supply both a rate and a doseQuantity to provide full details about how the medication is to be administered and supplied. If the rate is intended to change over time, depending on local rules/regulations, each change should be captured as a new version of the MedicationRequest with an updated rate, or captured with a new MedicationRequest with the new rate.It is possible to specify a rate over time (for example, 100 ml/hour) using either the rateRatio and rateQuantity.  The rateQuantity approach requires systems to have the capability to parse UCUM grammer where ml/hour is included rather than a specific ratio where the time is specified as the denominator.  Where a rate such as 500ml over 2 hours is specified, the use of rateRatio may be more semantically correct than specifying using a rateQuantity of 250 mg/hour.","Identifies the speed with which the medication was or will be introduced into the patient. Typically the rate for an infusion e.g. 100 ml per 1 hour or 100 ml/hr.  May also be expressed as a rate per unit of time e.g. 500 ml per 2 hours.   Other examples: 200 mcg/min or 200 mcg/1 minute; 1 liter/8 hours.  Sometimes, a rate can imply duration when expressed as total volume / duration (e.g.  500mL/2 hours implies a duration of 2 hours).  However, when rate doesn't imply duration (e.g. 250mL/hour), then the timing.repeat.duration is needed to convey the infuse over time period.","","","","","","","",,,,,"",,,,"Dosage.doseAndRate.rate[x]",0,1,"","ele-1:All FHIR elements must have a @value or children {hasValue() or (children().count() > id.count())}
",".rateQuantity","RXE22, RXE23, RXE-24"
"Dosage.maxDosePerPeriod","Dosage.maxDosePerPeriod","","","",0,1,"","","Y","Ratio {[]} {[]}
","Upper limit on medication per unit of time","Upper limit on medication per unit of time.","This is intended for use as an adjunct to the dosage when there is an upper cap.  For example ""2 tablets every 4 hours to a maximum of 8/day"".","The maximum total quantity of a therapeutic substance that may be administered to a subject over the period of time.  For example, 1000mg in 24 hours.","","","","","","","",,,,,"",,,,"Dosage.maxDosePerPeriod",0,1,"","ele-1:All FHIR elements must have a @value or children {hasValue() or (children().count() > id.count())}
",".maxDoseQuantity","RXO-23, RXE-19"
"Dosage.maxDosePerAdministration","Dosage.maxDosePerAdministration","","","",0,1,"","","Y","Quantity {[CanonicalType[http://hl7.org/fhir/StructureDefinition/SimpleQuantity|4.0.1]]} {[]}
","Upper limit on medication per administration","Upper limit on medication per administration.","This is intended for use as an adjunct to the dosage when there is an upper cap.  For example, a body surface area related dose with a maximum amount, such as 1.5 mg/m2 (maximum 2 mg) IV over 5 – 10 minutes would have doseQuantity of 1.5 mg/m2 and maxDosePerAdministration of 2 mg.","The maximum total quantity of a therapeutic substance that may be administered to a subject per administration.","","","","","","","",,,,,"",,,,"Dosage.maxDosePerAdministration",0,1,"","ele-1:All FHIR elements must have a @value or children {hasValue() or (children().count() > id.count())}
","not supported"
"Dosage.maxDosePerLifetime","Dosage.maxDosePerLifetime","","","",0,1,"","","Y","Quantity {[CanonicalType[http://hl7.org/fhir/StructureDefinition/SimpleQuantity|4.0.1]]} {[]}
","Upper limit on medication per lifetime of the patient","Upper limit on medication per lifetime of the patient.","","The maximum total quantity of a therapeutic substance that may be administered per lifetime of the subject.","","","","","","","",,,,,"",,,,"Dosage.maxDosePerLifetime",0,1,"","ele-1:All FHIR elements must have a @value or children {hasValue() or (children().count() > id.count())}
","not supported"
