"Id","Path","Slice Name","Alias(s)","Label","Min","Max","Must Support?","Is Modifier?","Is Summary?","Type(s)","Short","Definition","Comments","Requirements","Default Value","Meaning When Missing","Fixed Value","Pattern","Example","Minimum Value","Maximum Value","Maximum Length","Binding Strength","Binding Description","Binding Value Set","Code","Slicing Discriminator","Slicing Description","Slicing Ordered","Slicing Rules","Base Path","Base Min","Base Max","Condition(s)","Constraint(s)","Mapping: Workflow Pattern","Mapping: Mapping to NCPDP SCRIPT 10.6","Mapping: RIM Mapping","Mapping: FiveWs Pattern Mapping","Mapping: HL7 v2 Mapping"
"MedicationRequest","MedicationRequest","","Prescription
Order","",0,*,"","","","null {[]} {[]}
","Geplante Abgabe eines Arzneimittels aus dem Medikationsplan. Verwendet R5 Backport Extensions.","An order or request for both supply of the medication and the instructions for administration of the medication to a patient. The resource is called ""MedicationRequest"" rather than ""MedicationPrescription"" or ""MedicationOrder"" to generalize the use across inpatient and outpatient settings, including care plans, etc., and to harmonize with workflow patterns.","","","","","","","","","",,,,,"",,,,"MedicationRequest",0,*,"","dom-2:If the resource is contained in another resource, it SHALL NOT contain nested Resources {contained.contained.empty()}
dom-3:If the resource is contained in another resource, it SHALL be referred to from elsewhere in the resource or SHALL refer to the containing resource {contained.where((('#'+id in (%resource.descendants().reference | %resource.descendants().as(canonical) | %resource.descendants().as(uri) | %resource.descendants().as(url))) or descendants().where(reference = '#').exists() or descendants().where(as(canonical) = '#').exists() or descendants().where(as(canonical) = '#').exists()).not()).trace('unmatched', id).empty()}dom-4:If a resource is contained in another resource, it SHALL NOT have a meta.versionId or a meta.lastUpdated {contained.meta.versionId.empty() and contained.meta.lastUpdated.empty()}dom-5:If a resource is contained in another resource, it SHALL NOT have a security label {contained.meta.security.empty()}dom-6:A resource should have narrative for robust management {text.`div`.exists()}","Request","Message/Body/NewRx","Entity. Role, or Act","CombinedMedicationRequest"
"MedicationRequest.id","MedicationRequest.id","","","",0,1,"","","Y","id {[]} {[]}
","Logical id of this artifact","The logical id of the resource, as used in the URL for the resource. Once assigned, this value never changes.","The only time that a resource does not have an id is when it is being submitted to the server using a create operation.","","","","","","","","",,,,,"",,,,"Resource.id",0,1,"",""
"MedicationRequest.meta","MedicationRequest.meta","","","",0,1,"","","Y","Meta {[]} {[]}
","Metadata about the resource","The metadata about the resource. This is content that is maintained by the infrastructure. Changes to the content might not always be associated with version changes to the resource.","","","","","","","","","",,,,,"",,,,"Resource.meta",0,1,"","ele-1:All FHIR elements must have a @value or children {hasValue() or (children().count() > id.count())}
"
"MedicationRequest.implicitRules","MedicationRequest.implicitRules","","","",0,1,"","Y","Y","uri {[]} {[]}
","A set of rules under which this content was created","A reference to a set of rules that were followed when the resource was constructed, and which must be understood when processing the content. Often, this is a reference to an implementation guide that defines the special rules along with other profiles etc.","Asserting this rule set restricts the content to be only understood by a limited set of trading partners. This inherently limits the usefulness of the data in the long term. However, the existing health eco-system is highly fractured, and not yet ready to define, collect, and exchange data in a generally computable sense. Wherever possible, implementers and/or specification writers should avoid using this element. Often, when used, the URL is a reference to an implementation guide that defines these special rules as part of it's narrative along with other profiles, value sets, etc.","","","","","","","","",,,,,"",,,,"Resource.implicitRules",0,1,"","ele-1:All FHIR elements must have a @value or children {hasValue() or (children().count() > id.count())}
"
"MedicationRequest.language","MedicationRequest.language","","","",0,1,"","","","code {[]} {[]}
","Language of the resource content","The base language in which the resource is written.","Language is provided to support indexing and accessibility (typically, services such as text to speech use the language tag). The html language tag in the narrative applies  to the narrative. The language tag on the resource may be used to specify the language of other presentations generated from the data in the resource. Not all the content has to be in the base language. The Resource.language should not be assumed to apply to the narrative automatically. If a language is specified, it should it also be specified on the div element in the html (see rules in HTML5 for information about the relationship between xml:lang and the html lang attribute).","","","","","","","","",,"preferred","A human language.","http://hl7.org/fhir/ValueSet/languages|4.0.1","",,,,"Resource.language",0,1,"","ele-1:All FHIR elements must have a @value or children {hasValue() or (children().count() > id.count())}
"
"MedicationRequest.text","MedicationRequest.text","","narrative
htmlxhtmldisplay","",0,1,"","","","Narrative {[]} {[]}
","Text summary of the resource, for human interpretation","A human-readable narrative that contains a summary of the resource and can be used to represent the content of the resource to a human. The narrative need not encode all the structured data, but is required to contain sufficient detail to make it ""clinically safe"" for a human to just read the narrative. Resource definitions may define what content should be represented in the narrative to ensure clinical safety.","Contained resources do not have narrative. Resources that are not contained SHOULD have a narrative. In some cases, a resource may only have text with little or no additional discrete data (as long as all minOccurs=1 elements are satisfied).  This may be necessary for data from legacy systems where information is captured as a ""text blob"" or where text is additionally entered raw or narrated and encoded information is added later.","","","","","","","","",,,,,"",,,,"DomainResource.text",0,1,"","ele-1:All FHIR elements must have a @value or children {hasValue() or (children().count() > id.count())}
","Act.text?"
"MedicationRequest.contained","MedicationRequest.contained","","inline resources
anonymous resourcescontained resources","",0,*,"","","","Resource {[]} {[]}
","Contained, inline Resources","These resources do not have an independent existence apart from the resource that contains them - they cannot be identified independently, and nor can they have their own independent transaction scope.","This should never be done when the content can be identified properly, as once identification is lost, it is extremely difficult (and context dependent) to restore it again. Contained resources may have profiles and tags In their meta elements, but SHALL NOT have security labels.","","","","","","","","",,,,,"",,,,"DomainResource.contained",0,*,"","","N/A"
"MedicationRequest.extension","MedicationRequest.extension","","","",0,*,"","","","Extension {[]} {[]}
","Extension","An Extension","","","","","","","","","",,,,,"","value:url}
","",,"open","DomainResource.extension",0,*,"","ele-1:All FHIR elements must have a @value or children {hasValue() or (children().count() > id.count())}
ext-1:Must have either extensions or value[x], not both {extension.exists() != value.exists()}"
"MedicationRequest.extension:effectiveDosePeriod","MedicationRequest.extension","effectiveDosePeriod","","",0,1,"","","","Extension {[CanonicalType[http://hl7.org/fhir/5.0/StructureDefinition/extension-MedicationRequest.effectiveDosePeriod]]} {[]}
","Zeitraum, in dem die Medikation eingenommen werden soll.","Zeitraum, über den die Medikation eingenommen werden soll. Wenn mehrere dosageInstruction-Zeilen vorhanden sind (z. B. bei einer ausschleichenden Dosierung), entspricht dieser Zeitraum dem frühesten Startdatum und dem spätesten Enddatum der dosageInstructions.","Element `MedicationRequest.effectiveDosePeriod` has a context of MedicationRequest based on following the parent source element upwards and mapping to `MedicationRequest`.
Element `MedicationRequest.effectiveDosePeriod` has no mapping targets in FHIR R4. Typically, this is because the element has been added (is a new element).","","","","","","","","",,,,,"",,,,"DomainResource.extension",0,*,"ele-1
","ele-1:All FHIR elements must have a @value or children {hasValue() or (children().count() > id.count())}
ext-1:Must have either extensions or value[x], not both {extension.exists() != value.exists()}"
"MedicationRequest.extension:renderedDosageInstruction","MedicationRequest.extension","renderedDosageInstruction","","",0,1,"","","","Extension {[CanonicalType[http://hl7.org/fhir/5.0/StructureDefinition/extension-MedicationRequest.renderedDosageInstruction]]} {[]}
","Vollständige Darstellung der Dosierungsanweisungen","R5: `MedicationRequest.renderedDosageInstruction` (new:markdown)","Element `MedicationRequest.renderedDosageInstruction` has a context of MedicationRequest based on following the parent source element upwards and mapping to `MedicationRequest`.
Element `MedicationRequest.renderedDosageInstruction` has no mapping targets in FHIR R4. Typically, this is because the element has been added (is a new element).","","","","","","","","",,,,,"",,,,"DomainResource.extension",0,*,"ele-1
","ele-1:All FHIR elements must have a @value or children {hasValue() or (children().count() > id.count())}
ext-1:Must have either extensions or value[x], not both {extension.exists() != value.exists()}"
"MedicationRequest.modifierExtension","MedicationRequest.modifierExtension","","extensions
user content","",0,*,"","Y","","Extension {[]} {[]}
","Extensions that cannot be ignored","May be used to represent additional information that is not part of the basic definition of the resource and that modifies the understanding of the element that contains it and/or the understanding of the containing element's descendants. Usually modifier elements provide negation or qualification. To make the use of extensions safe and manageable, there is a strict set of governance applied to the definition and use of extensions. Though any implementer is allowed to define an extension, there is a set of requirements that SHALL be met as part of the definition of the extension. Applications processing a resource are required to check for modifier extensions.

Modifier extensions SHALL NOT change the meaning of any elements on Resource or DomainResource (including cannot change the meaning of modifierExtension itself).","There can be no stigma associated with the use of extensions by any application, project, or standard - regardless of the institution or jurisdiction that uses or defines the extensions.  The use of extensions is what allows the FHIR specification to retain a core level of simplicity for everyone.","Modifier extensions allow for extensions that *cannot* be safely ignored to be clearly distinguished from the vast majority of extensions which can be safely ignored.  This promotes interoperability by eliminating the need for implementers to prohibit the presence of extensions. For further information, see the [definition of modifier extensions](http://hl7.org/fhir/R4/extensibility.html#modifierExtension).","","","","","","","",,,,,"",,,,"DomainResource.modifierExtension",0,*,"","ele-1:All FHIR elements must have a @value or children {hasValue() or (children().count() > id.count())}
ext-1:Must have either extensions or value[x], not both {extension.exists() != value.exists()}","N/A"
"MedicationRequest.identifier","MedicationRequest.identifier","","","",0,0,"","","","Identifier {[]} {[]}
","Logischer Identifier. Keine Verwendung in der geplanten Abgabe.","Identifiers associated with this medication request that are defined by business processes and/or used to refer to it when a direct URL reference to the resource itself is not appropriate. They are business identifiers assigned to this resource by the performer or other systems and remain constant as the resource is updated and propagates from server to server.","This is a business identifier, not a resource identifier.","","","","","","","","",,,,,"",,,,"MedicationRequest.identifier",0,*,"","ele-1:All FHIR elements must have a @value or children {hasValue() or (children().count() > id.count())}
","Request.identifier","Message/Header/PrescriberOrderNumber",".id","FiveWs.identifier","ORC-2-Placer Order Number / ORC-3-Filler Order Number"
"MedicationRequest.status","MedicationRequest.status","","","",1,1,"Y","Y","Y","code {[]} {[]}
","Status der geplanten Abgabe. Mögliche Ausprägung: [active | completed | entered-in-error | stopped]. Bedeutung: active: offene, geplante Abgabe | completed: geplante Abgabe abgeschlossen | entered-in-error: nach fehlerhafter Eingabe; Storno nur möglich, wenn noch keine zugehörige Abgabe durchgeführt wurde | stopped: Verwendung zu prüfen (Status soll analog zu e-Rezept abgebildet werden)","A code specifying the current state of the order.  Generally, this will be active or completed state.","This element is labeled as a modifier because the status contains codes that mark the resource as not currently valid.","","","","","","","","",,"required","","https://fhir.hl7.at/elga/emed/r4/ValueSet/GeplanteAbgabeStatusVS","",,,,"MedicationRequest.status",1,1,"","ele-1:All FHIR elements must have a @value or children {hasValue() or (children().count() > id.count())}
","Request.status","no mapping",".statusCode","FiveWs.status"
"MedicationRequest.statusReason","MedicationRequest.statusReason","","","",0,0,"","","","CodeableConcept {[]} {[]}
","Grund des aktuellen Status: https://hl7.org/fhir/R4/valueset-medicationrequest-status-reason.html. Keine Verwendung in der geplanten Abgabe.","Captures the reason for the current state of the MedicationRequest.","This is generally only used for ""exception"" statuses such as ""suspended"" or ""cancelled"". The reason why the MedicationRequest was created at all is captured in reasonCode, not here.","","","","","","","","",,"example","Identifies the reasons for a given status.","http://hl7.org/fhir/ValueSet/medicationrequest-status-reason|4.0.1","",,,,"MedicationRequest.statusReason",0,1,"","ele-1:All FHIR elements must have a @value or children {hasValue() or (children().count() > id.count())}
","Request.statusReason",".inboundRelationship[typeCode=SUBJ].source[classCode=CACT, moodCode=EVN].reasonCOde"
"MedicationRequest.intent","MedicationRequest.intent","","","",1,1,"Y","Y","Y","code {[]} {[]}
","Die geplante Abgabe stellt einen Auftrag zur Durchführung und eine Autorisierung des Verfassers dar; daher ist intent immer ""order"".","Whether the request is a proposal, plan, or an original order.","It is expected that the type of requester will be restricted for different stages of a MedicationRequest.  For example, Proposals can be created by a patient, relatedPerson, Practitioner or Device.  Plans can be created by Practitioners, Patients, RelatedPersons and Devices.  Original orders can be created by a Practitioner only.An instance-order is an instantiation of a request or order and may be used to populate Medication Administration Record.This element is labeled as a modifier because the intent alters when and how the resource is actually applicable.","","","","","<valueCode xmlns=""http://hl7.org/fhir"" value=""order""/>","","","",,"required","The kind of medication order.","http://hl7.org/fhir/ValueSet/medicationrequest-intent|4.0.1","",,,,"MedicationRequest.intent",1,1,"","ele-1:All FHIR elements must have a @value or children {hasValue() or (children().count() > id.count())}
","Request.intent",".moodCode (nuances beyond PRP/PLAN/RQO would need to be elsewhere)","FiveWs.class"
"MedicationRequest.category","MedicationRequest.category","","","",2,*,"","","","CodeableConcept {[]} {[]}
","Type of medication usage","Indicates the type of medication request (for example, where the medication is expected to be consumed or administered (i.e. inpatient or outpatient)).","The category can be used to include where the medication is expected to be consumed or other types of requests.","","","","","","","","",,"example","A coded concept identifying the category of medication request.  For example, where the medication is to be consumed or administered, or the type of medication treatment.","http://hl7.org/fhir/ValueSet/medicationrequest-category|4.0.1","","value:coding.code}
","",,"open","MedicationRequest.category",0,*,"","ele-1:All FHIR elements must have a @value or children {hasValue() or (children().count() > id.count())}
","Message/Body/NewRx/MedicationPrescribed/Directionsor Message/Body/NewRx/MedicationPrescribed/StructuredSIG",".inboundRelationship[typeCode=COMP].source[classCode=OBS, moodCode=EVN, code=""type of medication usage""].value","FiveWs.class"
"MedicationRequest.category:mrcategory","MedicationRequest.category","mrcategory","","",1,1,"Y","","","CodeableConcept {[]} {[]}
","Kategorie zur Unterscheidung eines Medikationsplaneintrags von einer geplanten Abgabe (beide haben intent order)","Indicates the type of medication request (for example, where the medication is expected to be consumed or administered (i.e. inpatient or outpatient)).","The category can be used to include where the medication is expected to be consumed or other types of requests.","","","","","<valueCodeableConcept xmlns=""http://hl7.org/fhir"">
  <coding>
    <system value=""https://fhir.hl7.at/elga/emed/r4/CodeSystem/MedicationRequestCategoryCS""/>
    <code value=""2""/>
    <display value=""Geplante Abgabe""/>
  </coding>
</valueCodeableConcept>","","","",,"example","A coded concept identifying the category of medication request.  For example, where the medication is to be consumed or administered, or the type of medication treatment.","http://hl7.org/fhir/ValueSet/medicationrequest-category|4.0.1","",,,,"MedicationRequest.category",0,*,"","ele-1:All FHIR elements must have a @value or children {hasValue() or (children().count() > id.count())}
","Message/Body/NewRx/MedicationPrescribed/Directionsor Message/Body/NewRx/MedicationPrescribed/StructuredSIG",".inboundRelationship[typeCode=COMP].source[classCode=OBS, moodCode=EVN, code=""type of medication usage""].value","FiveWs.class"
"MedicationRequest.category:recipetype","MedicationRequest.category","recipetype","","",1,1,"Y","","","CodeableConcept {[]} {[]}
","Kategorie zur Unterscheidung, ob ein Kassen-, Privat- oder Substitutionsrezept erstellt wurde.","Indicates the type of medication request (for example, where the medication is expected to be consumed or administered (i.e. inpatient or outpatient)).","The category can be used to include where the medication is expected to be consumed or other types of requests.","","","","","","","","",,"required","","https://termgit.elga.gv.at/ValueSet/elga-medikationrezeptart","",,,,"MedicationRequest.category",0,*,"","ele-1:All FHIR elements must have a @value or children {hasValue() or (children().count() > id.count())}
","Message/Body/NewRx/MedicationPrescribed/Directionsor Message/Body/NewRx/MedicationPrescribed/StructuredSIG",".inboundRelationship[typeCode=COMP].source[classCode=OBS, moodCode=EVN, code=""type of medication usage""].value","FiveWs.class"
"MedicationRequest.priority","MedicationRequest.priority","","","",0,0,"","","Y","code {[]} {[]}
","Priorität der geplanten Abgabe. Keine Verwendung in der geplanten Abgabe.","Indicates how quickly the Medication Request should be addressed with respect to other requests.","","","","","","","","","",,"required","Identifies the level of importance to be assigned to actioning the request.","http://hl7.org/fhir/ValueSet/request-priority|4.0.1","",,,,"MedicationRequest.priority",0,1,"","ele-1:All FHIR elements must have a @value or children {hasValue() or (children().count() > id.count())}
","Request.priority",".priorityCode","FiveWs.grade"
"MedicationRequest.doNotPerform","MedicationRequest.doNotPerform","","","",0,0,"","Y","Y","boolean {[]} {[]}
","Gibt an, ob die geplante Abgabe untersagt ist. Keine Verwendung in der geplanten Abgabe.","If true indicates that the provider is asking for the medication request not to occur.","If do not perform is not specified, the request is a positive request e.g. ""do perform"".","","","","","","","","",,,,,"",,,,"MedicationRequest.doNotPerform",0,1,"","ele-1:All FHIR elements must have a @value or children {hasValue() or (children().count() > id.count())}
","SubstanceAdministration.actionNegationInd"
"MedicationRequest.reported[x]","MedicationRequest.reported[x]","","","",0,0,"","","Y","boolean {[]} {[]}
Reference {[]} {[CanonicalType[http://hl7.org/fhir/StructureDefinition/Patient|4.0.1], CanonicalType[http://hl7.org/fhir/StructureDefinition/Practitioner|4.0.1], CanonicalType[http://hl7.org/fhir/StructureDefinition/PractitionerRole|4.0.1], CanonicalType[http://hl7.org/fhir/StructureDefinition/RelatedPerson|4.0.1], CanonicalType[http://hl7.org/fhir/StructureDefinition/Organization|4.0.1]]}","Keine Verwendung in der geplanten Abgabe.","Indicates if this record was captured as a secondary 'reported' record rather than as an original primary source-of-truth record.  It may also indicate the source of the report.","","","","","","","","","",,,,,"",,,,"MedicationRequest.reported[x]",0,1,"","ele-1:All FHIR elements must have a @value or children {hasValue() or (children().count() > id.count())}
",".participation[typeCode=INF].role"
"MedicationRequest.medication[x]","MedicationRequest.medication[x]","","","",1,1,"Y","","Y","Reference {[]} {[CanonicalType[https://fhir.hl7.at/elga/emed/r4/StructureDefinition/at-elga-emed-medication-medikation]]} (contained
)
","Das Arzneimittel wird immer in einer contained Medication Ressource dokumentiert, damit 
Arzneimittel mit und ohne PZN einheitlich dokumentiert werden können.","Identifies the medication being requested. This is a link to a resource that represents the medication which may be the details of the medication or simply an attribute carrying a code that identifies the medication from a known list of medications.","If only a code is specified, then it needs to be a code for a specific product. If more information is required, then the use of the Medication resource is recommended.  For example, if you require form or lot number or if the medication is compounded or extemporaneously prepared, then you must reference the Medication resource.","","","","","","","","",,,,,"",,,,"MedicationRequest.medication[x]",1,1,"","ele-1:All FHIR elements must have a @value or children {hasValue() or (children().count() > id.count())}
","Request.code","Message/Body/NewRx/MedicationPrescribedMedication.code.coding.code = Message/Body/NewRx/MedicationPrescribed/DrugCoded/ProductCodeMedication.code.coding.system = Message/Body/NewRx/MedicationPrescribed/DrugCoded/ProductCodeQualifierMedication.code.coding.display = Message/Body/NewRx/MedicationPrescribed/DrugDescription","consumable.administrableMedication","FiveWs.what[x]","RXE-2-Give Code / RXO-1-Requested Give Code / RXC-2-Component Code"
"MedicationRequest.subject","MedicationRequest.subject","","","",1,1,"Y","","Y","Reference {[]} {[CanonicalType[http://hl7.at/fhir/HL7ATCoreProfiles/4.0.1/StructureDefinition/at-core-patient]]}
","Patient, für den die geplante Abgabe ausgestellt werden soll (über Zentralen Patientenindex identifiziert und Teilnehmer von ELGA e-Medikation).","A link to a resource representing the person or set of individuals to whom the medication will be given.","The subject on a medication request is mandatory.  For the secondary use case where the actual subject is not provided, there still must be an anonymized subject specified.","","","","","","","","",,,,,"",,,,"MedicationRequest.subject",1,1,"","ele-1:All FHIR elements must have a @value or children {hasValue() or (children().count() > id.count())}
","Request.subject","Message/Body/NewRx/Patient(need detail to link to specific patient … Patient.Identification in SCRIPT)",".participation[typeCode=AUT].role","FiveWs.subject[x]","FiveWs.subject","PID-3-Patient ID List"
"MedicationRequest.encounter","MedicationRequest.encounter","","","",0,0,"","","","Reference {[]} {[CanonicalType[http://hl7.org/fhir/StructureDefinition/Encounter|4.0.1]]}
","Aufenthalt/Begegnung, während dessen die geplante Abgabe erstellt wurde. Keine Verwendung in der geplanten Abgabe.","The Encounter during which this [x] was created or to which the creation of this record is tightly associated.","This will typically be the encounter the event occurred within, but some activities may be initiated prior to or after the official completion of an encounter but still be tied to the context of the encounter.""    If there is a need to link to episodes of care they will be handled with an extension.","","","","","","","","",,,,,"",,,,"MedicationRequest.encounter",0,1,"","ele-1:All FHIR elements must have a @value or children {hasValue() or (children().count() > id.count())}
","Request.context","no mapping",".inboundRelationship[typeCode=COMP].source[classCode=ENC, moodCode=EVN, code=""type of encounter or episode""]","FiveWs.context","PV1-19-Visit Number"
"MedicationRequest.supportingInformation","MedicationRequest.supportingInformation","","","",0,0,"","","","Reference {[]} {[CanonicalType[http://hl7.org/fhir/StructureDefinition/Resource|4.0.1]]}
","Referenz auf zusätzliche Informationen (Ressource Any)
(z. B. Größe und Gewicht des Patienten), die die Verschreibung des Medikaments unterstützen. 
Keine Verwendung in der geplanten Abgabe.","Include additional information (for example, patient height and weight) that supports the ordering of the medication.","","","","","","","","","",,,,,"",,,,"MedicationRequest.supportingInformation",0,*,"","ele-1:All FHIR elements must have a @value or children {hasValue() or (children().count() > id.count())}
","Request.supportingInfo",".outboundRelationship[typeCode=PERT].target[A_SupportingClinicalStatement CMET minimal with many different choices of classCodes(ORG, ENC, PROC, SPLY, SBADM, OBS) and each of the act class codes draws from one or more of the following moodCodes (EVN, DEF, INT PRMS, RQO, PRP, APT, ARQ, GOL)]","FiveWs.context"
"MedicationRequest.authoredOn","MedicationRequest.authoredOn","","","",1,1,"Y","","Y","dateTime {[]} {[]}
","Datum der Ausstellung der geplanten Abgabe.","The date (and perhaps time) when the prescription was initially written or authored on.","","","","","","","","","",,,,,"",,,,"MedicationRequest.authoredOn",0,1,"","ele-1:All FHIR elements must have a @value or children {hasValue() or (children().count() > id.count())}
","Request.authoredOn","Message/Body/NewRx/MedicationPrescribed/WrittenDate","author.time","FiveWs.recorded","RXE-32-Original Order Date/Time / ORC-9-Date/Time of Transaction"
"MedicationRequest.requester","MedicationRequest.requester","","","",1,1,"Y","","Y","Reference {[]} {[CanonicalType[http://hl7.at/fhir/HL7ATCoreProfiles/4.0.1/StructureDefinition/at-core-practitioner], CanonicalType[http://hl7.at/fhir/HL7ATCoreProfiles/4.0.1/StructureDefinition/at-core-practitionerRole], CanonicalType[http://hl7.at/fhir/HL7ATCoreProfiles/4.0.1/StructureDefinition/at-core-organization]]}
","Der Arzt oder die Ärztin, die die geplante Abgabe erstellt hat und für den Inhalt verantwortlich ist 
(eindeutig identifiziert über den GDA-Index und berechtigt auf die ELGA e-Medikation des Patienten zuzugreifen).","The individual, organization, or device that initiated the request and has responsibility for its activation.","","","","","","","","","",,,,,"",,,,"MedicationRequest.requester",0,1,"","ele-1:All FHIR elements must have a @value or children {hasValue() or (children().count() > id.count())}
","Request.requester",".participation[typeCode=AUT].role","FiveWs.author"
"MedicationRequest.performer","MedicationRequest.performer","","","",0,0,"","","","Reference {[]} {[CanonicalType[http://hl7.org/fhir/StructureDefinition/Practitioner|4.0.1], CanonicalType[http://hl7.org/fhir/StructureDefinition/PractitionerRole|4.0.1], CanonicalType[http://hl7.org/fhir/StructureDefinition/Organization|4.0.1], CanonicalType[http://hl7.org/fhir/StructureDefinition/Patient|4.0.1], CanonicalType[http://hl7.org/fhir/StructureDefinition/Device|4.0.1], CanonicalType[http://hl7.org/fhir/StructureDefinition/RelatedPerson|4.0.1], CanonicalType[http://hl7.org/fhir/StructureDefinition/CareTeam|4.0.1]]}
","Durchführende Person. Keine Verwendung in der geplanten Abgabe.","The specified desired performer of the medication treatment (e.g. the performer of the medication administration).","","","","","","","","","",,,,,"",,,,"MedicationRequest.performer",0,1,"","ele-1:All FHIR elements must have a @value or children {hasValue() or (children().count() > id.count())}
","Request.performer",".participation[typeCode=PRF].role[scoper.determinerCode=INSTANCE]","FiveWs.actor"
"MedicationRequest.performerType","MedicationRequest.performerType","","","",0,0,"","","Y","CodeableConcept {[]} {[]}
","Keine Verwendung in der geplanten Abgabe.","Indicates the type of performer of the administration of the medication.","If specified without indicating a performer, this indicates that the performer must be of the specified type. If specified with a performer then it indicates the requirements of the performer if the designated performer is not available.","","","","","","","","",,"example","Identifies the type of individual that is desired to administer the medication.","http://hl7.org/fhir/ValueSet/performer-role|4.0.1","",,,,"MedicationRequest.performerType",0,1,"","ele-1:All FHIR elements must have a @value or children {hasValue() or (children().count() > id.count())}
","Request.performerType",".participation[typeCode=PRF].role[scoper.determinerCode=KIND].code"
"MedicationRequest.recorder","MedicationRequest.recorder","","","",0,0,"","","","Reference {[]} {[CanonicalType[http://hl7.org/fhir/StructureDefinition/Practitioner|4.0.1], CanonicalType[http://hl7.org/fhir/StructureDefinition/PractitionerRole|4.0.1]]}
","Person der Dateineingabe. Keine Verwendung in der geplanten Abgabe.","The person who entered the order on behalf of another individual for example in the case of a verbal or a telephone order.","","","","","","","","","",,,,,"",,,,"MedicationRequest.recorder",0,1,"","ele-1:All FHIR elements must have a @value or children {hasValue() or (children().count() > id.count())}
",".participation[typeCode=TRANS].role[classCode=ASSIGNED].code (HealthcareProviderType)","FiveWs.who"
"MedicationRequest.reasonCode","MedicationRequest.reasonCode","","","",0,0,"","","","CodeableConcept {[]} {[]}
","Grund für die Verordnung des Arzneimittels als Code oder Referenz. Bis zur Verfügbarkeit von e-Diagnose keine Verwendung in geplanter Abgabe.","The reason or the indication for ordering or not ordering the medication.","This could be a diagnosis code. If a full condition record exists or additional detail is needed, use reasonReference.","","","","","","","","",,"example","A coded concept indicating why the medication was ordered.","http://hl7.org/fhir/ValueSet/condition-code|4.0.1","",,,,"MedicationRequest.reasonCode",0,*,"","ele-1:All FHIR elements must have a @value or children {hasValue() or (children().count() > id.count())}
","Request.reasonCode","Message/Body/NewRx/MedicationPrescribed/Diagnosis/Primary/Value","reason.observation.reasonCode","FiveWs.why[x]","ORC-16-Order Control Code Reason /RXE-27-Give Indication/RXO-20-Indication / RXD-21-Indication / RXG-22-Indication / RXA-19-Indication"
"MedicationRequest.reasonReference","MedicationRequest.reasonReference","","","",0,*,"","","","Reference {[]} {[CanonicalType[http://hl7.org/fhir/StructureDefinition/Condition|4.0.1], CanonicalType[http://hl7.org/fhir/StructureDefinition/Observation|4.0.1]]}
","Condition or observation that supports why the prescription is being written","Condition or observation that supports why the medication was ordered.","This is a reference to a condition or observation that is the reason for the medication order.  If only a code exists, use reasonCode.","","","","","","","","",,,,,"",,,,"MedicationRequest.reasonReference",0,*,"","ele-1:All FHIR elements must have a @value or children {hasValue() or (children().count() > id.count())}
","Request.reasonReference","no mapping","reason.observation[code=ASSERTION].value","FiveWs.why[x]"
"MedicationRequest.instantiatesCanonical","MedicationRequest.instantiatesCanonical","","","",0,0,"","","Y","canonical {[]} {[]}
","URL, die auf eine Richtlinie/Guideline verweist, die von dieser 
geplanten Abgabe ganz oder teilweise eingehalten wird. Keine Verwendung in der geplanten Abgabe.","The URL pointing to a protocol, guideline, orderset, or other definition that is adhered to in whole or in part by this MedicationRequest.","","","","","","","","","",,,,,"",,,,"MedicationRequest.instantiatesCanonical",0,*,"","ele-1:All FHIR elements must have a @value or children {hasValue() or (children().count() > id.count())}
","Request.instantiates",".outboundRelationship[typeCode=DEFN].target"
"MedicationRequest.instantiatesUri","MedicationRequest.instantiatesUri","","","",0,0,"","","Y","uri {[]} {[]}
","URL, die auf eine externe gepflegte Richtlinie/Guideline verweist, die von dieser 
geplanten Abgabe ganz oder teilweise eingehalten wird. Keine Verwendung in der geplanten Abgabe.","The URL pointing to an externally maintained protocol, guideline, orderset or other definition that is adhered to in whole or in part by this MedicationRequest.","","","","","","","","","",,,,,"",,,,"MedicationRequest.instantiatesUri",0,*,"","ele-1:All FHIR elements must have a @value or children {hasValue() or (children().count() > id.count())}
",".outboundRelationship[typeCode=DEFN].target"
"MedicationRequest.basedOn","MedicationRequest.basedOn","","","",1,1,"Y","","Y","Reference {[]} {[CanonicalType[https://fhir.hl7.at/elga/emed/r4/StructureDefinition/at-elga-emed-medicationrequest-planeintrag]]}
","Referenz auf die (aktuelle) Version des zugrundeliegenden Medikationsplaneintrags, auf dem diese geplante Abgabe basiert.","A plan or request that is fulfilled in whole or in part by this medication request.","","","","","","","","","",,,,,"",,,,"MedicationRequest.basedOn",0,*,"","ele-1:All FHIR elements must have a @value or children {hasValue() or (children().count() > id.count())}
","Request.basedOn",".outboundRelationship[typeCode=FLFS].target[classCode=SBADM or PROC or PCPR or OBS, moodCode=RQO orPLAN or PRP]"
"MedicationRequest.groupIdentifier","MedicationRequest.groupIdentifier","","","",1,1,"Y","","Y","Identifier {[]} {[]}
","Als groupIdentifier dient die eMED-ID, die auch im e-Rezept mitgeführt wird. 
Werden von einem:r Arzt:Ärtztin mehrere Arzneimittel gleichzeitig verordnet, wird für jedes Arzneimittel eine 
geplante Abgabe mit demselben groupIdentifier erstellt (bildet 'Rezept-Klammer').","A shared identifier common to all requests that were authorized more or less simultaneously by a single author, representing the identifier of the requisition or prescription.","","Requests are linked either by a ""basedOn"" relationship (i.e. one request is fulfilling another) or by having a common requisition. Requests that are part of the same requisition are generally treated independently from the perspective of changing their state or maintaining them after initial creation.","","","","","","","",,,,,"",,,,"MedicationRequest.groupIdentifier",0,1,"","ele-1:All FHIR elements must have a @value or children {hasValue() or (children().count() > id.count())}
","Request.groupIdentifier",".outboundRelationship(typeCode=COMP].target[classCode=SBADM, moodCode=INT].id"
"MedicationRequest.courseOfTherapyType","MedicationRequest.courseOfTherapyType","","","",0,0,"","","","CodeableConcept {[]} {[]}
","Gesamtmuster der Medikamentengabe (z.B. saisonal). Keine Verwendung in der geplanten Abgabe.","The description of the overall patte3rn of the administration of the medication to the patient.","This attribute should not be confused with the protocol of the medication.","","","","","","","","",,"example","Identifies the overall pattern of medication administratio.","http://hl7.org/fhir/ValueSet/medicationrequest-course-of-therapy|4.0.1","",,,,"MedicationRequest.courseOfTherapyType",0,1,"","ele-1:All FHIR elements must have a @value or children {hasValue() or (children().count() > id.count())}
","Act.code where classCode = LIST and moodCode = EVN"
"MedicationRequest.insurance","MedicationRequest.insurance","","","",0,0,"","","","Reference {[]} {[CanonicalType[http://hl7.org/fhir/StructureDefinition/Coverage|4.0.1], CanonicalType[http://hl7.org/fhir/StructureDefinition/ClaimResponse|4.0.1]]}
","Versicherungsinformatinen als Coverage oder ClaimResponse Resource. Keine Verwendung in der geplanten Abgabe.","Insurance plans, coverage extensions, pre-authorizations and/or pre-determinations that may be required for delivering the requested service.","","","","","","","","","",,,,,"",,,,"MedicationRequest.insurance",0,*,"","ele-1:All FHIR elements must have a @value or children {hasValue() or (children().count() > id.count())}
","Request.insurance",".outboundRelationship[typeCode=COVBY].target"
"MedicationRequest.note","MedicationRequest.note","","","",0,*,"Y","","","Annotation {[]} {[]}
","Zusätzliche Informationen zur geplanten Abgabe (Kommunikation zwischen Arzt und Apotheke, die nicht die Dosierung betreffen).","Extra information about the prescription that could not be conveyed by the other attributes.","","","","","","","","","",,,,,"",,,,"MedicationRequest.note",0,*,"","ele-1:All FHIR elements must have a @value or children {hasValue() or (children().count() > id.count())}
","Request.note","Message/Body/NewRx/MedicationPrescribed/Note",".inboundRelationship[typeCode=SUBJ]/source[classCode=OBS,moodCode=EVN,code=""annotation""].value"
"MedicationRequest.dosageInstruction","MedicationRequest.dosageInstruction","","","",0,1,"","","","Dosage {[CanonicalType[https://fhir.hl7.at/elga/emed/r4/StructureDefinition/at-elga-emed-dosage-dosierung]]} {[]}
","Angabe der Dosierinformationen.","Indicates how the medication is to be used by the patient.","There are examples where a medication request may include the option of an oral dose or an Intravenous or Intramuscular dose.  For example, ""Ondansetron 8mg orally or IV twice a day as needed for nausea"" or ""Compazine® (prochlorperazine) 5-10mg PO or 25mg PR bid prn nausea or vomiting"".  In these cases, two medication requests would be created that could be grouped together.  The decision on which dose and route of administration to use is based on the patient's condition at the time the dose is needed.","","","","","","","","",,,,,"",,,,"MedicationRequest.dosageInstruction",0,*,"","ele-1:All FHIR elements must have a @value or children {hasValue() or (children().count() > id.count())}
","Request.occurrence[x]","see dosageInstruction mapping"
"MedicationRequest.dispenseRequest","MedicationRequest.dispenseRequest","","","",1,1,"Y","","","BackboneElement {[]} {[]}
","Details zur geplanten Abgabe des Arzneimittels.","Indicates the specific details for the dispense or medication supply part of a medication request (also known as a Medication Prescription or Medication Order).  Note that this information is not always sent with the order.  There may be in some settings (e.g. hospitals) institutional or system support for completing the dispense details in the pharmacy department.","","","","","","","","","",,,,,"",,,,"MedicationRequest.dispenseRequest",0,1,"","ele-1:All FHIR elements must have a @value or children {hasValue() or (children().count() > id.count())}
","Message/Body/NewRx/MedicationPrescribed/ExpirationDate","component.supplyEvent"
"MedicationRequest.dispenseRequest.id","MedicationRequest.dispenseRequest.id","","","",0,1,"","","","string {[]} {[]}
","Unique id for inter-element referencing","Unique id for the element within a resource (for internal references). This may be any string value that does not contain spaces.","","","","","","","","","",,,,,"",,,,"Element.id",0,1,"","","n/a"
"MedicationRequest.dispenseRequest.extension","MedicationRequest.dispenseRequest.extension","","extensions
user content","",0,*,"","","","Extension {[]} {[]}
","Additional content defined by implementations","May be used to represent additional information that is not part of the basic definition of the element. To make the use of extensions safe and manageable, there is a strict set of governance  applied to the definition and use of extensions. Though any implementer can define an extension, there is a set of requirements that SHALL be met as part of the definition of the extension.","There can be no stigma associated with the use of extensions by any application, project, or standard - regardless of the institution or jurisdiction that uses or defines the extensions.  The use of extensions is what allows the FHIR specification to retain a core level of simplicity for everyone.","","","","","","","","",,,,,"",,,,"Element.extension",0,*,"","ele-1:All FHIR elements must have a @value or children {hasValue() or (children().count() > id.count())}
ext-1:Must have either extensions or value[x], not both {extension.exists() != value.exists()}","n/a"
"MedicationRequest.dispenseRequest.modifierExtension","MedicationRequest.dispenseRequest.modifierExtension","","extensions
user contentmodifiers","",0,*,"","Y","Y","Extension {[]} {[]}
","Extensions that cannot be ignored even if unrecognized","May be used to represent additional information that is not part of the basic definition of the element and that modifies the understanding of the element in which it is contained and/or the understanding of the containing element's descendants. Usually modifier elements provide negation or qualification. To make the use of extensions safe and manageable, there is a strict set of governance applied to the definition and use of extensions. Though any implementer can define an extension, there is a set of requirements that SHALL be met as part of the definition of the extension. Applications processing a resource are required to check for modifier extensions.

Modifier extensions SHALL NOT change the meaning of any elements on Resource or DomainResource (including cannot change the meaning of modifierExtension itself).","There can be no stigma associated with the use of extensions by any application, project, or standard - regardless of the institution or jurisdiction that uses or defines the extensions.  The use of extensions is what allows the FHIR specification to retain a core level of simplicity for everyone.","Modifier extensions allow for extensions that *cannot* be safely ignored to be clearly distinguished from the vast majority of extensions which can be safely ignored.  This promotes interoperability by eliminating the need for implementers to prohibit the presence of extensions. For further information, see the [definition of modifier extensions](http://hl7.org/fhir/R4/extensibility.html#modifierExtension).","","","","","","","",,,,,"",,,,"BackboneElement.modifierExtension",0,*,"","ele-1:All FHIR elements must have a @value or children {hasValue() or (children().count() > id.count())}
ext-1:Must have either extensions or value[x], not both {extension.exists() != value.exists()}","N/A"
"MedicationRequest.dispenseRequest.initialFill","MedicationRequest.dispenseRequest.initialFill","","","",0,0,"","","","BackboneElement {[]} {[]}
","First fill details","Indicates the quantity or duration for the first dispense of the medication.","If populating this element, either the quantity or the duration must be included.","","","","","","","","",,,,,"",,,,"MedicationRequest.dispenseRequest.initialFill",0,1,"","ele-1:All FHIR elements must have a @value or children {hasValue() or (children().count() > id.count())}
","SubstanceAdministration -> ActRelationship[sequenceNumber = '1'] -> Supply"
"MedicationRequest.dispenseRequest.initialFill.id","MedicationRequest.dispenseRequest.initialFill.id","","","",0,1,"","","","string {[]} {[]}
","Unique id for inter-element referencing","Unique id for the element within a resource (for internal references). This may be any string value that does not contain spaces.","","","","","","","","","",,,,,"",,,,"Element.id",0,1,"","","n/a"
"MedicationRequest.dispenseRequest.initialFill.extension","MedicationRequest.dispenseRequest.initialFill.extension","","extensions
user content","",0,*,"","","","Extension {[]} {[]}
","Additional content defined by implementations","May be used to represent additional information that is not part of the basic definition of the element. To make the use of extensions safe and manageable, there is a strict set of governance  applied to the definition and use of extensions. Though any implementer can define an extension, there is a set of requirements that SHALL be met as part of the definition of the extension.","There can be no stigma associated with the use of extensions by any application, project, or standard - regardless of the institution or jurisdiction that uses or defines the extensions.  The use of extensions is what allows the FHIR specification to retain a core level of simplicity for everyone.","","","","","","","","",,,,,"",,,,"Element.extension",0,*,"","ele-1:All FHIR elements must have a @value or children {hasValue() or (children().count() > id.count())}
ext-1:Must have either extensions or value[x], not both {extension.exists() != value.exists()}","n/a"
"MedicationRequest.dispenseRequest.initialFill.modifierExtension","MedicationRequest.dispenseRequest.initialFill.modifierExtension","","extensions
user contentmodifiers","",0,*,"","Y","Y","Extension {[]} {[]}
","Extensions that cannot be ignored even if unrecognized","May be used to represent additional information that is not part of the basic definition of the element and that modifies the understanding of the element in which it is contained and/or the understanding of the containing element's descendants. Usually modifier elements provide negation or qualification. To make the use of extensions safe and manageable, there is a strict set of governance applied to the definition and use of extensions. Though any implementer can define an extension, there is a set of requirements that SHALL be met as part of the definition of the extension. Applications processing a resource are required to check for modifier extensions.

Modifier extensions SHALL NOT change the meaning of any elements on Resource or DomainResource (including cannot change the meaning of modifierExtension itself).","There can be no stigma associated with the use of extensions by any application, project, or standard - regardless of the institution or jurisdiction that uses or defines the extensions.  The use of extensions is what allows the FHIR specification to retain a core level of simplicity for everyone.","Modifier extensions allow for extensions that *cannot* be safely ignored to be clearly distinguished from the vast majority of extensions which can be safely ignored.  This promotes interoperability by eliminating the need for implementers to prohibit the presence of extensions. For further information, see the [definition of modifier extensions](http://hl7.org/fhir/R4/extensibility.html#modifierExtension).","","","","","","","",,,,,"",,,,"BackboneElement.modifierExtension",0,*,"","ele-1:All FHIR elements must have a @value or children {hasValue() or (children().count() > id.count())}
ext-1:Must have either extensions or value[x], not both {extension.exists() != value.exists()}","N/A"
"MedicationRequest.dispenseRequest.initialFill.quantity","MedicationRequest.dispenseRequest.initialFill.quantity","","","",0,1,"","","","Quantity {[CanonicalType[http://hl7.org/fhir/StructureDefinition/SimpleQuantity|4.0.1]]} {[]}
","Anzahl der Einheiten für die erste Abgabe, z.B. 30 Kapseln oder 100 mg. Keine Verwendung in der geplanten Abgabe.","The amount or quantity to provide as part of the first dispense.","","","","","","","","","",,,,,"",,,,"MedicationRequest.dispenseRequest.initialFill.quantity",0,1,"","ele-1:All FHIR elements must have a @value or children {hasValue() or (children().count() > id.count())}
","Supply.quantity[moodCode=RQO]"
"MedicationRequest.dispenseRequest.initialFill.duration","MedicationRequest.dispenseRequest.initialFill.duration","","","",0,1,"","","","Duration {[]} {[]}
","First fill duration","The length of time that the first dispense is expected to last.","","","","","","","","","",,,,,"",,,,"MedicationRequest.dispenseRequest.initialFill.duration",0,1,"","ele-1:All FHIR elements must have a @value or children {hasValue() or (children().count() > id.count())}
","Supply.effectivetime[moodCode=RQO]"
"MedicationRequest.dispenseRequest.dispenseInterval","MedicationRequest.dispenseRequest.dispenseInterval","","","",0,0,"","","","Duration {[]} {[]}
","Mindestzeitraum zwischen den Abgaben. Keine Verwendung in der geplanten Abgabe.","The minimum period of time that must occur between dispenses of the medication.","","","","","","","","","",,,,,"",,,,"MedicationRequest.dispenseRequest.dispenseInterval",0,1,"","ele-1:All FHIR elements must have a @value or children {hasValue() or (children().count() > id.count())}
","Supply.effectivetime[moodCode=RQO]"
"MedicationRequest.dispenseRequest.validityPeriod","MedicationRequest.dispenseRequest.validityPeriod","","","",1,1,"Y","","","Period {[]} {[]}
","Gültigkeitszeitraum einer geplante Abgabe (abhängig von Rezeptart): Kassenrezept: ab Erstelldatum 1 Monat, bei Teilabgabe verlängert sich Gültigkeitsdauer auf 3 Monate („Besorger“-Prozess). Privatrezept: ab Erstelldatum max. 365 Tage, die Gültigkeitsdauer kann vom Arzt definiert werden. Substitutionsrezept: Max. Gültigkeitsdauer 12 Monate.","Zeitraum in dem die geplante Abgabe eingelöst werden kann.
Der Gültigkeitszeitraum ist abhängig von der **Rezeptart**: 
* **Kassenrezept**: ab Erstelldatum einen Monat gültig (vom Ausstellungszeitpunkt bis zum gleichen Tag des Folgemonats 23:59 Uhr); validityPeriod.start kein Datum in der Zukunft; bei einer Teilabgabe verlängert sich die gesamte Gültigkeitsdauer auf 3 Monate („Besorger“-Prozess).
* **Privatrezept**: ab Erstelldatum maximal 365 Tage gültig, wenn die erste Einlösung innerhalb von 1 Monat ab Erstelldatum erfolgt (sonst Status abgelaufen). validityPeriod.start kein Datum in der Zukunft; Die Gültigkeitsdauer (validityPeriod.end) kann vom Arzt definiert werden.
* **Substitutionsrezept**: Maximale Gültigkeitsdauer 12 Monate. Das validityPeriod.start darf maximal einen Monat in der Zukunft liegen, gültig bis das validityPeriod.end erreicht ist.","It reflects the prescribers' perspective for the validity of the prescription. Dispenses must not be made against the prescription outside of this period. The lower-bound of the Dispensing Window signifies the earliest date that the prescription can be filled for the first time. If an upper-bound is not specified then the Prescription is open-ended or will default to a stale-date based on regulations.","Indicates when the Prescription becomes valid, and when it ceases to be a dispensable Prescription.","","","","","","","",,,,,"",,,,"MedicationRequest.dispenseRequest.validityPeriod",0,1,"","ele-1:All FHIR elements must have a @value or children {hasValue() or (children().count() > id.count())}
","Message/Body/NewRx/MedicationPrescribed/Refills","effectiveTime"
"MedicationRequest.dispenseRequest.numberOfRepeatsAllowed","MedicationRequest.dispenseRequest.numberOfRepeatsAllowed","","","",1,1,"Y","","","unsignedInt {[]} {[]}
","Die Anzahl der weiteren möglichen Einlösungen (abhängig von Rezeptart): Kassenrezept: keine weitere Einlösung möglich (fixer Wert 0). Privatrezept: bis zu 6 Einlösungen, Anzahl der möglichen Einlösungen kann vom Arzt definiert werden. Sustitutionsrezept: keine weitere Einlösung möglich (fixer Wert 0)","Anzahl der weiteren möglichen Einlösungen:
* **Kassenrezept**: keine weitere Einlösung möglich (fixer Wert 0)
* **Privatrezept**: bis zu 6 Einlösungen, Anzahl der möglichen Einlösungen kann vom Arzt definiert werden
* **Sustitutionsrezept**: keine weitere Einlösung möglich (fixer Wert 0) ","If displaying ""number of authorized fills"", add 1 to this number.","","","","","","","","",,,,,"",,,,"MedicationRequest.dispenseRequest.numberOfRepeatsAllowed",0,1,"","ele-1:All FHIR elements must have a @value or children {hasValue() or (children().count() > id.count())}
","Message/Body/NewRx/MedicationPrescribed/Quantity","repeatNumber","RXE-12-Number of Refills"
"MedicationRequest.dispenseRequest.quantity","MedicationRequest.dispenseRequest.quantity","","","",1,1,"Y","","","Quantity {[CanonicalType[http://hl7.org/fhir/StructureDefinition/SimpleQuantity|4.0.1]]} {[]}
","Menge des Medikaments, die bei jeder Abgabe bereitgestellt werden soll.
Da sich die Angaben zum Arzneimittel jeweils auf eine Packung der Arznei beziehen, MUSS die Anzahl der auszugebenden Packungen angegeben werden (mindestens 1). 
Dies gilt für Arzneimittel mit PZN und magistralen Zubereitungen.","The amount that is to be dispensed for one fill.","","","","","","","","","",,,,,"",,,,"MedicationRequest.dispenseRequest.quantity",0,1,"","ele-1:All FHIR elements must have a @value or children {hasValue() or (children().count() > id.count())}
","Message/Body/NewRx/MedicationPrescribed/DaysSupply","quantity","RXD-4-Actual Dispense Amount / RXD-5.1-Actual Dispense Units.code / RXD-5.3-Actual Dispense Units.name of coding system"
"MedicationRequest.dispenseRequest.expectedSupplyDuration","MedicationRequest.dispenseRequest.expectedSupplyDuration","","","",0,0,"","","","Duration {[]} {[]}
","Number of days supply per dispense","Identifies the period time over which the supplied product is expected to be used, or the length of time the dispense is expected to last.","In some situations, this attribute may be used instead of quantity to identify the amount supplied by how long it is expected to last, rather than the physical quantity issued, e.g. 90 days supply of medication (based on an ordered dosage). When possible, it is always better to specify quantity, as this tends to be more precise. expectedSupplyDuration will always be an estimate that can be influenced by external factors.","","","","","","","","",,,,,"",,,,"MedicationRequest.dispenseRequest.expectedSupplyDuration",0,1,"","ele-1:All FHIR elements must have a @value or children {hasValue() or (children().count() > id.count())}
","Message/Body/NewRx/MedicationPrescribed/Substitutions","expectedUseTime"
"MedicationRequest.dispenseRequest.expectedSupplyDuration.id","MedicationRequest.dispenseRequest.expectedSupplyDuration.id","","","",0,1,"","","","string {[]} {[]}
","Unique id for inter-element referencing","Unique id for the element within a resource (for internal references). This may be any string value that does not contain spaces.","","","","","","","","","",,,,,"",,,,"Element.id",0,1,"","","n/a"
"MedicationRequest.dispenseRequest.expectedSupplyDuration.extension","MedicationRequest.dispenseRequest.expectedSupplyDuration.extension","","extensions
user content","",0,*,"","","","Extension {[]} {[]}
","Additional content defined by implementations","May be used to represent additional information that is not part of the basic definition of the element. To make the use of extensions safe and manageable, there is a strict set of governance  applied to the definition and use of extensions. Though any implementer can define an extension, there is a set of requirements that SHALL be met as part of the definition of the extension.","There can be no stigma associated with the use of extensions by any application, project, or standard - regardless of the institution or jurisdiction that uses or defines the extensions.  The use of extensions is what allows the FHIR specification to retain a core level of simplicity for everyone.","","","","","","","","",,,,,"","value:url}
","Extensions are always sliced by (at least) url",,"open","Element.extension",0,*,"","ele-1:All FHIR elements must have a @value or children {hasValue() or (children().count() > id.count())}
ext-1:Must have either extensions or value[x], not both {extension.exists() != value.exists()}","n/a"
"MedicationRequest.dispenseRequest.expectedSupplyDuration.value","MedicationRequest.dispenseRequest.expectedSupplyDuration.value","","","",0,1,"","","Y","decimal {[]} {[]}
","Dauer, für die die bereitgestellte Menge des Medikaments voraussichtlich ausreicht. Keine Verwendung in der geplanten Abgabe.","The value of the measured amount. The value includes an implicit precision in the presentation of the value.","The implicit precision in the value should always be honored. Monetary values have their own rules for handling precision (refer to standard accounting text books).","Precision is handled implicitly in almost all cases of measurement.","","","","","","","",,,,,"",,,,"Quantity.value",0,1,"","ele-1:All FHIR elements must have a @value or children {hasValue() or (children().count() > id.count())}
","PQ.value, CO.value, MO.value, IVL.high or IVL.low depending on the value","SN.2  / CQ - N/A"
"MedicationRequest.dispenseRequest.expectedSupplyDuration.comparator","MedicationRequest.dispenseRequest.expectedSupplyDuration.comparator","","","",0,1,"","Y","Y","code {[]} {[]}
","< | <= | >= | > - how to understand the value","How the value should be understood and represented - whether the actual value is greater or less than the stated value due to measurement issues; e.g. if the comparator is ""<"" , then the real value is < stated value.","","Need a framework for handling measures where the value is <5ug/L or >400mg/L due to the limitations of measuring methodology.","","If there is no comparator, then there is no modification of the value","","","","","",,"required","How the Quantity should be understood and represented.","http://hl7.org/fhir/ValueSet/quantity-comparator|4.0.1","",,,,"Quantity.comparator",0,1,"","ele-1:All FHIR elements must have a @value or children {hasValue() or (children().count() > id.count())}
","IVL properties","SN.1  / CQ.1"
"MedicationRequest.dispenseRequest.expectedSupplyDuration.unit","MedicationRequest.dispenseRequest.expectedSupplyDuration.unit","","","",0,1,"","","Y","string {[]} {[]}
","Unit representation","A human-readable form of the unit.","","There are many representations for units of measure and in many contexts, particular representations are fixed and required. I.e. mcg for micrograms.","","","","","","","",,,,,"",,,,"Quantity.unit",0,1,"","ele-1:All FHIR elements must have a @value or children {hasValue() or (children().count() > id.count())}
","PQ.unit","(see OBX.6 etc.) / CQ.2"
"MedicationRequest.dispenseRequest.expectedSupplyDuration.system","MedicationRequest.dispenseRequest.expectedSupplyDuration.system","","","",0,1,"","","Y","uri {[]} {[]}
","System that defines coded unit form","The identification of the system that provides the coded form of the unit.","","Need to know the system that defines the coded form of the unit.","","","","","","","",,,,,"",,,,"Quantity.system",0,1,"qty-3
","ele-1:All FHIR elements must have a @value or children {hasValue() or (children().count() > id.count())}
","CO.codeSystem, PQ.translation.codeSystem","(see OBX.6 etc.) / CQ.2"
"MedicationRequest.dispenseRequest.expectedSupplyDuration.code","MedicationRequest.dispenseRequest.expectedSupplyDuration.code","","","",0,1,"","","Y","code {[]} {[]}
","Coded form of the unit","A computer processable form of the unit in some unit representation system.","The preferred system is UCUM, but SNOMED CT can also be used (for customary units) or ISO 4217 for currency.  The context of use may additionally require a code from a particular system.","Need a computable form of the unit that is fixed across all forms. UCUM provides this for quantities, but SNOMED CT provides many units of interest.","","","","","","","",,,,,"",,,,"Quantity.code",0,1,"","ele-1:All FHIR elements must have a @value or children {hasValue() or (children().count() > id.count())}
","PQ.code, MO.currency, PQ.translation.code","(see OBX.6 etc.) / CQ.2"
"MedicationRequest.dispenseRequest.performer","MedicationRequest.dispenseRequest.performer","","","",0,0,"","","","Reference {[]} {[CanonicalType[http://hl7.org/fhir/StructureDefinition/Organization|4.0.1]]}
","Apotheke oder andere Einrichtung, die die geplante Abgabe einlösen soll. Keine Verwendung in der geplanten Abgabe.","Indicates the intended dispensing Organization specified by the prescriber.","","","","","","","","","",,,,,"",,,,"MedicationRequest.dispenseRequest.performer",0,1,"","ele-1:All FHIR elements must have a @value or children {hasValue() or (children().count() > id.count())}
",".outboundRelationship[typeCode=COMP].target[classCode=SPLY, moodCode=RQO] .participation[typeCode=PRF].role[scoper.determinerCode=INSTANCE]","FiveWs.who"
"MedicationRequest.substitution","MedicationRequest.substitution","","","",0,0,"","","","BackboneElement {[]} {[]}
","Gibt an, ob das Arzneimittel substituiert werden darf (Absicht des Arztes, der die geplante Abgabe erstellt). Keine Verwendung in der geplanten Abgabe.","Indicates whether or not substitution can or should be part of the dispense. In some cases, substitution must happen, in other cases substitution must not happen. This block explains the prescriber's intent. If nothing is specified substitution may be done.","","","","","","","","","",,,,,"",,,,"MedicationRequest.substitution",0,1,"","ele-1:All FHIR elements must have a @value or children {hasValue() or (children().count() > id.count())}
","specific values within Message/Body/NewRx/MedicationPrescribed/Substitutions","subjectOf.substitutionPersmission"
"MedicationRequest.substitution.id","MedicationRequest.substitution.id","","","",0,1,"","","","string {[]} {[]}
","Unique id for inter-element referencing","Unique id for the element within a resource (for internal references). This may be any string value that does not contain spaces.","","","","","","","","","",,,,,"",,,,"Element.id",0,1,"","","n/a"
"MedicationRequest.substitution.extension","MedicationRequest.substitution.extension","","extensions
user content","",0,*,"","","","Extension {[]} {[]}
","Additional content defined by implementations","May be used to represent additional information that is not part of the basic definition of the element. To make the use of extensions safe and manageable, there is a strict set of governance  applied to the definition and use of extensions. Though any implementer can define an extension, there is a set of requirements that SHALL be met as part of the definition of the extension.","There can be no stigma associated with the use of extensions by any application, project, or standard - regardless of the institution or jurisdiction that uses or defines the extensions.  The use of extensions is what allows the FHIR specification to retain a core level of simplicity for everyone.","","","","","","","","",,,,,"",,,,"Element.extension",0,*,"","ele-1:All FHIR elements must have a @value or children {hasValue() or (children().count() > id.count())}
ext-1:Must have either extensions or value[x], not both {extension.exists() != value.exists()}","n/a"
"MedicationRequest.substitution.modifierExtension","MedicationRequest.substitution.modifierExtension","","extensions
user contentmodifiers","",0,*,"","Y","Y","Extension {[]} {[]}
","Extensions that cannot be ignored even if unrecognized","May be used to represent additional information that is not part of the basic definition of the element and that modifies the understanding of the element in which it is contained and/or the understanding of the containing element's descendants. Usually modifier elements provide negation or qualification. To make the use of extensions safe and manageable, there is a strict set of governance applied to the definition and use of extensions. Though any implementer can define an extension, there is a set of requirements that SHALL be met as part of the definition of the extension. Applications processing a resource are required to check for modifier extensions.

Modifier extensions SHALL NOT change the meaning of any elements on Resource or DomainResource (including cannot change the meaning of modifierExtension itself).","There can be no stigma associated with the use of extensions by any application, project, or standard - regardless of the institution or jurisdiction that uses or defines the extensions.  The use of extensions is what allows the FHIR specification to retain a core level of simplicity for everyone.","Modifier extensions allow for extensions that *cannot* be safely ignored to be clearly distinguished from the vast majority of extensions which can be safely ignored.  This promotes interoperability by eliminating the need for implementers to prohibit the presence of extensions. For further information, see the [definition of modifier extensions](http://hl7.org/fhir/R4/extensibility.html#modifierExtension).","","","","","","","",,,,,"",,,,"BackboneElement.modifierExtension",0,*,"","ele-1:All FHIR elements must have a @value or children {hasValue() or (children().count() > id.count())}
ext-1:Must have either extensions or value[x], not both {extension.exists() != value.exists()}","N/A"
"MedicationRequest.substitution.allowed[x]","MedicationRequest.substitution.allowed[x]","","","",1,1,"","","","boolean {[]} {[]}
CodeableConcept {[]} {[]}","Whether substitution is allowed or not","True if the prescriber allows a different drug to be dispensed from what was prescribed.","This element is labeled as a modifier because whether substitution is allow or not, it cannot be ignored.","","","","","","","","",,"example","Identifies the type of substitution allowed.","http://terminology.hl7.org/ValueSet/v3-ActSubstanceAdminSubstitutionCode","",,,,"MedicationRequest.substitution.allowed[x]",1,1,"","ele-1:All FHIR elements must have a @value or children {hasValue() or (children().count() > id.count())}
","specific values within Message/Body/NewRx/MedicationPrescribed/Substitutions","code","RXO-9-Allow Substitutions / RXE-9-Substitution Status"
"MedicationRequest.substitution.reason","MedicationRequest.substitution.reason","","","",0,1,"","","","CodeableConcept {[]} {[]}
","Why should (not) substitution be made","Indicates the reason for the substitution, or why substitution must or must not be performed.","","","","","","","","","",,"example","A coded concept describing the reason that a different medication should (or should not) be substituted from what was prescribed.","http://terminology.hl7.org/ValueSet/v3-SubstanceAdminSubstitutionReason","",,,,"MedicationRequest.substitution.reason",0,1,"","ele-1:All FHIR elements must have a @value or children {hasValue() or (children().count() > id.count())}
","not mapped","reasonCode","RXE-9 Substition status"
"MedicationRequest.priorPrescription","MedicationRequest.priorPrescription","","","",0,0,"","","","Reference {[]} {[CanonicalType[http://hl7.org/fhir/StructureDefinition/MedicationRequest|4.0.1]]}
","Im Falle einer Änderung wird auf die ersetzte geplante Abgabe verwiesen. Keine Verwendung in der geplanten Abgabe.","A link to a resource representing an earlier order related order or prescription.","","","","","","","","","",,,,,"",,,,"MedicationRequest.priorPrescription",0,1,"","ele-1:All FHIR elements must have a @value or children {hasValue() or (children().count() > id.count())}
","Request.replaces","not mapped",".outboundRelationship[typeCode=?RPLC or ?SUCC]/target[classCode=SBADM,moodCode=RQO]"
"MedicationRequest.detectedIssue","MedicationRequest.detectedIssue","","Contraindication
Drug Utilization Review (DUR)Alert","",0,0,"","","","Reference {[]} {[CanonicalType[http://hl7.org/fhir/StructureDefinition/DetectedIssue|4.0.1]]}
","Klinisches Problem mit Maßnahme, mittels Referenz auf Ressouce DetectedIssue. Keine Verwendung in der geplanten 
Abgabe.","Indicates an actual or potential clinical issue with or between one or more active or proposed clinical actions for a patient; e.g. Drug-drug interaction, duplicate therapy, dosage alert etc.","This element can include a detected issue that has been identified either by a decision support system or by a clinician and may include information on the steps that were taken to address the issue.","","","","","","","","",,,,,"",,,,"MedicationRequest.detectedIssue",0,*,"","ele-1:All FHIR elements must have a @value or children {hasValue() or (children().count() > id.count())}
",".inboundRelationship[typeCode=SUBJ]/source[classCode=ALRT,moodCode=EVN].value"
"MedicationRequest.eventHistory","MedicationRequest.eventHistory","","","",0,0,"","","","Reference {[]} {[CanonicalType[http://hl7.org/fhir/StructureDefinition/Provenance|4.0.1]]}
","Referenz auf Provenance-Ressourcen, die 
verschiedene relevante Versionen dieser Ressource dokumentieren. 
Keine Verwendung in der geplanten Abgabe.","Links to Provenance records for past versions of this resource or fulfilling request or event resources that identify key state transitions or updates that are likely to be relevant to a user looking at the current version of the resource.","This might not include provenances for all versions of the request – only those deemed “relevant” or important. This SHALL NOT include the provenance associated with this current version of the resource. (If that provenance is deemed to be a “relevant” change, it will need to be added as part of a later update. Until then, it can be queried directly as the provenance that points to this version using _revinclude All Provenances should have some historical version of this Request as their subject.).","","","","","","","","",,,,,"",,,,"MedicationRequest.eventHistory",0,*,"","ele-1:All FHIR elements must have a @value or children {hasValue() or (children().count() > id.count())}
","Request.relevantHistory",".inboundRelationship(typeCode=SUBJ].source[classCode=CACT, moodCode=EVN]"
