{
  "resourceType" : "Bundle",
  "id" : "b08389b9-bc11-484a-8620-a35002d308a0",
  "meta" : {
    "lastUpdated" : "2024-05-27T13:53:54.623+00:00"
  },
  "type" : "collection",
  "entry" : [{
    "fullUrl" : "https://diab.iv.elga.gv.at/ValueSet/diagnose",
    "resource" : {
      "resourceType" : "ValueSet",
      "text" : {
        "status" : "generated",
        "div" : "<div xmlns=\"http://www.w3.org/1999/xhtml\"><p style=\"border: black 1px dotted; background-color: #EEEEEE; padding: 8px; margin-bottom: 8px\">Expansion based on SNOMED CT International edition 01-Feb 2024</p><p>This value set contains 3 concepts</p><table class=\"codes\"><tr><td style=\"white-space:nowrap\"><b>Code</b></td><td><b>System</b></td><td><b>Display</b></td></tr><tr><td style=\"white-space:nowrap\"><a name=\"http---snomed.info-sct-703272007\"> </a>\u00a0\u00a0<a href=\"http://snomed.info/id/703272007\">703272007</a></td><td>http://snomed.info/sct</td><td>Heart failure with reduced ejection fraction (disorder)</td></tr><tr><td style=\"white-space:nowrap\"><a name=\"http---snomed.info-sct-788950000\"> </a>\u00a0\u00a0<a href=\"http://snomed.info/id/788950000\">788950000</a></td><td>http://snomed.info/sct</td><td>Heart failure with mid range ejection fraction (disorder)</td></tr><tr><td style=\"white-space:nowrap\"><a name=\"http---snomed.info-sct-446221000\"> </a>\u00a0\u00a0<a href=\"http://snomed.info/id/446221000\">446221000</a></td><td>http://snomed.info/sct</td><td>Heart failure with normal ejection fraction (disorder)</td></tr></table></div>"
      },
      "url" : "https://diab.iv.elga.gv.at/ValueSet/diagnose",
      "version" : "0.1.0",
      "name" : "Diagnose",
      "title" : "Diagnose",
      "status" : "draft",
      "date" : "2024-05-27T13:53:54+00:00",
      "expansion" : {
        "identifier" : "urn:uuid:cb4ebdbc-ac20-4833-9e88-27b68343db6e",
        "timestamp" : "2024-05-27T13:54:35+00:00",
        "total" : 3,
        "offset" : 0,
        "parameter" : [{
          "name" : "count",
          "valueInteger" : 1000
        },
        {
          "name" : "offset",
          "valueInteger" : 0
        },
        {
          "name" : "excludeNested",
          "valueBoolean" : false
        },
        {
          "name" : "used-valueset",
          "valueUri" : "null"
        },
        {
          "name" : "used-codesystem",
          "valueUri" : "http://snomed.info/sct|http://snomed.info/sct/900000000000207008/version/20240201"
        },
        {
          "name" : "version",
          "valueUri" : "http://snomed.info/sct|http://snomed.info/sct/900000000000207008/version/20240201"
        }],
        "contains" : [{
          "system" : "http://snomed.info/sct",
          "code" : "703272007",
          "display" : "Heart failure with reduced ejection fraction (disorder)"
        },
        {
          "system" : "http://snomed.info/sct",
          "code" : "788950000",
          "display" : "Heart failure with mid range ejection fraction (disorder)"
        },
        {
          "system" : "http://snomed.info/sct",
          "code" : "446221000",
          "display" : "Heart failure with normal ejection fraction (disorder)"
        }]
      }
    }
  },
  {
    "fullUrl" : "https://diab.iv.elga.gv.at/ValueSet/fussdiagnose",
    "resource" : {
      "resourceType" : "ValueSet",
      "text" : {
        "status" : "generated",
        "div" : "<div xmlns=\"http://www.w3.org/1999/xhtml\"><p style=\"border: black 1px dotted; background-color: #EEEEEE; padding: 8px; margin-bottom: 8px\">Expansion based on SNOMED CT International edition 01-Feb 2024</p><p>This value set contains 3 concepts</p><table class=\"codes\"><tr><td style=\"white-space:nowrap\"><b>Code</b></td><td><b>System</b></td><td><b>Display</b></td></tr><tr><td style=\"white-space:nowrap\"><a name=\"http---snomed.info-sct-703272007\"> </a>\u00a0\u00a0<a href=\"http://snomed.info/id/703272007\">703272007</a></td><td>http://snomed.info/sct</td><td>Heart failure with reduced ejection fraction (disorder)</td></tr><tr><td style=\"white-space:nowrap\"><a name=\"http---snomed.info-sct-788950000\"> </a>\u00a0\u00a0<a href=\"http://snomed.info/id/788950000\">788950000</a></td><td>http://snomed.info/sct</td><td>Heart failure with mid range ejection fraction (disorder)</td></tr><tr><td style=\"white-space:nowrap\"><a name=\"http---snomed.info-sct-446221000\"> </a>\u00a0\u00a0<a href=\"http://snomed.info/id/446221000\">446221000</a></td><td>http://snomed.info/sct</td><td>Heart failure with normal ejection fraction (disorder)</td></tr></table></div>"
      },
      "url" : "https://diab.iv.elga.gv.at/ValueSet/fussdiagnose",
      "version" : "0.1.0",
      "name" : "Fussdiagnose",
      "title" : "Fußdiagnose",
      "status" : "draft",
      "date" : "2024-05-27T13:53:54+00:00",
      "expansion" : {
        "identifier" : "urn:uuid:444a878f-e4e8-41b6-ab29-5cea6ffa7246",
        "timestamp" : "2024-05-27T13:54:35+00:00",
        "total" : 3,
        "offset" : 0,
        "parameter" : [{
          "name" : "count",
          "valueInteger" : 1000
        },
        {
          "name" : "offset",
          "valueInteger" : 0
        },
        {
          "name" : "excludeNested",
          "valueBoolean" : false
        },
        {
          "name" : "used-valueset",
          "valueUri" : "null"
        },
        {
          "name" : "used-codesystem",
          "valueUri" : "http://snomed.info/sct|http://snomed.info/sct/900000000000207008/version/20240201"
        },
        {
          "name" : "version",
          "valueUri" : "http://snomed.info/sct|http://snomed.info/sct/900000000000207008/version/20240201"
        }],
        "contains" : [{
          "system" : "http://snomed.info/sct",
          "code" : "703272007",
          "display" : "Heart failure with reduced ejection fraction (disorder)"
        },
        {
          "system" : "http://snomed.info/sct",
          "code" : "788950000",
          "display" : "Heart failure with mid range ejection fraction (disorder)"
        },
        {
          "system" : "http://snomed.info/sct",
          "code" : "446221000",
          "display" : "Heart failure with normal ejection fraction (disorder)"
        }]
      }
    }
  },
  {
    "fullUrl" : "https://diab.iv.elga.gv.at/ValueSet/komplikationsdiagnose",
    "resource" : {
      "resourceType" : "ValueSet",
      "text" : {
        "status" : "generated",
        "div" : "<div xmlns=\"http://www.w3.org/1999/xhtml\"><p style=\"border: black 1px dotted; background-color: #EEEEEE; padding: 8px; margin-bottom: 8px\">Expansion based on SNOMED CT International edition 01-Feb 2024</p><p>This value set contains 3 concepts</p><table class=\"codes\"><tr><td style=\"white-space:nowrap\"><b>Code</b></td><td><b>System</b></td><td><b>Display</b></td></tr><tr><td style=\"white-space:nowrap\"><a name=\"http---snomed.info-sct-703272007\"> </a>\u00a0\u00a0<a href=\"http://snomed.info/id/703272007\">703272007</a></td><td>http://snomed.info/sct</td><td>Heart failure with reduced ejection fraction (disorder)</td></tr><tr><td style=\"white-space:nowrap\"><a name=\"http---snomed.info-sct-788950000\"> </a>\u00a0\u00a0<a href=\"http://snomed.info/id/788950000\">788950000</a></td><td>http://snomed.info/sct</td><td>Heart failure with mid range ejection fraction (disorder)</td></tr><tr><td style=\"white-space:nowrap\"><a name=\"http---snomed.info-sct-446221000\"> </a>\u00a0\u00a0<a href=\"http://snomed.info/id/446221000\">446221000</a></td><td>http://snomed.info/sct</td><td>Heart failure with normal ejection fraction (disorder)</td></tr></table></div>"
      },
      "url" : "https://diab.iv.elga.gv.at/ValueSet/komplikationsdiagnose",
      "version" : "0.1.0",
      "name" : "Komplikationsdiagnose",
      "title" : "Komplikationsdiagnose",
      "status" : "draft",
      "date" : "2024-05-27T13:53:54+00:00",
      "expansion" : {
        "identifier" : "urn:uuid:0bc279c4-aa84-4358-867b-f03f21f8a2fe",
        "timestamp" : "2024-05-27T13:54:35+00:00",
        "total" : 3,
        "offset" : 0,
        "parameter" : [{
          "name" : "count",
          "valueInteger" : 1000
        },
        {
          "name" : "offset",
          "valueInteger" : 0
        },
        {
          "name" : "excludeNested",
          "valueBoolean" : false
        },
        {
          "name" : "used-valueset",
          "valueUri" : "null"
        },
        {
          "name" : "used-codesystem",
          "valueUri" : "http://snomed.info/sct|http://snomed.info/sct/900000000000207008/version/20240201"
        },
        {
          "name" : "version",
          "valueUri" : "http://snomed.info/sct|http://snomed.info/sct/900000000000207008/version/20240201"
        }],
        "contains" : [{
          "system" : "http://snomed.info/sct",
          "code" : "703272007",
          "display" : "Heart failure with reduced ejection fraction (disorder)"
        },
        {
          "system" : "http://snomed.info/sct",
          "code" : "788950000",
          "display" : "Heart failure with mid range ejection fraction (disorder)"
        },
        {
          "system" : "http://snomed.info/sct",
          "code" : "446221000",
          "display" : "Heart failure with normal ejection fraction (disorder)"
        }]
      }
    }
  },
  {
    "fullUrl" : "https://diab.iv.elga.gv.at/ValueSet/nebendiagnose",
    "resource" : {
      "resourceType" : "ValueSet",
      "text" : {
        "status" : "generated",
        "div" : "<div xmlns=\"http://www.w3.org/1999/xhtml\"><p style=\"border: black 1px dotted; background-color: #EEEEEE; padding: 8px; margin-bottom: 8px\">Expansion based on SNOMED CT International edition 01-Feb 2024</p><p>This value set contains 3 concepts</p><table class=\"codes\"><tr><td style=\"white-space:nowrap\"><b>Code</b></td><td><b>System</b></td><td><b>Display</b></td></tr><tr><td style=\"white-space:nowrap\"><a name=\"http---snomed.info-sct-703272007\"> </a>\u00a0\u00a0<a href=\"http://snomed.info/id/703272007\">703272007</a></td><td>http://snomed.info/sct</td><td>Heart failure with reduced ejection fraction (disorder)</td></tr><tr><td style=\"white-space:nowrap\"><a name=\"http---snomed.info-sct-788950000\"> </a>\u00a0\u00a0<a href=\"http://snomed.info/id/788950000\">788950000</a></td><td>http://snomed.info/sct</td><td>Heart failure with mid range ejection fraction (disorder)</td></tr><tr><td style=\"white-space:nowrap\"><a name=\"http---snomed.info-sct-446221000\"> </a>\u00a0\u00a0<a href=\"http://snomed.info/id/446221000\">446221000</a></td><td>http://snomed.info/sct</td><td>Heart failure with normal ejection fraction (disorder)</td></tr></table></div>"
      },
      "url" : "https://diab.iv.elga.gv.at/ValueSet/nebendiagnose",
      "version" : "0.1.0",
      "name" : "Nebendiagnose",
      "title" : "Nebendiagnose",
      "status" : "draft",
      "date" : "2024-05-27T13:53:54+00:00",
      "expansion" : {
        "identifier" : "urn:uuid:d433390c-73c0-4d84-b6e2-2cd644b4bf5e",
        "timestamp" : "2024-05-27T13:54:35+00:00",
        "total" : 3,
        "offset" : 0,
        "parameter" : [{
          "name" : "count",
          "valueInteger" : 1000
        },
        {
          "name" : "offset",
          "valueInteger" : 0
        },
        {
          "name" : "excludeNested",
          "valueBoolean" : false
        },
        {
          "name" : "used-valueset",
          "valueUri" : "null"
        },
        {
          "name" : "used-codesystem",
          "valueUri" : "http://snomed.info/sct|http://snomed.info/sct/900000000000207008/version/20240201"
        },
        {
          "name" : "version",
          "valueUri" : "http://snomed.info/sct|http://snomed.info/sct/900000000000207008/version/20240201"
        }],
        "contains" : [{
          "system" : "http://snomed.info/sct",
          "code" : "703272007",
          "display" : "Heart failure with reduced ejection fraction (disorder)"
        },
        {
          "system" : "http://snomed.info/sct",
          "code" : "788950000",
          "display" : "Heart failure with mid range ejection fraction (disorder)"
        },
        {
          "system" : "http://snomed.info/sct",
          "code" : "446221000",
          "display" : "Heart failure with normal ejection fraction (disorder)"
        }]
      }
    }
  }]
}