"Id","Path","Slice Name","Alias(s)","Label","Min","Max","Must Support?","Is Modifier?","Is Summary?","Type(s)","Short","Definition","Comments","Requirements","Default Value","Meaning When Missing","Fixed Value","Pattern","Example","Minimum Value","Maximum Value","Maximum Length","Binding Strength","Binding Description","Binding Value Set","Code","Slicing Discriminator","Slicing Description","Slicing Ordered","Slicing Rules","Base Path","Base Min","Base Max","Condition(s)","Constraint(s)"
"HistoryOfIllnesses-ips","HistoryOfIllnesses-ips","","","",0,*,"","","","null {[]} {[]}
","Past History Of Illnesses (IPS)","Abbildung der Datenfelder, die für den Entwurf der Datenspezifikation des Rahmenkonzepts Integrierte Versorgung Diabetes Mellitus Typ 2 erforderlich sind, auf dem des IPS-Modul ""Past History Of Illnesses"".

Refer to the **[mapping from the logical model of diabetes to the logical model based on the International Patient Summary (IPS)](mappings.html)** in order to get an idea how the IPS relates to diabetes.","","","","","","","","","",,,,,"",,,,"Base",0,*,"",""
"HistoryOfIllnesses-ips.code","HistoryOfIllnesses-ips.code","","","",1,1,"","","","CodeableConcept {[]} {[]}
","Identification of the condition, problem or diagnosis","Identification of the condition, problem or diagnosis","","","","","","","","","",,,,,"",,,,"HistoryOfIllnesses-ips.code",1,1,"",""
"HistoryOfIllnesses-ips.subject","HistoryOfIllnesses-ips.subject","","","",1,1,"","","","https://diab.iv.elga.gv.at/StructureDefinition/Subject-ips {[]} {[]}
","Who has the condition?","Who has the condition?","","","","","","","","","",,,,,"",,,,"HistoryOfIllnesses-ips.subject",1,1,"",""
"HistoryOfIllnesses-ips.recordedDate","HistoryOfIllnesses-ips.recordedDate","","","",1,1,"","","","dateTime {[]} {[]}
","Date record was first recorded","Date record was first recorded","","","","","","","","","",,,,,"",,,,"HistoryOfIllnesses-ips.recordedDate",1,1,"",""
"HistoryOfIllnesses-ips.asserter","HistoryOfIllnesses-ips.asserter","","","",0,1,"","","","Reference {[]} {[CanonicalType[http://hl7.org/fhir/StructureDefinition/Practitioner], CanonicalType[http://hl7.org/fhir/StructureDefinition/PractitionerRole]]}
","Person who asserts this condition","Person who asserts this condition","","","","","","","","","",,,,,"",,,,"HistoryOfIllnesses-ips.asserter",0,1,"",""
