"Id","Path","Slice Name","Alias(s)","Label","Min","Max","Must Support?","Is Modifier?","Is Summary?","Type(s)","Short","Definition","Comments","Requirements","Default Value","Meaning When Missing","Fixed Value","Pattern","Example","Minimum Value","Maximum Value","Maximum Length","Binding Strength","Binding Description","Binding Value Set","Code","Slicing Discriminator","Slicing Description","Slicing Ordered","Slicing Rules","Base Path","Base Min","Base Max","Condition(s)","Constraint(s)"
"AllergiesIntolerances-ips","AllergiesIntolerances-ips","","","",0,*,"","","","null {[]} {[]}
","Allergies and Intolerances (IPS)","Abbildung der Datenfelder, die für den Entwurf der Datenspezifikation des Rahmenkonzepts Integrierte Versorgung Diabetes Mellitus Typ 2 erforderlich sind, auf dem des IPS-Modul ""Allergies and Intolerances"".

Refer to the **[mapping from the logical model of diabetes to the logical model based on the International Patient Summary (IPS)](mappings.html)** in order to get an idea how the IPS relates to diabetes.","","","","","","","","","",,,,,"",,,,"Base",0,*,"",""
"AllergiesIntolerances-ips.code","AllergiesIntolerances-ips.code","","","",1,1,"","","","CodeableConcept {[]} {[]}
","Type of the substance/product, allergy or intolerance condition or or a code for absent/unknown allergy.","Type of the substance/product, allergy or intolerance condition or or a code for absent/unknown allergy.","","","","","","","","","",,,,,"",,,,"AllergiesIntolerances-ips.code",1,1,"",""
"AllergiesIntolerances-ips.patient","AllergiesIntolerances-ips.patient","","","",1,1,"","","","https://diab.iv.elga.gv.at/StructureDefinition/Subject-ips {[]} {[]}
","Who the sensitivity is for","Who the sensitivity is for","","","","","","","","","",,,,,"",,,,"AllergiesIntolerances-ips.patient",1,1,"",""
"AllergiesIntolerances-ips.asserter[x]","AllergiesIntolerances-ips.asserter[x]","","","",0,1,"","","","https://diab.iv.elga.gv.at/StructureDefinition/Subject-ips {[]} {[]}
Reference {[]} {[CanonicalType[http://hl7.org/fhir/StructureDefinition/RelatedPerson], CanonicalType[http://hl7.org/fhir/StructureDefinition/Practitioner], CanonicalType[http://hl7.org/fhir/StructureDefinition/PractitionerRole]]}","Source of the information about the allergy","Source of the information about the allergy","","","","","","","","","",,,,,"",,,,"AllergiesIntolerances-ips.asserter[x]",0,1,"",""
