"Id","Path","Slice Name","Alias(s)","Label","Min","Max","Must Support?","Is Modifier?","Is Summary?","Type(s)","Short","Definition","Comments","Requirements","Default Value","Meaning When Missing","Fixed Value","Pattern","Example","Minimum Value","Maximum Value","Maximum Length","Binding Strength","Binding Description","Binding Value Set","Code","Slicing Discriminator","Slicing Description","Slicing Ordered","Slicing Rules","Base Path","Base Min","Base Max","Condition(s)","Constraint(s)"
"SocialHistory-ips","SocialHistory-ips","","","",0,*,"","","","null {[]} {[]}
","Social History (IPS)","Abbildung der Datenfelder, die für den Entwurf der Datenspezifikation des Rahmenkonzepts Integrierte Versorgung Diabetes Mellitus Typ 2 erforderlich sind, auf dem des IPS-Modul ""Social History"".

Refer to the **[mapping from the logical model of diabetes to the logical model based on the International Patient Summary (IPS)](mappings.html)** in order to get an idea how the IPS relates to diabetes.","","","","","","","","","",,,,,"",,,,"Base",0,*,"",""
"SocialHistory-ips.code","SocialHistory-ips.code","","","",1,1,"","","","CodeableConcept {[]} {[]}
","Type of observation (code / type)","Type of observation (code / type)","","","","","","","","","",,,,,"",,,,"SocialHistory-ips.code",1,1,"",""
"SocialHistory-ips.subject","SocialHistory-ips.subject","","","",1,1,"","","","https://diab.iv.elga.gv.at/StructureDefinition/Subject-ips {[]} {[]}
","Who and/or what the observation is about","Who and/or what the observation is about","","","","","","","","","",,,,,"",,,,"SocialHistory-ips.subject",1,1,"",""
"SocialHistory-ips.effective[x]","SocialHistory-ips.effective[x]","","","",1,1,"","","","dateTime {[]} {[]}
Period {[]} {[]}","Clinically relevant time/time-period for observation","Clinically relevant time/time-period for observation","","","","","","","","","",,,,,"",,,,"SocialHistory-ips.effective[x]",1,1,"",""
"SocialHistory-ips.performer","SocialHistory-ips.performer","","","",0,*,"","","","Reference {[]} {[CanonicalType[http://hl7.org/fhir/StructureDefinition/Practitioner], CanonicalType[http://hl7.org/fhir/StructureDefinition/PractitionerRole]]}
","Who is responsible for the observation","Who is responsible for the observation","","","","","","","","","",,,,,"",,,,"SocialHistory-ips.performer",0,*,"",""
"SocialHistory-ips.value[x]","SocialHistory-ips.value[x]","","","",1,1,"","","","Quantity {[]} {[]}
CodeableConcept {[]} {[]}string {[]} {[]}boolean {[]} {[]}integer {[]} {[]}Range {[]} {[]}Ratio {[]} {[]}SampledData {[]} {[]}time {[]} {[]}dateTime {[]} {[]}Period {[]} {[]}","Actual result","Actual result","","","","","","","","","",,,,,"",,,,"SocialHistory-ips.value[x]",1,1,"",""
