{
  "resourceType" : "ValueSet",
  "id" : "moped-entlassungsart-valueset",
  "text" : {
    "status" : "generated",
    "div" : "<div xmlns=\"http://www.w3.org/1999/xhtml\"><p class=\"res-header-id\"><b>Generated Narrative: ValueSet moped-entlassungsart-valueset</b></p><a name=\"moped-entlassungsart-valueset\"> </a><a name=\"hcmoped-entlassungsart-valueset\"> </a><a name=\"moped-entlassungsart-valueset-en-US\"> </a><ul><li>Include these codes as defined in <code>http://tbd.at/MOPED-encounter-entlassungsart</code><table class=\"none\"><tr><td style=\"white-space:nowrap\"><b>Code</b></td><td><b>Display</b></td></tr><tr><td>KaOrg_1</td><td>Urlaub</td></tr><tr><td>KaOrg_2</td><td>Rehabilitation angezeigt</td></tr><tr><td>KaOrg_3</td><td>Asylierung</td></tr><tr><td>4</td><td>Entlassung gegen Revers</td></tr><tr><td>KaOrg_5</td><td>AUVA Ende der Arbeitsunfähigkeit</td></tr><tr><td>KaOrg_6</td><td>AUVA Ende der ambulanten Behandlung</td></tr><tr><td>KaOrg_7</td><td>AUVA Ende der ambulanten Behandlung und Ende der Arbeitsunfähigkeit</td></tr><tr><td>KaOrg_8</td><td>Ende Rehabilitationsaufenthalt stationär</td></tr><tr><td>KaOrg_9</td><td>Ende Rehabilitationsaufenthalt ambulant</td></tr><tr><td>E</td><td>Entlassung aus dem Krankenhaus</td></tr><tr><td>KaOrg_K</td><td>Ende Kurheilverfahren stationär</td></tr><tr><td>T</td><td>Transfer in eine andere Krankenanstalt</td></tr><tr><td>S</td><td>Sterbefall</td></tr><tr><td>A</td><td>Krankenhausinterne Verlegung vom Bereich der Rehabilitation und vom ausschließlichen Bereich der Pflege in den allgemeinen stationären Bereich (inkl. Intensivbereich)</td></tr><tr><td>KaOrg_H</td><td>Abschluss eines Aufenthaltes im halbstationären Bereich oder krankenhausinterne Verlegung in den halbstationären Bereich</td></tr><tr><td>R</td><td>Krankenhausinterne Verlegung in den Bereich der Rehabilitation</td></tr><tr><td>P</td><td>Krankenhausinterne Verlegung in den ausschließlichen Bereich der Pflege</td></tr><tr><td>LKF_L</td><td>Kennzeichen der Datensätze, die zum Zeitpunkt der Asylierung dokumentarisch abgeschlossen werden</td></tr><tr><td>LKF_V</td><td>Kennzeichen für noch nicht abgeschlossene Aufenthalte von am Jahresende verbleibenden Patient:innen</td></tr><tr><td>LKF_1</td><td>Zuweisung an eine:n Allgemeinmediziner:in</td></tr><tr><td>LKF_2</td><td>Zuweisung an einen Facharzt/eine Fachärztin</td></tr><tr><td>LKF_3</td><td>Zuweisung an die eigene/eine andere Krankenanstalt zur ambulanten Weiterbetreuung</td></tr><tr><td>LKF_5</td><td>Zuweisung an die eigene/eine andere Krankenanstalt zur stationären Aufnahme</td></tr><tr><td>LKF_6</td><td>Wiederbestellung</td></tr><tr><td>LKF_7</td><td>Behandlungsende, keine Zuweisung</td></tr><tr><td>LKF_8</td><td>Sterbefall</td></tr><tr><td>LKF_9</td><td>Sonstige Abgangsart</td></tr></table></li></ul></div>"
  },
  "url" : "http://example.org/ValueSet/moped-entlassungsart-valueset",
  "version" : "0.1.0",
  "name" : "Entlassungsart",
  "title" : "Entlassungsart des Patienten",
  "status" : "draft",
  "date" : "2024-10-11T07:19:27+00:00",
  "publisher" : "Example Publisher",
  "contact" : [{
    "name" : "Example Publisher",
    "telecom" : [{
      "system" : "url",
      "value" : "http://example.org/example-publisher"
    }]
  }],
  "description" : "ValueSet für die Entlassungsart des Patienten",
  "compose" : {
    "include" : [{
      "system" : "http://tbd.at/MOPED-encounter-entlassungsart",
      "concept" : [{
        "code" : "KaOrg_1",
        "display" : "Urlaub"
      },
      {
        "code" : "KaOrg_2",
        "display" : "Rehabilitation angezeigt"
      },
      {
        "code" : "KaOrg_3",
        "display" : "Asylierung"
      },
      {
        "code" : "4",
        "display" : "Entlassung gegen Revers"
      },
      {
        "code" : "KaOrg_5",
        "display" : "AUVA Ende der Arbeitsunfähigkeit"
      },
      {
        "code" : "KaOrg_6",
        "display" : "AUVA Ende der ambulanten Behandlung"
      },
      {
        "code" : "KaOrg_7",
        "display" : "AUVA Ende der ambulanten Behandlung und Ende der Arbeitsunfähigkeit"
      },
      {
        "code" : "KaOrg_8",
        "display" : "Ende Rehabilitationsaufenthalt stationär"
      },
      {
        "code" : "KaOrg_9",
        "display" : "Ende Rehabilitationsaufenthalt ambulant"
      },
      {
        "code" : "E",
        "display" : "Entlassung aus dem Krankenhaus"
      },
      {
        "code" : "KaOrg_K",
        "display" : "Ende Kurheilverfahren stationär"
      },
      {
        "code" : "T",
        "display" : "Transfer in eine andere Krankenanstalt"
      },
      {
        "code" : "S",
        "display" : "Sterbefall"
      },
      {
        "code" : "A",
        "display" : "Krankenhausinterne Verlegung vom Bereich der Rehabilitation und vom ausschließlichen Bereich der Pflege in den allgemeinen stationären Bereich (inkl. Intensivbereich)"
      },
      {
        "code" : "KaOrg_H",
        "display" : "Abschluss eines Aufenthaltes im halbstationären Bereich oder krankenhausinterne Verlegung in den halbstationären Bereich"
      },
      {
        "code" : "R",
        "display" : "Krankenhausinterne Verlegung in den Bereich der Rehabilitation"
      },
      {
        "code" : "P",
        "display" : "Krankenhausinterne Verlegung in den ausschließlichen Bereich der Pflege"
      },
      {
        "code" : "LKF_L",
        "display" : "Kennzeichen der Datensätze, die zum Zeitpunkt der Asylierung dokumentarisch abgeschlossen werden"
      },
      {
        "code" : "LKF_V",
        "display" : "Kennzeichen für noch nicht abgeschlossene Aufenthalte von am Jahresende verbleibenden Patient:innen"
      },
      {
        "code" : "LKF_1",
        "display" : "Zuweisung an eine:n Allgemeinmediziner:in"
      },
      {
        "code" : "LKF_2",
        "display" : "Zuweisung an einen Facharzt/eine Fachärztin"
      },
      {
        "code" : "LKF_3",
        "display" : "Zuweisung an die eigene/eine andere Krankenanstalt zur ambulanten Weiterbetreuung"
      },
      {
        "code" : "LKF_5",
        "display" : "Zuweisung an die eigene/eine andere Krankenanstalt zur stationären Aufnahme"
      },
      {
        "code" : "LKF_6",
        "display" : "Wiederbestellung"
      },
      {
        "code" : "LKF_7",
        "display" : "Behandlungsende, keine Zuweisung"
      },
      {
        "code" : "LKF_8",
        "display" : "Sterbefall"
      },
      {
        "code" : "LKF_9",
        "display" : "Sonstige Abgangsart"
      }]
    }]
  }
}