<?xml version="1.0" encoding="UTF-8"?><ValueSet xmlns="http://hl7.org/fhir"><id value="moped-Sonderklasse-valueset"/><text><status value="generated"/><div xmlns="http://www.w3.org/1999/xhtml"><p class="res-header-id"><b>Generated Narrative: ValueSet moped-Sonderklasse-valueset</b></p><a name="moped-Sonderklasse-valueset"> </a><a name="hcmoped-Sonderklasse-valueset"> </a><a name="moped-Sonderklasse-valueset-en-US"> </a><ul><li>Include these codes as defined in <code>http://tbd.at/MOPED-Sonderklasse</code><table class="none"><tr><td style="white-space:nowrap"><b>Code</b></td><td><b>Display</b></td></tr><tr><td>A</td><td>Allgemeine Gebührenklasse</td></tr><tr><td>S</td><td>Sonderklasse</td></tr></table></li></ul></div></text><url value="http://example.org/ValueSet/moped-Sonderklasse-valueset"/><version value="0.1.0"/><name value="Sonderklasse"/><title value="Sonderklasse"/><status value="draft"/><date value="2024-10-24T07:04:57+00:00"/><publisher value="Example Publisher"/><contact><name value="Example Publisher"/><telecom><system value="url"/><value value="http://example.org/example-publisher"/></telecom></contact><description value="ValueSet für die Klasse (KaOrg)"/><compose><include><system value="http://tbd.at/MOPED-Sonderklasse"/><concept><code value="A"/><display value="Allgemeine Gebührenklasse"/></concept><concept><code value="S"/><display value="Sonderklasse"/></concept></include></compose></ValueSet>