{
  "resourceType" : "Bundle",
  "id" : "68c5025b-1207-44ff-858c-99bd8ac0a6b3",
  "meta" : {
    "lastUpdated" : "2024-09-23T11:42:54.352+00:00"
  },
  "type" : "collection",
  "entry" : [{
    "fullUrl" : "http://example.org/ValueSet/moped-WorkflowStatus-valueset",
    "resource" : {
      "resourceType" : "ValueSet",
      "text" : {
        "status" : "generated",
        "div" : "<div xmlns=\"http://www.w3.org/1999/xhtml\"><p class=\"res-header-id\"><b>Generated Narrative: ValueSet </b></p><p>This value set contains 0 concepts</p><table class=\"codes\"><tr><td style=\"white-space:nowrap\"><b>Code</b></td><td><b>System</b></td><td><b>Display</b></td></tr></table></div>"
      },
      "url" : "http://example.org/ValueSet/moped-WorkflowStatus-valueset",
      "version" : "0.1.0",
      "name" : "WorkflowStatus",
      "title" : "Workflow Status eines Falls",
      "status" : "draft",
      "date" : "2024-09-23T11:42:54+00:00",
      "expansion" : {
        "identifier" : "urn:uuid:b9f34d17-75e8-44e3-89da-f5c658ef4a07",
        "timestamp" : "2024-09-23T11:43:40+00:00",
        "total" : 0,
        "offset" : 0,
        "parameter" : [{
          "name" : "count",
          "valueInteger" : 1000
        },
        {
          "name" : "offset",
          "valueInteger" : 0
        },
        {
          "name" : "excludeNested",
          "valueBoolean" : false
        }]
      }
    }
  },
  {
    "fullUrl" : "http://example.org/ValueSet/moped-abgangsart-valueset",
    "resource" : {
      "resourceType" : "ValueSet",
      "text" : {
        "status" : "generated",
        "div" : "<div xmlns=\"http://www.w3.org/1999/xhtml\"><p class=\"res-header-id\"><b>Generated Narrative: ValueSet </b></p><p>This value set contains 0 concepts</p><table class=\"codes\"><tr><td style=\"white-space:nowrap\"><b>Code</b></td><td><b>System</b></td><td><b>Display</b></td></tr></table></div>"
      },
      "url" : "http://example.org/ValueSet/moped-abgangsart-valueset",
      "version" : "0.1.0",
      "name" : "Abgangsart",
      "title" : "Abgangsart des Patienten",
      "status" : "draft",
      "date" : "2024-09-23T11:42:54+00:00",
      "expansion" : {
        "identifier" : "urn:uuid:fd8d3555-7e87-4e0b-a6b0-a3a72b1928ca",
        "timestamp" : "2024-09-23T11:43:40+00:00",
        "total" : 0,
        "offset" : 0,
        "parameter" : [{
          "name" : "count",
          "valueInteger" : 1000
        },
        {
          "name" : "offset",
          "valueInteger" : 0
        },
        {
          "name" : "excludeNested",
          "valueBoolean" : false
        }]
      }
    }
  }]
}