{
  "resourceType" : "Bundle",
  "id" : "f4cabf6a-2f3a-4855-a22b-723bb83fedda",
  "meta" : {
    "lastUpdated" : "2024-09-03T06:35:21.881+00:00"
  },
  "type" : "collection",
  "entry" : [{
    "fullUrl" : "http://example.org/ValueSet/moped-WorkflowStatus-valueset",
    "resource" : {
      "resourceType" : "ValueSet",
      "text" : {
        "status" : "generated",
        "div" : "<div xmlns=\"http://www.w3.org/1999/xhtml\"><p class=\"res-header-id\"><b>Generated Narrative: ValueSet </b></p><p>This value set contains 0 concepts</p><table class=\"codes\"><tr><td style=\"white-space:nowrap\"><b>Code</b></td><td><b>System</b></td><td><b>Display</b></td></tr></table></div>"
      },
      "url" : "http://example.org/ValueSet/moped-WorkflowStatus-valueset",
      "version" : "0.1.0",
      "name" : "WorkflowStatus",
      "title" : "Workflow Status eines Falls",
      "status" : "draft",
      "date" : "2024-09-03T06:35:21+00:00",
      "expansion" : {
        "identifier" : "urn:uuid:d7e019f6-39d9-4549-a69f-3f5fe54b9fce",
        "timestamp" : "2024-09-03T06:35:59+00:00",
        "total" : 0,
        "offset" : 0,
        "parameter" : [{
          "name" : "count",
          "valueInteger" : 1000
        },
        {
          "name" : "offset",
          "valueInteger" : 0
        },
        {
          "name" : "excludeNested",
          "valueBoolean" : false
        }]
      }
    }
  },
  {
    "fullUrl" : "http://example.org/ValueSet/moped-abgangsart-valueset",
    "resource" : {
      "resourceType" : "ValueSet",
      "text" : {
        "status" : "generated",
        "div" : "<div xmlns=\"http://www.w3.org/1999/xhtml\"><p class=\"res-header-id\"><b>Generated Narrative: ValueSet </b></p><p>This value set contains 0 concepts</p><table class=\"codes\"><tr><td style=\"white-space:nowrap\"><b>Code</b></td><td><b>System</b></td><td><b>Display</b></td></tr></table></div>"
      },
      "url" : "http://example.org/ValueSet/moped-abgangsart-valueset",
      "version" : "0.1.0",
      "name" : "Abgangsart",
      "title" : "Abgangsart des Patienten",
      "status" : "draft",
      "date" : "2024-09-03T06:35:21+00:00",
      "expansion" : {
        "identifier" : "urn:uuid:bd4d3c67-a0cc-4b17-bd0d-dd491a54ed18",
        "timestamp" : "2024-09-03T06:35:59+00:00",
        "total" : 0,
        "offset" : 0,
        "parameter" : [{
          "name" : "count",
          "valueInteger" : 1000
        },
        {
          "name" : "offset",
          "valueInteger" : 0
        },
        {
          "name" : "excludeNested",
          "valueBoolean" : false
        }]
      }
    }
  }]
}