<?xml version="1.0" encoding="UTF-8"?>

<CodeSystem xmlns="http://hl7.org/fhir">
  <id value="kiola-standard-treatment-plan-tag-cs"/>
  <text>
    <status value="generated"/><div xmlns="http://www.w3.org/1999/xhtml"><p>This  code system <code>https://fhir.ehealth-systems.at/artifacts/PlanDefinition/tag</code> provides <b>a fragment</b> that includes following code:</p><table class="codes"><tr><td style="white-space:nowrap"><b>Code</b></td><td><b>Display</b></td><td><b>Definition</b></td></tr><tr><td style="white-space:nowrap">default<a name="kiola-standard-treatment-plan-tag-cs-default"> </a></td><td>Default treatment plan</td><td>A default treatment plan, that should be preselected and eventually applied when registering new patients.</td></tr></table></div>
  </text>
  <url value="https://fhir.ehealth-systems.at/artifacts/PlanDefinition/tag"/>
  <version value="0.1.0"/>
  <name value="KIOLAStandardTreatmentPlanTagCS"/>
  <title value="KIOLA Standard Treatment Plan Code System"/>
  <status value="active"/>
  <date value="2024-04-27T13:32:49+00:00"/>
  <contact>
    <name value="AIT Austrian Institute of Technology"/>
    <telecom>
      <system value="email"/>
      <value value="mailto:office@ait.ac.at"/>
    </telecom>
  </contact>
  <description value="Meta data tags of standard treatment plans."/>
  <compositional value="true"/>
  <content value="fragment"/>
  <concept>
    <code value="default"/>
    <display value="Default treatment plan"/>
    <definition value="A default treatment plan, that should be preselected and eventually applied when registering new patients."/>
  </concept>
</CodeSystem>