<?xml version="1.0" encoding="UTF-8"?>

<CodeSystem xmlns="http://hl7.org/fhir">
  <id value="kiola-measurement-cs"/>
  <text>
    <status value="generated"/><div xmlns="http://www.w3.org/1999/xhtml"><p>This  code system <code>https://fhir.ehealth-systems.at/kiola/measurement</code> defines the following codes:</p><table class="codes"><tr><td style="white-space:nowrap"><b>Code</b></td><td><b>Display</b></td></tr><tr><td style="white-space:nowrap">MDC_DEV_SPEC_PROFILE_GLUCOSE<a name="kiola-measurement-cs-MDC_DEV_SPEC_PROFILE_GLUCOSE"> </a></td><td>Blood glucose measurement</td></tr><tr><td style="white-space:nowrap">MDC_DEV_SPEC_PROFILE_BP<a name="kiola-measurement-cs-MDC_DEV_SPEC_PROFILE_BP"> </a></td><td>Blood pressure measurement</td></tr><tr><td style="white-space:nowrap">MDC_DEV_SPEC_PROFILE_INR<a name="kiola-measurement-cs-MDC_DEV_SPEC_PROFILE_INR"> </a></td><td>Measurement of INR</td></tr><tr><td style="white-space:nowrap">MDC_DEV_SPEC_PROFILE_PULS_OXIM<a name="kiola-measurement-cs-MDC_DEV_SPEC_PROFILE_PULS_OXIM"> </a></td><td>Blood oximeter measurement</td></tr><tr><td style="white-space:nowrap">MDC_DEV_SPEC_PROFILE_SCALE<a name="kiola-measurement-cs-MDC_DEV_SPEC_PROFILE_SCALE"> </a></td><td>Body weight measurement</td></tr><tr><td style="white-space:nowrap">MDC_DEV_SPEC_PROFILE_SPIRO<a name="kiola-measurement-cs-MDC_DEV_SPEC_PROFILE_SPIRO"> </a></td><td>Spirometry measurement</td></tr><tr><td style="white-space:nowrap">MDC_DEV_SPEC_PROFILE_TEMP<a name="kiola-measurement-cs-MDC_DEV_SPEC_PROFILE_TEMP"> </a></td><td>Measurement of temperature</td></tr><tr><td style="white-space:nowrap">MDC_DEV_SPEC_PROFILE_VND_AIT_ACTIVITY<a name="kiola-measurement-cs-MDC_DEV_SPEC_PROFILE_VND_AIT_ACTIVITY"> </a></td><td>Activity measurement</td></tr><tr><td style="white-space:nowrap">MDC_DEV_SPEC_PROFILE_VND_AIT_COMMENT<a name="kiola-measurement-cs-MDC_DEV_SPEC_PROFILE_VND_AIT_COMMENT"> </a></td><td>Comment entry</td></tr><tr><td style="white-space:nowrap">MDC_DEV_SPEC_PROFILE_VND_AIT_GLUCOSE_SUPPL_V1<a name="kiola-measurement-cs-MDC_DEV_SPEC_PROFILE_VND_AIT_GLUCOSE_SUPPL_V1"> </a></td><td>Blood glucose supplemental data measurement</td></tr><tr><td style="white-space:nowrap">MDC_DEV_SPEC_PROFILE_VND_AIT_HF_CARDIO_EBIKE_CONFIG<a name="kiola-measurement-cs-MDC_DEV_SPEC_PROFILE_VND_AIT_HF_CARDIO_EBIKE_CONFIG"> </a></td><td>Cardio Ebike configuration</td></tr><tr><td style="white-space:nowrap">MDC_DEV_SPEC_PROFILE_VND_AIT_HF_CARDIO_EBIKE_RESULT<a name="kiola-measurement-cs-MDC_DEV_SPEC_PROFILE_VND_AIT_HF_CARDIO_EBIKE_RESULT"> </a></td><td>Cardio Ebike measurement</td></tr><tr><td style="white-space:nowrap">MDC_DEV_SPEC_PROFILE_VND_AIT_HF_CARDIO_ERGO_CONFIG<a name="kiola-measurement-cs-MDC_DEV_SPEC_PROFILE_VND_AIT_HF_CARDIO_ERGO_CONFIG"> </a></td><td>Cardio Ergo configuration</td></tr><tr><td style="white-space:nowrap">MDC_DEV_SPEC_PROFILE_VND_AIT_HF_CARDIO_ERGO_RESULT<a name="kiola-measurement-cs-MDC_DEV_SPEC_PROFILE_VND_AIT_HF_CARDIO_ERGO_RESULT"> </a></td><td>Cardio Ergo measurement</td></tr><tr><td style="white-space:nowrap">MDC_DEV_SPEC_PROFILE_VND_AIT_MED_DAILY_DOSE_COUMADIN_V1<a name="kiola-measurement-cs-MDC_DEV_SPEC_PROFILE_VND_AIT_MED_DAILY_DOSE_COUMADIN_V1"> </a></td><td>Daily medication measurement of Coumadin</td></tr><tr><td style="white-space:nowrap">MDC_DEV_SPEC_PROFILE_VND_AIT_MED_DAILY_DOSE_FALITHROM_V1<a name="kiola-measurement-cs-MDC_DEV_SPEC_PROFILE_VND_AIT_MED_DAILY_DOSE_FALITHROM_V1"> </a></td><td>Daily medication measurement of Falithrom</td></tr><tr><td style="white-space:nowrap">MDC_DEV_SPEC_PROFILE_VND_AIT_MED_DAILY_DOSE_MARCUMAR_V1<a name="kiola-measurement-cs-MDC_DEV_SPEC_PROFILE_VND_AIT_MED_DAILY_DOSE_MARCUMAR_V1"> </a></td><td>Daily medication measurement of Marcumar</td></tr><tr><td style="white-space:nowrap">MDC_DEV_SPEC_PROFILE_VND_AIT_PAIN_RANGE<a name="kiola-measurement-cs-MDC_DEV_SPEC_PROFILE_VND_AIT_PAIN_RANGE"> </a></td><td>Subjective pain range measurement</td></tr><tr><td style="white-space:nowrap">MDC_DEV_SPEC_PROFILE_VND_AIT_Q_COVID19_V1<a name="kiola-measurement-cs-MDC_DEV_SPEC_PROFILE_VND_AIT_Q_COVID19_V1"> </a></td><td>Covid symptom measurement</td></tr><tr><td style="white-space:nowrap">MDC_DEV_SPEC_PROFILE_VND_AIT_SLEEPSEQUENCE<a name="kiola-measurement-cs-MDC_DEV_SPEC_PROFILE_VND_AIT_SLEEPSEQUENCE"> </a></td><td>Sleepsequence measurement</td></tr><tr><td style="white-space:nowrap">MDC_DEV_SPEC_PROFILE_VND_AIT_STEPSEQUENCE<a name="kiola-measurement-cs-MDC_DEV_SPEC_PROFILE_VND_AIT_STEPSEQUENCE"> </a></td><td>Stepsequence measurement</td></tr><tr><td style="white-space:nowrap">MDC_DEV_SPEC_PROFILE_VND_AIT_WELLBEING<a name="kiola-measurement-cs-MDC_DEV_SPEC_PROFILE_VND_AIT_WELLBEING"> </a></td><td>Subjective wellbeing measurement</td></tr><tr><td style="white-space:nowrap">MDC_DEV_SPEC_PROFILE_VND_AIT_GENERIC_QUESTIONNAIRE_0_V1<a name="kiola-measurement-cs-MDC_DEV_SPEC_PROFILE_VND_AIT_GENERIC_QUESTIONNAIRE_0_V1"> </a></td><td>Generic Questionnaire 0 measurement</td></tr><tr><td style="white-space:nowrap">MDC_DEV_SPEC_PROFILE_VND_AIT_GENERIC_QUESTIONNAIRE_1_V1<a name="kiola-measurement-cs-MDC_DEV_SPEC_PROFILE_VND_AIT_GENERIC_QUESTIONNAIRE_1_V1"> </a></td><td>Generic Questionnaire 1 measurement</td></tr><tr><td style="white-space:nowrap">MDC_DEV_SPEC_PROFILE_VND_AIT_GENERIC_QUESTIONNAIRE_2_V1<a name="kiola-measurement-cs-MDC_DEV_SPEC_PROFILE_VND_AIT_GENERIC_QUESTIONNAIRE_2_V1"> </a></td><td>Generic Questionnaire 2 measurement</td></tr><tr><td style="white-space:nowrap">MDC_DEV_SPEC_PROFILE_VND_AIT_GENERIC_QUESTIONNAIRE_3_V1<a name="kiola-measurement-cs-MDC_DEV_SPEC_PROFILE_VND_AIT_GENERIC_QUESTIONNAIRE_3_V1"> </a></td><td>Generic Questionnaire 3 measurement</td></tr><tr><td style="white-space:nowrap">MDC_DEV_SPEC_PROFILE_VND_AIT_GENERIC_QUESTIONNAIRE_4_V1<a name="kiola-measurement-cs-MDC_DEV_SPEC_PROFILE_VND_AIT_GENERIC_QUESTIONNAIRE_4_V1"> </a></td><td>Generic Questionnaire 4 measurement</td></tr><tr><td style="white-space:nowrap">MDC_DEV_SPEC_PROFILE_VND_AIT_GENERIC_QUESTIONNAIRE_5_V1<a name="kiola-measurement-cs-MDC_DEV_SPEC_PROFILE_VND_AIT_GENERIC_QUESTIONNAIRE_5_V1"> </a></td><td>Generic Questionnaire 5 measurement</td></tr><tr><td style="white-space:nowrap">MDC_DEV_SPEC_PROFILE_VND_AIT_GENERIC_QUESTIONNAIRE_6_V1<a name="kiola-measurement-cs-MDC_DEV_SPEC_PROFILE_VND_AIT_GENERIC_QUESTIONNAIRE_6_V1"> </a></td><td>Generic Questionnaire 6 measurement</td></tr><tr><td style="white-space:nowrap">MDC_DEV_SPEC_PROFILE_VND_AIT_GENERIC_QUESTIONNAIRE_7_V1<a name="kiola-measurement-cs-MDC_DEV_SPEC_PROFILE_VND_AIT_GENERIC_QUESTIONNAIRE_7_V1"> </a></td><td>Generic Questionnaire 7 measurement</td></tr><tr><td style="white-space:nowrap">MDC_DEV_SPEC_PROFILE_VND_AIT_GENERIC_QUESTIONNAIRE_8_V1<a name="kiola-measurement-cs-MDC_DEV_SPEC_PROFILE_VND_AIT_GENERIC_QUESTIONNAIRE_8_V1"> </a></td><td>Generic Questionnaire 8 measurement</td></tr><tr><td style="white-space:nowrap">MDC_DEV_SPEC_PROFILE_VND_AIT_GENERIC_QUESTIONNAIRE_9_V1<a name="kiola-measurement-cs-MDC_DEV_SPEC_PROFILE_VND_AIT_GENERIC_QUESTIONNAIRE_9_V1"> </a></td><td>Generic Questionnaire 9 measurement</td></tr><tr><td style="white-space:nowrap">MDC_DEV_SPEC_PROFILE_VND_AIT_NOTE<a name="kiola-measurement-cs-MDC_DEV_SPEC_PROFILE_VND_AIT_NOTE"> </a></td><td>Note entry</td></tr><tr><td style="white-space:nowrap">MDC_DEV_SPEC_PROFILE_VND_AIT_STEPCOUNTER<a name="kiola-measurement-cs-MDC_DEV_SPEC_PROFILE_VND_AIT_STEPCOUNTER"> </a></td><td>Step counter measurement</td></tr><tr><td style="white-space:nowrap">MDC_DEV_SPEC_PROFILE_VND_AIT_PAIN_CURRENT<a name="kiola-measurement-cs-MDC_DEV_SPEC_PROFILE_VND_AIT_PAIN_CURRENT"> </a></td><td>Subjective pain measurement</td></tr><tr><td style="white-space:nowrap">MDC_DEV_SPEC_PROFILE_VND_AIT_WOUND<a name="kiola-measurement-cs-MDC_DEV_SPEC_PROFILE_VND_AIT_WOUND"> </a></td><td>Wound measurement</td></tr><tr><td style="white-space:nowrap">MDC_DEV_SPEC_PROFILE_VND_AIT_WOUND_ASSESSMENT<a name="kiola-measurement-cs-MDC_DEV_SPEC_PROFILE_VND_AIT_WOUND_ASSESSMENT"> </a></td><td>Wound assessment measurement</td></tr><tr><td style="white-space:nowrap">MDC_DEV_SPEC_PROFILE_VND_AIT_SMWT<a name="kiola-measurement-cs-MDC_DEV_SPEC_PROFILE_VND_AIT_SMWT"> </a></td><td>6-Minute-Walk-Test measurement</td></tr><tr><td style="white-space:nowrap">MDC_VND_AIT_Q_PHYS_VISIT_V1<a name="kiola-measurement-cs-MDC_VND_AIT_Q_PHYS_VISIT_V1"> </a></td><td>Physician Visit Questionnaire</td></tr><tr><td style="white-space:nowrap">MDC_VND_AIT_Q_MED_V1<a name="kiola-measurement-cs-MDC_VND_AIT_Q_MED_V1"> </a></td><td>Medication taken Questionnaire</td></tr><tr><td style="white-space:nowrap">MDC_DEV_SPEC_PROFILE_VND_AIT_GTM_EKG<a name="kiola-measurement-cs-MDC_DEV_SPEC_PROFILE_VND_AIT_GTM_EKG"> </a></td><td>Getemed ECG measurement</td></tr><tr><td style="white-space:nowrap">MDC_DEV_SPEC_PROFILE_VND_AIT_FHIR_DIAGNOSTIC_REPORT<a name="kiola-measurement-cs-MDC_DEV_SPEC_PROFILE_VND_AIT_FHIR_DIAGNOSTIC_REPORT"> </a></td><td>FHIR Diagnostic report</td></tr></table></div>
  </text>
  <url value="https://fhir.ehealth-systems.at/kiola/measurement"/>
  <version value="0.1.0"/>
  <name value="KIOLAMeasurementCS"/>
  <title value="KIOLA Measurement Codes"/>
  <status value="active"/>
  <date value="2024-03-11T08:55:33+00:00"/>
  <contact>
    <name value="AIT Austrian Institute of Technology"/>
    <telecom>
      <system value="email"/>
      <value value="mailto:office@ait.ac.at"/>
    </telecom>
  </contact>
  <description value="Types of vital data measurements that can be transmitted to a KIOLA system. The naming is derived from MDC display names of devices from the ISO/IEEE 11073 standard."/>
  <content value="complete"/>
  <count value="42"/>
  <concept>
    <code value="MDC_DEV_SPEC_PROFILE_GLUCOSE"/>
    <display value="Blood glucose measurement"/>
  </concept>
  <concept>
    <code value="MDC_DEV_SPEC_PROFILE_BP"/>
    <display value="Blood pressure measurement"/>
  </concept>
  <concept>
    <code value="MDC_DEV_SPEC_PROFILE_INR"/>
    <display value="Measurement of INR"/>
  </concept>
  <concept>
    <code value="MDC_DEV_SPEC_PROFILE_PULS_OXIM"/>
    <display value="Blood oximeter measurement"/>
  </concept>
  <concept>
    <code value="MDC_DEV_SPEC_PROFILE_SCALE"/>
    <display value="Body weight measurement"/>
  </concept>
  <concept>
    <code value="MDC_DEV_SPEC_PROFILE_SPIRO"/>
    <display value="Spirometry measurement"/>
  </concept>
  <concept>
    <code value="MDC_DEV_SPEC_PROFILE_TEMP"/>
    <display value="Measurement of temperature"/>
  </concept>
  <concept>
    <code value="MDC_DEV_SPEC_PROFILE_VND_AIT_ACTIVITY"/>
    <display value="Activity measurement"/>
  </concept>
  <concept>
    <code value="MDC_DEV_SPEC_PROFILE_VND_AIT_COMMENT"/>
    <display value="Comment entry"/>
  </concept>
  <concept>
    <code value="MDC_DEV_SPEC_PROFILE_VND_AIT_GLUCOSE_SUPPL_V1"/>
    <display value="Blood glucose supplemental data measurement"/>
  </concept>
  <concept>
    <code value="MDC_DEV_SPEC_PROFILE_VND_AIT_HF_CARDIO_EBIKE_CONFIG"/>
    <display value="Cardio Ebike configuration"/>
  </concept>
  <concept>
    <code value="MDC_DEV_SPEC_PROFILE_VND_AIT_HF_CARDIO_EBIKE_RESULT"/>
    <display value="Cardio Ebike measurement"/>
  </concept>
  <concept>
    <code value="MDC_DEV_SPEC_PROFILE_VND_AIT_HF_CARDIO_ERGO_CONFIG"/>
    <display value="Cardio Ergo configuration"/>
  </concept>
  <concept>
    <code value="MDC_DEV_SPEC_PROFILE_VND_AIT_HF_CARDIO_ERGO_RESULT"/>
    <display value="Cardio Ergo measurement"/>
  </concept>
  <concept>
    <code value="MDC_DEV_SPEC_PROFILE_VND_AIT_MED_DAILY_DOSE_COUMADIN_V1"/>
    <display value="Daily medication measurement of Coumadin"/>
  </concept>
  <concept>
    <code value="MDC_DEV_SPEC_PROFILE_VND_AIT_MED_DAILY_DOSE_FALITHROM_V1"/>
    <display value="Daily medication measurement of Falithrom"/>
  </concept>
  <concept>
    <code value="MDC_DEV_SPEC_PROFILE_VND_AIT_MED_DAILY_DOSE_MARCUMAR_V1"/>
    <display value="Daily medication measurement of Marcumar"/>
  </concept>
  <concept>
    <code value="MDC_DEV_SPEC_PROFILE_VND_AIT_PAIN_RANGE"/>
    <display value="Subjective pain range measurement"/>
  </concept>
  <concept>
    <code value="MDC_DEV_SPEC_PROFILE_VND_AIT_Q_COVID19_V1"/>
    <display value="Covid symptom measurement"/>
  </concept>
  <concept>
    <code value="MDC_DEV_SPEC_PROFILE_VND_AIT_SLEEPSEQUENCE"/>
    <display value="Sleepsequence measurement"/>
  </concept>
  <concept>
    <code value="MDC_DEV_SPEC_PROFILE_VND_AIT_STEPSEQUENCE"/>
    <display value="Stepsequence measurement"/>
  </concept>
  <concept>
    <code value="MDC_DEV_SPEC_PROFILE_VND_AIT_WELLBEING"/>
    <display value="Subjective wellbeing measurement"/>
  </concept>
  <concept>
    <code value="MDC_DEV_SPEC_PROFILE_VND_AIT_GENERIC_QUESTIONNAIRE_0_V1"/>
    <display value="Generic Questionnaire 0 measurement"/>
  </concept>
  <concept>
    <code value="MDC_DEV_SPEC_PROFILE_VND_AIT_GENERIC_QUESTIONNAIRE_1_V1"/>
    <display value="Generic Questionnaire 1 measurement"/>
  </concept>
  <concept>
    <code value="MDC_DEV_SPEC_PROFILE_VND_AIT_GENERIC_QUESTIONNAIRE_2_V1"/>
    <display value="Generic Questionnaire 2 measurement"/>
  </concept>
  <concept>
    <code value="MDC_DEV_SPEC_PROFILE_VND_AIT_GENERIC_QUESTIONNAIRE_3_V1"/>
    <display value="Generic Questionnaire 3 measurement"/>
  </concept>
  <concept>
    <code value="MDC_DEV_SPEC_PROFILE_VND_AIT_GENERIC_QUESTIONNAIRE_4_V1"/>
    <display value="Generic Questionnaire 4 measurement"/>
  </concept>
  <concept>
    <code value="MDC_DEV_SPEC_PROFILE_VND_AIT_GENERIC_QUESTIONNAIRE_5_V1"/>
    <display value="Generic Questionnaire 5 measurement"/>
  </concept>
  <concept>
    <code value="MDC_DEV_SPEC_PROFILE_VND_AIT_GENERIC_QUESTIONNAIRE_6_V1"/>
    <display value="Generic Questionnaire 6 measurement"/>
  </concept>
  <concept>
    <code value="MDC_DEV_SPEC_PROFILE_VND_AIT_GENERIC_QUESTIONNAIRE_7_V1"/>
    <display value="Generic Questionnaire 7 measurement"/>
  </concept>
  <concept>
    <code value="MDC_DEV_SPEC_PROFILE_VND_AIT_GENERIC_QUESTIONNAIRE_8_V1"/>
    <display value="Generic Questionnaire 8 measurement"/>
  </concept>
  <concept>
    <code value="MDC_DEV_SPEC_PROFILE_VND_AIT_GENERIC_QUESTIONNAIRE_9_V1"/>
    <display value="Generic Questionnaire 9 measurement"/>
  </concept>
  <concept>
    <code value="MDC_DEV_SPEC_PROFILE_VND_AIT_NOTE"/>
    <display value="Note entry"/>
  </concept>
  <concept>
    <code value="MDC_DEV_SPEC_PROFILE_VND_AIT_STEPCOUNTER"/>
    <display value="Step counter measurement"/>
  </concept>
  <concept>
    <code value="MDC_DEV_SPEC_PROFILE_VND_AIT_PAIN_CURRENT"/>
    <display value="Subjective pain measurement"/>
  </concept>
  <concept>
    <code value="MDC_DEV_SPEC_PROFILE_VND_AIT_WOUND"/>
    <display value="Wound measurement"/>
  </concept>
  <concept>
    <code value="MDC_DEV_SPEC_PROFILE_VND_AIT_WOUND_ASSESSMENT"/>
    <display value="Wound assessment measurement"/>
  </concept>
  <concept>
    <code value="MDC_DEV_SPEC_PROFILE_VND_AIT_SMWT"/>
    <display value="6-Minute-Walk-Test measurement"/>
  </concept>
  <concept>
    <code value="MDC_VND_AIT_Q_PHYS_VISIT_V1"/>
    <display value="Physician Visit Questionnaire"/>
  </concept>
  <concept>
    <code value="MDC_VND_AIT_Q_MED_V1"/>
    <display value="Medication taken Questionnaire"/>
  </concept>
  <concept>
    <code value="MDC_DEV_SPEC_PROFILE_VND_AIT_GTM_EKG"/>
    <display value="Getemed ECG measurement"/>
  </concept>
  <concept>
    <code value="MDC_DEV_SPEC_PROFILE_VND_AIT_FHIR_DIAGNOSTIC_REPORT"/>
    <display value="FHIR Diagnostic report"/>
  </concept>
</CodeSystem>