<?xml version="1.0" encoding="UTF-8"?>

<PlanDefinition xmlns="http://hl7.org/fhir">
  <id value="kiola-standard-treatment-plan-simple-example"/>
  <meta>
    <profile value="https://fhir.ehealth-systems.at/artifacts/StructureDefinition/kiola-standard-treatment-plan"/>
  </meta>
  <text>
    <status value="generated"/><div xmlns="http://www.w3.org/1999/xhtml"><p><b>Generated Narrative: PlanDefinition</b><a name="kiola-standard-treatment-plan-simple-example"> </a><a name="hckiola-standard-treatment-plan-simple-example"> </a></p><div style="display: inline-block; background-color: #d9e0e7; padding: 6px; margin: 4px; border: 1px solid #8da1b4; border-radius: 5px; line-height: 60%"><p style="margin-bottom: 0px">Resource PlanDefinition &quot;kiola-standard-treatment-plan-simple-example&quot; </p><p style="margin-bottom: 0px">Profile: <a href="StructureDefinition-kiola-standard-treatment-plan.html">KIOLA Standard Treatment Plan</a></p></div><p><b>url</b>: <code>https://fhir.ehealth-systems.at/artifacts/PlanDefinition/SimpleExample</code></p><p><b>version</b>: 0.1.0</p><p><b>name</b>: SimpleExample</p><p><b>title</b>: Simple Example</p><p><b>status</b>: active</p><p><b>date</b>: 2024-04-27 13:32:49+0000</p><p><b>contact</b>: AIT Austrian Institute of Technology: <a href="mailto:mailto:office@ait.ac.at">mailto:office@ait.ac.at</a></p><blockquote><p><b>action</b></p><p><b>title</b>: Measurement Blood Pressure</p><p><b>definition</b>: <a href="ActivityDefinition-mdc-dev-spec-profile-bp.html">Blood pressure measurement</a></p></blockquote><blockquote><p><b>action</b></p><p><b>title</b>: Measurement Weight</p><p><b>definition</b>: <a href="ActivityDefinition-mdc-dev-spec-profile-scale.html">Body weight measurement</a></p></blockquote><blockquote><p><b>action</b></p><p><b>title</b>: Measurement Wellbeing</p><p><b>definition</b>: <a href="ActivityDefinition-mdc-dev-spec-profile-vnd-ait-wellbeing.html">Subjective wellbeing measurement</a></p></blockquote></div>
  </text>
  <url value="https://fhir.ehealth-systems.at/artifacts/PlanDefinition/SimpleExample"/>
  <version value="0.1.0"/>
  <name value="SimpleExample"/>
  <title value="Simple Example"/>
  <status value="active"/>
  <date value="2024-04-27T13:32:49+00:00"/>
  <contact>
    <name value="AIT Austrian Institute of Technology"/>
    <telecom>
      <system value="email"/>
      <value value="mailto:office@ait.ac.at"/>
    </telecom>
  </contact>
  <action>
    <title value="Measurement Blood Pressure"/>
    <definitionCanonical value="https://fhir.ehealth-systems.at/artifacts/ActivityDefinition/mdc-dev-spec-profile-bp"/>
  </action>
  <action>
    <title value="Measurement Weight"/>
    <definitionCanonical value="https://fhir.ehealth-systems.at/artifacts/ActivityDefinition/mdc-dev-spec-profile-scale"/>
  </action>
  <action>
    <title value="Measurement Wellbeing"/>
    <definitionCanonical value="https://fhir.ehealth-systems.at/artifacts/ActivityDefinition/mdc-dev-spec-profile-vnd-ait-wellbeing"/>
  </action>
</PlanDefinition>