<?xml version="1.0" encoding="UTF-8"?>

<SearchParameter xmlns="http://hl7.org/fhir">
  <id value="care-plan-subject-identifier-parameter"/>
  <text>
    <status value="generated"/><div xmlns="http://www.w3.org/1999/xhtml"><h2>CarePlanSubjectIdentifierParameter</h2><p>Parameter <code>subject__identifier</code>:<code>token</code></p><div><p>Returns care plans of subjects with a matching identifier</p>
</div><table class="grid"><tr><td>Resource</td><td><a href="http://hl7.org/fhir/R4B/careplan.html">CarePlan</a></td></tr><tr><td>Expression</td><td><code>CarePlan.subject.identifier.value</code></td></tr><tr><td>Multiples</td><td><ul><li>multipleAnd: It's up to the server whether the parameter may repeat in order to specify multiple values that must all be true</li><li>multipleOr: It's up to the server whether the parameter can have multiple values (separated by comma) where at least one must be true</li></ul></td></tr></table></div>
  </text>
  <url value="https://fhir.ehealth-systems.at/artifacts/SearchParameter/care-plan-subject-identifier-parameter"/>
  <version value="0.1.0"/>
  <name value="CarePlanSubjectIdentifierParameter"/>
  <status value="active"/>
  <date value="2024-04-27T13:32:49+00:00"/>
  <contact>
    <name value="AIT Austrian Institute of Technology"/>
    <telecom>
      <system value="email"/>
      <value value="mailto:office@ait.ac.at"/>
    </telecom>
  </contact>
  <description value="Returns care plans of subjects with a matching identifier"/>
  <code value="subject__identifier"/>
  <base value="CarePlan"/>
  <type value="token"/>
  <expression value="CarePlan.subject.identifier.value"/>
</SearchParameter>