<?xml version="1.0" encoding="UTF-8"?>

<ValueSet xmlns="http://hl7.org/fhir">
  <id value="KIOLAMeasurementAutomaticTransmissionProperties"/>
  <text>
    <status value="extensions"/><div xmlns="http://www.w3.org/1999/xhtml"><p>This value set includes codes based on the following rules:</p><ul><li>Include codes from <a href="CodeSystem-kiola-mdc-cs.html"><code>https://fhir.ehealth-systems.at/kiola/device/AIT-11073</code></a> where concept  is-a  <a href="CodeSystem-kiola-mdc-cs.html#kiola-mdc-cs-MDC_PROPERTY">MDC_PROPERTY</a></li></ul><p>This value set excludes codes based on the following rules:</p><ul><li>Exclude these codes as defined in <a href="CodeSystem-kiola-mdc-cs.html"><code>https://fhir.ehealth-systems.at/kiola/device/AIT-11073</code></a><table class="none"><tr><td style="white-space:nowrap"><b>Code</b></td><td><b>Display</b></td><td><b>Definition</b></td></tr><tr><td><a href="CodeSystem-kiola-mdc-cs.html#kiola-mdc-cs-MDC_PROPERTY">MDC_PROPERTY</a></td><td style="color: #cccccc">KIOLA device property</td><td>A property of a KIOLA measurement device. Used to describe fields of a specific measurement.</td></tr></table></li></ul></div>
  </text>
  <url value="https://fhir.ehealth-systems.at/artifacts/ValueSet/KIOLAMeasurementAutomaticTransmissionProperties"/>
  <version value="0.1.0"/>
  <name value="KIOLAMeasurementAutomaticTransmissionProperties"/>
  <title value="KIOLA Automatic Transmission Measurement Device Properties"/>
  <status value="active"/>
  <date value="2024-04-27T13:32:49+00:00"/>
  <contact>
    <name value="AIT Austrian Institute of Technology"/>
    <telecom>
      <system value="email"/>
      <value value="mailto:office@ait.ac.at"/>
    </telecom>
  </contact>
  <description value="Properties of automatic transmission devices."/>
  <compose>
    <include>
      <system value="https://fhir.ehealth-systems.at/kiola/device/AIT-11073"/>
      <filter>
        <property value="concept"/>
        <op value="is-a"/>
        <value value="MDC_PROPERTY"/>
      </filter>
    </include>
    <exclude>
      <system value="https://fhir.ehealth-systems.at/kiola/device/AIT-11073"/>
      <concept>
        <code value="MDC_PROPERTY"/>
      </concept>
    </exclude>
  </compose>
</ValueSet>