Source File	Size	loadResources	load-configure	scan	loadDepInfo	loadInfo	load	generateSnapshots	checkR4R4B	generateNarratives	validate	loadLists	checkConformanceResources	checkConformanceResources2	checkConformanceResources3	generateLogicalMaps	validateExpressions	scanForUsageStats	checkURLsUnique	processProvenanceDetails	generate1	generate2	responsesForQuestionnaire	generateLogicals	makeDependencies	generateExampleZip	generateValidationPack	scanProfilesForR5	scanExamplesForR5
/fsh-generated/resources/ImplementationGuide-fhir.example.json	44676	-	0	0	0	0	0	0	7	279	0	0	0	0	0	0	0	1	0	0	141	284	0	0	0	0	6	0	1
fsh-generated/resources/Account-Test1Account.json	936	10	0	0	0	0	0	0	0	420	0	0	0	0	0	0	0	0	0	0	9	21	0	0	0	0	0	0	0
fsh-generated/resources/Account-Test2Account.json	1182	6	0	0	0	0	0	0	0	3	0	0	0	0	0	0	0	0	0	0	9	11	0	0	0	0	0	0	0
fsh-generated/resources/Condition-Test1Condition1.json	1325	6	0	0	0	0	0	0	0	247	0	0	0	0	0	0	0	1	0	0	9	18	0	0	0	0	0	0	1
fsh-generated/resources/Condition-Test2Condition1.json	1396	6	0	0	0	0	0	0	0	3	0	0	0	0	0	0	0	0	0	0	11	13	0	0	0	0	0	0	0
fsh-generated/resources/Condition-Test2Condition2.json	1449	4	0	0	0	0	0	0	0	2	0	0	0	0	0	0	0	0	0	0	9	13	0	0	0	0	0	0	0
fsh-generated/resources/Coverage-Test1MOPEDCoverage.json	707	6	0	0	0	0	0	0	0	81	0	0	0	0	0	0	0	0	0	0	8	13	0	0	0	0	0	0	0
fsh-generated/resources/Coverage-Test2MOPEDCoverage.json	706	5	0	0	0	0	0	0	0	3	0	0	0	0	0	0	0	0	0	0	7	11	0	0	0	0	0	0	0
fsh-generated/resources/CoverageEligibilityRequest-Test1MOPEDCoverageEligibilityRequest1.json	990	6	0	0	0	0	0	0	0	79	0	0	0	0	0	0	0	0	0	0	12	10	0	0	0	0	0	0	0
fsh-generated/resources/CoverageEligibilityRequest-Test2MOPEDCoverageEligibilityRequest1.json	861	4	0	0	0	0	0	0	0	3	0	0	0	0	0	0	0	0	0	0	9	8	0	0	0	0	0	0	0
fsh-generated/resources/CoverageEligibilityResponse-Test1MOPEDCoverageEligibilityResponse1.json	1483	6	0	0	0	0	0	0	1	155	0	0	0	0	0	0	0	0	0	0	10	9	0	0	0	0	0	0	0
fsh-generated/resources/CoverageEligibilityResponse-Test2MOPEDCoverageEligibilityResponse1.json	1483	4	0	0	0	0	0	0	0	4	0	0	0	0	0	0	0	0	0	0	11	11	0	0	0	0	0	0	0
fsh-generated/resources/Encounter-Test1MOPEDEncounter.json	2375	7	0	0	0	0	0	0	0	168	0	0	0	0	0	0	0	0	0	0	12	16	0	0	0	0	0	0	0
fsh-generated/resources/Encounter-Test1MOPEDEncounterBasis.json	2611	5	0	0	0	0	0	0	0	6	0	0	0	0	0	0	0	0	0	0	10	18	0	0	0	0	0	0	0
fsh-generated/resources/Encounter-Test1MOPEDEncounterBund.json	1834	3	0	0	0	0	0	0	0	4	0	0	0	0	0	0	0	0	0	0	9	13	0	0	0	0	0	0	0
fsh-generated/resources/Encounter-Test1MOPEDEncounterLGF.json	1805	5	0	0	0	0	0	0	0	3	0	0	0	0	0	0	0	0	0	0	10	14	0	0	0	0	0	0	0
fsh-generated/resources/Encounter-Test1MOPEDEncounterSV.json	1694	3	0	0	0	0	0	0	0	3	0	0	0	0	0	0	0	0	0	0	10	14	0	0	0	0	0	0	0
fsh-generated/resources/Encounter-Test1TransferEncounter1.json	793	2	0	0	0	0	0	0	0	3	0	0	0	0	0	0	0	0	0	0	8	10	0	0	0	0	0	0	0
fsh-generated/resources/Encounter-Test2MOPEDEncounter1.json	2966	3	0	0	0	0	0	0	0	78	0	0	0	0	0	0	0	0	0	0	13	10	0	0	0	0	0	0	0
fsh-generated/resources/Encounter-Test2TransferEncounter1.json	794	4	0	0	0	0	0	0	0	4	0	0	0	0	0	0	0	0	0	0	10	8	0	0	0	0	0	0	0
fsh-generated/resources/Encounter-Test2TransferEncounter2.json	1024	3	1	0	0	0	0	0	0	86	0	0	0	0	0	0	0	0	0	0	8	7	0	0	0	0	0	0	0
fsh-generated/resources/Encounter-Test2TransferEncounter3.json	834	3	0	0	0	0	0	0	1	3	0	0	0	0	0	0	0	0	0	0	12	8	0	0	0	0	0	0	0
fsh-generated/resources/Encounter-Test2TransferEncounter4.json	794	2	0	0	0	0	0	0	0	2	0	0	0	0	0	0	0	0	0	0	8	11	0	0	0	0	0	0	0
fsh-generated/resources/Encounter-Test2TransferEncounter5.json	794	3	0	0	0	0	0	0	0	3	0	0	0	0	0	0	0	0	0	0	9	13	0	0	0	0	0	0	0
fsh-generated/resources/OperationDefinition-MOPED.ClaimResponse.Auffordern.json	3283	6	0	0	0	0	0	0	0	25	0	0	0	0	0	0	0	0	0	0	20	10	0	0	0	0	1	0	0
fsh-generated/resources/OperationDefinition-MOPED.ClaimResponse.Freigeben.json	3081	3	0	0	0	0	0	0	0	5	0	0	0	0	0	0	0	0	0	0	18	8	0	0	0	0	1	0	0
fsh-generated/resources/OperationDefinition-MOPED.CoverageEligibilityRequest.Anfragen.json	5620	3	0	0	0	0	0	0	0	8	0	0	0	0	0	0	0	0	0	0	20	7	0	0	0	0	0	0	0
fsh-generated/resources/OperationDefinition-MOPED.CoverageEligibilityResponse.Beantworten.json	2405	3	0	0	0	0	0	0	0	4	0	0	0	0	0	0	0	0	0	0	12	5	0	0	0	0	1	0	0
fsh-generated/resources/OperationDefinition-MOPED.Encounter.Abrechnen.json	4439	3	0	0	0	0	0	0	0	6	0	0	0	0	0	0	0	0	0	0	17	7	0	0	0	0	0	0	0
fsh-generated/resources/OperationDefinition-MOPED.Encounter.erfassen.json	4194	3	0	0	0	0	0	0	0	6	0	0	0	0	0	0	0	1	0	0	17	6	0	0	0	0	1	0	0
fsh-generated/resources/OperationDefinition-MOPED.Patient.Aufnehmen.json	9554	4	1	0	0	0	0	0	0	11	0	0	0	0	0	0	0	0	0	0	28	8	0	0	0	0	1	0	0
fsh-generated/resources/OperationDefinition-MOPED.Patient.Beurlauben.json	1834	2	0	0	0	0	0	0	1	5	0	0	0	0	0	0	0	0	0	0	14	6	0	0	0	0	0	0	0
fsh-generated/resources/OperationDefinition-MOPED.Patient.Entlassen.json	5704	3	0	0	0	0	0	0	0	14	0	0	0	0	0	0	0	0	0	0	20	7	0	0	0	0	1	0	0
fsh-generated/resources/OperationDefinition-MOPED.Patient.Verlegen.json	7697	3	0	0	0	0	0	0	0	9	0	0	0	0	0	0	0	0	0	0	23	7	0	0	0	0	1	0	0
fsh-generated/resources/Organization-Test1OrganizationAbteilung1.json	1157	4	0	0	0	0	0	0	0	74	0	0	0	0	0	0	0	0	0	0	9	7	0	0	0	0	0	0	0
fsh-generated/resources/Organization-Test1OrganizationHerzJesuKrankenhaus.json	1316	3	0	0	0	0	0	0	0	1	0	0	0	0	0	0	0	0	0	0	9	4	0	0	0	0	0	0	0
fsh-generated/resources/Organization-Test1OrganizationInsurance1.json	959	2	0	0	0	0	0	0	0	1	0	0	0	0	0	0	0	0	0	0	8	4	0	0	0	0	0	0	0
fsh-generated/resources/Organization-Test1OrganizationUeberweisendeOrganisation.json	420	3	0	0	0	0	0	0	0	0	0	0	0	0	0	0	0	0	0	0	7	5	0	0	0	0	0	0	0
fsh-generated/resources/Organization-Test2OrganizationAbteilung1.json	495	3	0	0	0	0	0	0	0	1	0	0	0	0	0	0	0	0	0	0	8	6	0	0	0	0	0	0	0
fsh-generated/resources/Organization-Test2OrganizationAbteilung2.json	495	3	0	0	0	0	0	0	0	0	0	0	0	0	0	0	0	0	0	0	8	6	0	0	0	0	0	0	0
fsh-generated/resources/Organization-Test2OrganizationAbteilung3.json	495	2	0	0	0	1	0	0	0	1	0	0	0	0	0	0	0	0	0	0	8	6	0	0	0	0	0	0	0
fsh-generated/resources/Organization-Test2OrganizationAbteilung4.json	495	3	0	0	0	0	0	0	0	0	0	0	0	0	0	0	0	0	0	0	7	5	0	0	0	0	0	0	0
fsh-generated/resources/Organization-Test2OrganizationInsurance1.json	967	2	0	0	0	0	0	0	0	1	0	0	0	0	0	0	0	0	0	0	8	5	0	0	0	0	0	0	0
fsh-generated/resources/Organization-Test2OrganizationKrankenhausRied.json	1395	3	0	0	0	0	0	0	0	1	0	0	0	0	0	0	0	0	0	0	8	5	0	0	0	0	0	0	0
fsh-generated/resources/Organization-Test2OrganizationUeberweisendeOrganisation.json	329	2	0	0	0	0	0	0	0	0	0	0	0	0	0	0	0	0	0	0	7	4	0	0	0	0	0	0	0
fsh-generated/resources/Patient-Test1Patient.json	1445	6	0	0	0	0	0	0	0	1	0	0	0	0	0	0	0	0	0	0	9	6	0	0	0	0	0	0	0
fsh-generated/resources/Patient-Test1PatientBund.json	1230	4	0	0	0	0	0	0	0	1	0	0	0	0	0	0	0	0	0	0	7	5	0	0	0	0	0	0	0
fsh-generated/resources/Patient-Test1PatientLGF.json	1257	4	0	0	0	0	0	0	1	0	0	0	0	0	0	0	0	0	0	0	7	4	0	0	0	0	0	0	0
fsh-generated/resources/Patient-Test1PatientOhneMaskierung.json	2058	3	0	0	0	0	0	0	0	1	0	0	0	0	0	0	0	0	0	0	9	6	0	0	0	0	0	0	0
fsh-generated/resources/Patient-Test1PatientSV.json	1818	3	0	0	0	0	0	0	0	0	0	0	0	0	0	0	0	0	0	0	8	5	0	0	0	0	0	0	0
fsh-generated/resources/Patient-Test2Patient.json	1462	2	0	0	0	0	0	0	0	1	0	0	0	0	0	0	0	0	0	0	8	5	0	0	0	0	0	0	0
fsh-generated/resources/Procedure-Test2Procedure1.json	1089	4	1	0	0	0	0	0	0	78	0	0	0	0	0	0	0	0	0	0	8	8	0	0	0	0	0	0	0
fsh-generated/resources/Questionnaire-SAPS3Questionnaire.json	39846	11	0	0	0	0	0	0	1	61	0	0	0	0	0	0	0	0	0	0	192	98	0	0	0	0	7	0	0
fsh-generated/resources/Questionnaire-ka-statistik-k03.json	3923	3	0	0	0	0	0	0	1	12	0	0	0	0	0	0	0	0	0	0	58	26	0	0	0	0	2	0	1
fsh-generated/resources/Questionnaire-ka-statistik-k05.json	2311	3	0	0	0	0	0	0	0	8	0	0	0	0	0	0	0	0	0	0	35	19	0	0	0	0	1	0	0
fsh-generated/resources/Questionnaire-register-questionnaire.json	8757	5	0	0	0	0	0	0	0	8	0	0	0	0	0	0	0	0	0	0	42	22	0	0	0	0	2	0	0
fsh-generated/resources/Questionnaire-tiss-a-questionnaire.json	10058	4	0	0	0	0	0	0	1	15	0	0	0	0	0	0	0	0	0	0	88	41	0	0	0	0	3	0	0
fsh-generated/resources/QuestionnaireResponse-Test2SAPS3QuestionnaireResponse1.json	19962	6	0	0	0	0	0	0	1	8	0	0	0	0	0	0	0	1	0	0	127	31	0	0	0	0	0	0	0
fsh-generated/resources/QuestionnaireResponse-tiss-a-questionnaireresponse.json	5856	5	0	0	0	0	0	0	0	4	0	0	0	0	0	0	0	0	0	0	70	19	0	0	0	0	0	0	0
fsh-generated/resources/StructureDefinition-Hauptversicherter.json	643	2	0	0	0	0	0	27	0	17	0	0	1	0	0	1	0	0	0	0	67	3199	0	0	0	0	5	0	1
fsh-generated/resources/StructureDefinition-MOPEDAccount.json	4722	3	0	0	0	0	0	113	0	30	0	0	0	0	0	0	0	1	0	0	162	1004	0	0	1	0	7	0	0
fsh-generated/resources/StructureDefinition-MOPEDAufnahmeBundle.json	4766	4	1	0	0	0	0	292	0	46	0	0	0	0	0	0	0	3	0	0	395	2159	0	0	0	0	16	1	1
fsh-generated/resources/StructureDefinition-MOPEDClaim.json	8065	5	0	0	0	0	0	170	0	609	0	0	1	0	0	0	0	2	0	0	324	1347	0	0	0	0	12	0	1
fsh-generated/resources/StructureDefinition-MOPEDClaimResponse.json	9689	5	0	0	0	0	0	166	0	29	0	0	0	0	0	0	0	3	0	0	376	1411	0	0	0	0	13	0	2
fsh-generated/resources/StructureDefinition-MOPEDCondition.json	4600	4	0	0	0	0	0	62	0	120	0	0	0	0	0	0	0	2	0	0	198	575	0	0	0	0	7	0	0
fsh-generated/resources/StructureDefinition-MOPEDCoverage.json	3977	4	0	0	0	0	0	26	0	111	0	0	1	0	0	0	0	1	0	0	171	646	0	0	0	0	7	0	1
fsh-generated/resources/StructureDefinition-MOPEDCoverageEligibilityRequest.json	2925	2	0	0	0	0	0	48	0	57	0	0	0	0	0	0	0	1	0	0	122	373	0	0	0	0	4	0	0
fsh-generated/resources/StructureDefinition-MOPEDCoverageEligibilityResponse.json	3500	4	0	0	0	0	0	63	0	11	0	0	0	0	0	0	0	1	0	0	141	464	0	0	0	0	5	0	1
fsh-generated/resources/StructureDefinition-MOPEDEncounter.json	9485	5	1	0	0	0	0	47	0	116	0	0	0	0	0	0	0	2	0	0	344	696	0	0	0	0	12	1	1
fsh-generated/resources/StructureDefinition-MOPEDEncounterBund.json	1026	3	0	0	0	0	0	44	0	18	0	0	0	0	0	0	0	3	0	0	260	681	0	0	0	0	9	0	1
fsh-generated/resources/StructureDefinition-MOPEDEncounterKH.json	708	2	0	0	0	0	0	34	0	18	0	0	1	0	0	0	0	2	0	0	252	643	0	0	0	0	9	0	1
fsh-generated/resources/StructureDefinition-MOPEDEncounterLGF.json	1019	2	0	0	0	0	0	27	0	37	0	0	0	0	0	0	0	2	0	0	262	490	0	0	0	0	10	0	1
fsh-generated/resources/StructureDefinition-MOPEDEncounterSV.json	1456	3	0	0	0	0	0	21	0	34	0	0	0	0	0	0	0	3	0	0	281	485	0	0	0	0	9	0	1
fsh-generated/resources/StructureDefinition-MOPEDOrganizationAbteilung.json	3147	3	0	0	0	0	0	7	0	15	0	0	0	0	0	0	0	0	0	0	107	201	0	0	0	0	6	0	0
fsh-generated/resources/StructureDefinition-MOPEDPatientBund.json	2570	4	0	0	0	0	0	112	0	33	0	0	1	0	0	0	0	5	0	0	425	1094	0	0	0	0	21	1	2
fsh-generated/resources/StructureDefinition-MOPEDPatientLGF.json	2457	3	0	0	0	0	0	92	0	30	0	0	0	0	0	0	0	4	0	0	431	744	0	0	0	0	17	0	2
fsh-generated/resources/StructureDefinition-MOPEDPatientSV.json	948	3	0	0	0	0	0	71	0	32	0	0	1	0	0	0	0	4	0	0	409	836	0	0	0	0	17	0	3
fsh-generated/resources/StructureDefinition-MOPEDProcedure.json	3334	3	0	0	0	0	0	24	0	43	0	0	0	0	0	0	0	1	0	0	156	295	0	0	0	0	6	0	0
fsh-generated/resources/StructureDefinition-MOPEDTransferEncounter.json	3164	3	0	0	0	0	0	9	0	20	0	0	0	0	0	0	0	1	0	0	147	277	0	0	0	0	15	0	0
fsh-generated/resources/StructureDefinition-moped-ext-abrechnungsRelevanz.json	1921	3	1	0	0	0	0	3	0	8	0	0	0	0	0	0	0	0	0	0	28	61	0	0	0	0	1	0	0
fsh-generated/resources/StructureDefinition-moped-ext-altersgruppe.json	4674	4	0	0	0	0	0	5	0	14	0	0	0	0	0	0	0	0	0	0	75	124	0	0	0	0	3	0	1
fsh-generated/resources/StructureDefinition-moped-ext-anzahlBeurlaubungen.json	1920	3	0	0	0	0	0	3	0	9	0	0	0	0	0	0	0	0	0	0	45	73	0	0	0	0	2	0	0
fsh-generated/resources/StructureDefinition-moped-ext-anzahlSonderleistungen.json	1958	2	0	0	0	0	0	4	0	7	0	0	0	0	0	0	0	1	0	0	45	71	0	0	0	0	2	0	0
fsh-generated/resources/StructureDefinition-moped-ext-anzahlVerlegungen.json	1904	3	0	0	0	0	0	3	0	6	0	0	0	0	0	0	0	0	0	0	42	72	0	0	0	0	1	0	0
fsh-generated/resources/StructureDefinition-moped-ext-beihilfenaequivalent.json	1930	3	0	0	0	0	0	4	0	6	0	0	0	0	0	0	0	0	0	0	44	106	0	0	0	0	2	0	0
fsh-generated/resources/StructureDefinition-moped-ext-claimRef.json	1546	3	0	0	0	0	0	3	0	4	0	0	0	0	0	0	0	0	0	0	27	61	0	0	1	0	1	0	0
fsh-generated/resources/StructureDefinition-moped-ext-coverageEligibilityRequestRef.json	1735	2	0	0	0	0	0	2	0	6	0	0	0	0	0	0	0	0	0	0	29	57	0	0	0	0	1	0	0
fsh-generated/resources/StructureDefinition-moped-ext-diagnoseErworben.json	2032	3	0	0	0	0	0	3	0	9	0	0	0	0	0	0	0	0	0	0	44	67	0	0	0	0	2	1	0
fsh-generated/resources/StructureDefinition-moped-ext-diagnoseKnoten.json	1942	3	1	0	0	0	0	3	0	6	0	0	0	0	0	0	0	0	0	0	28	58	0	0	0	0	1	0	0
fsh-generated/resources/StructureDefinition-moped-ext-fehlerWarnung.json	3860	3	0	0	0	0	0	4	0	13	0	0	0	0	0	0	0	1	0	0	74	126	0	0	0	0	2	0	0
fsh-generated/resources/StructureDefinition-moped-ext-fondsrelevanz.json	1732	3	0	0	0	0	0	3	0	6	0	0	0	0	0	0	0	0	0	0	29	67	0	0	0	0	1	0	0
fsh-generated/resources/StructureDefinition-moped-ext-forderungsbetragAuslaenderverrechnungRegress.json	2152	3	0	0	0	0	0	2	0	8	0	0	0	0	0	0	0	0	0	0	44	85	0	0	0	0	1	0	0
fsh-generated/resources/StructureDefinition-moped-ext-fristende.json	2194	3	0	0	0	0	0	2	0	5	0	0	0	0	0	0	0	0	0	0	29	76	0	0	0	0	1	0	0
fsh-generated/resources/StructureDefinition-moped-ext-konstenmeldungARK.json	1863	2	0	0	0	0	0	2	0	4	0	0	0	0	0	0	0	0	0	0	28	59	0	0	0	0	0	0	0
fsh-generated/resources/StructureDefinition-moped-ext-kostenstelle.json	5029	4	0	0	0	0	0	4	0	8	0	0	0	0	0	0	0	0	0	0	86	109	0	0	0	0	3	0	1
fsh-generated/resources/StructureDefinition-moped-ext-ldfBetragNetto.json	2204	3	0	0	0	0	0	3	0	8	0	0	0	0	0	0	0	1	0	0	44	69	0	0	0	0	1	0	0
fsh-generated/resources/StructureDefinition-moped-ext-ldfPunktewertNetto.json	1910	3	0	0	0	0	0	2	0	6	0	0	0	0	0	0	0	0	0	0	43	69	0	0	0	0	1	0	0
fsh-generated/resources/StructureDefinition-moped-ext-lkfPunkte.json	11243	6	0	0	0	0	0	6	0	18	0	0	1	0	0	0	0	1	0	0	161	223	0	0	0	0	5	0	0
fsh-generated/resources/StructureDefinition-moped-ext-patientenanteil.json	1966	3	0	0	0	0	0	3	0	6	0	0	0	0	0	0	0	0	0	0	43	78	0	0	0	0	1	0	0
fsh-generated/resources/StructureDefinition-moped-ext-patientenanteilAngehoerige.json	2094	3	0	0	0	0	0	2	0	5	0	0	0	0	0	0	0	0	0	0	44	70	0	0	0	0	1	0	0
fsh-generated/resources/StructureDefinition-moped-ext-plausibilitaetskennzeichen.json	1657	2	0	0	0	0	0	2	0	5	0	0	0	0	0	0	0	0	0	0	29	57	0	0	0	0	1	0	0
fsh-generated/resources/StructureDefinition-moped-ext-punkteLDFPauschale.json	1910	3	0	0	0	0	0	3	0	4	0	0	0	0	0	0	0	0	0	0	44	76	0	0	0	0	1	0	0
fsh-generated/resources/StructureDefinition-moped-ext-rechnungsnummerKHLGF.json	2099	3	0	0	0	0	0	2	0	6	0	0	0	0	0	0	0	0	0	0	44	70	0	0	0	0	2	0	0
fsh-generated/resources/StructureDefinition-moped-ext-sonderklasse.json	1605	3	1	0	0	0	0	2	0	5	0	0	0	0	0	0	0	0	0	0	29	55	0	0	0	0	0	0	0
fsh-generated/resources/StructureDefinition-moped-ext-sonderleistungsnummer.json	1687	3	0	0	0	0	0	2	0	4	0	0	0	0	0	0	0	0	0	0	28	56	0	0	0	0	1	0	0
fsh-generated/resources/StructureDefinition-moped-ext-svAbrechnungsquartal.json	2325	3	0	0	0	0	0	3	0	6	0	0	0	0	0	0	0	1	0	0	56	85	0	0	0	0	1	0	0
fsh-generated/resources/StructureDefinition-moped-ext-tageOhneKostenbeitrag.json	2050	2	0	0	0	0	0	3	0	5	0	0	0	0	0	0	0	0	0	0	44	70	0	0	0	0	2	0	0
fsh-generated/resources/StructureDefinition-moped-ext-transportart.json	1661	3	0	0	0	0	0	2	0	4	0	0	0	0	0	0	0	0	0	0	30	57	0	0	0	0	1	0	1
fsh-generated/resources/StructureDefinition-moped-ext-unfalldatum.json	1467	3	0	0	0	0	0	2	0	4	0	0	0	0	0	0	0	0	0	0	27	59	0	0	0	1	0	0	0
fsh-generated/resources/StructureDefinition-moped-ext-vaestatus.json	1619	3	0	0	0	0	0	2	0	4	0	0	0	0	0	0	0	0	0	0	27	57	0	0	0	0	1	0	0
fsh-generated/resources/StructureDefinition-moped-ext-verdachtArbeitsSchuelerunfall.json	1868	3	0	0	0	0	0	2	0	4	0	0	0	0	0	0	0	0	0	0	29	61	0	0	0	0	1	0	0
fsh-generated/resources/StructureDefinition-moped-ext-verdachtFremdverschulden.json	1958	3	0	0	0	0	0	2	0	8	0	0	0	0	0	0	0	0	0	0	42	71	0	0	0	0	1	0	0
fsh-generated/resources/StructureDefinition-moped-ext-verlaengerungstage.json	1972	3	0	0	0	0	0	2	0	5	0	0	0	0	0	0	0	1	0	0	44	98	0	0	0	0	1	0	0
fsh-generated/resources/StructureDefinition-moped-ext-verpflegskostenBeitragsbefreiung.json	1735	2	0	0	0	0	0	2	0	4	0	0	0	0	0	0	0	0	0	0	28	59	0	0	0	0	1	0	0
fsh-generated/resources/StructureDefinition-moped-ext-vortageanzahlAufKostenbeitrag.json	3739	3	0	0	0	0	0	3	0	5	0	0	0	0	0	0	0	0	0	0	48	67	0	0	0	0	1	0	0
fsh-generated/resources/StructureDefinition-moped-ext-workflowStatus.json	1862	3	0	0	0	0	0	2	0	4	0	0	0	0	0	0	0	0	0	0	33	60	0	0	0	0	1	0	0
fsh-generated/resources/StructureDefinition-moped-ext-zugangsart.json	1659	4	0	0	0	0	0	2	0	4	0	0	0	0	0	0	0	0	0	0	39	97	0	0	0	0	1	0	0
fsh-generated/resources/ValueSet-moped-AbrechnungsRelevanz-valueset.json	974	3	1	0	0	0	0	0	0	310	0	0	0	0	0	0	0	0	0	0	10	3021	0	0	0	0	0	0	0
fsh-generated/resources/ValueSet-moped-Anwesenheitsart-valueset.json	622	2	0	0	0	0	0	0	0	241	0	0	0	0	0	0	0	0	0	0	9	270	0	0	0	0	0	0	0
fsh-generated/resources/ValueSet-moped-Fondsrelevanz-valueset.json	1026	3	0	0	0	0	0	0	0	238	0	0	0	0	0	0	0	0	0	0	10	259	0	0	0	0	0	0	0
fsh-generated/resources/ValueSet-moped-KostenmeldungARK-valueset.json	735	2	0	0	0	0	0	0	0	242	0	0	0	0	0	0	0	0	0	0	9	271	0	0	0	0	0	0	0
fsh-generated/resources/ValueSet-moped-LKFAbrechnungsGruppe-valueset.json	2201	3	0	0	0	0	0	0	1	232	0	0	0	0	0	0	0	0	0	0	11	258	0	0	0	0	0	0	0
fsh-generated/resources/ValueSet-moped-LKFAbrechnungsKnoten-valueset.json	1056	2	0	0	0	0	0	0	0	231	0	0	0	0	0	0	0	0	0	0	12	321	0	0	0	0	0	0	0
fsh-generated/resources/ValueSet-moped-LKFHauptdiagnosegruppen-valueset.json	731	3	0	0	0	0	0	0	0	229	0	0	0	0	0	0	0	0	0	0	10	271	0	0	0	0	0	0	0
fsh-generated/resources/ValueSet-moped-LKFmedizinischeEinzelleistungen-valueset.json	824	2	0	0	0	0	0	0	0	241	0	0	0	0	0	0	0	0	0	0	10	255	0	0	0	0	0	0	0
fsh-generated/resources/ValueSet-moped-VAEStatus-valueset.json	3296	4	0	0	0	0	0	0	0	243	0	0	0	0	0	0	0	0	0	0	13	272	0	0	0	0	1	0	0
fsh-generated/resources/ValueSet-moped-VerdachtArbeitsSchuelerunfall-valueset.json	1136	3	0	0	0	0	0	0	0	232	0	0	0	0	0	0	0	0	0	0	10	259	0	0	0	0	0	0	0
fsh-generated/resources/ValueSet-moped-VerpflegskostenBeitragsbefreiung-valueset.json	1155	3	0	0	0	0	0	0	0	226	0	0	0	0	0	0	0	0	0	0	12	265	0	0	0	0	0	0	0
fsh-generated/resources/ValueSet-moped-WorkflowStatus-valueset.json	1610	3	1	0	0	0	0	0	0	259	0	0	0	0	0	0	0	0	0	0	12	267	0	0	0	0	0	0	0
fsh-generated/resources/ValueSet-moped-abgangsart-valueset.json	812	2	0	0	0	0	0	0	0	241	0	0	0	0	0	0	0	0	0	0	11	265	0	0	0	0	0	0	0
fsh-generated/resources/ValueSet-moped-altersgruppe-valueset.json	2081	3	0	0	0	0	0	0	0	269	0	0	0	0	0	0	0	0	0	0	12	257	0	0	0	0	0	0	0
fsh-generated/resources/ValueSet-moped-aufnahmeart-valueset.json	957	2	0	0	0	0	0	0	0	230	0	0	0	0	0	0	0	0	0	0	12	262	0	0	0	0	0	0	0
fsh-generated/resources/ValueSet-moped-behandlungsart-valueset.json	702	2	0	0	0	0	0	0	1	247	0	0	0	0	0	0	0	0	0	0	13	264	0	0	0	0	1	0	0
fsh-generated/resources/ValueSet-moped-entlassungsart-valueset.json	3939	3	0	0	0	0	0	0	0	249	0	0	0	0	0	0	0	0	0	0	16	278	0	0	0	0	0	0	0
fsh-generated/resources/ValueSet-moped-sonderklasse-valueset.json	611	2	0	0	0	0	0	0	0	243	0	0	0	0	0	0	0	0	0	0	10	263	0	0	0	0	0	0	0
fsh-generated/resources/ValueSet-moped-sonderleistungsnummern-valueset.json	805	2	0	0	0	0	0	0	0	232	0	0	0	0	0	0	0	0	0	0	10	260	0	0	0	0	0	0	0
fsh-generated/resources/ValueSet-moped-transportart-valueset.json	1054	3	0	0	0	0	0	0	0	233	0	0	0	0	0	0	0	0	0	0	10	253	0	0	0	0	0	0	0
fsh-generated/resources/ValueSet-moped-ursache-valueset.json	3546	2	0	0	0	0	0	0	0	235	0	0	0	0	0	0	0	1	0	0	14	275	0	0	0	0	0	0	0
fsh-generated/resources/ValueSet-moped-zugangsart-valueset.json	3570	3	0	0	0	0	0	0	0	249	0	0	0	0	0	0	0	0	0	0	14	264	0	0	0	0	1	0	0
