<?xml version="1.0" encoding="UTF-8"?>

<Patient xmlns="http://hl7.org/fhir">
  <id value="HL7ATCorePatientExample02-deceasedTime"/>
  <meta>
    <profile value="http://hl7.at/fhir/HL7ATCoreProfiles/4.0.1/StructureDefinition/at-core-patient"/>
  </meta>
  <text>
    <status value="generated"/><div xmlns="http://www.w3.org/1999/xhtml"><p><b>Generated Narrative</b></p><div style="display: inline-block; background-color: #d9e0e7; padding: 6px; margin: 4px; border: 1px solid #8da1b4; border-radius: 5px; line-height: 60%"><p style="margin-bottom: 0px">Resource "HL7ATCorePatientExample02-deceasedTime" </p><p style="margin-bottom: 0px">Profile: <a href="StructureDefinition-at-core-patient.html">HL7 AT Core Patient Profile</a></p></div><p><b>identifier</b>: Social Security Number: 1111241261 (OFFICIAL), National unique individual identifier: GH:oeLdSEb0l+8kSdJWjOYyYmnYki0 (OFFICIAL), Patient internal identifier: 0815 (OFFICIAL)</p><p><b>name</b>: Muster Andreas Bauer </p><p><b>telecom</b>: <a href="tel:+43.2682.40400">+43.2682.40400</a></p><p><b>gender</b>: male</p><p><b>birthDate</b>: 1990-12-24</p><p><b>deceased</b>: Jan 14, 2019, 7:22:00 AM</p><p><b>address</b>: Berggasse 13a Eisenstadt Burgenland 7000 AUT (HOME)</p><p><b>maritalStatus</b>: Married <span style="background: LightGoldenRodYellow; margin: 4px; border: 1px solid khaki"> (<a href="http://terminology.hl7.org/2.1.0/CodeSystem-v3-MaritalStatus.html">MaritalStatus</a>#M)</span></p><h3>Communications</h3><table class="grid"><tr><td>-</td><td><b>Language</b></td><td><b>Preferred</b></td></tr><tr><td>*</td><td>German <span style="background: LightGoldenRodYellow; margin: 4px; border: 1px solid khaki"> (<a href="http://terminology.hl7.org/2.1.0/CodeSystem-v3-ietf3066.html">Tags for the Identification of Languages</a>#de)</span></td><td>true</td></tr></table></div>
  </text>
  <identifier>
    <use value="official"/>
    <type>
      <coding>
        <system value="http://terminology.hl7.org/CodeSystem/v2-0203"/>
        <code value="SS"/>
        <display value="Social Security Number"/>
      </coding>
    </type>
    <system value="urn:oid:1.2.40.0.10.1.4.3.1"/>
    <value value="1111241261"/>
    <assigner>
      <display value="Dachverband der österreichischen Sozialversicherungsträger"/>
    </assigner>
  </identifier>
  <identifier>
    <use value="official"/>
    <type>
      <coding>
        <system value="http://terminology.hl7.org/CodeSystem/v2-0203"/>
        <code value="NI"/>
        <display value="National unique individual identifier"/>
      </coding>
    </type>
    <system value="urn:oid:1.2.40.0.10.2.1.1.149"/>
    <value value="GH:oeLdSEb0l+8kSdJWjOYyYmnYki0"/>
    <assigner>
      <display value="Bundesministerium für Inneres"/>
    </assigner>
  </identifier>
  <identifier>
    <use value="official"/>
    <type>
      <coding>
        <system value="http://terminology.hl7.org/CodeSystem/v2-0203"/>
        <code value="PI"/>
        <display value="Patient internal identifier"/>
      </coding>
    </type>
    <system value="urn:oid:1.2.3.4.5"/>
    <value value="0815"/>
    <assigner>
      <display value="Ein GDA in Österreich"/>
    </assigner>
  </identifier>
  <name>
    <family value="Bauer"/>
    <given value="Muster"/>
    <given value="Andreas"/>
    <prefix value="Dipl.Ing."/>
    <prefix value="Dr."/>
  </name>
  <telecom>
    <system value="phone"/>
    <value value="+43.2682.40400"/>
    <use value="home"/>
  </telecom>
  <gender value="male"/>
  <birthDate value="1990-12-24"/>
  <deceasedDateTime value="2019-01-14T17:22:00+10:00"/>
  <address>
    <use value="home"/>
    <line value="Berggasse 13a"/>
    <city value="Eisenstadt"/>
    <state value="Burgenland"/>
    <postalCode value="7000"/>
    <country value="AUT"/>
  </address>
  <maritalStatus>
    <coding>
      <system value="http://terminology.hl7.org/CodeSystem/v3-MaritalStatus"/>
      <code value="M"/>
      <display value="Married"/>
    </coding>
  </maritalStatus>
  <communication>
    <language>
      <coding>
        <system value="urn:ietf:bcp:47"/>
        <code value="de"/>
      </coding>
    </language>
    <preferred value="true"/>
  </communication>
</Patient>