URL,Version,Status,OIDs,Name,Title,Descriptino,Used
http://hl7.at/fhir/HL7ATCoreProfiles/4.0.1/CodeSystem/at-core-cs-iso-3166-1-alpha-3,0.0.0,active,"1.0.3166.1.2.3",HL7ATCoreCSISO-3166-1-alpha-3,HL7® AT® Core ISO 3166-1 alpha 3 Code System,"ISO code system for country codes with 3 letters. Also accessible on [Termpub - CodeSystem - ISO 3166-1 alpha 3](https://termpub.gesundheit.gv.at/TermBrowser/gui/main/main.zul?loadType=CodeSystem&loadName=ISO%203166-1%20alpha%203%202016).","ValueSet/at-elga-vs-countryCodes"
http://hl7.at/fhir/HL7ATCoreProfiles/4.0.1/CodeSystem/at-core-cs-religion,0.0.0,active,"2.16.840.1.113883.2.16.1.4.1",HL7ATCoreCSReligion,HL7 AT Core Religion Code System,"Code system for the religions and faith communities in Austria. Also accessible on [Termpub - CodeSystem - HL7 AT ReligionAustria](https://termpub.gesundheit.gv.at:443/TermBrowser/gui/main/main.zul?loadType=CodeSystem&loadName=HL7.AT:ReligionAustria).","ValueSet/at-elga-vs-religion"
http://hl7.org/fhir/event-timing,5.0.0,active,"2.16.840.1.113883.4.642.1.76",EventTiming,EventTiming,"Real-world event relating to the schedule.","ValueSet/event-timing"
http://terminology.hl7.org/CodeSystem/v3-TimingEvent,3.0.0,active,"2.16.840.1.113883.5.139",TimingEvent,TimingEvent,"**** MISSING DESCRIPTION ****","ValueSet/event-timing"
