"Id","Path","Slice Name","Alias(s)","Label","Min","Max","Must Support?","Is Modifier?","Is Summary?","Type(s)","Short","Definition","Comments","Requirements","Default Value","Meaning When Missing","Fixed Value","Pattern","Example","Minimum Value","Maximum Value","Maximum Length","Binding Strength","Binding Description","Binding Value Set","Code","Slicing Discriminator","Slicing Description","Slicing Ordered","Slicing Rules","Base Path","Base Min","Base Max","Condition(s)","Constraint(s)","Mapping: FiveWs Pattern Mapping","Mapping: RIM Mapping","Mapping: Interface Pattern"
"HealthcareService","HealthcareService","","","",0,*,"","","","null {[]} {[]}
","The details of a healthcare service available at a location","The details of a healthcare service available at a location.","","","","","","","","","",,,,,"",,,,"HealthcareService",0,*,"","dom-2:If the resource is contained in another resource, it SHALL NOT contain nested Resources {contained.contained.empty()}
dom-3:If the resource is contained in another resource, it SHALL be referred to from elsewhere in the resource or SHALL refer to the containing resource {contained.where((('#'+id in (%resource.descendants().reference | %resource.descendants().ofType(canonical) | %resource.descendants().ofType(uri) | %resource.descendants().ofType(url))) or descendants().where(reference = '#').exists() or descendants().where(ofType(canonical) = '#').exists() or descendants().where(ofType(canonical) = '#').exists()).not()).trace('unmatched', id).empty()}dom-4:If a resource is contained in another resource, it SHALL NOT have a meta.versionId or a meta.lastUpdated {contained.meta.versionId.empty() and contained.meta.lastUpdated.empty()}dom-5:If a resource is contained in another resource, it SHALL NOT have a security label {contained.meta.security.empty()}dom-6:A resource should have narrative for robust management {text.`div`.exists()}","administrative.group","Entity, Role, or Act,act[classCode=ACT][moodCode=DEF]","Participant"
"HealthcareService.id","HealthcareService.id","","","",0,1,"","","Y","id {[]} {[]}
","Logical id of this artifact","The logical id of the resource, as used in the URL for the resource. Once assigned, this value never changes.","Within the context of the FHIR RESTful interactions, the resource has an id except for cases like the create and conditional update. Otherwise, the use of the resouce id depends on the given use case.","","","","","","","","",,,,,"",,,,"Resource.id",0,1,"",""
"HealthcareService.meta","HealthcareService.meta","","","",0,1,"","","Y","Meta {[]} {[]}
","Metadata about the resource","The metadata about the resource. This is content that is maintained by the infrastructure. Changes to the content might not always be associated with version changes to the resource.","","","","","","","","","",,,,,"",,,,"Resource.meta",0,1,"","ele-1:All FHIR elements must have a @value or children {hasValue() or (children().count() > id.count())}
"
"HealthcareService.implicitRules","HealthcareService.implicitRules","","","",0,1,"","Y","Y","uri {[]} {[]}
","A set of rules under which this content was created","A reference to a set of rules that were followed when the resource was constructed, and which must be understood when processing the content. Often, this is a reference to an implementation guide that defines the special rules along with other profiles etc.","Asserting this rule set restricts the content to be only understood by a limited set of trading partners. This inherently limits the usefulness of the data in the long term. However, the existing health eco-system is highly fractured, and not yet ready to define, collect, and exchange data in a generally computable sense. Wherever possible, implementers and/or specification writers should avoid using this element. Often, when used, the URL is a reference to an implementation guide that defines these special rules as part of its narrative along with other profiles, value sets, etc.","","","","","","","","",,,,,"",,,,"Resource.implicitRules",0,1,"","ele-1:All FHIR elements must have a @value or children {hasValue() or (children().count() > id.count())}
"
"HealthcareService.language","HealthcareService.language","","","",0,1,"","","","code {[]} {[]}
","Language of the resource content","The base language in which the resource is written.","Language is provided to support indexing and accessibility (typically, services such as text to speech use the language tag). The html language tag in the narrative applies  to the narrative. The language tag on the resource may be used to specify the language of other presentations generated from the data in the resource. Not all the content has to be in the base language. The Resource.language should not be assumed to apply to the narrative automatically. If a language is specified, it should it also be specified on the div element in the html (see rules in HTML5 for information about the relationship between xml:lang and the html lang attribute).","","","","","","","","",,"required","IETF language tag for a human language","http://hl7.org/fhir/ValueSet/all-languages|5.0.0","",,,,"Resource.language",0,1,"","ele-1:All FHIR elements must have a @value or children {hasValue() or (children().count() > id.count())}
"
"HealthcareService.text","HealthcareService.text","","narrative
htmlxhtmldisplay","",0,1,"","","","Narrative {[]} {[]}
","Text summary of the resource, for human interpretation","A human-readable narrative that contains a summary of the resource and can be used to represent the content of the resource to a human. The narrative need not encode all the structured data, but is required to contain sufficient detail to make it ""clinically safe"" for a human to just read the narrative. Resource definitions may define what content should be represented in the narrative to ensure clinical safety.","Contained resources do not have a narrative. Resources that are not contained SHOULD have a narrative. In some cases, a resource may only have text with little or no additional discrete data (as long as all minOccurs=1 elements are satisfied).  This may be necessary for data from legacy systems where information is captured as a ""text blob"" or where text is additionally entered raw or narrated and encoded information is added later.","","","","","","","","",,,,,"",,,,"DomainResource.text",0,1,"dom-6
","ele-1:All FHIR elements must have a @value or children {hasValue() or (children().count() > id.count())}
","Act.text?"
"HealthcareService.contained","HealthcareService.contained","","inline resources
anonymous resourcescontained resources","",0,*,"","","","Resource {[]} {[]}
","Contained, inline Resources","These resources do not have an independent existence apart from the resource that contains them - they cannot be identified independently, nor can they have their own independent transaction scope. This is allowed to be a Parameters resource if and only if it is referenced by a resource that provides context/meaning.","This should never be done when the content can be identified properly, as once identification is lost, it is extremely difficult (and context dependent) to restore it again. Contained resources may have profiles and tags in their meta elements, but SHALL NOT have security labels.","","","","","","","","",,,,,"",,,,"DomainResource.contained",0,*,"dom-2
dom-4dom-3dom-5","","N/A"
"HealthcareService.extension","HealthcareService.extension","","extensions
user content","",0,*,"","","","Extension {[]} {[]}
","Additional content defined by implementations","May be used to represent additional information that is not part of the basic definition of the resource. To make the use of extensions safe and managable, there is a strict set of governance applied to the definition and use of extensions. Though any implementer can define an extension, there is a set of requirements that SHALL be met as part of the definition of the extension.","There can be no stigma associated with the use of extensions by any application, project, or standard - regardless of the institution or jurisdiction that uses or defines the extensions.  The use of extensions is what allows the FHIR specification to retain a core level of simplicity for everyone.","","","","","","","","",,,,,"",,,,"DomainResource.extension",0,*,"","ele-1:All FHIR elements must have a @value or children {hasValue() or (children().count() > id.count())}
ext-1:Must have either extensions or value[x], not both {extension.exists() != value.exists()}","N/A"
"HealthcareService.modifierExtension","HealthcareService.modifierExtension","","extensions
user content","",0,*,"","Y","Y","Extension {[]} {[]}
","Extensions that cannot be ignored","May be used to represent additional information that is not part of the basic definition of the resource and that modifies the understanding of the element that contains it and/or the understanding of the containing element's descendants. Usually modifier elements provide negation or qualification. To make the use of extensions safe and managable, there is a strict set of governance applied to the definition and use of extensions. Though any implementer is allowed to define an extension, there is a set of requirements that SHALL be met as part of the definition of the extension. Applications processing a resource are required to check for modifier extensions.

Modifier extensions SHALL NOT change the meaning of any elements on Resource or DomainResource (including cannot change the meaning of modifierExtension itself).","There can be no stigma associated with the use of extensions by any application, project, or standard - regardless of the institution or jurisdiction that uses or defines the extensions.  The use of extensions is what allows the FHIR specification to retain a core level of simplicity for everyone.","Modifier extensions allow for extensions that *cannot* be safely ignored to be clearly distinguished from the vast majority of extensions which can be safely ignored.  This promotes interoperability by eliminating the need for implementers to prohibit the presence of extensions. For further information, see the [definition of modifier extensions](http://hl7.org/fhir/R5/extensibility.html#modifierExtension).","","","","","","","",,,,,"",,,,"DomainResource.modifierExtension",0,*,"","ele-1:All FHIR elements must have a @value or children {hasValue() or (children().count() > id.count())}
ext-1:Must have either extensions or value[x], not both {extension.exists() != value.exists()}","N/A"
"HealthcareService.identifier","HealthcareService.identifier","","","",0,*,"","","Y","Identifier {[]} {[]}
","External identifiers for this item","External identifiers for this item.","","","","","","","","","",,,,,"",,,,"HealthcareService.identifier",0,*,"","ele-1:All FHIR elements must have a @value or children {hasValue() or (children().count() > id.count())}
","FiveWs.identifier",".id","Participant.identifier"
"HealthcareService.active","HealthcareService.active","","","",0,1,"","Y","Y","boolean {[]} {[]}
","Whether this HealthcareService record is in active use","This flag is used to mark the record to not be used. This is not used when a center is closed for maintenance, or for holidays, the notAvailable period is to be used for this.","This element is labeled as a modifier because it may be used to mark that the resource was created in error.","","","This resource is generally assumed to be active if no value is provided for the active element","","","","","",,,,,"",,,,"HealthcareService.active",0,1,"","ele-1:All FHIR elements must have a @value or children {hasValue() or (children().count() > id.count())}
","FiveWs.status",".statusCode","Participant.active"
"HealthcareService.providedBy","HealthcareService.providedBy","","","",0,1,"","","Y","Reference {[]} {[CanonicalType[http://hl7.at/fhir/HL7ATCoreProfiles/5.0.0/StructureDefinition/at-core-organization]]}
","Organization that provides this service","The organization that provides this healthcare service.","This property is recommended to be the same as the Location's managingOrganization, and if not provided should be interpreted as such. If the Location does not have a managing Organization, then this property should be populated.","","","","","","","","",,,,,"",,,,"HealthcareService.providedBy",0,1,"","ele-1:All FHIR elements must have a @value or children {hasValue() or (children().count() > id.count())}
",".scopingRole.Organization"
"HealthcareService.offeredIn","HealthcareService.offeredIn","","","",0,*,"","","","Reference {[]} {[CanonicalType[http://hl7.at/fhir/TC-FHIR-AG-Scheduling-R5/R5/StructureDefinition/at-scheduling-healthcareservice]]}
","The service within which this service is offered","When the HealthcareService is representing a specific, schedulable service, the availableIn property can refer to a generic service.","For example, if there is a generic Radiology service that offers CT Scans, MRIs, etc.  You could have HealthcareService resources for the CT Scans and MRIs, which have an offeredIn reference to the Radiology HealthcareService.","","","","","","","","",,,,,"",,,,"HealthcareService.offeredIn",0,*,"","ele-1:All FHIR elements must have a @value or children {hasValue() or (children().count() > id.count())}
"
"HealthcareService.category","HealthcareService.category","","service category
","",0,*,"","","Y","CodeableConcept {[]} {[]}
","Broad category of service being performed or delivered","Identifies the broad category of service being performed or delivered.","Selecting a Service Category then determines the list of relevant service types that can be selected in the primary service type.","","","","","","","","",,"example","A category of the service(s) that could be provided.","http://hl7.org/fhir/ValueSet/service-category|5.0.0","",,,,"HealthcareService.category",0,*,"","ele-1:All FHIR elements must have a @value or children {hasValue() or (children().count() > id.count())}
","FiveWs.class",".code"
"HealthcareService.type","HealthcareService.type","","service type
","",0,*,"","","Y","CodeableConcept {[]} {[]}
","Type of service that may be delivered or performed","The specific type of service that may be delivered or performed.","","","","","","","","","",,"extensible","","http://hl7.at/fhir/TC-FHIR-AG-Scheduling-R5/R5/ValueSet/AtSchedulingServiceType","",,,,"HealthcareService.type",0,*,"","ele-1:All FHIR elements must have a @value or children {hasValue() or (children().count() > id.count())}
",".actrelationship[typeCode=COMP.act[classCode=ACT][moodCode=DEF].code"
"HealthcareService.specialty","HealthcareService.specialty","","","",0,*,"","","Y","CodeableConcept {[]} {[]}
","Specialties handled by the HealthcareService","Collection of specialties handled by the Healthcare service. This is more of a medical term.","","","","","","","","","",,"preferred","A specialty that a healthcare service may provide.","http://hl7.org/fhir/ValueSet/c80-practice-codes|5.0.0","",,,,"HealthcareService.specialty",0,*,"","ele-1:All FHIR elements must have a @value or children {hasValue() or (children().count() > id.count())}
",".actrelationship[typeCode=COMP.act[classCode=ACT][moodCode=DEF].code"
"HealthcareService.location","HealthcareService.location","","","",0,*,"","","Y","Reference {[]} {[CanonicalType[http://hl7.org/fhir/StructureDefinition/Location|5.0.0]]}
","Location(s) where service may be provided","The location(s) where this healthcare service may be provided.","","","","","","","","","",,,,,"",,,,"HealthcareService.location",0,*,"","ele-1:All FHIR elements must have a @value or children {hasValue() or (children().count() > id.count())}
","FiveWs.where[x]",".location.role[classCode=SDLOC]"
"HealthcareService.name","HealthcareService.name","","","",0,1,"","","Y","string {[]} {[]}
","Description of service as presented to a consumer while searching","Further description of the service as it would be presented to a consumer while searching.","","","","","","","","","",,,,,"",,,,"HealthcareService.name",0,1,"","ele-1:All FHIR elements must have a @value or children {hasValue() or (children().count() > id.count())}
",".name","Participant.name"
"HealthcareService.comment","HealthcareService.comment","","","",0,1,"","","Y","markdown {[]} {[]}
","Additional description and/or any specific issues not covered elsewhere","Any additional description of the service and/or any specific issues not covered by the other attributes, which can be displayed as further detail under the serviceName.","Would expect that a user would not see this information on a search results, and it would only be available when viewing the complete details of the service.","","","","","","","","",,,,,"",,,,"HealthcareService.comment",0,1,"","ele-1:All FHIR elements must have a @value or children {hasValue() or (children().count() > id.count())}
",".location.role[classCode=SDLOC].desc"
"HealthcareService.extraDetails","HealthcareService.extraDetails","","","",0,1,"","","","markdown {[]} {[]}
","Extra details about the service that can't be placed in the other fields","Extra details about the service that can't be placed in the other fields.","","","","","","","","","",,,,,"",,,,"HealthcareService.extraDetails",0,1,"","ele-1:All FHIR elements must have a @value or children {hasValue() or (children().count() > id.count())}
",".actrelationship[typeCode=COMP.act[classCode=ACT][moodCode=DEF].text"
"HealthcareService.photo","HealthcareService.photo","","","",0,1,"","","Y","Attachment {[]} {[]}
","Facilitates quick identification of the service","If there is a photo/symbol associated with this HealthcareService, it may be included here to facilitate quick identification of the service in a list.","","","","","","","","","",,,,,"",,,,"HealthcareService.photo",0,1,"","ele-1:All FHIR elements must have a @value or children {hasValue() or (children().count() > id.count())}
",".actrelationship[typeCode=SBJ].observation.value"
"HealthcareService.contact","HealthcareService.contact","","","",0,*,"","","","ExtendedContactDetail {[]} {[]}
","Official contact details for the HealthcareService","The contact details of communication devices available relevant to the specific HealthcareService. This can include addresses, phone numbers, fax numbers, mobile numbers, email addresses and web sites.","The address/telecom use code 'home' are not to be used. Note that these contacts are not the contact details of people who provide the service (that would be through PractitionerRole), these are official contacts for the HealthcareService itself for specific purposes. E.g. Mailing Addresses, Billing Addresses, Contact numbers for Booking or Billing Enquiries, general web address, web address for online bookings etc.

If this is empty (or the type of interest is empty), refer to the location's contacts.","Need to keep track of both simple contact details and also assigned contacts within larger organizations.","","","","","","","",,,,,"",,,,"HealthcareService.contact",0,*,"","ele-1:All FHIR elements must have a @value or children {hasValue() or (children().count() > id.count())}
"
"HealthcareService.coverageArea","HealthcareService.coverageArea","","","",0,*,"","","","Reference {[]} {[CanonicalType[http://hl7.org/fhir/StructureDefinition/Location|5.0.0]]}
","Location(s) service is intended for/available to","The location(s) that this service is available to (not where the service is provided).","The locations referenced by the coverage area can include both specific locations, including areas, and also conceptual domains too (mode = kind), such as a physical area (tri-state area) and some other attribute (covered by Example Care Organization). These types of Locations are often not managed by any specific organization. This could also include generic locations such as ""in-home"".","","","","","","","","",,,,,"",,,,"HealthcareService.coverageArea",0,*,"","ele-1:All FHIR elements must have a @value or children {hasValue() or (children().count() > id.count())}
",".location.role[classCode=SDLOC].subjectOf.A_SpatialCoordinate"
"HealthcareService.serviceProvisionCode","HealthcareService.serviceProvisionCode","","","",0,*,"","","","CodeableConcept {[]} {[]}
","Conditions under which service is available/offered","The code(s) that detail the conditions under which the healthcare service is available/offered.","The provision means being commissioned by, contractually obliged or financially sourced. Types of costings that may apply to this healthcare service, such if the service may be available for free, some discounts available, or fees apply.","","","","","","","","",,"example","The code(s) that detail the conditions under which the healthcare service is available/offered.","http://hl7.org/fhir/ValueSet/service-provision-conditions|5.0.0","",,,,"HealthcareService.serviceProvisionCode",0,*,"","ele-1:All FHIR elements must have a @value or children {hasValue() or (children().count() > id.count())}
",".actrelationship[typeCode=PRCN].observation[moodCode=EVN.CRT]"
"HealthcareService.eligibility","HealthcareService.eligibility","","","",0,*,"","","","BackboneElement {[]} {[]}
","Specific eligibility requirements required to use the service","Does this service have specific eligibility requirements that need to be met in order to use the service?","","","","","","","","","",,,,,"",,,,"HealthcareService.eligibility",0,*,"","ele-1:All FHIR elements must have a @value or children {hasValue() or (children().count() > id.count())}
"
"HealthcareService.eligibility.id","HealthcareService.eligibility.id","","","",0,1,"","","","string {[]} {[]}
","Unique id for inter-element referencing","Unique id for the element within a resource (for internal references). This may be any string value that does not contain spaces.","","","","","","","","","",,,,,"",,,,"Element.id",0,1,"ele-1
","","n/a"
"HealthcareService.eligibility.extension","HealthcareService.eligibility.extension","","extensions
user content","",0,*,"","","","Extension {[]} {[]}
","Additional content defined by implementations","May be used to represent additional information that is not part of the basic definition of the element. To make the use of extensions safe and managable, there is a strict set of governance applied to the definition and use of extensions. Though any implementer can define an extension, there is a set of requirements that SHALL be met as part of the definition of the extension.","There can be no stigma associated with the use of extensions by any application, project, or standard - regardless of the institution or jurisdiction that uses or defines the extensions.  The use of extensions is what allows the FHIR specification to retain a core level of simplicity for everyone.","","","","","","","","",,,,,"",,,,"Element.extension",0,*,"","ele-1:All FHIR elements must have a @value or children {hasValue() or (children().count() > id.count())}
ext-1:Must have either extensions or value[x], not both {extension.exists() != value.exists()}","n/a"
"HealthcareService.eligibility.modifierExtension","HealthcareService.eligibility.modifierExtension","","extensions
user contentmodifiers","",0,*,"","Y","Y","Extension {[]} {[]}
","Extensions that cannot be ignored even if unrecognized","May be used to represent additional information that is not part of the basic definition of the element and that modifies the understanding of the element in which it is contained and/or the understanding of the containing element's descendants. Usually modifier elements provide negation or qualification. To make the use of extensions safe and managable, there is a strict set of governance applied to the definition and use of extensions. Though any implementer can define an extension, there is a set of requirements that SHALL be met as part of the definition of the extension. Applications processing a resource are required to check for modifier extensions.

Modifier extensions SHALL NOT change the meaning of any elements on Resource or DomainResource (including cannot change the meaning of modifierExtension itself).","There can be no stigma associated with the use of extensions by any application, project, or standard - regardless of the institution or jurisdiction that uses or defines the extensions.  The use of extensions is what allows the FHIR specification to retain a core level of simplicity for everyone.","Modifier extensions allow for extensions that *cannot* be safely ignored to be clearly distinguished from the vast majority of extensions which can be safely ignored.  This promotes interoperability by eliminating the need for implementers to prohibit the presence of extensions. For further information, see the [definition of modifier extensions](http://hl7.org/fhir/R5/extensibility.html#modifierExtension).","","","","","","","",,,,,"",,,,"BackboneElement.modifierExtension",0,*,"","ele-1:All FHIR elements must have a @value or children {hasValue() or (children().count() > id.count())}
ext-1:Must have either extensions or value[x], not both {extension.exists() != value.exists()}","N/A"
"HealthcareService.eligibility.code","HealthcareService.eligibility.code","","","",0,1,"","","","CodeableConcept {[]} {[]}
","Coded value for the eligibility","Coded value for the eligibility.","","","","","","","","","",,"example","Coded values underwhich a specific service is made available.","","",,,,"HealthcareService.eligibility.code",0,1,"","ele-1:All FHIR elements must have a @value or children {hasValue() or (children().count() > id.count())}
",".actrelationship[typeCode=PRCN].observation[moodCode=EVN.CRT]"
"HealthcareService.eligibility.comment","HealthcareService.eligibility.comment","","","",0,1,"","","","markdown {[]} {[]}
","Describes the eligibility conditions for the service","Describes the eligibility conditions for the service.","The description of service eligibility should, in general, not exceed one or two paragraphs. It should be sufficient for a prospective consumer to determine if they are likely to be eligible or not. Where eligibility requirements and conditions are complex, it may simply be noted that an eligibility assessment is required. Where eligibility is determined by an outside source, such as an Act of Parliament, this should be noted, preferably with a reference to a commonly available copy of the source document such as a web page.","","","","","","","","",,,,,"",,,,"HealthcareService.eligibility.comment",0,1,"","ele-1:All FHIR elements must have a @value or children {hasValue() or (children().count() > id.count())}
",".actrelationship[typeCode=PRCN].observation[moodCode=EVN.CRT].text"
"HealthcareService.program","HealthcareService.program","","","",0,*,"","","","CodeableConcept {[]} {[]}
","Programs that this service is applicable to","Programs that this service is applicable to.","Programs are often defined externally to an Organization, commonly by governments; e.g. Home and Community Care Programs, Homeless Program, ….","","","","","","","","",,"example","Government or local programs that this service applies to.","http://hl7.org/fhir/ValueSet/program|5.0.0","",,,,"HealthcareService.program",0,*,"","ele-1:All FHIR elements must have a @value or children {hasValue() or (children().count() > id.count())}
",".actrelationship[typeCode=PERT].observation"
"HealthcareService.characteristic","HealthcareService.characteristic","","","",0,*,"","","","CodeableConcept {[]} {[]}
","Collection of characteristics (attributes)","Collection of characteristics (attributes).","These could be such things as is wheelchair accessible.","","","","","","","","",,"example","A custom attribute that could be provided at a service (e.g. Wheelchair accessibility).","http://hl7.org/fhir/ValueSet/service-mode|5.0.0","",,,,"HealthcareService.characteristic",0,*,"","ele-1:All FHIR elements must have a @value or children {hasValue() or (children().count() > id.count())}
",".actrelationship[typeCode=PERT].observation"
"HealthcareService.communication","HealthcareService.communication","","","",0,*,"","","","CodeableConcept {[]} {[]}
","The language that this service is offered in","Some services are specifically made available in multiple languages, this property permits a directory to declare the languages this is offered in. Typically this is only provided where a service operates in communities with mixed languages used.","When using this property it indicates that the service is available with this language, it is not derived from the practitioners, and not all are required to use this language, just that this language is available while scheduling.","","","","","","","","",,"required","IETF language tag for a human language","http://hl7.org/fhir/ValueSet/all-languages|5.0.0","",,,,"HealthcareService.communication",0,*,"","ele-1:All FHIR elements must have a @value or children {hasValue() or (children().count() > id.count())}
"
"HealthcareService.referralMethod","HealthcareService.referralMethod","","","",0,*,"","","","CodeableConcept {[]} {[]}
","Ways that the service accepts referrals","Ways that the service accepts referrals, if this is not provided then it is implied that no referral is required.","","","","","","","","","",,"example","The methods of referral can be used when referring to a specific HealthcareService resource.","http://hl7.org/fhir/ValueSet/service-referral-method|5.0.0","",,,,"HealthcareService.referralMethod",0,*,"","ele-1:All FHIR elements must have a @value or children {hasValue() or (children().count() > id.count())}
",".actrelationship[typeCode=PERT].observation"
"HealthcareService.appointmentRequired","HealthcareService.appointmentRequired","","","",0,1,"","","","boolean {[]} {[]}
","If an appointment is required for access to this service","Indicates whether or not a prospective consumer will require an appointment for a particular service at a site to be provided by the Organization. Indicates if an appointment is required for access to this service.","","","","","","","","","",,,,,"",,,,"HealthcareService.appointmentRequired",0,1,"","ele-1:All FHIR elements must have a @value or children {hasValue() or (children().count() > id.count())}
",".actrelationship[typeCode=PERT].observation"
"HealthcareService.availability","HealthcareService.availability","","","",0,*,"","","","Availability {[]} {[]}
","Times the healthcare service is available (including exceptions)","A collection of times that the healthcare service is available.","More detailed availability information may be provided in associated Schedule/Slot resources.

Systems may choose to render availability differently than it is exchanged on the interface. For example, rather than ""Mon, Tue, Wed, Thur, Fri from 9am-12am; Mon, Tue, Wed, Thur, Fri from 1pm-5pm"" as would be implied by two availableTime repetitions, an application could render this information as ""Mon-Fri 9-12am and 1-5pm"".The NotAvailableTime(s) included indicate the general days/periods where the service is not available (for things such as public holidays).","","","","","","","","",,,,,"",,,,"HealthcareService.availability",0,*,"","ele-1:All FHIR elements must have a @value or children {hasValue() or (children().count() > id.count())}
",".effectiveTime"
"HealthcareService.endpoint","HealthcareService.endpoint","","","",0,*,"","","","Reference {[]} {[CanonicalType[http://hl7.org/fhir/StructureDefinition/Endpoint|5.0.0]]}
","Technical endpoints providing access to electronic services operated for the healthcare service","Technical endpoints providing access to services operated for the specific healthcare services defined at this resource.","","","","","","","","","",,,,,"",,,,"HealthcareService.endpoint",0,*,"","ele-1:All FHIR elements must have a @value or children {hasValue() or (children().count() > id.count())}
","n/a"
