{"resourceType":"ImplementationGuide","id":"HL7ATCoreProfiles","text":{"status":"extensions","div":"<div xmlns=\"http://www.w3.org/1999/xhtml\"><h2>HL7AustriaImplementationGuide</h2><p>The official URL for this implementation guide is: </p><pre>http://hl7.at/fhir/HL7ATCoreProfiles/4.0.1/ImplementationGuide/HL7ATCoreProfiles</pre><div><p>An Implementation Guide for the HL7 Austria FHIR Core Profiles.</p>\n</div></div>"},"url":"http://hl7.at/fhir/HL7ATCoreProfiles/4.0.1/ImplementationGuide/HL7ATCoreProfiles","version":"0.3.0","name":"HL7AustriaImplementationGuide","title":"HL7 Austria FHIR Core Implementation Guide","status":"active","date":"2021-07-14T18:18:52+00:00","contact":[{"name":"Technical Committee for FHIR at HL7 Austria","telecom":[{"system":"email","value":"mailto:tc-fhir@hl7.at"}]}],"description":"An Implementation Guide for the HL7 Austria FHIR Core Profiles.","packageId":"HL7ATCoreProfiles","license":"CC0-1.0","fhirVersion":["4.0.1"],"definition":{"extension":[{"extension":[{"url":"code","valueString":"copyrightyear"},{"url":"value","valueString":"2020+"}],"url":"http://hl7.org/fhir/tools/StructureDefinition/ig-parameter"},{"extension":[{"url":"code","valueString":"releaselabel"},{"url":"value","valueString":"STU1"}],"url":"http://hl7.org/fhir/tools/StructureDefinition/ig-parameter"},{"extension":[{"url":"code","valueString":"show-inherited-invariants"},{"url":"value","valueString":"false"}],"url":"http://hl7.org/fhir/tools/StructureDefinition/ig-parameter"},{"extension":[{"url":"code","valueString":"path-liquid"},{"url":"value","valueString":"template/liquid"}],"url":"http://hl7.org/fhir/tools/StructureDefinition/ig-parameter"},{"extension":[{"url":"code","valueString":"path-liquid"},{"url":"value","valueString":"input/liquid"}],"url":"http://hl7.org/fhir/tools/StructureDefinition/ig-parameter"},{"extension":[{"url":"code","valueString":"path-qa"},{"url":"value","valueString":"temp/qa"}],"url":"http://hl7.org/fhir/tools/StructureDefinition/ig-parameter"},{"extension":[{"url":"code","valueString":"path-temp"},{"url":"value","valueString":"temp/pages"}],"url":"http://hl7.org/fhir/tools/StructureDefinition/ig-parameter"},{"extension":[{"url":"code","valueString":"path-output"},{"url":"value","valueString":"output"}],"url":"http://hl7.org/fhir/tools/StructureDefinition/ig-parameter"},{"extension":[{"url":"code","valueString":"path-suppressed-warnings"},{"url":"value","valueString":"input/ignoreWarnings.txt"}],"url":"http://hl7.org/fhir/tools/StructureDefinition/ig-parameter"},{"extension":[{"url":"code","valueString":"path-history"},{"url":"value","valueString":"http://hl7.at/fhir/HL7ATCoreProfiles/4.0.1/history.html"}],"url":"http://hl7.org/fhir/tools/StructureDefinition/ig-parameter"},{"extension":[{"url":"code","valueString":"template-html"},{"url":"value","valueString":"template-page.html"}],"url":"http://hl7.org/fhir/tools/StructureDefinition/ig-parameter"},{"extension":[{"url":"code","valueString":"template-md"},{"url":"value","valueString":"template-page-md.html"}],"url":"http://hl7.org/fhir/tools/StructureDefinition/ig-parameter"},{"extension":[{"url":"code","valueString":"apply-contact"},{"url":"value","valueString":"true"}],"url":"http://hl7.org/fhir/tools/StructureDefinition/ig-parameter"},{"extension":[{"url":"code","valueString":"apply-context"},{"url":"value","valueString":"true"}],"url":"http://hl7.org/fhir/tools/StructureDefinition/ig-parameter"},{"extension":[{"url":"code","valueString":"apply-copyright"},{"url":"value","valueString":"true"}],"url":"http://hl7.org/fhir/tools/StructureDefinition/ig-parameter"},{"extension":[{"url":"code","valueString":"apply-jurisdiction"},{"url":"value","valueString":"true"}],"url":"http://hl7.org/fhir/tools/StructureDefinition/ig-parameter"},{"extension":[{"url":"code","valueString":"apply-license"},{"url":"value","valueString":"true"}],"url":"http://hl7.org/fhir/tools/StructureDefinition/ig-parameter"},{"extension":[{"url":"code","valueString":"apply-publisher"},{"url":"value","valueString":"true"}],"url":"http://hl7.org/fhir/tools/StructureDefinition/ig-parameter"},{"extension":[{"url":"code","valueString":"apply-version"},{"url":"value","valueString":"true"}],"url":"http://hl7.org/fhir/tools/StructureDefinition/ig-parameter"},{"extension":[{"url":"code","valueString":"active-tables"},{"url":"value","valueString":"true"}],"url":"http://hl7.org/fhir/tools/StructureDefinition/ig-parameter"}],"grouping":[{"id":"_str_profile","name":"Structures: Resource Profiles","description":"These define constraints on FHIR resources that need to be complied with by conformant implementations"},{"id":"_str_datatype","name":"Structures: Data Type Profiles","description":"These define constraints on FHIR data types that need to be complied with by conformant implementations"},{"id":"_str_extension","name":"Structures: Extension Definitions","description":"These define constraints on FHIR data types that need to be complied with by conformant implementations"},{"id":"_term_valueset","name":"Terminology: Value Sets","description":"These define sets of codes used by systems conforming with this implementation guide"},{"id":"_term_codesystem","name":"Terminology: Code Systems","description":"These define new code systems used by systems conforming with this implementation guide"},{"id":"_ex_example","name":"Example: Example Instances","description":"These are example instances that show what data produced and consumed by systems conforming with this implementation guide might look like"}],"resource":[{"extension":[{"url":"http://hl7.org/fhir/StructureDefinition/implementationguide-page","valueUri":"StructureDefinition-at-core-address.html"}],"reference":{"reference":"StructureDefinition/at-core-address"},"name":"HL7 AT Core Address Profile","description":"HL7 Austria FHIR Core Profile for address data in Austria.","exampleBoolean":false,"groupingId":"_str_datatype"},{"extension":[{"url":"http://hl7.org/fhir/StructureDefinition/implementationguide-page","valueUri":"StructureDefinition-at-core-patient.html"}],"reference":{"reference":"StructureDefinition/at-core-patient"},"name":"HL7 AT Core Patient Profile","description":"HL7 Austria FHIR Core Profile for patient pata in Austria.","exampleBoolean":false,"groupingId":"_str_profile"},{"extension":[{"url":"http://hl7.org/fhir/StructureDefinition/implementationguide-page","valueUri":"StructureDefinition-at-core-ext-address-additionalInformation.html"}],"reference":{"reference":"StructureDefinition/at-core-ext-address-additionalInformation"},"name":"Address Additional Information","description":"HL7 Austria FHIR Core Extension for the additional information part of the Austrian address.","exampleBoolean":false,"groupingId":"_str_extension"},{"extension":[{"url":"http://hl7.org/fhir/StructureDefinition/implementationguide-page","valueUri":"StructureDefinition-at-core-ext-patient-religion.html"}],"reference":{"reference":"StructureDefinition/at-core-ext-patient-religion"},"name":"Patient Religion","description":"HL7 Austria FHIR Core Extension for the religion (registered in Austria) of a patient.","exampleBoolean":false,"groupingId":"_str_extension"},{"extension":[{"url":"http://hl7.org/fhir/StructureDefinition/implementationguide-page","valueUri":"Patient-HL7ATCorePatientExample01.html"}],"reference":{"reference":"Patient/HL7ATCorePatientExample01"},"name":"HL7ATCorePatientExample01","description":"Example for the usage of the HL7 AT Core Patient Profile","exampleCanonical":"http://hl7.at/fhir/HL7ATCoreProfiles/4.0.1/StructureDefinition/at-core-patient","groupingId":"_ex_example"},{"extension":[{"url":"http://hl7.org/fhir/StructureDefinition/implementationguide-page","valueUri":"CodeSystem-at-core-cs-iso-3166-1-alpha-3.html"}],"reference":{"reference":"CodeSystem/at-core-cs-iso-3166-1-alpha-3"},"name":"at-core-cs-iso-3166-1-alpha-3","description":"ISO code system for country codes with 3 letters","exampleBoolean":false,"groupingId":"_term_codesystem"},{"extension":[{"url":"http://hl7.org/fhir/StructureDefinition/implementationguide-page","valueUri":"CodeSystem-at-core-cs-religion.html"}],"reference":{"reference":"CodeSystem/at-core-cs-religion"},"name":"at-core-cs-religion","description":"Code system for the religions and faith communities in Austria","exampleBoolean":false,"groupingId":"_term_codesystem"},{"extension":[{"url":"http://hl7.org/fhir/StructureDefinition/implementationguide-page","valueUri":"ValueSet-at-elga-vs-countryCodes.html"}],"reference":{"reference":"ValueSet/at-elga-vs-countryCodes"},"name":"at-elga-vs-countryCodes","description":"Value Set for ISO 3166-1 alpha 3 used in ELGA","exampleBoolean":false,"groupingId":"_term_valueset"},{"extension":[{"url":"http://hl7.org/fhir/StructureDefinition/implementationguide-page","valueUri":"ValueSet-at-elga-vs-religion.html"}],"reference":{"reference":"ValueSet/at-elga-vs-religion"},"name":"at-elga-vs-religion","description":"Set of religious affiliations to be used in ELGA. It is preferred to use entries of the first level hierachy (1-L)","exampleBoolean":false,"groupingId":"_term_valueset"}],"page":{"nameUrl":"toc.html","title":"Table of Contents","generation":"html","page":[{"nameUrl":"index.html","title":"Home","generation":"markdown"},{"nameUrl":"artifacts.html","title":"Artifacts Summary","generation":"html","page":[{"nameUrl":"StructureDefinition-at-core-patient.html","title":"HL7 AT Core Patient Profile","generation":"generated"},{"nameUrl":"StructureDefinition-at-core-address.html","title":"HL7 AT Core Address Profile","generation":"generated"},{"nameUrl":"StructureDefinition-at-core-ext-address-additionalInformation.html","title":"Address Additional Information","generation":"generated"},{"nameUrl":"StructureDefinition-at-core-ext-patient-religion.html","title":"Patient Religion","generation":"generated"},{"nameUrl":"ValueSet-at-elga-vs-countryCodes.html","title":"at-elga-vs-countryCodes","generation":"generated"},{"nameUrl":"ValueSet-at-elga-vs-religion.html","title":"at-elga-vs-religion","generation":"generated"},{"nameUrl":"CodeSystem-at-core-cs-iso-3166-1-alpha-3.html","title":"at-core-cs-iso-3166-1-alpha-3","generation":"generated"},{"nameUrl":"CodeSystem-at-core-cs-religion.html","title":"at-core-cs-religion","generation":"generated"},{"nameUrl":"Patient-HL7ATCorePatientExample01.html","title":"HL7ATCorePatientExample01","generation":"generated"}]}]},"parameter":[{"code":"path-resource","value":"input/capabilities"},{"code":"path-resource","value":"input/examples"},{"code":"path-resource","value":"input/extensions"},{"code":"path-resource","value":"input/models"},{"code":"path-resource","value":"input/operations"},{"code":"path-resource","value":"input/profiles"},{"code":"path-resource","value":"input/resources"},{"code":"path-resource","value":"input/vocabulary"},{"code":"path-resource","value":"input/maps"},{"code":"path-resource","value":"input/testing"},{"code":"path-resource","value":"input/history"},{"code":"path-resource","value":"fsh-generated/resources"},{"code":"path-pages","value":"template/config"},{"code":"path-pages","value":"input/images"},{"code":"path-tx-cache","value":"input-cache/txcache"}]}}