{
  "resourceType" : "Bundle",
  "id" : "78d8ab66-ff8f-4938-8586-8464cd5446cc",
  "meta" : {
    "lastUpdated" : "2024-09-26T05:46:51.064+00:00"
  },
  "type" : "collection",
  "entry" : [{
    "fullUrl" : "http://example.org/ValueSet/moped-WorkflowStatus-valueset",
    "resource" : {
      "resourceType" : "ValueSet",
      "text" : {
        "status" : "generated",
        "div" : "<div xmlns=\"http://www.w3.org/1999/xhtml\"><p class=\"res-header-id\"><b>Generated Narrative: ValueSet </b></p><p>This value set contains 0 concepts</p><table class=\"codes\"><tr><td style=\"white-space:nowrap\"><b>Code</b></td><td><b>System</b></td><td><b>Display</b></td></tr></table></div>"
      },
      "url" : "http://example.org/ValueSet/moped-WorkflowStatus-valueset",
      "version" : "0.1.0",
      "name" : "WorkflowStatus",
      "title" : "Workflow Status eines Falls",
      "status" : "draft",
      "date" : "2024-09-26T05:46:51+00:00",
      "expansion" : {
        "identifier" : "urn:uuid:a66e2c7b-7c82-4cb9-83d0-fb0ed6238059",
        "timestamp" : "2024-09-26T05:47:42+00:00",
        "total" : 0,
        "offset" : 0,
        "parameter" : [{
          "name" : "count",
          "valueInteger" : 1000
        },
        {
          "name" : "offset",
          "valueInteger" : 0
        },
        {
          "name" : "excludeNested",
          "valueBoolean" : false
        }]
      }
    }
  },
  {
    "fullUrl" : "http://example.org/ValueSet/moped-abgangsart-valueset",
    "resource" : {
      "resourceType" : "ValueSet",
      "text" : {
        "status" : "generated",
        "div" : "<div xmlns=\"http://www.w3.org/1999/xhtml\"><p class=\"res-header-id\"><b>Generated Narrative: ValueSet </b></p><p>This value set contains 0 concepts</p><table class=\"codes\"><tr><td style=\"white-space:nowrap\"><b>Code</b></td><td><b>System</b></td><td><b>Display</b></td></tr></table></div>"
      },
      "url" : "http://example.org/ValueSet/moped-abgangsart-valueset",
      "version" : "0.1.0",
      "name" : "Abgangsart",
      "title" : "Abgangsart des Patienten",
      "status" : "draft",
      "date" : "2024-09-26T05:46:51+00:00",
      "expansion" : {
        "identifier" : "urn:uuid:910bc333-0eed-400f-9bb5-701e2c973922",
        "timestamp" : "2024-09-26T05:47:42+00:00",
        "total" : 0,
        "offset" : 0,
        "parameter" : [{
          "name" : "count",
          "valueInteger" : 1000
        },
        {
          "name" : "offset",
          "valueInteger" : 0
        },
        {
          "name" : "excludeNested",
          "valueBoolean" : false
        }]
      }
    }
  }]
}