<?xml version="1.0" encoding="UTF-8"?>

<ValueSet xmlns="http://hl7.org/fhir">
  <id value="moped-sonderleistungsnummern-valueset"/>
  <text>
    <status value="generated"/><div xmlns="http://www.w3.org/1999/xhtml"><p class="res-header-id"><b>Generated Narrative: ValueSet moped-sonderleistungsnummern-valueset</b></p><a name="moped-sonderleistungsnummern-valueset"> </a><a name="hcmoped-sonderleistungsnummern-valueset"> </a><a name="moped-sonderleistungsnummern-valueset-en-US"> </a><ul><li>Include these codes as defined in <code>http://tbd.at/MOPED-Sonderleistungsnummern</code><table class="none"><tr><td style="white-space:nowrap"><b>Code</b></td><td><b>Display</b></td></tr><tr><td>00</td><td>orthopädisches Hilfsmittel (Körperersatzstücke), die nicht therapeutische Behelfe darstellen</td></tr><tr><td>01</td><td>Ersatz der Kosten für den fallweisen Beistand durch eine nicht in der Anstalt angestellte Hebamme</td></tr></table></li></ul></div>
  </text>
  <url value="http://example.org/ValueSet/moped-sonderleistungsnummern-valueset"/>
  <version value="0.1.0"/>
  <name value="Sonderleistungsnummern"/>
  <title value="Nummer für Sonderleistung"/>
  <status value="draft"/>
  <date value="2024-10-21T06:07:01+00:00"/>
  <publisher value="Example Publisher"/>
  <contact>
    <name value="Example Publisher"/>
    <telecom>
      <system value="url"/>
      <value value="http://example.org/example-publisher"/>
    </telecom>
  </contact>
  <description value="Nummer für Sonderleistung"/>
  <compose>
    <include>
      <system value="http://tbd.at/MOPED-Sonderleistungsnummern"/>
      <concept>
        <code value="00"/>
        <display value="orthopädisches Hilfsmittel (Körperersatzstücke), die nicht therapeutische Behelfe darstellen"/>
      </concept>
      <concept>
        <code value="01"/>
        <display value="Ersatz der Kosten für den fallweisen Beistand durch eine nicht in der Anstalt angestellte Hebamme"/>
      </concept>
    </include>
  </compose>
</ValueSet>