<?xml version="1.0" encoding="UTF-8"?>

<MedicationDispense xmlns="http://hl7.org/fhir">
  <id value="temp-dispense-ex"/>
  <meta>
    <profile value="http://fhir.hl7.at/linkedcare/StructureDefinition/linca-dipsense-documentation"/>
  </meta>
  <text>
    <status value="generated"/><div xmlns="http://www.w3.org/1999/xhtml"><p><b>Generated Narrative: MedicationDispense</b><a name="temp-dispense-ex"> </a></p><div style="display: inline-block; background-color: #d9e0e7; padding: 6px; margin: 4px; border: 1px solid #8da1b4; border-radius: 5px; line-height: 60%"><p style="margin-bottom: 0px">Resource MedicationDispense &quot;temp-dispense-ex&quot; </p><p style="margin-bottom: 0px">Profile: <a href="StructureDefinition-linca-dipsense-documentation.html">Linked Care Dispense Profile</a></p></div><p><b>status</b>: completed</p><h3>Medications</h3><table class="grid"><tr><td style="display: none">-</td><td><b>Concept</b></td></tr><tr><td style="display: none">*</td><td>981417 <span style="background: LightGoldenRodYellow; margin: 4px; border: 1px solid khaki"> (CodeSystem-asp-liste#981417)</span></td></tr></table><p><b>subject</b>: <a href="Patient-Patient-02.html">Patient/Patient-02</a> &quot; MUSTERPATIENT&quot;</p><h3>Performers</h3><table class="grid"><tr><td style="display: none">-</td><td><b>Actor</b></td></tr><tr><td style="display: none">*</td><td><a href="Organization/pharmacy-01">Organization/pharmacy-01: Einhornapotheke</a></td></tr></table><p><b>authorizingPrescription</b>: <a href="MedicationRequest-temp-presc-ex.html">MedicationRequest/temp-presc-ex</a></p><h3>DosageInstructions</h3><table class="grid"><tr><td style="display: none">-</td><td><b>Text</b></td></tr><tr><td style="display: none">*</td><td>Take 2 pills daily</td></tr></table></div>
  </text>
  <status value="completed"/>
  <medication>
    <concept>
      <coding>
        <system value="https://termgit.elga.gv.at/CodeSystem-asp-liste"/>
        <code value="981417"/>
      </coding>
    </concept>
  </medication>
  <subject>
    <reference value="Patient/Patient-02"/>
  </subject>
  <performer>
    <actor>
      <reference value="Organization/pharmacy-01"/>
      <display value="Einhornapotheke"/>
    </actor>
  </performer>
  <authorizingPrescription>
    <reference value="MedicationRequest/temp-presc-ex"/>
  </authorizingPrescription>
  <dosageInstruction>
    <text value="Take 2 pills daily"/>
  </dosageInstruction>
</MedicationDispense>