{
  "resourceType" : "ValueSet",
  "id" : "at-elga-vs-countryCodes",
  "text" : {
    "status" : "generated",
    "div" : "<div xmlns=\"http://www.w3.org/1999/xhtml\"><ul><li>Include all codes defined in <a href=\"CodeSystem-at-core-cs-iso-3166-1-alpha-3.html\"><code>http://hl7.at/fhir/HL7ATCoreProfiles/4.0.1/CodeSystem/at-core-cs-iso-3166-1-alpha-3</code></a></li></ul></div>"
  },
  "url" : "http://hl7.at/fhir/HL7ATCoreProfiles/4.0.1/ValueSet/at-elga-vs-countryCodes",
  "identifier" : [{
    "use" : "official",
    "system" : "urn:ietf:rfc:3986",
    "value" : "urn:oid:1.2.40.0.34.10.172"
  }],
  "version" : "1.1.0",
  "name" : "ELGAVSCountryCodes",
  "title" : "ELGA Country Code Value Set",
  "status" : "active",
  "date" : "2023-01-18T10:33:26+00:00",
  "contact" : [{
    "name" : "Technical Committee for FHIR® at HL7® Austria",
    "telecom" : [{
      "system" : "email",
      "value" : "mailto:tc-fhir@hl7.at"
    }]
  }],
  "description" : "Value Set for ISO 3166-1 alpha 3 used in ELGA. Also accessible on [Termpub - ValueSet - ELGA Ländercodes](https://termpub.gesundheit.gv.at:443/TermBrowser/gui/main/main.zul?loadType=ValueSet&loadName=ELGA_Laendercodes).",
  "compose" : {
    "include" : [{
      "system" : "http://hl7.at/fhir/HL7ATCoreProfiles/4.0.1/CodeSystem/at-core-cs-iso-3166-1-alpha-3"
    }]
  }
}