<?xml version="1.0" encoding="UTF-8"?>

<ValueSet xmlns="http://hl7.org/fhir">
  <id value="at-elga-vs-countryCodes"/>
  <text>
    <status value="generated"/><div xmlns="http://www.w3.org/1999/xhtml"><ul><li>Include all codes defined in <a href="CodeSystem-at-core-cs-iso-3166-1-alpha-3.html"><code>http://hl7.at/fhir/HL7ATCoreProfiles/4.0.1/CodeSystem/at-core-cs-iso-3166-1-alpha-3</code></a></li></ul></div>
  </text>
  <url value="http://hl7.at/fhir/HL7ATCoreProfiles/4.0.1/ValueSet/at-elga-vs-countryCodes"/>
  <identifier>
    <use value="official"/>
    <system value="urn:oid:1.2.40.0.34.10.172"/>
  </identifier>
  <version value="0.3.0"/>
  <name value="ELGAVSCountryCodes"/>
  <title value="ELGA Country Code Value Set"/>
  <status value="active"/>
  <date value="2021-12-16T14:42:22+00:00"/>
  <contact>
    <name value="Technical Committee for FHIR® at HL7® Austria"/>
    <telecom>
      <system value="email"/>
      <value value="mailto:tc-fhir@hl7.at"/>
    </telecom>
  </contact>
  <description value="Value Set for ISO 3166-1 alpha 3 used in ELGA. Also accessible on [Termpub - ValueSet - ELGA Ländercodes](https://termpub.gesundheit.gv.at:443/TermBrowser/gui/main/main.zul?loadType=ValueSet&amp;loadName=ELGA_Laendercodes)."/>
  <compose>
    <include>
      <system value="http://hl7.at/fhir/HL7ATCoreProfiles/4.0.1/CodeSystem/at-core-cs-iso-3166-1-alpha-3"/>
    </include>
  </compose>
</ValueSet>