[
  {
    "id": "at-core-cs-iso-3166-1-alpha-3",
    "type": "CodeSystem",
    "url": "http://hl7.at/fhir/HL7ATCoreProfiles/4.0.1/CodeSystem/at-core-cs-iso-3166-1-alpha-3",
    "version": "0.3.0",
    "name": "HL7ATCoreCSISO-3166-1-alpha-3",
    "oids": [
      "1.0.3166.1.2.3"
    ]
  },
  {
    "id": "at-core-cs-religion",
    "type": "CodeSystem",
    "url": "http://hl7.at/fhir/HL7ATCoreProfiles/4.0.1/CodeSystem/at-core-cs-religion",
    "version": "0.3.0",
    "name": "HL7ATCoreCSReligion",
    "oids": [
      "2.16.840.1.113883.2.16.1.4.1"
    ]
  },
  {
    "id": "HL7ATCoreProfiles",
    "type": "ImplementationGuide",
    "url": "http://hl7.at/fhir/HL7ATCoreProfiles/4.0.1/ImplementationGuide/HL7ATCoreProfiles",
    "version": "0.3.0",
    "name": "HL7AustriaImplementationGuide"
  },
  {
    "id": "at-core-address",
    "type": "StructureDefinition",
    "url": "http://hl7.at/fhir/HL7ATCoreProfiles/4.0.1/StructureDefinition/at-core-address",
    "version": "0.3.0",
    "name": "HL7ATCoreAddress"
  },
  {
    "id": "at-core-ext-address-additionalInformation",
    "type": "StructureDefinition",
    "url": "http://hl7.at/fhir/HL7ATCoreProfiles/4.0.1/StructureDefinition/at-core-ext-address-additionalInformation",
    "version": "0.3.0",
    "name": "AddressAdditionalInformation"
  },
  {
    "id": "at-core-ext-patient-religion",
    "type": "StructureDefinition",
    "url": "http://hl7.at/fhir/HL7ATCoreProfiles/4.0.1/StructureDefinition/at-core-ext-patient-religion",
    "version": "0.3.0",
    "name": "PatientReligion"
  },
  {
    "id": "at-core-patient",
    "type": "StructureDefinition",
    "url": "http://hl7.at/fhir/HL7ATCoreProfiles/4.0.1/StructureDefinition/at-core-patient",
    "version": "0.3.0",
    "name": "HL7ATCorePatient"
  },
  {
    "id": "at-elga-vs-countryCodes",
    "type": "ValueSet",
    "url": "http://hl7.at/fhir/HL7ATCoreProfiles/4.0.1/ValueSet/at-elga-vs-countryCodes",
    "version": "0.3.0",
    "name": "ELGAVSCountryCodes",
    "oids": [
      "1.2.40.0.34.10.172"
    ]
  },
  {
    "id": "at-elga-vs-religion",
    "type": "ValueSet",
    "url": "http://hl7.at/fhir/HL7ATCoreProfiles/4.0.1/ValueSet/at-elga-vs-religion",
    "version": "0.3.0",
    "name": "ELGAVSReligion",
    "oids": [
      "1.2.40.0.34.10.18"
    ]
  }
]