{"resourceType":"ImplementationGuide","id":"fhir.example","text":{"status":"generated","div":"<div xmlns=\"http://www.w3.org/1999/xhtml\"><p class=\"res-header-id\"><b>Generated Narrative: ImplementationGuide fhir.example</b></p><a name=\"fhir.example\"> </a><a name=\"hcfhir.example\"> </a><a name=\"fhir.example-en-US\"> </a><h2>MOPED</h2><p>The official URL for this implementation guide is: </p><pre>http://example.org/ImplementationGuide/fhir.example</pre></div>"},"url":"http://example.org/ImplementationGuide/fhir.example","version":"0.1.0","name":"MOPED","title":"Moderne Patient:innenabrechnung und Datenkommunikation on FHIR (MOPED)","status":"draft","date":"2024-09-23T11:42:54+00:00","publisher":"Example Publisher","contact":[{"name":"Example Publisher","telecom":[{"system":"url","value":"http://example.org/example-publisher"}]}],"packageId":"fhir.example","license":"CC0-1.0","fhirVersion":["5.0.0"],"dependsOn":[{"id":"hl7tx","extension":[{"url":"http://hl7.org/fhir/tools/StructureDefinition/implementationguide-dependency-comment","valueMarkdown":"Automatically added as a dependency - all IGs depend on HL7 Terminology"}],"uri":"http://terminology.hl7.org/ImplementationGuide/hl7.terminology","packageId":"hl7.terminology.r5","version":"6.0.2"},{"id":"hl7ext","extension":[{"url":"http://hl7.org/fhir/tools/StructureDefinition/implementationguide-dependency-comment","valueMarkdown":"Automatically added as a dependency - all IGs depend on the HL7 Extension Pack"}],"uri":"http://hl7.org/fhir/extensions/ImplementationGuide/hl7.fhir.uv.extensions","packageId":"hl7.fhir.uv.extensions.r5","version":"5.1.0"},{"id":"hl7_at_fhir_core_r5","uri":"http://hl7.at/fhir/HL7ATCoreProfiles/5.0.0/ImplementationGuide/hl7.at.fhir.core.r5","packageId":"hl7.at.fhir.core.r5","version":"current"}],"definition":{"extension":[{"url":"http://hl7.org/fhir/tools/StructureDefinition/ig-internal-dependency","valueCode":"hl7.fhir.uv.tools#0.2.0"}],"grouping":[{"id":"-dyn-operationdefinition","name":"Behavior: Operation Definitions","description":"These are custom operations that can be supported by and/or invoked by systems conforming to this implementation guide."},{"id":"-str-profile","name":"Structures: Resource Profiles","description":"These define constraints on FHIR resources for systems conforming to this implementation guide."},{"id":"-str-extension","name":"Structures: Extension Definitions","description":"These define constraints on FHIR data types for systems conforming to this implementation guide."},{"id":"-term-valueset","name":"Terminology: Value Sets","description":"These define sets of codes used by systems conforming to this implementation guide."},{"id":"-ex-example","name":"Example: Example Instances","description":"These are example instances that show what data produced and consumed by systems conforming with this implementation guide might look like."}],"resource":[{"extension":[{"url":"http://hl7.org/fhir/tools/StructureDefinition/resource-sort","valueInteger":999999999},{"url":"http://hl7.org/fhir/StructureDefinition/implementationguide-page","valueUri":"OperationDefinition-MOPED.CoverageEligibilityRequest.CheckStatus.html"}],"reference":{"reference":"OperationDefinition/MOPED.CoverageEligibilityRequest.CheckStatus"},"name":"Kostenübernahme-Anfrage $checkStatus (POC)","description":"Die Kostenübernahme-Anfrage $checkStatus Operation wird aufgerufen, um zu überprüfen, in welchem Status sich die Bearbeitung seitens SV derzeit befindet. Die Operation wird vom Akteur Krankenhaus (KH) aufgerufen.\n\n1. Suchen des Accounts: Suchen des MOPEDAccounts, der vom MOPEDEncounter mit dem *aufnahmezahl* Parameter als *identifier* im *MOPEDEncounter.account* Feld referenziert wird. \n2. Suchen des Requests: Es geht um jenen Request, der in *MOPEDAccount.coverageEligibilityRequest* Feld referenziert wurde\n3. Suche nach einer CoverageEligibilityResponse die im Feld *CoverageEligibilityResponse.request* den Request aus Schritt 2 referenziert\n  * Sollte es mehrere Responses zu einem Request geben, ist das eine Inkonsistenz die zu einer Fehlermeldung führen soll\n  * Gibt es eine Response, so ist zu prüfen in welchem *CoverageEligibilityResponse.status* die Ressource aufscheint:\n     * *draft*: Draft in Kombination mit dem *outcome*-Wert *queued* heißt, dass die SV den jeweiligen Request bereits ausgeliefert bekommen hat, jedoch die Bearbeitung noch nicht begonnen hat. Ein *draft*-Status in Kombination mit einem anderen *outcome*-Wert ist ungültig und sollte zu einer Fehlermeldung führen.\n     * *active*: Active in Kombination mit dem *outcome*-Wert *queued* bedeutet, dass die SV aktiv gestartet hat, den CoverageEligibilityRequest zu bearbeiten, es jedoch noch kein Resultat gibt. Ist der *outcome* mit dem Wert *completed*, *error* oder *partial* befüllt, ist die SV mit der Response fertig und eine Meldung kann ausgegeben werden, dass die freigegebene CoverageEligibilityResponse vom Krankenhaus abgeholt werden kann.","isExample":false,"groupingId":"-dyn-operationdefinition"},{"extension":[{"url":"http://hl7.org/fhir/tools/StructureDefinition/resource-sort","valueInteger":999999999},{"url":"http://hl7.org/fhir/StructureDefinition/implementationguide-page","valueUri":"OperationDefinition-MOPED.CoverageEligibilityRequest.Abholen.html"}],"reference":{"reference":"OperationDefinition/MOPED.CoverageEligibilityRequest.Abholen"},"name":"Kostenübernahme-Anfragen $abholen (POC)","description":"Die Operation wird vom Akteur Sozialversicherung (SV) aufgerufen. Die Kostenübernahme-Anfragen $abholen Operation wird aufgerufen, um alle noch offenen Kostenübernahme-Anfragen, die bisher seitens SV noch nicht bearbeitet wurden, abgeholt werden können.\n1. Suche nach relevanten Requests: Alle CoverageEligibilityRequests, \n  * die im Feld *CoverageEligibilityRequest.insurer* die Organization mit *Organization.identifier* = Operation-Parameter *versicherer* referenziert haben UND\n  * die noch keine gezugehörigen CoverageEligibilityResponse haben (CoverageEligibilityRequest CEReq where not exists CoverageEligibilityResponse with *CoverageEligibilityResponse.request* = CEReq). Der Status der Resposne ist dabei irrelevant.\n2. Zusammenstellen des Return-Bundles:\n   Mit der gleichen Logik wie der *_include* Suchparameter um die relevanten Ressourcen (Patient, Coverage) direkt mitbekommen zu können.\n3. Erstellung eine Draft CoverageEligibilityResponse für jeden der ausgelieferten Requests:\n   * mit Feld *CoverageEligibilityResponse.status* = *draft*\n   * mit Feld *CoverageEligibilityResponse.request* = Referenz auf jeweiligen Request\n   * mit Feld *CoverageEligibilityResponse.outcome* = *queued*","isExample":false,"groupingId":"-dyn-operationdefinition"},{"extension":[{"url":"http://hl7.org/fhir/tools/StructureDefinition/resource-sort","valueInteger":999999999},{"url":"http://hl7.org/fhir/StructureDefinition/implementationguide-page","valueUri":"OperationDefinition-MOPED.CoverageEligibilityRequest.Anfragen.html"}],"reference":{"reference":"OperationDefinition/MOPED.CoverageEligibilityRequest.Anfragen"},"name":"MOPED Kostenuebernahme $anfragen (POC)","description":"Die Operation wird vom Akteur Krankenhaus (KH) aufgerufen. Die Kostenübernahme $anfragen Operation wird aufgerufen, um die Kostenübernahme-Anfrage an die SV anzustoßen.\n1. Vorbereitung des CoverageEligibilityRequest: Ein CoverageEligibilityRequest mit dem *status* 'active' und *purpose* 'validation' und dem *created* aktuellem Zeitpunkt wird vorbereitet. Die Extension *ExtensionDays* wird mit dem Operation-Parameter *verlaengerungstage* befüllt, die Extension *PremiumClass* mit dem Operation-Parameter *sonderklasse*.\n2. Suchen des Accounts: Suchen des MOPEDAccounts, der vom MOPEDEncounter mit dem *aufnahmezahl* Parameter als *identifier* im *MOPEDEncounter.account* Feld referenziert wird. \n2. Referenzieren des Patienten: Eine Referenz auf den Patienten der als *subject* im MOPEDAccount geführt ist, wird im *CoverageEligibilityRequest.patient* Element referenziert\n3. Referenzieren der Coverage: Die gleiche Referenz wie im *MOPEDAccount.coverage.coverage* wird auch im CoverageEligibilityRequest referenziert. Check erfolgt, ob diese Coverage den gleichen Patienten als *beneficiary* hat wie das *subject* des CoverageEligibilityRequest.\n4. Referenzieren des Providers: Als *provider* Element wird die Organization referenziert, die als *owner* im MOPEDAccount referenziert ist. \n5. Einfügen des Versicherers: Als *insurer* Element wird die Organization referenziert, deren *identifier* dem Operation-Parameter *versicherer* entspricht.\n6. POSTen des neu erstellten CoverageEligibilityRequest\n7. Referenzierung des CoverageEligibilityRequest im MOPEDAccount im Element *coverageEligibilityRequest*.","isExample":false,"groupingId":"-dyn-operationdefinition"},{"extension":[{"url":"http://hl7.org/fhir/tools/StructureDefinition/resource-sort","valueInteger":999999999},{"url":"http://hl7.org/fhir/StructureDefinition/implementationguide-page","valueUri":"OperationDefinition-MOPED.Patient.Aufnehmen.html"}],"reference":{"reference":"OperationDefinition/MOPED.Patient.Aufnehmen"},"name":"MOPED Patient $aufnehmen (POC)","description":"Die Patient $aufnehmen Operation wird aufgerufen, wenn ein(e) Patient*in in das Krankenhaus aufgenommen wird.\nDie Operation wird vom Akteur Krankenhaus (KH) aufgerufen.\n\n1. Encounter erstellen: FHIR Transaction ausführen, wie im Operation-Parameter *falldaten* mitgegeben. Dabei soll geprüft werden, ob bereits ein Patient mit dem jeweiligen identifier (bPK bzw. Sozialversicherungsnummer) vorliegt um Duplikate zu vermeiden.\n2. Account anlegen:\n   * *MOPEDAccount.WorkflowStatus*: lt. Beschreibung der Werte-Ausprägungen des *modus* Parameter (siehe unten)\n   * *MOPEDAccount.VerdachtArbeitsSchuelerunfall* lt. Operation Parameter\n   * *MOPEDAccount.VerdachtFremdverschulden* lt. Operation Parameter\n   * *MOPEDAccount.subject* mit der gleichen Referenz befüllen wie *MOPEDEncounter.subjec*\n   * *MOPEDAccount.owner* mit der gleichen Organization befüllen wie *MOPEDEncounter.serviceProvider*\n   * *MOPEDAccount.VDASID* lt. Operation Parameter befüllen (TBD: brauchen wir die VDAS ID oder können wir sie mit Absprache SVC als Identifier in die Coverage geben?)\n   * *MOPEDAccount.coverage.coverage* mit der Referenz lt. Parameter befüllen und ggf. Hauptversicherter (Patient) anlegen, falls noch nicht am Server.\n3. Account im Encounter referenzieren: Den neuen MOPEDAccount im *MOPEDEncounter.account* referenzieren\n\nDie Werte-Ausprägung des *modus* Parameters haben eine Auswirkung auf das Verhalten der Operation:\n* *zwischenspeichern*: Die Patientenaufnahme ist noch nicht vollständig und wird lediglich zwischengespeichert. Hier findet keine Validierung der Encounter Ressource statt. Eine Account-Ressource wird erstellt, die den *WorkflowStatus* 'Aufnahme in Arbeit' hat und im Encounter referenziert.\n* *freigeben*: Die Patientenaufnahme ist vollständig und es ist zu erwarten, dass alle nötigen Felder befüllt sind. Schlägt die Validierung der *falldaten* fehl, kann die Operation nicht erfolgreich durchgeführt werden. Ist die Validierung erfolgreich, wird eine im Encounter referenzierte Account-Ressource erstellt bzw. upgedatet, die den *WorkflowStatus* 'Aufnahme freigegeben' hat.","isExample":false,"groupingId":"-dyn-operationdefinition"},{"extension":[{"url":"http://hl7.org/fhir/tools/StructureDefinition/resource-sort","valueInteger":999999999},{"url":"http://hl7.org/fhir/StructureDefinition/implementationguide-page","valueUri":"OperationDefinition-MOPED.Patient.Beurlauben.html"}],"reference":{"reference":"OperationDefinition/MOPED.Patient.Beurlauben"},"name":"MOPED Patient $beurlauben","description":"Die Patient $beurlauben Operation wird aufgerufen, wenn ein(e) Patient*in in das Krankenhaus aufgenommen wurde und während eines laufenden Falles beurlaubt wird. Die Operation $verlegen wird aufgerufen mit dem Funktionscode XXX als Parameter, der Abgangsart YYY und ohne physische Anwesenheit. TBD: finde heraus, welcher Funktionscode und welche Abgangsart konkret für Urlaub stehen.\n\nDie Operation wird vom Akteur Krankenhaus (KH) aufgerufen.","isExample":false,"groupingId":"-dyn-operationdefinition"},{"extension":[{"url":"http://hl7.org/fhir/tools/StructureDefinition/resource-sort","valueInteger":999999999},{"url":"http://hl7.org/fhir/StructureDefinition/implementationguide-page","valueUri":"OperationDefinition-MOPED.Patient.Entlassen.html"}],"reference":{"reference":"OperationDefinition/MOPED.Patient.Entlassen"},"name":"MOPED Patient $entlassen (POC)","description":"Diese Operation wurde noch nicht ausdefiniert - die Kommentare unterhalb dienen lediglich zur Orientierung und müssen noch stark verändert und erweitert werden.\n\nDie Patient $entlassen Operation wird aufgerufen, wenn ein(e) Patient*in aus dem Krankenhaus entlassen wurde.\n\nDie Operation wird vom Akteur Krankenhaus (KH) aufgerufen.\n\n1. Der Encounter erhält ein End-Datum (*MOPEDEncounter.actualPeriod.end*); der *MOPEDEncounter.status* wird auf *discharged* gesetzt\n2. Das Element *MOPEDEncounter.admission.dischargeDisposition* wird mit dem Operation-Parameter *entlassungsart* befüllt.\n3. Der alte MOPEDTransferEncounter der *partOf* des MOPEDEncounters mit der jeweiligen Aufnahmezahl war und noch den Status *in-progress* hat, wird gesucht. Der Status wird auf *completed* gesetzt und die *MOPEDTransferEncounter.actualPeriod.end* mit dem *zeitpunkt* der Entlassung versehen. \n4. Ein MOPEDClaim mit dem Status *draft* wird erstellt und in *MOPEDAccount.claim* referenziert.\n5. Änderungen am Account: der *MOPEDAccount.WorkflowStatus* wird auf *Entlassungs Aviso* gesetzt.","isExample":false,"groupingId":"-dyn-operationdefinition"},{"extension":[{"url":"http://hl7.org/fhir/tools/StructureDefinition/resource-sort","valueInteger":999999999},{"url":"http://hl7.org/fhir/StructureDefinition/implementationguide-page","valueUri":"OperationDefinition-MOPED.Patient.Verlegen.html"}],"reference":{"reference":"OperationDefinition/MOPED.Patient.Verlegen"},"name":"MOPED Patient $verlegen (POC)","description":"Die Operation wird vom Akteur Krankenhaus (KH) aufgerufen.\n\nDie Patient $verlegen Operation wird aufgerufen, wenn ein(e) Patient*in auf eine andere Station verlegt wird. \n\n1. Neuer Transfer Encounter: Der MOPEDEncounter mit der jeweiligen Aufnahmezahl wird gesucht, und ein neuer MOPEDTransferEncounter der mit partOf den MOPEDEncounter referenziert wird erstellt. Beim neu erstellten MOPEDTransferEncounter wird der *zeitpunkt* als *MOPEDTransferEncounter.actualPeriod.start* eingefügt und als *MOPEDTransferEncounter.serviceProvider* die Abteilung MOPEDOrganizationAbteilung mit dem jeweiligen *funktionscode* referenziert. \n2. Alter Transfer Encounter: Der alte MOPEDTransferEncounter der partOf des MOPEDEncounters mit der jeweiligen Aufnahmezahl war und noch den Status *in-progress* hat, wird gesucht. Der Status wird auf *completed* gesetzt und die MOPEDTransferEncounter.actualPeriod.end mit dem *zeitpunkt* der Verlegung versehen. Ebenso wird beim alten Encounter die *abgangsart* von diesem Funktionscode dokumentiert. \n3. Fallnummer: Die Fallnummer im zur Aufnahmezahl gehöhrenden Account wird um 1 erhöht.\n4. Validierung: Es kann immer nur einen MOPEDTransferEncounter für den jeweiligen Fall geben der partOf eines MOPEDEncounters mit der *aufnahmezahl* ist und den Status *in-progress* hat.","isExample":false,"groupingId":"-dyn-operationdefinition"},{"extension":[{"url":"http://hl7.org/fhir/tools/StructureDefinition/resource-sort","valueInteger":999999999},{"url":"http://hl7.org/fhir/StructureDefinition/implementationguide-page","valueUri":"StructureDefinition-MOPEDAufnahmeBundle.html"}],"reference":{"reference":"StructureDefinition/MOPEDAufnahmeBundle"},"name":"MOPED Aufnahme Bundle","description":"Bundle für die Input-Ressourcen bei Patienten-Aufnahme","isExample":false,"groupingId":"-str-profile"},{"extension":[{"url":"http://hl7.org/fhir/tools/StructureDefinition/resource-sort","valueInteger":999999999},{"url":"http://hl7.org/fhir/StructureDefinition/implementationguide-page","valueUri":"StructureDefinition-MOPEDAccount.html"}],"reference":{"reference":"StructureDefinition/MOPEDAccount"},"name":"MOPEDAccount","description":"MOPED Profil der Account Ressource für die administrative Fallführung und Abrechnung.","isExample":false,"groupingId":"-str-profile"},{"extension":[{"url":"http://hl7.org/fhir/tools/StructureDefinition/resource-sort","valueInteger":999999999},{"url":"http://hl7.org/fhir/StructureDefinition/implementationguide-page","valueUri":"StructureDefinition-MOPEDClaim.html"}],"reference":{"reference":"StructureDefinition/MOPEDClaim"},"name":"MOPEDClaim","description":"MOPED Profil der Claim Ressource für die Leistungsabrechnungsanfrage.","isExample":false,"groupingId":"-str-profile"},{"extension":[{"url":"http://hl7.org/fhir/tools/StructureDefinition/resource-sort","valueInteger":999999999},{"url":"http://hl7.org/fhir/StructureDefinition/implementationguide-page","valueUri":"StructureDefinition-MOPEDClaimResponse.html"}],"reference":{"reference":"StructureDefinition/MOPEDClaimResponse"},"name":"MOPEDClaimResponse","description":"MOPED Profil der ClaimResponse Ressource für die Leistungsabrechnungsantwort.","isExample":false,"groupingId":"-str-profile"},{"extension":[{"url":"http://hl7.org/fhir/tools/StructureDefinition/resource-sort","valueInteger":999999999},{"url":"http://hl7.org/fhir/StructureDefinition/implementationguide-page","valueUri":"StructureDefinition-MOPEDCoverageEligibilityRequest.html"}],"reference":{"reference":"StructureDefinition/MOPEDCoverageEligibilityRequest"},"name":"MOPEDCoverageEligibilityRequest","description":"MOPED Profil der CoverageEligibilityRequest Ressource für die Kostenübernahmeanfrage.","isExample":false,"groupingId":"-str-profile"},{"extension":[{"url":"http://hl7.org/fhir/tools/StructureDefinition/resource-sort","valueInteger":999999999},{"url":"http://hl7.org/fhir/StructureDefinition/implementationguide-page","valueUri":"StructureDefinition-MOPEDCoverageEligibilityResponse.html"}],"reference":{"reference":"StructureDefinition/MOPEDCoverageEligibilityResponse"},"name":"MOPEDCoverageEligibilityResponse","description":"MOPED Profil der CoverageEligibilityResponse Ressource für die Kostenübernahmeantwort.","isExample":false,"groupingId":"-str-profile"},{"extension":[{"url":"http://hl7.org/fhir/tools/StructureDefinition/resource-sort","valueInteger":999999999},{"url":"http://hl7.org/fhir/StructureDefinition/implementationguide-page","valueUri":"StructureDefinition-MOPEDEncounter.html"}],"reference":{"reference":"StructureDefinition/MOPEDEncounter"},"name":"MOPEDEncounter","description":"MOPED Profil der Encounter Ressource für die Krankenanstaltenaufnahme und Entlassung","isExample":false,"groupingId":"-str-profile"},{"extension":[{"url":"http://hl7.org/fhir/tools/StructureDefinition/resource-sort","valueInteger":999999999},{"url":"http://hl7.org/fhir/StructureDefinition/implementationguide-page","valueUri":"StructureDefinition-MOPEDOrganizationAbteilung.html"}],"reference":{"reference":"StructureDefinition/MOPEDOrganizationAbteilung"},"name":"MOPEDOrganizationAbteilung","description":"MOPED Profil für Abteilungen innerhalb einer Krankenanstalt.","isExample":false,"groupingId":"-str-profile"},{"extension":[{"url":"http://hl7.org/fhir/tools/StructureDefinition/resource-sort","valueInteger":999999999},{"url":"http://hl7.org/fhir/StructureDefinition/implementationguide-page","valueUri":"StructureDefinition-MOPEDTransferEncounter.html"}],"reference":{"reference":"StructureDefinition/MOPEDTransferEncounter"},"name":"MOPEDTransferEncounter","description":"MOPED Profil der Encounter Ressource für die Verlegung innerhalb oder zwischen Krankenanstalten","isExample":false,"groupingId":"-str-profile"},{"extension":[{"url":"http://hl7.org/fhir/tools/StructureDefinition/resource-sort","valueInteger":999999999},{"url":"http://hl7.org/fhir/StructureDefinition/implementationguide-page","valueUri":"StructureDefinition-SVCCoverage.html"}],"reference":{"reference":"StructureDefinition/SVCCoverage"},"name":"SVCCoverage","description":"MOPED Profil der Coverage Ressource für Versicherungen. Basierend auf dem Profil \"ecardAnspruch\": https://www.chipkarte.at/de/vdas-on-fhir/site/StructureDefinition-ecard-anspruch-profile.html","isExample":false,"groupingId":"-str-profile"},{"extension":[{"url":"http://hl7.org/fhir/tools/StructureDefinition/resource-sort","valueInteger":999999999},{"url":"http://hl7.org/fhir/StructureDefinition/implementationguide-page","valueUri":"StructureDefinition-moped-ext-diagnosisRelatedNode.html"}],"reference":{"reference":"StructureDefinition/moped-ext-diagnosisRelatedNode"},"name":"Abrechnung - Knoten","description":"Lukriert die Patient:innen über eine reguläre Gruppe Punkte, so ist in diesem Datenfeld die entsprechende Knotenbezeichnung einzutragen.","isExample":false,"groupingId":"-str-extension"},{"extension":[{"url":"http://hl7.org/fhir/tools/StructureDefinition/resource-sort","valueInteger":999999999},{"url":"http://hl7.org/fhir/StructureDefinition/implementationguide-page","valueUri":"StructureDefinition-SVAbrechnungsquartal.html"}],"reference":{"reference":"StructureDefinition/SVAbrechnungsquartal"},"name":"Abrechnungsquartal der Sozialversicherung","description":"Das Abrechnungsquartal ist in der Form Jahr (JJJJ) und Quartal (Q) zu melden.","isExample":false,"groupingId":"-str-extension"},{"extension":[{"url":"http://hl7.org/fhir/tools/StructureDefinition/resource-sort","valueInteger":999999999},{"url":"http://hl7.org/fhir/StructureDefinition/implementationguide-page","valueUri":"StructureDefinition-moped-ext-AccountRef.html"}],"reference":{"reference":"StructureDefinition/moped-ext-AccountRef"},"name":"Account Referenz","description":"Referenz auf den im Claim abzurechnenden Account","isExample":false,"groupingId":"-str-extension"},{"extension":[{"url":"http://hl7.org/fhir/tools/StructureDefinition/resource-sort","valueInteger":999999999},{"url":"http://hl7.org/fhir/StructureDefinition/implementationguide-page","valueUri":"StructureDefinition-moped-ext-AnzahlSonderleistungen.html"}],"reference":{"reference":"StructureDefinition/moped-ext-AnzahlSonderleistungen"},"name":"Anzahl Sonderleistungen","description":"MOPED Extension für die Anzahl der Sonderleistungen","isExample":false,"groupingId":"-str-extension"},{"extension":[{"url":"http://hl7.org/fhir/tools/StructureDefinition/resource-sort","valueInteger":999999999},{"url":"http://hl7.org/fhir/StructureDefinition/implementationguide-page","valueUri":"StructureDefinition-moped-ext-AnzahlVerlegungen.html"}],"reference":{"reference":"StructureDefinition/moped-ext-AnzahlVerlegungen"},"name":"AnzahlVerlegungen","description":"MOPED Extension für die Anzahl der Verlegungen","isExample":false,"groupingId":"-str-extension"},{"extension":[{"url":"http://hl7.org/fhir/tools/StructureDefinition/resource-sort","valueInteger":999999999},{"url":"http://hl7.org/fhir/StructureDefinition/implementationguide-page","valueUri":"StructureDefinition-moped-ext-Beihilfenaequivalent.html"}],"reference":{"reference":"StructureDefinition/moped-ext-Beihilfenaequivalent"},"name":"Beihilfenaequivalent","description":"MOPED Extension für das Beihilfenaequivalent","isExample":false,"groupingId":"-str-extension"},{"extension":[{"url":"http://hl7.org/fhir/tools/StructureDefinition/resource-sort","valueInteger":999999999},{"url":"http://hl7.org/fhir/StructureDefinition/implementationguide-page","valueUri":"StructureDefinition-moped-ext-erworben.html"}],"reference":{"reference":"StructureDefinition/moped-ext-erworben"},"name":"Diagnose - im stationären Aufenthalt erworben","description":"MOPED Extension, um anzugeben, ob die Diagnose während des stationären Aufenthalts erworben wurde.","isExample":false,"groupingId":"-str-extension"},{"extension":[{"url":"http://hl7.org/fhir/tools/StructureDefinition/resource-sort","valueInteger":999999999},{"url":"http://hl7.org/fhir/StructureDefinition/implementationguide-page","valueUri":"StructureDefinition-moped-ext-EndOfEligibility.html"}],"reference":{"reference":"StructureDefinition/moped-ext-EndOfEligibility"},"name":"EndOfEligibility","description":"Fristende - Befristungen sind in folgenden Fällen vorgesehen:\n- Bei zeitlichen Beschränkungen aufgrund einer zu erwartenden, nachfolgenden medizini-\nschen Hauskrankenpflege\n- Bei Vorhersehbarkeit des Eintritts einer Asylierung\n- Bei unsicherer, versicherungsrechtlicher Entwicklung\nBei den ersten beiden Punkten wird von den Krankenversicherungsträgern das Fristende individuell gesetzt. Beim dritten Punkt wird im Regelfall eine generelle Tagesbeschränkung erfolgen, weil die Versichertenanspruchserklärung in die Zukunft gerichtet ist und der Krankenversicherungsträger seine Zuständigkeit von vornherein nur für einen bestimmten Zeitraum annehmen kann (Ausleis- tungssituation gem. § 122 ASVG).\nDurch die Angabe eines Fristendes wird signalisiert, dass bei einem über das Fristende hinaus dau- ernden Aufenthalt eine Verlängerungsanzeige vorzulegen ist.","isExample":false,"groupingId":"-str-extension"},{"extension":[{"url":"http://hl7.org/fhir/tools/StructureDefinition/resource-sort","valueInteger":999999999},{"url":"http://hl7.org/fhir/StructureDefinition/implementationguide-page","valueUri":"StructureDefinition-moped-ext-ErrorWarning.html"}],"reference":{"reference":"StructureDefinition/moped-ext-ErrorWarning"},"name":"Error/Warning","description":"MOPED Extension für akzeptierte Errors und Warnings","isExample":false,"groupingId":"-str-extension"},{"extension":[{"url":"http://hl7.org/fhir/tools/StructureDefinition/resource-sort","valueInteger":999999999},{"url":"http://hl7.org/fhir/StructureDefinition/implementationguide-page","valueUri":"StructureDefinition-moped-ext-fondsrelevanz.html"}],"reference":{"reference":"StructureDefinition/moped-ext-fondsrelevanz"},"name":"Fondsrelevanz","description":"Hier ist anzugeben, ob der stationäre Aufenthalt/ambulante Besuch gegenüber dem Landesgesundheitsfonds/PRIKRAF abzurechnen ist.","isExample":false,"groupingId":"-str-extension"},{"extension":[{"url":"http://hl7.org/fhir/tools/StructureDefinition/resource-sort","valueInteger":999999999},{"url":"http://hl7.org/fhir/StructureDefinition/implementationguide-page","valueUri":"StructureDefinition-moped-ext-ForderungsbetragAuslaenderverrechnungRegress.html"}],"reference":{"reference":"StructureDefinition/moped-ext-ForderungsbetragAuslaenderverrechnungRegress"},"name":"Forderungsbetrag für Auslaenderverrechnung oder Regress","description":"MOPED Extension für den Forderungsbetrag für Ausländerverrechnung oder Regress","isExample":false,"groupingId":"-str-extension"},{"extension":[{"url":"http://hl7.org/fhir/tools/StructureDefinition/resource-sort","valueInteger":999999999},{"url":"http://hl7.org/fhir/StructureDefinition/implementationguide-page","valueUri":"StructureDefinition-ecard-anspruch-kostenanteilbefreit.html"}],"reference":{"reference":"StructureDefinition/ecard-anspruch-kostenanteilbefreit"},"name":"Kostenanteilbefreit laut Versicherungsanspruch","description":"Kostenanteilbefreiung für den Patienten, die direkt an den Anspruch geknüpft ist. Kostenanteile sind \nentweder laut Gesetz vorgegeben (z.B. Rezeptgebühr) oder sie sind in der Satzung des jeweiligen KV-Trägers \nverankert und werden meistens errechnet (z.B. für Heilbehelfe und Hilfsmittel).","isExample":false,"groupingId":"-str-extension"},{"extension":[{"url":"http://hl7.org/fhir/tools/StructureDefinition/resource-sort","valueInteger":999999999},{"url":"http://hl7.org/fhir/StructureDefinition/implementationguide-page","valueUri":"StructureDefinition-moped-ext-KonstenmeldungARK.html"}],"reference":{"reference":"StructureDefinition/moped-ext-KonstenmeldungARK"},"name":"Kostenmeldung für (A/R/K)","description":"MOPED Extension für die Kostenmeldung. Konstenmeldung für A = Ausländerverrechnung, R = Regressangelegenheiten oder K = Kosteninformation","isExample":false,"groupingId":"-str-extension"},{"extension":[{"url":"http://hl7.org/fhir/tools/StructureDefinition/resource-sort","valueInteger":999999999},{"url":"http://hl7.org/fhir/StructureDefinition/implementationguide-page","valueUri":"StructureDefinition-moped-ext-Kostenstelle.html"}],"reference":{"reference":"StructureDefinition/moped-ext-Kostenstelle"},"name":"Kostenstelle","description":"MOPED Extension für akzeptierte Errors und Warnings","isExample":false,"groupingId":"-str-extension"},{"extension":[{"url":"http://hl7.org/fhir/tools/StructureDefinition/resource-sort","valueInteger":999999999},{"url":"http://hl7.org/fhir/StructureDefinition/implementationguide-page","valueUri":"StructureDefinition-moped-ext-LDFBetragNetto.html"}],"reference":{"reference":"StructureDefinition/moped-ext-LDFBetragNetto"},"name":"LDF-Betrag Netto","description":"MOPED Extension für den LDF-Punktewert Netto. Ergibt sich durch Punkteanzahl mal Punktewert Forderungsbasis ohne Berücksichtigung eines Patientenanteiles f. Angehörige bzw. eines Beihilfenäquivalentes","isExample":false,"groupingId":"-str-extension"},{"extension":[{"url":"http://hl7.org/fhir/tools/StructureDefinition/resource-sort","valueInteger":999999999},{"url":"http://hl7.org/fhir/StructureDefinition/implementationguide-page","valueUri":"StructureDefinition-moped-ext-LDFPunktewertNetto.html"}],"reference":{"reference":"StructureDefinition/moped-ext-LDFPunktewertNetto"},"name":"LDF-Punktewert Netto","description":"MOPED Extension für den LDF-Punktewert Netto","isExample":false,"groupingId":"-str-extension"},{"extension":[{"url":"http://hl7.org/fhir/tools/StructureDefinition/resource-sort","valueInteger":999999999},{"url":"http://hl7.org/fhir/StructureDefinition/implementationguide-page","valueUri":"StructureDefinition-Leistungskomponente-Leistungspunkte.html"}],"reference":{"reference":"StructureDefinition/Leistungskomponente-Leistungspunkte"},"name":"Leistungskomponente/Leistungspunkte","description":"In dieses Datenfeld ist – soweit zutreffend – die Leistungskomponente bzw. sind die Leistungspunkte einzutragen.","isExample":false,"groupingId":"-str-extension"},{"extension":[{"url":"http://hl7.org/fhir/tools/StructureDefinition/resource-sort","valueInteger":999999999},{"url":"http://hl7.org/fhir/StructureDefinition/implementationguide-page","valueUri":"StructureDefinition-moped-ext-MealCostExcemption.html"}],"reference":{"reference":"StructureDefinition/moped-ext-MealCostExcemption"},"name":"MealCostExcemption","description":"VKBEFR – Verpflegskosten-Beitragsbefreiung","isExample":false,"groupingId":"-str-extension"},{"extension":[{"url":"http://hl7.org/fhir/tools/StructureDefinition/resource-sort","valueInteger":999999999},{"url":"http://hl7.org/fhir/StructureDefinition/implementationguide-page","valueUri":"StructureDefinition-moped-ext-AbrechnungsRelevanz.html"}],"reference":{"reference":"StructureDefinition/moped-ext-AbrechnungsRelevanz"},"name":"Medizinische Leistung - Abrechnungsrelevanz","description":"Hier ist anzugeben, ob die medizinische Leistung bei der Bepunktung des ambulanten Besuchs/stationären Aufenthalts (Satzart X01) zu berücksichtigen ist.","isExample":false,"groupingId":"-str-extension"},{"extension":[{"url":"http://hl7.org/fhir/tools/StructureDefinition/resource-sort","valueInteger":999999999},{"url":"http://hl7.org/fhir/StructureDefinition/implementationguide-page","valueUri":"StructureDefinition-moped-ext-Patientenanteil.html"}],"reference":{"reference":"StructureDefinition/moped-ext-Patientenanteil"},"name":"Patientenanteil Netto","description":"MOPED Extension für den Patientenanteil netto: Betrag in €, 2 Nachkommastellen","isExample":false,"groupingId":"-str-extension"},{"extension":[{"url":"http://hl7.org/fhir/tools/StructureDefinition/resource-sort","valueInteger":999999999},{"url":"http://hl7.org/fhir/StructureDefinition/implementationguide-page","valueUri":"StructureDefinition-moped-ext-PatientenanteilAngehoerige.html"}],"reference":{"reference":"StructureDefinition/moped-ext-PatientenanteilAngehoerige"},"name":"Patientenanteil für Angehoerige","description":"MOPED Extension für den Patientenanteil für Angehörige (tägl. Satz) netto: Betrag in €, 2 Nachkommastellen","isExample":false,"groupingId":"-str-extension"},{"extension":[{"url":"http://hl7.org/fhir/tools/StructureDefinition/resource-sort","valueInteger":999999999},{"url":"http://hl7.org/fhir/StructureDefinition/implementationguide-page","valueUri":"StructureDefinition-Plausibilitaetskennzeichen.html"}],"reference":{"reference":"StructureDefinition/Plausibilitaetskennzeichen"},"name":"Plausibilitaetskennzeichen","description":"Dieses Datenfeld enthält eine Kennzeichnung als Ergebnis der vom Gesundheitsministerium vorgegebenen Plausibilitätsprüfung.","isExample":false,"groupingId":"-str-extension"},{"extension":[{"url":"http://hl7.org/fhir/tools/StructureDefinition/resource-sort","valueInteger":999999999},{"url":"http://hl7.org/fhir/StructureDefinition/implementationguide-page","valueUri":"StructureDefinition-moped-ext-PremiumClass.html"}],"reference":{"reference":"StructureDefinition/moped-ext-PremiumClass"},"name":"PremiumClass","description":"KLAS – Allgemeine Gebührenklasse/Sonderklasse","isExample":false,"groupingId":"-str-extension"},{"extension":[{"url":"http://hl7.org/fhir/tools/StructureDefinition/resource-sort","valueInteger":999999999},{"url":"http://hl7.org/fhir/StructureDefinition/implementationguide-page","valueUri":"StructureDefinition-Punkte-Belagsdauerausreisser-unten-Leistungskomponente.html"}],"reference":{"reference":"StructureDefinition/Punkte-Belagsdauerausreisser-unten-Leistungskomponente"},"name":"Punkte Belagsdauerausreisser unten - Leistungskomponente","description":"In dieses Datenfeld ist – soweit zutreffend – die ermittelte Leistungskomponente für jene Patient:innen einzutragen, deren Belagsdauer des akutstationären Krankenhausaufenthalts unter der im LKF-Modell in der jeweiligen LDF-Pauschale festgelegten Belagsdaueruntergrenze liegt.","isExample":false,"groupingId":"-str-extension"},{"extension":[{"url":"http://hl7.org/fhir/tools/StructureDefinition/resource-sort","valueInteger":999999999},{"url":"http://hl7.org/fhir/StructureDefinition/implementationguide-page","valueUri":"StructureDefinition-Punkte-Belagsdauerausreisser-unten-Tageskomponente.html"}],"reference":{"reference":"StructureDefinition/Punkte-Belagsdauerausreisser-unten-Tageskomponente"},"name":"Punkte Belagsdauerausreisser unten - Tageskomponente","description":"In dieses Datenfeld ist – soweit zutreffend – die ermittelte Tageskomponente für jene Patient:innen einzutragen, deren Belagsdauer des akutstationären Krankenhausaufenthalts unter der im LKF-Modell in der jeweiligen LDF-Pauschale festgelegten Belagsdaueruntergrenze liegt.","isExample":false,"groupingId":"-str-extension"},{"extension":[{"url":"http://hl7.org/fhir/tools/StructureDefinition/resource-sort","valueInteger":999999999},{"url":"http://hl7.org/fhir/StructureDefinition/implementationguide-page","valueUri":"StructureDefinition-moped-ext-PunkteLDFPauschale.html"}],"reference":{"reference":"StructureDefinition/moped-ext-PunkteLDFPauschale"},"name":"Punkte LDF Pauschale","description":"MOPED Extension für die LDF Punkte Pauschale","isExample":false,"groupingId":"-str-extension"},{"extension":[{"url":"http://hl7.org/fhir/tools/StructureDefinition/resource-sort","valueInteger":999999999},{"url":"http://hl7.org/fhir/StructureDefinition/implementationguide-page","valueUri":"StructureDefinition-Punkte-spezieller-Bereiche-tageweise.html"}],"reference":{"reference":"StructureDefinition/Punkte-spezieller-Bereiche-tageweise"},"name":"Punkte spezieller Bereiche (tageweise)","description":"In dieses Datenfeld ist – soweit zutreffend – die Summe der tageweise ermittelten Punkte für einen stationären Krankenhausaufenthalt in speziellen Leistungsbereichen (z.B. in den Bereichen der Kinder- und Jugendpsychiatrie, der Akut-Nachbehandlung von neuro- logischen Patient:innen, der medizinischen Geriatrie, der Akutgeriatrie/Remobilisation sowie der palliativmedizinischen Einrichtungen) einzutragen.","isExample":false,"groupingId":"-str-extension"},{"extension":[{"url":"http://hl7.org/fhir/tools/StructureDefinition/resource-sort","valueInteger":999999999},{"url":"http://hl7.org/fhir/StructureDefinition/implementationguide-page","valueUri":"StructureDefinition-totalPoints.html"}],"reference":{"reference":"StructureDefinition/totalPoints"},"name":"Punkte total","description":"In dieses Datenfeld ist die Gesamtsumme der für den stationären Aufenthalt/den ambulanten Besuch ermittelten Punkte einzutragen.","isExample":false,"groupingId":"-str-extension"},{"extension":[{"url":"http://hl7.org/fhir/tools/StructureDefinition/resource-sort","valueInteger":999999999},{"url":"http://hl7.org/fhir/StructureDefinition/implementationguide-page","valueUri":"StructureDefinition-moped-ext-RechnungsnummerKHLGF.html"}],"reference":{"reference":"StructureDefinition/moped-ext-RechnungsnummerKHLGF"},"name":"Rechnungsnummer der Krankenanstalt bzw. des Landesgesundheitsfonds","description":"MOPED Extension für die Rechnungsnummer der Krankenanstalt bzw. des Landesgesundheitsfonds","isExample":false,"groupingId":"-str-extension"},{"extension":[{"url":"http://hl7.org/fhir/tools/StructureDefinition/resource-sort","valueInteger":999999999},{"url":"http://hl7.org/fhir/StructureDefinition/implementationguide-page","valueUri":"StructureDefinition-ecard-anspruch-rezeptgebbefreit.html"}],"reference":{"reference":"StructureDefinition/ecard-anspruch-rezeptgebbefreit"},"name":"Rezeptgebührenbefreit laut Versicherungsanspruch","description":"Rezeptgebührenbefreiung für den Patienten, die direkt an den Anspruch  geknüpft ist. Der Patient ist von der \nEntrichtung der Rezeptgebühr befreit. Kostenanteile sind entweder laut Gesetz vorgegeben (z.B. Rezeptgebühr) oder sie sind in der Satzung des jeweiligen KV-Trägers \nverankert und werden meistens errechnet (z.B. für Heilbehelfe und Hilfsmittel).","isExample":false,"groupingId":"-str-extension"},{"extension":[{"url":"http://hl7.org/fhir/tools/StructureDefinition/resource-sort","valueInteger":999999999},{"url":"http://hl7.org/fhir/StructureDefinition/implementationguide-page","valueUri":"StructureDefinition-moped-ext-Sonderleistungsnummer.html"}],"reference":{"reference":"StructureDefinition/moped-ext-Sonderleistungsnummer"},"name":"Sonderleistungsnummer","description":"MOPED Extension für die Sonderleistungsnummer","isExample":false,"groupingId":"-str-extension"},{"extension":[{"url":"http://hl7.org/fhir/tools/StructureDefinition/resource-sort","valueInteger":999999999},{"url":"http://hl7.org/fhir/StructureDefinition/implementationguide-page","valueUri":"StructureDefinition-moped-ext-TageOhneKostenbeitrag.html"}],"reference":{"reference":"StructureDefinition/moped-ext-TageOhneKostenbeitrag"},"name":"Tage ohne Einhebung des Kostenbeitrags","description":"Anzahl der Tage, für welche kein Kostenbeitrag seitens der Krankenanstalt eingehoben wurde","isExample":false,"groupingId":"-str-extension"},{"extension":[{"url":"http://hl7.org/fhir/tools/StructureDefinition/resource-sort","valueInteger":999999999},{"url":"http://hl7.org/fhir/StructureDefinition/implementationguide-page","valueUri":"StructureDefinition-Tageskomponente-Kontaktpunkte.html"}],"reference":{"reference":"StructureDefinition/Tageskomponente-Kontaktpunkte"},"name":"Tageskomponente/Kontaktpunkte","description":"In dieses Datenfeld ist – soweit zutreffend – die Tageskomponente bzw. sind die Kontakt- punkte einzutragen.","isExample":false,"groupingId":"-str-extension"},{"extension":[{"url":"http://hl7.org/fhir/tools/StructureDefinition/resource-sort","valueInteger":999999999},{"url":"http://hl7.org/fhir/StructureDefinition/implementationguide-page","valueUri":"StructureDefinition-moped-ext-transportart.html"}],"reference":{"reference":"StructureDefinition/moped-ext-transportart"},"name":"Transportart","description":"MOPED Extension für die Transportart.","isExample":false,"groupingId":"-str-extension"},{"extension":[{"url":"http://hl7.org/fhir/tools/StructureDefinition/resource-sort","valueInteger":999999999},{"url":"http://hl7.org/fhir/StructureDefinition/implementationguide-page","valueUri":"StructureDefinition-moped-ext-unfalldatum.html"}],"reference":{"reference":"StructureDefinition/moped-ext-unfalldatum"},"name":"Unfalldatum","description":"MOPED Extension für das Ereignis-/Unfalldatum.","isExample":false,"groupingId":"-str-extension"},{"extension":[{"url":"http://hl7.org/fhir/tools/StructureDefinition/resource-sort","valueInteger":999999999},{"url":"http://hl7.org/fhir/StructureDefinition/implementationguide-page","valueUri":"StructureDefinition-moped-ext-vaestatus.html"}],"reference":{"reference":"StructureDefinition/moped-ext-vaestatus"},"name":"VAEStatus","description":"\"VAEST - Status der Versichertenanspruchserklärung\"","isExample":false,"groupingId":"-str-extension"},{"extension":[{"url":"http://hl7.org/fhir/tools/StructureDefinition/resource-sort","valueInteger":999999999},{"url":"http://hl7.org/fhir/StructureDefinition/implementationguide-page","valueUri":"StructureDefinition-moped-ext-vdasid.html"}],"reference":{"reference":"StructureDefinition/moped-ext-vdasid"},"name":"VDAS-ID - VersichertenDatenAbfrageService","description":"Es handelt sich um eine ID, welche bei der VDAS-Abfrage durch die Krankenanstalt vom e-card System vergeben wird und von der Krankenanstalt in der Aufnahme-/Ereignisanzeige mitgeliefert werden kann. Dadurch kann das Abfrageergebnis eindeutig nachvollzogen werden.\nDas Ergebnis der VDAS-Abfrage ist im ambulanten Bereich für den Krankenversicherungsträger verbindlich. Eine Ablehnung aus versicherungsrechtlichen Gründen ist nicht möglich, sofern die Ereignisanzeige jenem Träger aus der VDAS-Abfrage (inkl. VDAS-ID) übermittelt wurde.\nUm eine zwischenstaatliche Verrechnung zu ermöglichen ist bei zwischenstaatlichen Fällen eine Ablehnung zulässig.","isExample":false,"groupingId":"-str-extension"},{"extension":[{"url":"http://hl7.org/fhir/tools/StructureDefinition/resource-sort","valueInteger":999999999},{"url":"http://hl7.org/fhir/StructureDefinition/implementationguide-page","valueUri":"StructureDefinition-moped-ext-VerdachtArbeitsSchuelerunfall.html"}],"reference":{"reference":"StructureDefinition/moped-ext-VerdachtArbeitsSchuelerunfall"},"name":"Verdacht auf Arbeits- oder Schuelerunfall","description":"MOPED Extension für den Verdacht auf einen Arbeits- oder Schuelerunfall.","isExample":false,"groupingId":"-str-extension"},{"extension":[{"url":"http://hl7.org/fhir/tools/StructureDefinition/resource-sort","valueInteger":999999999},{"url":"http://hl7.org/fhir/StructureDefinition/implementationguide-page","valueUri":"StructureDefinition-moped-ext-VerdachtFremdverschulden.html"}],"reference":{"reference":"StructureDefinition/moped-ext-VerdachtFremdverschulden"},"name":"Verdacht auf Fremdverschulden","description":"MOPED Extension für den Verdacht auf Fremdverschulden","isExample":false,"groupingId":"-str-extension"},{"extension":[{"url":"http://hl7.org/fhir/tools/StructureDefinition/resource-sort","valueInteger":999999999},{"url":"http://hl7.org/fhir/StructureDefinition/implementationguide-page","valueUri":"StructureDefinition-moped-ext-extensionDays.html"}],"reference":{"reference":"StructureDefinition/moped-ext-extensionDays"},"name":"Verlaengerungstage","description":"Anzahl der Verlaengerungstage bei Verlängerung","isExample":false,"groupingId":"-str-extension"},{"extension":[{"url":"http://hl7.org/fhir/tools/StructureDefinition/resource-sort","valueInteger":999999999},{"url":"http://hl7.org/fhir/StructureDefinition/implementationguide-page","valueUri":"StructureDefinition-moped-ext-NumberOfPreviouslyPaidDays.html"}],"reference":{"reference":"StructureDefinition/moped-ext-NumberOfPreviouslyPaidDays"},"name":"Vortageanzahl auf Kostenbeitrag","description":"Zur Berechnung des Verpflegskostenbeitrags für Versicherte sowie des Kostenbeitrags für Angehörige ist die Angabe der zu berücksichtigenden Vortage erforderlich. Der Krankenversicherungsträger ist auf Grund der ihm zugänglichen Informationen in der Lage, Vorpflegetage zu berücksichtigen. Berücksichtigt werden alle stationären Aufenthalte eines Patienten innerhalb eines Kalenderjahres.\nDer höchste Wert, mit welchem das Feld VTAGE befüllt werden kann, ist jener Wert, für welchen maximal ein Verpflegskostenbeitrag pro Kalenderjahr zu entrichten ist. Der Maximale Höchstwert beträgt somit 28 Tage.","isExample":false,"groupingId":"-str-extension"},{"extension":[{"url":"http://hl7.org/fhir/tools/StructureDefinition/resource-sort","valueInteger":999999999},{"url":"http://hl7.org/fhir/StructureDefinition/implementationguide-page","valueUri":"StructureDefinition-moped-ext-workflow-status.html"}],"reference":{"reference":"StructureDefinition/moped-ext-workflow-status"},"name":"Workflow Status","description":"MOPED Extension für den Workflowstatus. Dieser beschreibt den Zustand in dem sich der administrative Fall derzeit befindet","isExample":false,"groupingId":"-str-extension"},{"extension":[{"url":"http://hl7.org/fhir/tools/StructureDefinition/resource-sort","valueInteger":999999999},{"url":"http://hl7.org/fhir/StructureDefinition/implementationguide-page","valueUri":"StructureDefinition-moped-ext-zugangsart.html"}],"reference":{"reference":"StructureDefinition/moped-ext-zugangsart"},"name":"Zugangsart","description":"MOPED Extension für die Art des Zugangs.","isExample":false,"groupingId":"-str-extension"},{"extension":[{"url":"http://hl7.org/fhir/tools/StructureDefinition/resource-sort","valueInteger":999999999},{"url":"http://hl7.org/fhir/StructureDefinition/implementationguide-page","valueUri":"StructureDefinition-moped-ext-Zusatzpunkte-Belagsdauerausreisser-nach-oben.html"}],"reference":{"reference":"StructureDefinition/moped-ext-Zusatzpunkte-Belagsdauerausreisser-nach-oben"},"name":"Zusatzpunkte Belagsdauerausreißer nach oben","description":"In dieses Datenfeld ist – soweit zutreffend – die Summe der tageweise ermittelten Zusatz- punkte für jene Patient:innen einzutragen, deren Belagsdauer des akut-stationären Krankenhausaufenthaltes über der im LKF-Modell in der jeweiligen LDF-Pauschale fest- gelegten Belagsdauerobergrenze liegt.","isExample":false,"groupingId":"-str-extension"},{"extension":[{"url":"http://hl7.org/fhir/tools/StructureDefinition/resource-sort","valueInteger":999999999},{"url":"http://hl7.org/fhir/StructureDefinition/implementationguide-page","valueUri":"StructureDefinition-moped-ext-Zusatzpunkte-Intensiv.html"}],"reference":{"reference":"StructureDefinition/moped-ext-Zusatzpunkte-Intensiv"},"name":"Zusatzpunkte Intensiv","description":"In dieses Datenfeld ist – soweit zutreffend – die Summe der Zusatzpunkte für während des stationären Krankenhausaufenthalts angefallene Tage auf abrechnungsrelevanten Intensiveinheiten einzutragen.","isExample":false,"groupingId":"-str-extension"},{"extension":[{"url":"http://hl7.org/fhir/tools/StructureDefinition/resource-sort","valueInteger":999999999},{"url":"http://hl7.org/fhir/StructureDefinition/implementationguide-page","valueUri":"StructureDefinition-moped-ext-Zusatzpunkte-Mehrfachleistungen.html"}],"reference":{"reference":"StructureDefinition/moped-ext-Zusatzpunkte-Mehrfachleistungen"},"name":"Zusatzpunkte Mehrfachleistungen","description":"In dieses Datenfeld ist – soweit zutreffend – die Summe der Zusatzpunkte für zusätzliche Leistungen außerhalb des Punktepauschales der zur Abrechnung gelangenden Gruppe einzutragen.","isExample":false,"groupingId":"-str-extension"},{"extension":[{"url":"http://hl7.org/fhir/tools/StructureDefinition/resource-sort","valueInteger":999999999},{"url":"http://hl7.org/fhir/StructureDefinition/implementationguide-page","valueUri":"StructureDefinition-moped-ext-physischeAnwesenheit.html"}],"reference":{"reference":"StructureDefinition/moped-ext-physischeAnwesenheit"},"name":"physische Anwesenheit","description":"Ob der Patient physisch anwesend war.","isExample":false,"groupingId":"-str-extension"},{"extension":[{"url":"http://hl7.org/fhir/tools/StructureDefinition/resource-sort","valueInteger":999999999},{"url":"http://hl7.org/fhir/StructureDefinition/implementationguide-page","valueUri":"ValueSet-moped-abgangsart-valueset.html"}],"reference":{"reference":"ValueSet/moped-abgangsart-valueset"},"name":"Abgangsart des Patienten","description":"ValueSet für die Abgangsart des Patienten","isExample":false,"groupingId":"-term-valueset"},{"extension":[{"url":"http://hl7.org/fhir/tools/StructureDefinition/resource-sort","valueInteger":999999999},{"url":"http://hl7.org/fhir/StructureDefinition/implementationguide-page","valueUri":"ValueSet-moped-AbrechnungsRelevanz-valueset.html"}],"reference":{"reference":"ValueSet/moped-AbrechnungsRelevanz-valueset"},"name":"Abrechnungsrelevanz der medizinischen Leistung","description":"Abrechnungsrelevanz der medizinischen Leistung","isExample":false,"groupingId":"-term-valueset"},{"extension":[{"url":"http://hl7.org/fhir/tools/StructureDefinition/resource-sort","valueInteger":999999999},{"url":"http://hl7.org/fhir/StructureDefinition/implementationguide-page","valueUri":"ValueSet-moped-aufnahmeart-valueset.html"}],"reference":{"reference":"ValueSet/moped-aufnahmeart-valueset"},"name":"Aufnahmeart des Patienten","description":"ValueSet für die Aufnahmeart des Patienten","isExample":false,"groupingId":"-term-valueset"},{"extension":[{"url":"http://hl7.org/fhir/tools/StructureDefinition/resource-sort","valueInteger":999999999},{"url":"http://hl7.org/fhir/StructureDefinition/implementationguide-page","valueUri":"ValueSet-moped-behandlungsart-valueset.html"}],"reference":{"reference":"ValueSet/moped-behandlungsart-valueset"},"name":"Behandlungsart","description":"ValueSet für die Behandlungsart","isExample":false,"groupingId":"-term-valueset"},{"extension":[{"url":"http://hl7.org/fhir/tools/StructureDefinition/resource-sort","valueInteger":999999999},{"url":"http://hl7.org/fhir/StructureDefinition/implementationguide-page","valueUri":"ValueSet-moped-entlassungsart-valueset.html"}],"reference":{"reference":"ValueSet/moped-entlassungsart-valueset"},"name":"Entlassungsart des Patienten","description":"ValueSet für die Entlassungsart des Patienten","isExample":false,"groupingId":"-term-valueset"},{"extension":[{"url":"http://hl7.org/fhir/tools/StructureDefinition/resource-sort","valueInteger":999999999},{"url":"http://hl7.org/fhir/StructureDefinition/implementationguide-page","valueUri":"ValueSet-moped-KostenmeldungARK-valueset.html"}],"reference":{"reference":"ValueSet/moped-KostenmeldungARK-valueset"},"name":"Kostenmeldung für (A/R/K)","description":"ValueSet für die Art der Kostenmeldung","isExample":false,"groupingId":"-term-valueset"},{"extension":[{"url":"http://hl7.org/fhir/tools/StructureDefinition/resource-sort","valueInteger":999999999},{"url":"http://hl7.org/fhir/StructureDefinition/implementationguide-page","valueUri":"ValueSet-moped-transportart-valueset.html"}],"reference":{"reference":"ValueSet/moped-transportart-valueset"},"name":"Transportart","description":"ValueSet für die Transportart des Patienten","isExample":false,"groupingId":"-term-valueset"},{"extension":[{"url":"http://hl7.org/fhir/tools/StructureDefinition/resource-sort","valueInteger":999999999},{"url":"http://hl7.org/fhir/StructureDefinition/implementationguide-page","valueUri":"ValueSet-moped-ursache-valueset.html"}],"reference":{"reference":"ValueSet/moped-ursache-valueset"},"name":"Ursache für Behandlung","description":"ValueSet für die Ursache der Behandlung laut Ka-Org","isExample":false,"groupingId":"-term-valueset"},{"extension":[{"url":"http://hl7.org/fhir/tools/StructureDefinition/resource-sort","valueInteger":999999999},{"url":"http://hl7.org/fhir/StructureDefinition/implementationguide-page","valueUri":"ValueSet-moped-VerdachtArbeitsSchuelerunfall-valueset.html"}],"reference":{"reference":"ValueSet/moped-VerdachtArbeitsSchuelerunfall-valueset"},"name":"Verdacht auf Arbeits- oder Schuelerunfall","description":"ValueSet für den Verdacht auf einen Arbeits- oder Schuelerunfall","isExample":false,"groupingId":"-term-valueset"},{"extension":[{"url":"http://hl7.org/fhir/tools/StructureDefinition/resource-sort","valueInteger":999999999},{"url":"http://hl7.org/fhir/StructureDefinition/implementationguide-page","valueUri":"ValueSet-moped-WorkflowStatus-valueset.html"}],"reference":{"reference":"ValueSet/moped-WorkflowStatus-valueset"},"name":"Workflow Status eines Falls","description":"ValueSet für die Statusoptionen in denen sich ein Fall befinden kann.","isExample":false,"groupingId":"-term-valueset"},{"extension":[{"url":"http://hl7.org/fhir/tools/StructureDefinition/resource-sort","valueInteger":999999999},{"url":"http://hl7.org/fhir/StructureDefinition/implementationguide-page","valueUri":"ValueSet-moped-zugangsart-valueset.html"}],"reference":{"reference":"ValueSet/moped-zugangsart-valueset"},"name":"Zugangsart des Patienten","description":"ValueSet für die Zugangsart des Patienten (LKF + Ka-Org)","isExample":false,"groupingId":"-term-valueset"},{"extension":[{"url":"http://hl7.org/fhir/tools/StructureDefinition/resource-sort","valueInteger":999999999},{"url":"http://hl7.org/fhir/StructureDefinition/implementationguide-page","valueUri":"Questionnaire-tiss-a-questionnaire.html"}],"reference":{"reference":"Questionnaire/tiss-a-questionnaire"},"name":"I12 Questionnaire für TISS-A-Daten","isExample":true,"groupingId":"-ex-example"},{"extension":[{"url":"http://hl7.org/fhir/tools/StructureDefinition/resource-sort","valueInteger":999999999},{"url":"http://hl7.org/fhir/StructureDefinition/implementationguide-page","valueUri":"QuestionnaireResponse-tiss-a-questionnaireresponse.html"}],"reference":{"reference":"QuestionnaireResponse/tiss-a-questionnaireresponse"},"name":"I12 QuestionnaireResponse für TISS-A-Daten","isExample":true,"groupingId":"-ex-example"},{"extension":[{"url":"http://hl7.org/fhir/tools/StructureDefinition/resource-sort","valueInteger":999999999},{"url":"http://hl7.org/fhir/StructureDefinition/implementationguide-page","valueUri":"Organization-Test2OrganizationKrankenhausRied.html"}],"reference":{"reference":"Organization/Test2OrganizationKrankenhausRied"},"name":"Krankenhaus der Barmherzigen Schwestern vom Hl. Vinzenz von Paul Ried","description":"Organization resource for Krankenhaus der Barmherzigen Schwestern vom Hl. Vinzenz von Paul Ried","isExample":true,"groupingId":"-ex-example"},{"extension":[{"url":"http://hl7.org/fhir/tools/StructureDefinition/resource-sort","valueInteger":999999999},{"url":"http://hl7.org/fhir/StructureDefinition/implementationguide-page","valueUri":"Questionnaire-SAPS3Questionnaire.html"}],"reference":{"reference":"Questionnaire/SAPS3Questionnaire"},"name":"SAPS3 Questionnaire","description":"A questionnaire for collecting SAPS3 data","isExample":true,"groupingId":"-ex-example"},{"extension":[{"url":"http://hl7.org/fhir/tools/StructureDefinition/resource-sort","valueInteger":999999999},{"url":"http://hl7.org/fhir/StructureDefinition/implementationguide-page","valueUri":"Questionnaire-ka-statistik-k03.html"}],"reference":{"reference":"Questionnaire/ka-statistik-k03"},"name":"Satzart K03 – KA-Statistik (Ressourcen und Inanspruchnahme)","description":"This questionnaire is used to collect KA-Statistik data for K03 message reporting.","isExample":true,"groupingId":"-ex-example"},{"extension":[{"url":"http://hl7.org/fhir/tools/StructureDefinition/resource-sort","valueInteger":999999999},{"url":"http://hl7.org/fhir/StructureDefinition/implementationguide-page","valueUri":"Questionnaire-ka-statistik-k05.html"}],"reference":{"reference":"Questionnaire/ka-statistik-k05"},"name":"Satzart K05 – KA-Statistik (Personal des ärztlichen Dienstes)","description":"This questionnaire is used to collect KA-Statistik data for K05 message reporting.","isExample":true,"groupingId":"-ex-example"},{"extension":[{"url":"http://hl7.org/fhir/tools/StructureDefinition/resource-sort","valueInteger":999999999},{"url":"http://hl7.org/fhir/StructureDefinition/implementationguide-page","valueUri":"Account-Test1Account.html"}],"reference":{"reference":"Account/Test1Account"},"name":"Test1Account","isExample":true,"profile":["http://example.org/StructureDefinition/MOPEDAccount"],"groupingId":"-ex-example"},{"extension":[{"url":"http://hl7.org/fhir/tools/StructureDefinition/resource-sort","valueInteger":999999999},{"url":"http://hl7.org/fhir/StructureDefinition/implementationguide-page","valueUri":"Condition-Test1Condition1.html"}],"reference":{"reference":"Condition/Test1Condition1"},"name":"Test1Condition1","isExample":true,"groupingId":"-ex-example"},{"extension":[{"url":"http://hl7.org/fhir/tools/StructureDefinition/resource-sort","valueInteger":999999999},{"url":"http://hl7.org/fhir/StructureDefinition/implementationguide-page","valueUri":"CoverageEligibilityRequest-Test1MOPEDCoverageEligibilityRequest1.html"}],"reference":{"reference":"CoverageEligibilityRequest/Test1MOPEDCoverageEligibilityRequest1"},"name":"Test1MOPEDCoverageEligibilityRequest1","isExample":true,"profile":["http://example.org/StructureDefinition/MOPEDCoverageEligibilityRequest"],"groupingId":"-ex-example"},{"extension":[{"url":"http://hl7.org/fhir/tools/StructureDefinition/resource-sort","valueInteger":999999999},{"url":"http://hl7.org/fhir/StructureDefinition/implementationguide-page","valueUri":"CoverageEligibilityResponse-Test1MOPEDCoverageEligibilityResponse1.html"}],"reference":{"reference":"CoverageEligibilityResponse/Test1MOPEDCoverageEligibilityResponse1"},"name":"Test1MOPEDCoverageEligibilityResponse1","isExample":true,"profile":["http://example.org/StructureDefinition/MOPEDCoverageEligibilityResponse"],"groupingId":"-ex-example"},{"extension":[{"url":"http://hl7.org/fhir/tools/StructureDefinition/resource-sort","valueInteger":999999999},{"url":"http://hl7.org/fhir/StructureDefinition/implementationguide-page","valueUri":"Encounter-Test1MOPEDEncounter1.html"}],"reference":{"reference":"Encounter/Test1MOPEDEncounter1"},"name":"Test1MOPEDEncounter1","isExample":true,"profile":["http://example.org/StructureDefinition/MOPEDEncounter"],"groupingId":"-ex-example"},{"extension":[{"url":"http://hl7.org/fhir/tools/StructureDefinition/resource-sort","valueInteger":999999999},{"url":"http://hl7.org/fhir/StructureDefinition/implementationguide-page","valueUri":"Organization-Test1OrganizationAbteilung1.html"}],"reference":{"reference":"Organization/Test1OrganizationAbteilung1"},"name":"Test1OrganizationAbteilung1","isExample":true,"profile":["http://example.org/StructureDefinition/MOPEDOrganizationAbteilung"],"groupingId":"-ex-example"},{"extension":[{"url":"http://hl7.org/fhir/tools/StructureDefinition/resource-sort","valueInteger":999999999},{"url":"http://hl7.org/fhir/StructureDefinition/implementationguide-page","valueUri":"Organization-Test1OrganizationHerzJesuKrankenhaus.html"}],"reference":{"reference":"Organization/Test1OrganizationHerzJesuKrankenhaus"},"name":"Test1OrganizationHerzJesuKrankenhaus","description":"Organization resource for Herz Jesu-Krankenhaus","isExample":true,"groupingId":"-ex-example"},{"extension":[{"url":"http://hl7.org/fhir/tools/StructureDefinition/resource-sort","valueInteger":999999999},{"url":"http://hl7.org/fhir/StructureDefinition/implementationguide-page","valueUri":"Organization-Test1OrganizationInsurance1.html"}],"reference":{"reference":"Organization/Test1OrganizationInsurance1"},"name":"Test1OrganizationInsurance1","isExample":true,"groupingId":"-ex-example"},{"extension":[{"url":"http://hl7.org/fhir/tools/StructureDefinition/resource-sort","valueInteger":999999999},{"url":"http://hl7.org/fhir/StructureDefinition/implementationguide-page","valueUri":"Organization-Test1OrganizationUeberweisendeOrganisation.html"}],"reference":{"reference":"Organization/Test1OrganizationUeberweisendeOrganisation"},"name":"Test1OrganizationUeberweisendeOrganisation","isExample":true,"groupingId":"-ex-example"},{"extension":[{"url":"http://hl7.org/fhir/tools/StructureDefinition/resource-sort","valueInteger":999999999},{"url":"http://hl7.org/fhir/StructureDefinition/implementationguide-page","valueUri":"Patient-Test1Patient.html"}],"reference":{"reference":"Patient/Test1Patient"},"name":"Test1Patient","isExample":true,"groupingId":"-ex-example"},{"extension":[{"url":"http://hl7.org/fhir/tools/StructureDefinition/resource-sort","valueInteger":999999999},{"url":"http://hl7.org/fhir/StructureDefinition/implementationguide-page","valueUri":"Coverage-Test1SVCCoverage.html"}],"reference":{"reference":"Coverage/Test1SVCCoverage"},"name":"Test1SVCCoverage","isExample":true,"profile":["http://example.org/StructureDefinition/SVCCoverage"],"groupingId":"-ex-example"},{"extension":[{"url":"http://hl7.org/fhir/tools/StructureDefinition/resource-sort","valueInteger":999999999},{"url":"http://hl7.org/fhir/StructureDefinition/implementationguide-page","valueUri":"Encounter-Test1TransferEncounter1.html"}],"reference":{"reference":"Encounter/Test1TransferEncounter1"},"name":"Test1TransferEncounter1","isExample":true,"profile":["http://example.org/StructureDefinition/MOPEDTransferEncounter"],"groupingId":"-ex-example"},{"extension":[{"url":"http://hl7.org/fhir/tools/StructureDefinition/resource-sort","valueInteger":999999999},{"url":"http://hl7.org/fhir/StructureDefinition/implementationguide-page","valueUri":"Account-Test2Account.html"}],"reference":{"reference":"Account/Test2Account"},"name":"Test2Account","isExample":true,"profile":["http://example.org/StructureDefinition/MOPEDAccount"],"groupingId":"-ex-example"},{"extension":[{"url":"http://hl7.org/fhir/tools/StructureDefinition/resource-sort","valueInteger":999999999},{"url":"http://hl7.org/fhir/StructureDefinition/implementationguide-page","valueUri":"Condition-Test2Condition1.html"}],"reference":{"reference":"Condition/Test2Condition1"},"name":"Test2Condition1","isExample":true,"groupingId":"-ex-example"},{"extension":[{"url":"http://hl7.org/fhir/tools/StructureDefinition/resource-sort","valueInteger":999999999},{"url":"http://hl7.org/fhir/StructureDefinition/implementationguide-page","valueUri":"Condition-Test2Condition2.html"}],"reference":{"reference":"Condition/Test2Condition2"},"name":"Test2Condition2","isExample":true,"groupingId":"-ex-example"},{"extension":[{"url":"http://hl7.org/fhir/tools/StructureDefinition/resource-sort","valueInteger":999999999},{"url":"http://hl7.org/fhir/StructureDefinition/implementationguide-page","valueUri":"CoverageEligibilityRequest-Test2MOPEDCoverageEligibilityRequest1.html"}],"reference":{"reference":"CoverageEligibilityRequest/Test2MOPEDCoverageEligibilityRequest1"},"name":"Test2MOPEDCoverageEligibilityRequest1","isExample":true,"profile":["http://example.org/StructureDefinition/MOPEDCoverageEligibilityRequest"],"groupingId":"-ex-example"},{"extension":[{"url":"http://hl7.org/fhir/tools/StructureDefinition/resource-sort","valueInteger":999999999},{"url":"http://hl7.org/fhir/StructureDefinition/implementationguide-page","valueUri":"CoverageEligibilityResponse-Test2MOPEDCoverageEligibilityResponse1.html"}],"reference":{"reference":"CoverageEligibilityResponse/Test2MOPEDCoverageEligibilityResponse1"},"name":"Test2MOPEDCoverageEligibilityResponse1","isExample":true,"profile":["http://example.org/StructureDefinition/MOPEDCoverageEligibilityResponse"],"groupingId":"-ex-example"},{"extension":[{"url":"http://hl7.org/fhir/tools/StructureDefinition/resource-sort","valueInteger":999999999},{"url":"http://hl7.org/fhir/StructureDefinition/implementationguide-page","valueUri":"Encounter-Test2MOPEDEncounter1.html"}],"reference":{"reference":"Encounter/Test2MOPEDEncounter1"},"name":"Test2MOPEDEncounter1","isExample":true,"profile":["http://example.org/StructureDefinition/MOPEDEncounter"],"groupingId":"-ex-example"},{"extension":[{"url":"http://hl7.org/fhir/tools/StructureDefinition/resource-sort","valueInteger":999999999},{"url":"http://hl7.org/fhir/StructureDefinition/implementationguide-page","valueUri":"Organization-Test2OrganizationAbteilung1.html"}],"reference":{"reference":"Organization/Test2OrganizationAbteilung1"},"name":"Test2OrganizationAbteilung1","isExample":true,"profile":["http://example.org/StructureDefinition/MOPEDOrganizationAbteilung"],"groupingId":"-ex-example"},{"extension":[{"url":"http://hl7.org/fhir/tools/StructureDefinition/resource-sort","valueInteger":999999999},{"url":"http://hl7.org/fhir/StructureDefinition/implementationguide-page","valueUri":"Organization-Test2OrganizationAbteilung2.html"}],"reference":{"reference":"Organization/Test2OrganizationAbteilung2"},"name":"Test2OrganizationAbteilung2","isExample":true,"profile":["http://example.org/StructureDefinition/MOPEDOrganizationAbteilung"],"groupingId":"-ex-example"},{"extension":[{"url":"http://hl7.org/fhir/tools/StructureDefinition/resource-sort","valueInteger":999999999},{"url":"http://hl7.org/fhir/StructureDefinition/implementationguide-page","valueUri":"Organization-Test2OrganizationAbteilung3.html"}],"reference":{"reference":"Organization/Test2OrganizationAbteilung3"},"name":"Test2OrganizationAbteilung3","isExample":true,"profile":["http://example.org/StructureDefinition/MOPEDOrganizationAbteilung"],"groupingId":"-ex-example"},{"extension":[{"url":"http://hl7.org/fhir/tools/StructureDefinition/resource-sort","valueInteger":999999999},{"url":"http://hl7.org/fhir/StructureDefinition/implementationguide-page","valueUri":"Organization-Test2OrganizationAbteilung4.html"}],"reference":{"reference":"Organization/Test2OrganizationAbteilung4"},"name":"Test2OrganizationAbteilung4","isExample":true,"profile":["http://example.org/StructureDefinition/MOPEDOrganizationAbteilung"],"groupingId":"-ex-example"},{"extension":[{"url":"http://hl7.org/fhir/tools/StructureDefinition/resource-sort","valueInteger":999999999},{"url":"http://hl7.org/fhir/StructureDefinition/implementationguide-page","valueUri":"Organization-Test2OrganizationAbteilung5.html"}],"reference":{"reference":"Organization/Test2OrganizationAbteilung5"},"name":"Test2OrganizationAbteilung5","isExample":true,"profile":["http://example.org/StructureDefinition/MOPEDOrganizationAbteilung"],"groupingId":"-ex-example"},{"extension":[{"url":"http://hl7.org/fhir/tools/StructureDefinition/resource-sort","valueInteger":999999999},{"url":"http://hl7.org/fhir/StructureDefinition/implementationguide-page","valueUri":"Organization-Test2OrganizationInsurance1.html"}],"reference":{"reference":"Organization/Test2OrganizationInsurance1"},"name":"Test2OrganizationInsurance1","isExample":true,"groupingId":"-ex-example"},{"extension":[{"url":"http://hl7.org/fhir/tools/StructureDefinition/resource-sort","valueInteger":999999999},{"url":"http://hl7.org/fhir/StructureDefinition/implementationguide-page","valueUri":"Organization-Test2OrganizationUeberweisendeOrganisation.html"}],"reference":{"reference":"Organization/Test2OrganizationUeberweisendeOrganisation"},"name":"Test2OrganizationUeberweisendeOrganisation","isExample":true,"groupingId":"-ex-example"},{"extension":[{"url":"http://hl7.org/fhir/tools/StructureDefinition/resource-sort","valueInteger":999999999},{"url":"http://hl7.org/fhir/StructureDefinition/implementationguide-page","valueUri":"Patient-Test2Patient.html"}],"reference":{"reference":"Patient/Test2Patient"},"name":"Test2Patient","isExample":true,"groupingId":"-ex-example"},{"extension":[{"url":"http://hl7.org/fhir/tools/StructureDefinition/resource-sort","valueInteger":999999999},{"url":"http://hl7.org/fhir/StructureDefinition/implementationguide-page","valueUri":"QuestionnaireResponse-Test2SAPS3QuestionnaireResponse1.html"}],"reference":{"reference":"QuestionnaireResponse/Test2SAPS3QuestionnaireResponse1"},"name":"Test2SAPS3QuestionnaireResponse1","isExample":true,"groupingId":"-ex-example"},{"extension":[{"url":"http://hl7.org/fhir/tools/StructureDefinition/resource-sort","valueInteger":999999999},{"url":"http://hl7.org/fhir/StructureDefinition/implementationguide-page","valueUri":"Coverage-Test2SVCCoverage.html"}],"reference":{"reference":"Coverage/Test2SVCCoverage"},"name":"Test2SVCCoverage","isExample":true,"profile":["http://example.org/StructureDefinition/SVCCoverage"],"groupingId":"-ex-example"},{"extension":[{"url":"http://hl7.org/fhir/tools/StructureDefinition/resource-sort","valueInteger":999999999},{"url":"http://hl7.org/fhir/StructureDefinition/implementationguide-page","valueUri":"Encounter-Test2TransferEncounter1.html"}],"reference":{"reference":"Encounter/Test2TransferEncounter1"},"name":"Test2TransferEncounter1","isExample":true,"profile":["http://example.org/StructureDefinition/MOPEDTransferEncounter"],"groupingId":"-ex-example"},{"extension":[{"url":"http://hl7.org/fhir/tools/StructureDefinition/resource-sort","valueInteger":999999999},{"url":"http://hl7.org/fhir/StructureDefinition/implementationguide-page","valueUri":"Encounter-Test2TransferEncounter2.html"}],"reference":{"reference":"Encounter/Test2TransferEncounter2"},"name":"Test2TransferEncounter2","isExample":true,"profile":["http://example.org/StructureDefinition/MOPEDTransferEncounter"],"groupingId":"-ex-example"},{"extension":[{"url":"http://hl7.org/fhir/tools/StructureDefinition/resource-sort","valueInteger":999999999},{"url":"http://hl7.org/fhir/StructureDefinition/implementationguide-page","valueUri":"Encounter-Test2TransferEncounter3.html"}],"reference":{"reference":"Encounter/Test2TransferEncounter3"},"name":"Test2TransferEncounter3","isExample":true,"profile":["http://example.org/StructureDefinition/MOPEDTransferEncounter"],"groupingId":"-ex-example"},{"extension":[{"url":"http://hl7.org/fhir/tools/StructureDefinition/resource-sort","valueInteger":999999999},{"url":"http://hl7.org/fhir/StructureDefinition/implementationguide-page","valueUri":"Encounter-Test2TransferEncounter4.html"}],"reference":{"reference":"Encounter/Test2TransferEncounter4"},"name":"Test2TransferEncounter4","isExample":true,"profile":["http://example.org/StructureDefinition/MOPEDTransferEncounter"],"groupingId":"-ex-example"},{"extension":[{"url":"http://hl7.org/fhir/tools/StructureDefinition/resource-sort","valueInteger":999999999},{"url":"http://hl7.org/fhir/StructureDefinition/implementationguide-page","valueUri":"Encounter-Test2TransferEncounter5.html"}],"reference":{"reference":"Encounter/Test2TransferEncounter5"},"name":"Test2TransferEncounter5","isExample":true,"profile":["http://example.org/StructureDefinition/MOPEDTransferEncounter"],"groupingId":"-ex-example"}],"page":{"sourceUrl":"toc.html","name":"toc.html","title":"Table of Contents","generation":"html","page":[{"sourceUrl":"index.html","name":"index.html","title":"Home","generation":"markdown"},{"sourceUrl":"use_case_description.html","name":"use_case_description.html","title":"Anwendungsfallbeschreibung","generation":"markdown"},{"sourceUrl":"actors.html","name":"actors.html","title":"Akteure","generation":"markdown"},{"sourceUrl":"workflowmanagement.html","name":"workflowmanagement.html","title":"Workflowmanagement","generation":"markdown"},{"sourceUrl":"poc.html","name":"poc.html","title":"Proof of Concept","generation":"markdown"},{"sourceUrl":"ka-org_mapping.html","name":"ka-org_mapping.html","title":"Ka-Org Mapping","generation":"markdown"},{"sourceUrl":"lkf_mapping.html","name":"lkf_mapping.html","title":"LKF Mapping","generation":"markdown"},{"sourceUrl":"artifacts.html","name":"artifacts.html","title":"Artifacts Summary","generation":"html","page":[{"sourceUrl":"OperationDefinition-MOPED.CoverageEligibilityRequest.CheckStatus.html","name":"OperationDefinition-MOPED.CoverageEligibilityRequest.CheckStatus.html","title":"Kostenübernahme-Anfrage $checkStatus (POC)","generation":"generated"},{"sourceUrl":"OperationDefinition-MOPED.CoverageEligibilityRequest.Abholen.html","name":"OperationDefinition-MOPED.CoverageEligibilityRequest.Abholen.html","title":"Kostenübernahme-Anfragen $abholen (POC)","generation":"generated"},{"sourceUrl":"OperationDefinition-MOPED.CoverageEligibilityRequest.Anfragen.html","name":"OperationDefinition-MOPED.CoverageEligibilityRequest.Anfragen.html","title":"MOPED Kostenuebernahme $anfragen (POC)","generation":"generated"},{"sourceUrl":"OperationDefinition-MOPED.Patient.Aufnehmen.html","name":"OperationDefinition-MOPED.Patient.Aufnehmen.html","title":"MOPED Patient $aufnehmen (POC)","generation":"generated"},{"sourceUrl":"OperationDefinition-MOPED.Patient.Beurlauben.html","name":"OperationDefinition-MOPED.Patient.Beurlauben.html","title":"MOPED Patient $beurlauben","generation":"generated"},{"sourceUrl":"OperationDefinition-MOPED.Patient.Entlassen.html","name":"OperationDefinition-MOPED.Patient.Entlassen.html","title":"MOPED Patient $entlassen (POC)","generation":"generated"},{"sourceUrl":"OperationDefinition-MOPED.Patient.Verlegen.html","name":"OperationDefinition-MOPED.Patient.Verlegen.html","title":"MOPED Patient $verlegen (POC)","generation":"generated"},{"sourceUrl":"StructureDefinition-MOPEDAufnahmeBundle.html","name":"StructureDefinition-MOPEDAufnahmeBundle.html","title":"MOPED Aufnahme Bundle","generation":"generated"},{"sourceUrl":"StructureDefinition-MOPEDAccount.html","name":"StructureDefinition-MOPEDAccount.html","title":"MOPEDAccount","generation":"generated"},{"sourceUrl":"StructureDefinition-MOPEDClaim.html","name":"StructureDefinition-MOPEDClaim.html","title":"MOPEDClaim","generation":"generated"},{"sourceUrl":"StructureDefinition-MOPEDClaimResponse.html","name":"StructureDefinition-MOPEDClaimResponse.html","title":"MOPEDClaimResponse","generation":"generated"},{"sourceUrl":"StructureDefinition-MOPEDCoverageEligibilityRequest.html","name":"StructureDefinition-MOPEDCoverageEligibilityRequest.html","title":"MOPEDCoverageEligibilityRequest","generation":"generated"},{"sourceUrl":"StructureDefinition-MOPEDCoverageEligibilityResponse.html","name":"StructureDefinition-MOPEDCoverageEligibilityResponse.html","title":"MOPEDCoverageEligibilityResponse","generation":"generated"},{"sourceUrl":"StructureDefinition-MOPEDEncounter.html","name":"StructureDefinition-MOPEDEncounter.html","title":"MOPEDEncounter","generation":"generated"},{"sourceUrl":"StructureDefinition-MOPEDOrganizationAbteilung.html","name":"StructureDefinition-MOPEDOrganizationAbteilung.html","title":"MOPEDOrganizationAbteilung","generation":"generated"},{"sourceUrl":"StructureDefinition-MOPEDTransferEncounter.html","name":"StructureDefinition-MOPEDTransferEncounter.html","title":"MOPEDTransferEncounter","generation":"generated"},{"sourceUrl":"StructureDefinition-SVCCoverage.html","name":"StructureDefinition-SVCCoverage.html","title":"SVCCoverage","generation":"generated"},{"sourceUrl":"StructureDefinition-moped-ext-diagnosisRelatedNode.html","name":"StructureDefinition-moped-ext-diagnosisRelatedNode.html","title":"Abrechnung - Knoten","generation":"generated"},{"sourceUrl":"StructureDefinition-SVAbrechnungsquartal.html","name":"StructureDefinition-SVAbrechnungsquartal.html","title":"Abrechnungsquartal der Sozialversicherung","generation":"generated"},{"sourceUrl":"StructureDefinition-moped-ext-AccountRef.html","name":"StructureDefinition-moped-ext-AccountRef.html","title":"Account Referenz","generation":"generated"},{"sourceUrl":"StructureDefinition-moped-ext-AnzahlSonderleistungen.html","name":"StructureDefinition-moped-ext-AnzahlSonderleistungen.html","title":"Anzahl Sonderleistungen","generation":"generated"},{"sourceUrl":"StructureDefinition-moped-ext-AnzahlVerlegungen.html","name":"StructureDefinition-moped-ext-AnzahlVerlegungen.html","title":"AnzahlVerlegungen","generation":"generated"},{"sourceUrl":"StructureDefinition-moped-ext-Beihilfenaequivalent.html","name":"StructureDefinition-moped-ext-Beihilfenaequivalent.html","title":"Beihilfenaequivalent","generation":"generated"},{"sourceUrl":"StructureDefinition-moped-ext-erworben.html","name":"StructureDefinition-moped-ext-erworben.html","title":"Diagnose - im stationären Aufenthalt erworben","generation":"generated"},{"sourceUrl":"StructureDefinition-moped-ext-EndOfEligibility.html","name":"StructureDefinition-moped-ext-EndOfEligibility.html","title":"EndOfEligibility","generation":"generated"},{"sourceUrl":"StructureDefinition-moped-ext-ErrorWarning.html","name":"StructureDefinition-moped-ext-ErrorWarning.html","title":"Error/Warning","generation":"generated"},{"sourceUrl":"StructureDefinition-moped-ext-fondsrelevanz.html","name":"StructureDefinition-moped-ext-fondsrelevanz.html","title":"Fondsrelevanz","generation":"generated"},{"sourceUrl":"StructureDefinition-moped-ext-ForderungsbetragAuslaenderverrechnungRegress.html","name":"StructureDefinition-moped-ext-ForderungsbetragAuslaenderverrechnungRegress.html","title":"Forderungsbetrag für Auslaenderverrechnung oder Regress","generation":"generated"},{"sourceUrl":"StructureDefinition-ecard-anspruch-kostenanteilbefreit.html","name":"StructureDefinition-ecard-anspruch-kostenanteilbefreit.html","title":"Kostenanteilbefreit laut Versicherungsanspruch","generation":"generated"},{"sourceUrl":"StructureDefinition-moped-ext-KonstenmeldungARK.html","name":"StructureDefinition-moped-ext-KonstenmeldungARK.html","title":"Kostenmeldung für (A/R/K)","generation":"generated"},{"sourceUrl":"StructureDefinition-moped-ext-Kostenstelle.html","name":"StructureDefinition-moped-ext-Kostenstelle.html","title":"Kostenstelle","generation":"generated"},{"sourceUrl":"StructureDefinition-moped-ext-LDFBetragNetto.html","name":"StructureDefinition-moped-ext-LDFBetragNetto.html","title":"LDF-Betrag Netto","generation":"generated"},{"sourceUrl":"StructureDefinition-moped-ext-LDFPunktewertNetto.html","name":"StructureDefinition-moped-ext-LDFPunktewertNetto.html","title":"LDF-Punktewert Netto","generation":"generated"},{"sourceUrl":"StructureDefinition-Leistungskomponente-Leistungspunkte.html","name":"StructureDefinition-Leistungskomponente-Leistungspunkte.html","title":"Leistungskomponente/Leistungspunkte","generation":"generated"},{"sourceUrl":"StructureDefinition-moped-ext-MealCostExcemption.html","name":"StructureDefinition-moped-ext-MealCostExcemption.html","title":"MealCostExcemption","generation":"generated"},{"sourceUrl":"StructureDefinition-moped-ext-AbrechnungsRelevanz.html","name":"StructureDefinition-moped-ext-AbrechnungsRelevanz.html","title":"Medizinische Leistung - Abrechnungsrelevanz","generation":"generated"},{"sourceUrl":"StructureDefinition-moped-ext-PatientenanteilAngehoerige.html","name":"StructureDefinition-moped-ext-PatientenanteilAngehoerige.html","title":"Patientenanteil für Angehoerige","generation":"generated"},{"sourceUrl":"StructureDefinition-moped-ext-Patientenanteil.html","name":"StructureDefinition-moped-ext-Patientenanteil.html","title":"Patientenanteil Netto","generation":"generated"},{"sourceUrl":"StructureDefinition-moped-ext-physischeAnwesenheit.html","name":"StructureDefinition-moped-ext-physischeAnwesenheit.html","title":"physische Anwesenheit","generation":"generated"},{"sourceUrl":"StructureDefinition-Plausibilitaetskennzeichen.html","name":"StructureDefinition-Plausibilitaetskennzeichen.html","title":"Plausibilitaetskennzeichen","generation":"generated"},{"sourceUrl":"StructureDefinition-moped-ext-PremiumClass.html","name":"StructureDefinition-moped-ext-PremiumClass.html","title":"PremiumClass","generation":"generated"},{"sourceUrl":"StructureDefinition-Punkte-Belagsdauerausreisser-unten-Leistungskomponente.html","name":"StructureDefinition-Punkte-Belagsdauerausreisser-unten-Leistungskomponente.html","title":"Punkte Belagsdauerausreisser unten - Leistungskomponente","generation":"generated"},{"sourceUrl":"StructureDefinition-Punkte-Belagsdauerausreisser-unten-Tageskomponente.html","name":"StructureDefinition-Punkte-Belagsdauerausreisser-unten-Tageskomponente.html","title":"Punkte Belagsdauerausreisser unten - Tageskomponente","generation":"generated"},{"sourceUrl":"StructureDefinition-moped-ext-PunkteLDFPauschale.html","name":"StructureDefinition-moped-ext-PunkteLDFPauschale.html","title":"Punkte LDF Pauschale","generation":"generated"},{"sourceUrl":"StructureDefinition-Punkte-spezieller-Bereiche-tageweise.html","name":"StructureDefinition-Punkte-spezieller-Bereiche-tageweise.html","title":"Punkte spezieller Bereiche (tageweise)","generation":"generated"},{"sourceUrl":"StructureDefinition-totalPoints.html","name":"StructureDefinition-totalPoints.html","title":"Punkte total","generation":"generated"},{"sourceUrl":"StructureDefinition-moped-ext-RechnungsnummerKHLGF.html","name":"StructureDefinition-moped-ext-RechnungsnummerKHLGF.html","title":"Rechnungsnummer der Krankenanstalt bzw. des Landesgesundheitsfonds","generation":"generated"},{"sourceUrl":"StructureDefinition-ecard-anspruch-rezeptgebbefreit.html","name":"StructureDefinition-ecard-anspruch-rezeptgebbefreit.html","title":"Rezeptgebührenbefreit laut Versicherungsanspruch","generation":"generated"},{"sourceUrl":"StructureDefinition-moped-ext-Sonderleistungsnummer.html","name":"StructureDefinition-moped-ext-Sonderleistungsnummer.html","title":"Sonderleistungsnummer","generation":"generated"},{"sourceUrl":"StructureDefinition-moped-ext-TageOhneKostenbeitrag.html","name":"StructureDefinition-moped-ext-TageOhneKostenbeitrag.html","title":"Tage ohne Einhebung des Kostenbeitrags","generation":"generated"},{"sourceUrl":"StructureDefinition-Tageskomponente-Kontaktpunkte.html","name":"StructureDefinition-Tageskomponente-Kontaktpunkte.html","title":"Tageskomponente/Kontaktpunkte","generation":"generated"},{"sourceUrl":"StructureDefinition-moped-ext-transportart.html","name":"StructureDefinition-moped-ext-transportart.html","title":"Transportart","generation":"generated"},{"sourceUrl":"StructureDefinition-moped-ext-unfalldatum.html","name":"StructureDefinition-moped-ext-unfalldatum.html","title":"Unfalldatum","generation":"generated"},{"sourceUrl":"StructureDefinition-moped-ext-vaestatus.html","name":"StructureDefinition-moped-ext-vaestatus.html","title":"VAEStatus","generation":"generated"},{"sourceUrl":"StructureDefinition-moped-ext-vdasid.html","name":"StructureDefinition-moped-ext-vdasid.html","title":"VDAS-ID - VersichertenDatenAbfrageService","generation":"generated"},{"sourceUrl":"StructureDefinition-moped-ext-VerdachtArbeitsSchuelerunfall.html","name":"StructureDefinition-moped-ext-VerdachtArbeitsSchuelerunfall.html","title":"Verdacht auf Arbeits- oder Schuelerunfall","generation":"generated"},{"sourceUrl":"StructureDefinition-moped-ext-VerdachtFremdverschulden.html","name":"StructureDefinition-moped-ext-VerdachtFremdverschulden.html","title":"Verdacht auf Fremdverschulden","generation":"generated"},{"sourceUrl":"StructureDefinition-moped-ext-extensionDays.html","name":"StructureDefinition-moped-ext-extensionDays.html","title":"Verlaengerungstage","generation":"generated"},{"sourceUrl":"StructureDefinition-moped-ext-NumberOfPreviouslyPaidDays.html","name":"StructureDefinition-moped-ext-NumberOfPreviouslyPaidDays.html","title":"Vortageanzahl auf Kostenbeitrag","generation":"generated"},{"sourceUrl":"StructureDefinition-moped-ext-workflow-status.html","name":"StructureDefinition-moped-ext-workflow-status.html","title":"Workflow Status","generation":"generated"},{"sourceUrl":"StructureDefinition-moped-ext-zugangsart.html","name":"StructureDefinition-moped-ext-zugangsart.html","title":"Zugangsart","generation":"generated"},{"sourceUrl":"StructureDefinition-moped-ext-Zusatzpunkte-Belagsdauerausreisser-nach-oben.html","name":"StructureDefinition-moped-ext-Zusatzpunkte-Belagsdauerausreisser-nach-oben.html","title":"Zusatzpunkte Belagsdauerausreißer nach oben","generation":"generated"},{"sourceUrl":"StructureDefinition-moped-ext-Zusatzpunkte-Intensiv.html","name":"StructureDefinition-moped-ext-Zusatzpunkte-Intensiv.html","title":"Zusatzpunkte Intensiv","generation":"generated"},{"sourceUrl":"StructureDefinition-moped-ext-Zusatzpunkte-Mehrfachleistungen.html","name":"StructureDefinition-moped-ext-Zusatzpunkte-Mehrfachleistungen.html","title":"Zusatzpunkte Mehrfachleistungen","generation":"generated"},{"sourceUrl":"ValueSet-moped-abgangsart-valueset.html","name":"ValueSet-moped-abgangsart-valueset.html","title":"Abgangsart des Patienten","generation":"generated"},{"sourceUrl":"ValueSet-moped-AbrechnungsRelevanz-valueset.html","name":"ValueSet-moped-AbrechnungsRelevanz-valueset.html","title":"Abrechnungsrelevanz der medizinischen Leistung","generation":"generated"},{"sourceUrl":"ValueSet-moped-aufnahmeart-valueset.html","name":"ValueSet-moped-aufnahmeart-valueset.html","title":"Aufnahmeart des Patienten","generation":"generated"},{"sourceUrl":"ValueSet-moped-behandlungsart-valueset.html","name":"ValueSet-moped-behandlungsart-valueset.html","title":"Behandlungsart","generation":"generated"},{"sourceUrl":"ValueSet-moped-entlassungsart-valueset.html","name":"ValueSet-moped-entlassungsart-valueset.html","title":"Entlassungsart des Patienten","generation":"generated"},{"sourceUrl":"ValueSet-moped-KostenmeldungARK-valueset.html","name":"ValueSet-moped-KostenmeldungARK-valueset.html","title":"Kostenmeldung für (A/R/K)","generation":"generated"},{"sourceUrl":"ValueSet-moped-transportart-valueset.html","name":"ValueSet-moped-transportart-valueset.html","title":"Transportart","generation":"generated"},{"sourceUrl":"ValueSet-moped-ursache-valueset.html","name":"ValueSet-moped-ursache-valueset.html","title":"Ursache für Behandlung","generation":"generated"},{"sourceUrl":"ValueSet-moped-VerdachtArbeitsSchuelerunfall-valueset.html","name":"ValueSet-moped-VerdachtArbeitsSchuelerunfall-valueset.html","title":"Verdacht auf Arbeits- oder Schuelerunfall","generation":"generated"},{"sourceUrl":"ValueSet-moped-WorkflowStatus-valueset.html","name":"ValueSet-moped-WorkflowStatus-valueset.html","title":"Workflow Status eines Falls","generation":"generated"},{"sourceUrl":"ValueSet-moped-zugangsart-valueset.html","name":"ValueSet-moped-zugangsart-valueset.html","title":"Zugangsart des Patienten","generation":"generated"},{"sourceUrl":"Questionnaire-tiss-a-questionnaire.html","name":"Questionnaire-tiss-a-questionnaire.html","title":"I12 Questionnaire für TISS-A-Daten","generation":"generated"},{"sourceUrl":"QuestionnaireResponse-tiss-a-questionnaireresponse.html","name":"QuestionnaireResponse-tiss-a-questionnaireresponse.html","title":"I12 QuestionnaireResponse für TISS-A-Daten","generation":"generated"},{"sourceUrl":"Organization-Test2OrganizationKrankenhausRied.html","name":"Organization-Test2OrganizationKrankenhausRied.html","title":"Krankenhaus der Barmherzigen Schwestern vom Hl. Vinzenz von Paul Ried","generation":"generated"},{"sourceUrl":"Questionnaire-SAPS3Questionnaire.html","name":"Questionnaire-SAPS3Questionnaire.html","title":"SAPS3 Questionnaire","generation":"generated"},{"sourceUrl":"Questionnaire-ka-statistik-k03.html","name":"Questionnaire-ka-statistik-k03.html","title":"Satzart K03 – KA-Statistik (Ressourcen und Inanspruchnahme)","generation":"generated"},{"sourceUrl":"Questionnaire-ka-statistik-k05.html","name":"Questionnaire-ka-statistik-k05.html","title":"Satzart K05 – KA-Statistik (Personal des ärztlichen Dienstes)","generation":"generated"},{"sourceUrl":"Account-Test1Account.html","name":"Account-Test1Account.html","title":"Test1Account","generation":"generated"},{"sourceUrl":"Condition-Test1Condition1.html","name":"Condition-Test1Condition1.html","title":"Test1Condition1","generation":"generated"},{"sourceUrl":"CoverageEligibilityRequest-Test1MOPEDCoverageEligibilityRequest1.html","name":"CoverageEligibilityRequest-Test1MOPEDCoverageEligibilityRequest1.html","title":"Test1MOPEDCoverageEligibilityRequest1","generation":"generated"},{"sourceUrl":"CoverageEligibilityResponse-Test1MOPEDCoverageEligibilityResponse1.html","name":"CoverageEligibilityResponse-Test1MOPEDCoverageEligibilityResponse1.html","title":"Test1MOPEDCoverageEligibilityResponse1","generation":"generated"},{"sourceUrl":"Encounter-Test1MOPEDEncounter1.html","name":"Encounter-Test1MOPEDEncounter1.html","title":"Test1MOPEDEncounter1","generation":"generated"},{"sourceUrl":"Organization-Test1OrganizationAbteilung1.html","name":"Organization-Test1OrganizationAbteilung1.html","title":"Test1OrganizationAbteilung1","generation":"generated"},{"sourceUrl":"Organization-Test1OrganizationHerzJesuKrankenhaus.html","name":"Organization-Test1OrganizationHerzJesuKrankenhaus.html","title":"Test1OrganizationHerzJesuKrankenhaus","generation":"generated"},{"sourceUrl":"Organization-Test1OrganizationInsurance1.html","name":"Organization-Test1OrganizationInsurance1.html","title":"Test1OrganizationInsurance1","generation":"generated"},{"sourceUrl":"Organization-Test1OrganizationUeberweisendeOrganisation.html","name":"Organization-Test1OrganizationUeberweisendeOrganisation.html","title":"Test1OrganizationUeberweisendeOrganisation","generation":"generated"},{"sourceUrl":"Patient-Test1Patient.html","name":"Patient-Test1Patient.html","title":"Test1Patient","generation":"generated"},{"sourceUrl":"Coverage-Test1SVCCoverage.html","name":"Coverage-Test1SVCCoverage.html","title":"Test1SVCCoverage","generation":"generated"},{"sourceUrl":"Encounter-Test1TransferEncounter1.html","name":"Encounter-Test1TransferEncounter1.html","title":"Test1TransferEncounter1","generation":"generated"},{"sourceUrl":"Account-Test2Account.html","name":"Account-Test2Account.html","title":"Test2Account","generation":"generated"},{"sourceUrl":"Condition-Test2Condition1.html","name":"Condition-Test2Condition1.html","title":"Test2Condition1","generation":"generated"},{"sourceUrl":"Condition-Test2Condition2.html","name":"Condition-Test2Condition2.html","title":"Test2Condition2","generation":"generated"},{"sourceUrl":"CoverageEligibilityRequest-Test2MOPEDCoverageEligibilityRequest1.html","name":"CoverageEligibilityRequest-Test2MOPEDCoverageEligibilityRequest1.html","title":"Test2MOPEDCoverageEligibilityRequest1","generation":"generated"},{"sourceUrl":"CoverageEligibilityResponse-Test2MOPEDCoverageEligibilityResponse1.html","name":"CoverageEligibilityResponse-Test2MOPEDCoverageEligibilityResponse1.html","title":"Test2MOPEDCoverageEligibilityResponse1","generation":"generated"},{"sourceUrl":"Encounter-Test2MOPEDEncounter1.html","name":"Encounter-Test2MOPEDEncounter1.html","title":"Test2MOPEDEncounter1","generation":"generated"},{"sourceUrl":"Organization-Test2OrganizationAbteilung1.html","name":"Organization-Test2OrganizationAbteilung1.html","title":"Test2OrganizationAbteilung1","generation":"generated"},{"sourceUrl":"Organization-Test2OrganizationAbteilung2.html","name":"Organization-Test2OrganizationAbteilung2.html","title":"Test2OrganizationAbteilung2","generation":"generated"},{"sourceUrl":"Organization-Test2OrganizationAbteilung3.html","name":"Organization-Test2OrganizationAbteilung3.html","title":"Test2OrganizationAbteilung3","generation":"generated"},{"sourceUrl":"Organization-Test2OrganizationAbteilung4.html","name":"Organization-Test2OrganizationAbteilung4.html","title":"Test2OrganizationAbteilung4","generation":"generated"},{"sourceUrl":"Organization-Test2OrganizationAbteilung5.html","name":"Organization-Test2OrganizationAbteilung5.html","title":"Test2OrganizationAbteilung5","generation":"generated"},{"sourceUrl":"Organization-Test2OrganizationInsurance1.html","name":"Organization-Test2OrganizationInsurance1.html","title":"Test2OrganizationInsurance1","generation":"generated"},{"sourceUrl":"Organization-Test2OrganizationUeberweisendeOrganisation.html","name":"Organization-Test2OrganizationUeberweisendeOrganisation.html","title":"Test2OrganizationUeberweisendeOrganisation","generation":"generated"},{"sourceUrl":"Patient-Test2Patient.html","name":"Patient-Test2Patient.html","title":"Test2Patient","generation":"generated"},{"sourceUrl":"QuestionnaireResponse-Test2SAPS3QuestionnaireResponse1.html","name":"QuestionnaireResponse-Test2SAPS3QuestionnaireResponse1.html","title":"Test2SAPS3QuestionnaireResponse1","generation":"generated"},{"sourceUrl":"Coverage-Test2SVCCoverage.html","name":"Coverage-Test2SVCCoverage.html","title":"Test2SVCCoverage","generation":"generated"},{"sourceUrl":"Encounter-Test2TransferEncounter1.html","name":"Encounter-Test2TransferEncounter1.html","title":"Test2TransferEncounter1","generation":"generated"},{"sourceUrl":"Encounter-Test2TransferEncounter2.html","name":"Encounter-Test2TransferEncounter2.html","title":"Test2TransferEncounter2","generation":"generated"},{"sourceUrl":"Encounter-Test2TransferEncounter3.html","name":"Encounter-Test2TransferEncounter3.html","title":"Test2TransferEncounter3","generation":"generated"},{"sourceUrl":"Encounter-Test2TransferEncounter4.html","name":"Encounter-Test2TransferEncounter4.html","title":"Test2TransferEncounter4","generation":"generated"},{"sourceUrl":"Encounter-Test2TransferEncounter5.html","name":"Encounter-Test2TransferEncounter5.html","title":"Test2TransferEncounter5","generation":"generated"}]}]},"parameter":[{"code":{"system":"http://hl7.org/fhir/tools/CodeSystem/ig-parameters","code":"copyrightyear"},"value":"2024+"},{"code":{"system":"http://hl7.org/fhir/tools/CodeSystem/ig-parameters","code":"releaselabel"},"value":"ci-build"},{"code":{"system":"http://hl7.org/fhir/tools/CodeSystem/ig-parameters","code":"autoload-resources"},"value":"true"},{"code":{"system":"http://hl7.org/fhir/guide-parameter-code","code":"path-resource"},"value":"input/capabilities"},{"code":{"system":"http://hl7.org/fhir/guide-parameter-code","code":"path-resource"},"value":"input/examples"},{"code":{"system":"http://hl7.org/fhir/guide-parameter-code","code":"path-resource"},"value":"input/extensions"},{"code":{"system":"http://hl7.org/fhir/guide-parameter-code","code":"path-resource"},"value":"input/models"},{"code":{"system":"http://hl7.org/fhir/guide-parameter-code","code":"path-resource"},"value":"input/operations"},{"code":{"system":"http://hl7.org/fhir/guide-parameter-code","code":"path-resource"},"value":"input/profiles"},{"code":{"system":"http://hl7.org/fhir/guide-parameter-code","code":"path-resource"},"value":"input/resources"},{"code":{"system":"http://hl7.org/fhir/guide-parameter-code","code":"path-resource"},"value":"input/vocabulary"},{"code":{"system":"http://hl7.org/fhir/guide-parameter-code","code":"path-resource"},"value":"input/maps"},{"code":{"system":"http://hl7.org/fhir/guide-parameter-code","code":"path-resource"},"value":"input/testing"},{"code":{"system":"http://hl7.org/fhir/guide-parameter-code","code":"path-resource"},"value":"input/history"},{"code":{"system":"http://hl7.org/fhir/guide-parameter-code","code":"path-resource"},"value":"fsh-generated/resources"},{"code":{"system":"http://hl7.org/fhir/guide-parameter-code","code":"path-pages"},"value":"template/config"},{"code":{"system":"http://hl7.org/fhir/guide-parameter-code","code":"path-pages"},"value":"input/images"},{"code":{"system":"http://hl7.org/fhir/tools/CodeSystem/ig-parameters","code":"path-liquid"},"value":"template/liquid"},{"code":{"system":"http://hl7.org/fhir/tools/CodeSystem/ig-parameters","code":"path-liquid"},"value":"input/liquid"},{"code":{"system":"http://hl7.org/fhir/tools/CodeSystem/ig-parameters","code":"path-qa"},"value":"temp/qa"},{"code":{"system":"http://hl7.org/fhir/tools/CodeSystem/ig-parameters","code":"path-temp"},"value":"temp/pages"},{"code":{"system":"http://hl7.org/fhir/tools/CodeSystem/ig-parameters","code":"path-output"},"value":"output"},{"code":{"system":"http://hl7.org/fhir/guide-parameter-code","code":"path-tx-cache"},"value":"input-cache/txcache"},{"code":{"system":"http://hl7.org/fhir/tools/CodeSystem/ig-parameters","code":"path-suppressed-warnings"},"value":"input/ignoreWarnings.txt"},{"code":{"system":"http://hl7.org/fhir/tools/CodeSystem/ig-parameters","code":"path-history"},"value":"http://example.org/history.html"},{"code":{"system":"http://hl7.org/fhir/tools/CodeSystem/ig-parameters","code":"template-html"},"value":"template-page.html"},{"code":{"system":"http://hl7.org/fhir/tools/CodeSystem/ig-parameters","code":"template-md"},"value":"template-page-md.html"},{"code":{"system":"http://hl7.org/fhir/tools/CodeSystem/ig-parameters","code":"apply-contact"},"value":"true"},{"code":{"system":"http://hl7.org/fhir/tools/CodeSystem/ig-parameters","code":"apply-context"},"value":"true"},{"code":{"system":"http://hl7.org/fhir/tools/CodeSystem/ig-parameters","code":"apply-copyright"},"value":"true"},{"code":{"system":"http://hl7.org/fhir/tools/CodeSystem/ig-parameters","code":"apply-jurisdiction"},"value":"true"},{"code":{"system":"http://hl7.org/fhir/tools/CodeSystem/ig-parameters","code":"apply-license"},"value":"true"},{"code":{"system":"http://hl7.org/fhir/tools/CodeSystem/ig-parameters","code":"apply-publisher"},"value":"true"},{"code":{"system":"http://hl7.org/fhir/tools/CodeSystem/ig-parameters","code":"apply-version"},"value":"true"},{"code":{"system":"http://hl7.org/fhir/tools/CodeSystem/ig-parameters","code":"apply-wg"},"value":"true"},{"code":{"system":"http://hl7.org/fhir/tools/CodeSystem/ig-parameters","code":"active-tables"},"value":"true"},{"code":{"system":"http://hl7.org/fhir/tools/CodeSystem/ig-parameters","code":"fmm-definition"},"value":"http://hl7.org/fhir/versions.html#maturity"},{"code":{"system":"http://hl7.org/fhir/tools/CodeSystem/ig-parameters","code":"propagate-status"},"value":"true"},{"code":{"system":"http://hl7.org/fhir/tools/CodeSystem/ig-parameters","code":"excludelogbinaryformat"},"value":"true"},{"code":{"system":"http://hl7.org/fhir/tools/CodeSystem/ig-parameters","code":"tabbed-snapshots"},"value":"true"}]}}