{"resourceType":"ImplementationGuide","id":"fhir.example","text":{"status":"generated","div":"<div xmlns=\"http://www.w3.org/1999/xhtml\"><p class=\"res-header-id\"><b>Generated Narrative: ImplementationGuide fhir.example</b></p><a name=\"fhir.example\"> </a><a name=\"hcfhir.example\"> </a><a name=\"fhir.example-en-US\"> </a><h2>MOPED</h2><p>The official URL for this implementation guide is: </p><pre>http://example.org/ImplementationGuide/fhir.example</pre></div>"},"url":"http://example.org/ImplementationGuide/fhir.example","version":"0.1.0","name":"MOPED","title":"Moderne Patient:innenabrechnung und Datenkommunikation on FHIR (MOPED)","status":"draft","date":"2024-07-16T10:33:51+00:00","publisher":"Example Publisher","contact":[{"name":"Example Publisher","telecom":[{"system":"url","value":"http://example.org/example-publisher"}]}],"packageId":"fhir.example","license":"CC0-1.0","fhirVersion":["5.0.0"],"dependsOn":[{"id":"hl7tx","extension":[{"url":"http://hl7.org/fhir/tools/StructureDefinition/implementationguide-dependency-comment","valueMarkdown":"Automatically added as a dependency - all IGs depend on HL7 Terminology"}],"uri":"http://terminology.hl7.org/ImplementationGuide/hl7.terminology","packageId":"hl7.terminology.r5","version":"6.0.0"},{"id":"hl7ext","extension":[{"url":"http://hl7.org/fhir/tools/StructureDefinition/implementationguide-dependency-comment","valueMarkdown":"Automatically added as a dependency - all IGs depend on the HL7 Extension Pack"}],"uri":"http://hl7.org/fhir/extensions/ImplementationGuide/hl7.fhir.uv.extensions","packageId":"hl7.fhir.uv.extensions.r5","version":"5.1.0"},{"id":"hl7_at_fhir_core_r5","uri":"http://hl7.at/fhir/HL7ATCoreProfiles/5.0.0/ImplementationGuide/hl7.at.fhir.core.r5","packageId":"hl7.at.fhir.core.r5","version":"current"}],"definition":{"extension":[{"url":"http://hl7.org/fhir/tools/StructureDefinition/ig-internal-dependency","valueCode":"hl7.fhir.uv.tools#0.1.0"}],"grouping":[{"id":"-str-profile","name":"Structures: Resource Profiles","description":"These define constraints on FHIR resources for systems conforming to this implementation guide."},{"id":"-str-extension","name":"Structures: Extension Definitions","description":"These define constraints on FHIR data types for systems conforming to this implementation guide."},{"id":"-term-valueset","name":"Terminology: Value Sets","description":"These define sets of codes used by systems conforming to this implementation guide."}],"resource":[{"extension":[{"url":"http://hl7.org/fhir/tools/StructureDefinition/resource-sort","valueInteger":999999999},{"url":"http://hl7.org/fhir/StructureDefinition/implementationguide-page","valueUri":"StructureDefinition-MOPEDAccount.html"}],"reference":{"reference":"StructureDefinition/MOPEDAccount"},"name":"MOPEDAccount","description":"MOPED Profil der Account Ressource für die administrative Fallführung und Abrechnung.","isExample":false,"groupingId":"-str-profile"},{"extension":[{"url":"http://hl7.org/fhir/tools/StructureDefinition/resource-sort","valueInteger":999999999},{"url":"http://hl7.org/fhir/StructureDefinition/implementationguide-page","valueUri":"StructureDefinition-MOPEDClaim.html"}],"reference":{"reference":"StructureDefinition/MOPEDClaim"},"name":"MOPEDClaim","description":"MOPED Profil der Claim Ressource für die Leistungsabrechnungsanfrage.","isExample":false,"groupingId":"-str-profile"},{"extension":[{"url":"http://hl7.org/fhir/tools/StructureDefinition/resource-sort","valueInteger":999999999},{"url":"http://hl7.org/fhir/StructureDefinition/implementationguide-page","valueUri":"StructureDefinition-MOPEDClaimResponse.html"}],"reference":{"reference":"StructureDefinition/MOPEDClaimResponse"},"name":"MOPEDClaimResponse","description":"MOPED Profil der ClaimResponse Ressource für die Leistungsabrechnungsantwort.","isExample":false,"groupingId":"-str-profile"},{"extension":[{"url":"http://hl7.org/fhir/tools/StructureDefinition/resource-sort","valueInteger":999999999},{"url":"http://hl7.org/fhir/StructureDefinition/implementationguide-page","valueUri":"StructureDefinition-MOPEDCoverage.html"}],"reference":{"reference":"StructureDefinition/MOPEDCoverage"},"name":"MOPEDCoverage","description":"MOPED Profil der Coverage Ressource für Versicherungen.","isExample":false,"groupingId":"-str-profile"},{"extension":[{"url":"http://hl7.org/fhir/tools/StructureDefinition/resource-sort","valueInteger":999999999},{"url":"http://hl7.org/fhir/StructureDefinition/implementationguide-page","valueUri":"StructureDefinition-MOPEDCoverageEligibilityRequest.html"}],"reference":{"reference":"StructureDefinition/MOPEDCoverageEligibilityRequest"},"name":"MOPEDCoverageEligibilityRequest","description":"MOPED Profil der CoverageEligibilityRequest Ressource für die Kostenübernahmeanfrage.","isExample":false,"groupingId":"-str-profile"},{"extension":[{"url":"http://hl7.org/fhir/tools/StructureDefinition/resource-sort","valueInteger":999999999},{"url":"http://hl7.org/fhir/StructureDefinition/implementationguide-page","valueUri":"StructureDefinition-MOPEDCoverageEligibilityResponse.html"}],"reference":{"reference":"StructureDefinition/MOPEDCoverageEligibilityResponse"},"name":"MOPEDCoverageEligibilityResponse","description":"MOPED Profil der CoverageEligibilityResponse Ressource für die Kostenübernahmeantwort.","isExample":false,"groupingId":"-str-profile"},{"extension":[{"url":"http://hl7.org/fhir/tools/StructureDefinition/resource-sort","valueInteger":999999999},{"url":"http://hl7.org/fhir/StructureDefinition/implementationguide-page","valueUri":"StructureDefinition-MOPEDEncounter.html"}],"reference":{"reference":"StructureDefinition/MOPEDEncounter"},"name":"MOPEDEncounter","description":"MOPED Profil der Encounter Ressource für die Krankenanstaltenaufnahme","isExample":false,"groupingId":"-str-profile"},{"extension":[{"url":"http://hl7.org/fhir/tools/StructureDefinition/resource-sort","valueInteger":999999999},{"url":"http://hl7.org/fhir/StructureDefinition/implementationguide-page","valueUri":"StructureDefinition-MOPEDOrganizationAbteilung.html"}],"reference":{"reference":"StructureDefinition/MOPEDOrganizationAbteilung"},"name":"MOPEDOrganizationAbteilung","description":"MOPED Profil für Abteilungen innerhalb einer Krankenanstalt.","isExample":false,"groupingId":"-str-profile"},{"extension":[{"url":"http://hl7.org/fhir/tools/StructureDefinition/resource-sort","valueInteger":999999999},{"url":"http://hl7.org/fhir/StructureDefinition/implementationguide-page","valueUri":"StructureDefinition-MOPEDTransferEncounter.html"}],"reference":{"reference":"StructureDefinition/MOPEDTransferEncounter"},"name":"MOPEDTransferEncounter","description":"MOPED Profil der Encounter Ressource für die Verlegung innerhalb oder zwischen Krankenanstalten","isExample":false,"groupingId":"-str-profile"},{"extension":[{"url":"http://hl7.org/fhir/tools/StructureDefinition/resource-sort","valueInteger":999999999},{"url":"http://hl7.org/fhir/StructureDefinition/implementationguide-page","valueUri":"StructureDefinition-moped-ext-erworben.html"}],"reference":{"reference":"StructureDefinition/moped-ext-erworben"},"name":"Diagnose - im stationären Aufenthalt erworben","description":"MOPED Extension, um anzugeben, ob die Diagnose während des stationären Aufenthalts erworben wurde.","isExample":false,"groupingId":"-str-extension"},{"extension":[{"url":"http://hl7.org/fhir/tools/StructureDefinition/resource-sort","valueInteger":999999999},{"url":"http://hl7.org/fhir/StructureDefinition/implementationguide-page","valueUri":"StructureDefinition-moped-ext-fallnummer.html"}],"reference":{"reference":"StructureDefinition/moped-ext-fallnummer"},"name":"Fallnummer","description":"MOPED Extension für die Anzahl der Wiederaufnahmen","isExample":false,"groupingId":"-str-extension"},{"extension":[{"url":"http://hl7.org/fhir/tools/StructureDefinition/resource-sort","valueInteger":999999999},{"url":"http://hl7.org/fhir/StructureDefinition/implementationguide-page","valueUri":"StructureDefinition-moped-ext-TageOhneKostenbeitrag.html"}],"reference":{"reference":"StructureDefinition/moped-ext-TageOhneKostenbeitrag"},"name":"Tage ohne Einhebung des Kostenbeitrags","description":"Anzahl der Tage, für welche kein Kostenbeitrag seitens der Krankenanstalt eingehoben wurde","isExample":false,"groupingId":"-str-extension"},{"extension":[{"url":"http://hl7.org/fhir/tools/StructureDefinition/resource-sort","valueInteger":999999999},{"url":"http://hl7.org/fhir/StructureDefinition/implementationguide-page","valueUri":"StructureDefinition-moped-ext-transportart.html"}],"reference":{"reference":"StructureDefinition/moped-ext-transportart"},"name":"Transportart","description":"MOPED Extension für die Transportart.","isExample":false,"groupingId":"-str-extension"},{"extension":[{"url":"http://hl7.org/fhir/tools/StructureDefinition/resource-sort","valueInteger":999999999},{"url":"http://hl7.org/fhir/StructureDefinition/implementationguide-page","valueUri":"StructureDefinition-moped-ext-unfalldatum.html"}],"reference":{"reference":"StructureDefinition/moped-ext-unfalldatum"},"name":"Unfalldatum","description":"MOPED Extension für das Ereignis-/Unfalldatum.","isExample":false,"groupingId":"-str-extension"},{"extension":[{"url":"http://hl7.org/fhir/tools/StructureDefinition/resource-sort","valueInteger":999999999},{"url":"http://hl7.org/fhir/StructureDefinition/implementationguide-page","valueUri":"StructureDefinition-moped-ext-VerdachtArbeitsSchuelerunfall.html"}],"reference":{"reference":"StructureDefinition/moped-ext-VerdachtArbeitsSchuelerunfall"},"name":"Verdacht auf Arbeits- oder Schuelerunfall","description":"MOPED Extension für den Verdacht auf einen Arbeits- oder Schuelerunfall.","isExample":false,"groupingId":"-str-extension"},{"extension":[{"url":"http://hl7.org/fhir/tools/StructureDefinition/resource-sort","valueInteger":999999999},{"url":"http://hl7.org/fhir/StructureDefinition/implementationguide-page","valueUri":"StructureDefinition-moped-ext-VerdachtFremdverschulden.html"}],"reference":{"reference":"StructureDefinition/moped-ext-VerdachtFremdverschulden"},"name":"Verdacht auf Fremdverschulden","description":"MOPED Extension für den Verdacht auf Fremdverschulden","isExample":false,"groupingId":"-str-extension"},{"extension":[{"url":"http://hl7.org/fhir/tools/StructureDefinition/resource-sort","valueInteger":999999999},{"url":"http://hl7.org/fhir/StructureDefinition/implementationguide-page","valueUri":"StructureDefinition-moped-ext-workflow-status.html"}],"reference":{"reference":"StructureDefinition/moped-ext-workflow-status"},"name":"Workflow Status","description":"MOPED Extension für den Workflowstatus. Dieser beschreibt den Zustand in dem sich der administrative Fall derzeit befindet","isExample":false,"groupingId":"-str-extension"},{"extension":[{"url":"http://hl7.org/fhir/tools/StructureDefinition/resource-sort","valueInteger":999999999},{"url":"http://hl7.org/fhir/StructureDefinition/implementationguide-page","valueUri":"StructureDefinition-moped-ext-zugangsart.html"}],"reference":{"reference":"StructureDefinition/moped-ext-zugangsart"},"name":"Zugangsart","description":"MOPED Extension für die Art des Zugangs.","isExample":false,"groupingId":"-str-extension"},{"extension":[{"url":"http://hl7.org/fhir/tools/StructureDefinition/resource-sort","valueInteger":999999999},{"url":"http://hl7.org/fhir/StructureDefinition/implementationguide-page","valueUri":"StructureDefinition-moped-ext-physischeAnwesenheit.html"}],"reference":{"reference":"StructureDefinition/moped-ext-physischeAnwesenheit"},"name":"physische Anwesenheit","description":"Ob der Patient physisch anwesend war.","isExample":false,"groupingId":"-str-extension"},{"extension":[{"url":"http://hl7.org/fhir/tools/StructureDefinition/resource-sort","valueInteger":999999999},{"url":"http://hl7.org/fhir/StructureDefinition/implementationguide-page","valueUri":"ValueSet-moped-abgangsart-valueset.html"}],"reference":{"reference":"ValueSet/moped-abgangsart-valueset"},"name":"Abgangsart des Patienten","description":"ValueSet für die Abgangsart des Patienten","isExample":false,"groupingId":"-term-valueset"},{"extension":[{"url":"http://hl7.org/fhir/tools/StructureDefinition/resource-sort","valueInteger":999999999},{"url":"http://hl7.org/fhir/StructureDefinition/implementationguide-page","valueUri":"ValueSet-moped-aufnahmeart-valueset.html"}],"reference":{"reference":"ValueSet/moped-aufnahmeart-valueset"},"name":"Aufnahmeart des Patienten","description":"ValueSet für die Aufnahmeart des Patienten","isExample":false,"groupingId":"-term-valueset"},{"extension":[{"url":"http://hl7.org/fhir/tools/StructureDefinition/resource-sort","valueInteger":999999999},{"url":"http://hl7.org/fhir/StructureDefinition/implementationguide-page","valueUri":"ValueSet-moped-behandlungsart-valueset.html"}],"reference":{"reference":"ValueSet/moped-behandlungsart-valueset"},"name":"Behandlungsart","description":"ValueSet für die Behandlungsart","isExample":false,"groupingId":"-term-valueset"},{"extension":[{"url":"http://hl7.org/fhir/tools/StructureDefinition/resource-sort","valueInteger":999999999},{"url":"http://hl7.org/fhir/StructureDefinition/implementationguide-page","valueUri":"ValueSet-moped-entlassungsart-valueset.html"}],"reference":{"reference":"ValueSet/moped-entlassungsart-valueset"},"name":"Entlassungsart des Patienten","description":"ValueSet für die Entlassungsart des Patienten","isExample":false,"groupingId":"-term-valueset"},{"extension":[{"url":"http://hl7.org/fhir/tools/StructureDefinition/resource-sort","valueInteger":999999999},{"url":"http://hl7.org/fhir/StructureDefinition/implementationguide-page","valueUri":"ValueSet-moped-transportart-valueset.html"}],"reference":{"reference":"ValueSet/moped-transportart-valueset"},"name":"Transportart","description":"ValueSet für die Transportart des Patienten","isExample":false,"groupingId":"-term-valueset"},{"extension":[{"url":"http://hl7.org/fhir/tools/StructureDefinition/resource-sort","valueInteger":999999999},{"url":"http://hl7.org/fhir/StructureDefinition/implementationguide-page","valueUri":"ValueSet-moped-ursache-valueset.html"}],"reference":{"reference":"ValueSet/moped-ursache-valueset"},"name":"Ursache für Behandlung","description":"ValueSet für die Ursache der Behandlung laut Ka-Org","isExample":false,"groupingId":"-term-valueset"},{"extension":[{"url":"http://hl7.org/fhir/tools/StructureDefinition/resource-sort","valueInteger":999999999},{"url":"http://hl7.org/fhir/StructureDefinition/implementationguide-page","valueUri":"ValueSet-moped-VerdachtArbeitsSchuelerunfall-valueset.html"}],"reference":{"reference":"ValueSet/moped-VerdachtArbeitsSchuelerunfall-valueset"},"name":"Verdacht auf Arbeits- oder Schuelerunfall","description":"ValueSet für den Verdacht auf einen Arbeits- oder Schuelerunfall","isExample":false,"groupingId":"-term-valueset"},{"extension":[{"url":"http://hl7.org/fhir/tools/StructureDefinition/resource-sort","valueInteger":999999999},{"url":"http://hl7.org/fhir/StructureDefinition/implementationguide-page","valueUri":"ValueSet-moped-WorkflowStatus-valueset.html"}],"reference":{"reference":"ValueSet/moped-WorkflowStatus-valueset"},"name":"Workflow Status eines Falls","description":"ValueSet für die Statusoptionen in denen sich ein Fall befinden kann.","isExample":false,"groupingId":"-term-valueset"},{"extension":[{"url":"http://hl7.org/fhir/tools/StructureDefinition/resource-sort","valueInteger":999999999},{"url":"http://hl7.org/fhir/StructureDefinition/implementationguide-page","valueUri":"ValueSet-moped-zugangsart-valueset.html"}],"reference":{"reference":"ValueSet/moped-zugangsart-valueset"},"name":"Zugangsart des Patienten","description":"ValueSet für die Zugangsart des Patienten (LKF + Ka-Org)","isExample":false,"groupingId":"-term-valueset"}],"page":{"sourceUrl":"toc.html","name":"toc.html","title":"Table of Contents","generation":"html","page":[{"sourceUrl":"index.html","name":"index.html","title":"Home","generation":"markdown"},{"sourceUrl":"use_case_description.html","name":"use_case_description.html","title":"Anwendungsfallbeschreibung","generation":"markdown"},{"sourceUrl":"actors.html","name":"actors.html","title":"Akteure","generation":"markdown"},{"sourceUrl":"workflowmanagement.html","name":"workflowmanagement.html","title":"Workflowmanagement","generation":"markdown"},{"sourceUrl":"poc.html","name":"poc.html","title":"Proof of Concept","generation":"markdown"},{"sourceUrl":"ka-org_mapping.html","name":"ka-org_mapping.html","title":"Ka-Org Mapping","generation":"markdown"},{"sourceUrl":"lkf_mapping.html","name":"lkf_mapping.html","title":"LKF Mapping","generation":"markdown"},{"sourceUrl":"artifacts.html","name":"artifacts.html","title":"Artifacts Summary","generation":"html","page":[{"sourceUrl":"StructureDefinition-MOPEDAccount.html","name":"StructureDefinition-MOPEDAccount.html","title":"MOPEDAccount","generation":"generated"},{"sourceUrl":"StructureDefinition-MOPEDClaim.html","name":"StructureDefinition-MOPEDClaim.html","title":"MOPEDClaim","generation":"generated"},{"sourceUrl":"StructureDefinition-MOPEDClaimResponse.html","name":"StructureDefinition-MOPEDClaimResponse.html","title":"MOPEDClaimResponse","generation":"generated"},{"sourceUrl":"StructureDefinition-MOPEDCoverage.html","name":"StructureDefinition-MOPEDCoverage.html","title":"MOPEDCoverage","generation":"generated"},{"sourceUrl":"StructureDefinition-MOPEDCoverageEligibilityRequest.html","name":"StructureDefinition-MOPEDCoverageEligibilityRequest.html","title":"MOPEDCoverageEligibilityRequest","generation":"generated"},{"sourceUrl":"StructureDefinition-MOPEDCoverageEligibilityResponse.html","name":"StructureDefinition-MOPEDCoverageEligibilityResponse.html","title":"MOPEDCoverageEligibilityResponse","generation":"generated"},{"sourceUrl":"StructureDefinition-MOPEDEncounter.html","name":"StructureDefinition-MOPEDEncounter.html","title":"MOPEDEncounter","generation":"generated"},{"sourceUrl":"StructureDefinition-MOPEDOrganizationAbteilung.html","name":"StructureDefinition-MOPEDOrganizationAbteilung.html","title":"MOPEDOrganizationAbteilung","generation":"generated"},{"sourceUrl":"StructureDefinition-MOPEDTransferEncounter.html","name":"StructureDefinition-MOPEDTransferEncounter.html","title":"MOPEDTransferEncounter","generation":"generated"},{"sourceUrl":"StructureDefinition-moped-ext-erworben.html","name":"StructureDefinition-moped-ext-erworben.html","title":"Diagnose - im stationären Aufenthalt erworben","generation":"generated"},{"sourceUrl":"StructureDefinition-moped-ext-fallnummer.html","name":"StructureDefinition-moped-ext-fallnummer.html","title":"Fallnummer","generation":"generated"},{"sourceUrl":"StructureDefinition-moped-ext-physischeAnwesenheit.html","name":"StructureDefinition-moped-ext-physischeAnwesenheit.html","title":"physische Anwesenheit","generation":"generated"},{"sourceUrl":"StructureDefinition-moped-ext-TageOhneKostenbeitrag.html","name":"StructureDefinition-moped-ext-TageOhneKostenbeitrag.html","title":"Tage ohne Einhebung des Kostenbeitrags","generation":"generated"},{"sourceUrl":"StructureDefinition-moped-ext-transportart.html","name":"StructureDefinition-moped-ext-transportart.html","title":"Transportart","generation":"generated"},{"sourceUrl":"StructureDefinition-moped-ext-unfalldatum.html","name":"StructureDefinition-moped-ext-unfalldatum.html","title":"Unfalldatum","generation":"generated"},{"sourceUrl":"StructureDefinition-moped-ext-VerdachtArbeitsSchuelerunfall.html","name":"StructureDefinition-moped-ext-VerdachtArbeitsSchuelerunfall.html","title":"Verdacht auf Arbeits- oder Schuelerunfall","generation":"generated"},{"sourceUrl":"StructureDefinition-moped-ext-VerdachtFremdverschulden.html","name":"StructureDefinition-moped-ext-VerdachtFremdverschulden.html","title":"Verdacht auf Fremdverschulden","generation":"generated"},{"sourceUrl":"StructureDefinition-moped-ext-workflow-status.html","name":"StructureDefinition-moped-ext-workflow-status.html","title":"Workflow Status","generation":"generated"},{"sourceUrl":"StructureDefinition-moped-ext-zugangsart.html","name":"StructureDefinition-moped-ext-zugangsart.html","title":"Zugangsart","generation":"generated"},{"sourceUrl":"ValueSet-moped-abgangsart-valueset.html","name":"ValueSet-moped-abgangsart-valueset.html","title":"Abgangsart des Patienten","generation":"generated"},{"sourceUrl":"ValueSet-moped-aufnahmeart-valueset.html","name":"ValueSet-moped-aufnahmeart-valueset.html","title":"Aufnahmeart des Patienten","generation":"generated"},{"sourceUrl":"ValueSet-moped-behandlungsart-valueset.html","name":"ValueSet-moped-behandlungsart-valueset.html","title":"Behandlungsart","generation":"generated"},{"sourceUrl":"ValueSet-moped-entlassungsart-valueset.html","name":"ValueSet-moped-entlassungsart-valueset.html","title":"Entlassungsart des Patienten","generation":"generated"},{"sourceUrl":"ValueSet-moped-transportart-valueset.html","name":"ValueSet-moped-transportart-valueset.html","title":"Transportart","generation":"generated"},{"sourceUrl":"ValueSet-moped-ursache-valueset.html","name":"ValueSet-moped-ursache-valueset.html","title":"Ursache für Behandlung","generation":"generated"},{"sourceUrl":"ValueSet-moped-VerdachtArbeitsSchuelerunfall-valueset.html","name":"ValueSet-moped-VerdachtArbeitsSchuelerunfall-valueset.html","title":"Verdacht auf Arbeits- oder Schuelerunfall","generation":"generated"},{"sourceUrl":"ValueSet-moped-WorkflowStatus-valueset.html","name":"ValueSet-moped-WorkflowStatus-valueset.html","title":"Workflow Status eines Falls","generation":"generated"},{"sourceUrl":"ValueSet-moped-zugangsart-valueset.html","name":"ValueSet-moped-zugangsart-valueset.html","title":"Zugangsart des Patienten","generation":"generated"}]}]},"parameter":[{"code":{"system":"http://hl7.org/fhir/tools/CodeSystem/ig-parameters","code":"copyrightyear"},"value":"2024+"},{"code":{"system":"http://hl7.org/fhir/tools/CodeSystem/ig-parameters","code":"releaselabel"},"value":"ci-build"},{"code":{"system":"http://hl7.org/fhir/tools/CodeSystem/ig-parameters","code":"autoload-resources"},"value":"true"},{"code":{"system":"http://hl7.org/fhir/guide-parameter-code","code":"path-resource"},"value":"input/capabilities"},{"code":{"system":"http://hl7.org/fhir/guide-parameter-code","code":"path-resource"},"value":"input/examples"},{"code":{"system":"http://hl7.org/fhir/guide-parameter-code","code":"path-resource"},"value":"input/extensions"},{"code":{"system":"http://hl7.org/fhir/guide-parameter-code","code":"path-resource"},"value":"input/models"},{"code":{"system":"http://hl7.org/fhir/guide-parameter-code","code":"path-resource"},"value":"input/operations"},{"code":{"system":"http://hl7.org/fhir/guide-parameter-code","code":"path-resource"},"value":"input/profiles"},{"code":{"system":"http://hl7.org/fhir/guide-parameter-code","code":"path-resource"},"value":"input/resources"},{"code":{"system":"http://hl7.org/fhir/guide-parameter-code","code":"path-resource"},"value":"input/vocabulary"},{"code":{"system":"http://hl7.org/fhir/guide-parameter-code","code":"path-resource"},"value":"input/maps"},{"code":{"system":"http://hl7.org/fhir/guide-parameter-code","code":"path-resource"},"value":"input/testing"},{"code":{"system":"http://hl7.org/fhir/guide-parameter-code","code":"path-resource"},"value":"input/history"},{"code":{"system":"http://hl7.org/fhir/guide-parameter-code","code":"path-resource"},"value":"fsh-generated/resources"},{"code":{"system":"http://hl7.org/fhir/guide-parameter-code","code":"path-pages"},"value":"template/config"},{"code":{"system":"http://hl7.org/fhir/guide-parameter-code","code":"path-pages"},"value":"input/images"},{"code":{"system":"http://hl7.org/fhir/tools/CodeSystem/ig-parameters","code":"path-liquid"},"value":"template/liquid"},{"code":{"system":"http://hl7.org/fhir/tools/CodeSystem/ig-parameters","code":"path-liquid"},"value":"input/liquid"},{"code":{"system":"http://hl7.org/fhir/tools/CodeSystem/ig-parameters","code":"path-qa"},"value":"temp/qa"},{"code":{"system":"http://hl7.org/fhir/tools/CodeSystem/ig-parameters","code":"path-temp"},"value":"temp/pages"},{"code":{"system":"http://hl7.org/fhir/tools/CodeSystem/ig-parameters","code":"path-output"},"value":"output"},{"code":{"system":"http://hl7.org/fhir/guide-parameter-code","code":"path-tx-cache"},"value":"input-cache/txcache"},{"code":{"system":"http://hl7.org/fhir/tools/CodeSystem/ig-parameters","code":"path-suppressed-warnings"},"value":"input/ignoreWarnings.txt"},{"code":{"system":"http://hl7.org/fhir/tools/CodeSystem/ig-parameters","code":"path-history"},"value":"http://example.org/history.html"},{"code":{"system":"http://hl7.org/fhir/tools/CodeSystem/ig-parameters","code":"template-html"},"value":"template-page.html"},{"code":{"system":"http://hl7.org/fhir/tools/CodeSystem/ig-parameters","code":"template-md"},"value":"template-page-md.html"},{"code":{"system":"http://hl7.org/fhir/tools/CodeSystem/ig-parameters","code":"apply-contact"},"value":"true"},{"code":{"system":"http://hl7.org/fhir/tools/CodeSystem/ig-parameters","code":"apply-context"},"value":"true"},{"code":{"system":"http://hl7.org/fhir/tools/CodeSystem/ig-parameters","code":"apply-copyright"},"value":"true"},{"code":{"system":"http://hl7.org/fhir/tools/CodeSystem/ig-parameters","code":"apply-jurisdiction"},"value":"true"},{"code":{"system":"http://hl7.org/fhir/tools/CodeSystem/ig-parameters","code":"apply-license"},"value":"true"},{"code":{"system":"http://hl7.org/fhir/tools/CodeSystem/ig-parameters","code":"apply-publisher"},"value":"true"},{"code":{"system":"http://hl7.org/fhir/tools/CodeSystem/ig-parameters","code":"apply-version"},"value":"true"},{"code":{"system":"http://hl7.org/fhir/tools/CodeSystem/ig-parameters","code":"apply-wg"},"value":"true"},{"code":{"system":"http://hl7.org/fhir/tools/CodeSystem/ig-parameters","code":"active-tables"},"value":"true"},{"code":{"system":"http://hl7.org/fhir/tools/CodeSystem/ig-parameters","code":"fmm-definition"},"value":"http://hl7.org/fhir/versions.html#maturity"},{"code":{"system":"http://hl7.org/fhir/tools/CodeSystem/ig-parameters","code":"propagate-status"},"value":"true"},{"code":{"system":"http://hl7.org/fhir/tools/CodeSystem/ig-parameters","code":"excludelogbinaryformat"},"value":"true"},{"code":{"system":"http://hl7.org/fhir/tools/CodeSystem/ig-parameters","code":"tabbed-snapshots"},"value":"true"}]}}