{"resourceType":"OperationDefinition","id":"MOPED.CoverageEligibilityRequest.CheckStatus","text":{"status":"generated","div":"<div xmlns=\"http://www.w3.org/1999/xhtml\"><p class=\"res-header-id\"><b>Generated Narrative: OperationDefinition MOPED.CoverageEligibilityRequest.CheckStatus</b></p><a name=\"MOPED.CoverageEligibilityRequest.CheckStatus\"> </a><a name=\"hcMOPED.CoverageEligibilityRequest.CheckStatus\"> </a><a name=\"MOPED.CoverageEligibilityRequest.CheckStatus-en-US\"> </a><p>URL: [base]/CoverageEligibilityRequest/$checkStatus</p><h3>Parameters</h3><table class=\"grid\"><tr><td><b>Use</b></td><td><b>Name</b></td><td><b>Scope</b></td><td><b>Cardinality</b></td><td><b>Type</b></td><td><b>Binding</b></td><td><b>Documentation</b></td></tr><tr><td>IN</td><td>aufnahmezahl</td><td/><td>1..1</td><td><a href=\"http://hl7.org/fhir/R5/datatypes.html#Identifier\">Identifier</a></td><td/><td><div><p>Der <em>aufnahmezahl</em> Parameter beinhält den eindeutigen Identifizierer für den relevanten Fall dessen Versichertenanspruchserklärung-Status überprüft werden soll.</p>\n</div></td></tr><tr><td>OUT</td><td>return</td><td/><td>1..1</td><td><a href=\"http://hl7.org/fhir/R5/resource.html\">Resource</a> (<a href=\"http://hl7.org/fhir/R5/operationoutcome.html\" title=\"http://hl7.org/fhir/StructureDefinition/OperationOutcome\">OperationOutcome</a>)</td><td/><td><div><p>Der <em>return</em> Parameter gibt Auskunft über den Erfolg der Operation.</p>\n</div></td></tr></table></div>"},"url":"http://example.org/OperationDefinition/MOPED.CoverageEligibilityRequest.CheckStatus","version":"0.1.0","name":"MOPED_CoverageEligibilityRequest_Check_Status","title":"Versichertenanspruchserklärung-Anfrage $checkStatus","status":"draft","kind":"operation","date":"2024-09-30T18:33:40+00:00","publisher":"Example Publisher","contact":[{"name":"Example Publisher","telecom":[{"system":"url","value":"http://example.org/example-publisher"}]}],"description":"Die Versichertenanspruchserklärung-Anfrage $checkStatus Operation wird aufgerufen, um zu überprüfen, in welchem Status sich die Bearbeitung seitens SV derzeit befindet. Die Operation wird vom Akteur Krankenhaus (KH) aufgerufen.\n\n1. Suchen des MOPEDAccounts: Über die Referenz der Ressource *MOPEDEncounter.account*. Dabei handelt es sich um jenen Encounter, der den *aufnahmezahl* Parameter als *identifier* gespeichert hat. \n2. Suchen des Requests: Es geht um jenen Request, der in *MOPEDAccount.coverageEligibilityRequest* Feld referenziert wurde\n3. Suche nach einer CoverageEligibilityResponse die im Feld *CoverageEligibilityResponse.request* den Request aus Schritt 2 referenziert\n  * Sollte es mehrere Responses zu einem Request geben, ist das eine Inkonsistenz die zu einer Fehlermeldung führen soll\n  * Gibt es eine Response, so ist zu prüfen in welchem *CoverageEligibilityResponse.status* die Ressource aufscheint:\n     * *draft*: Draft in Kombination mit dem *outcome*-Wert *queued* heißt, dass die SV den jeweiligen Request bereits ausgeliefert bekommen hat, jedoch die Bearbeitung noch nicht begonnen hat. Ein *draft*-Status in Kombination mit einem anderen *outcome*-Wert ist ungültig und sollte zu einer Fehlermeldung führen.\n     * *active*: Active in Kombination mit dem *outcome*-Wert *queued* bedeutet, dass die SV aktiv gestartet hat, den CoverageEligibilityRequest zu bearbeiten, es jedoch noch kein Resultat gibt. Ist der *outcome* mit dem Wert *completed*, *error* oder *partial* befüllt, ist die SV mit der Response fertig und eine Meldung kann ausgegeben werden, dass die freigegebene CoverageEligibilityResponse vom Krankenhaus abgeholt werden kann. ","affectsState":false,"code":"checkStatus","base":"http://hl7.org/fhir/OperationDefinition/CoverageEligibilityRequest-checkStatus","resource":["CoverageEligibilityRequest"],"system":false,"type":true,"instance":false,"parameter":[{"name":"aufnahmezahl","use":"in","min":1,"max":"1","documentation":"Der *aufnahmezahl* Parameter beinhält den eindeutigen Identifizierer für den relevanten Fall dessen Versichertenanspruchserklärung-Status überprüft werden soll.","type":"Identifier"},{"name":"return","use":"out","min":1,"max":"1","documentation":"Der *return* Parameter gibt Auskunft über den Erfolg der Operation.","type":"Resource","targetProfile":["http://hl7.org/fhir/StructureDefinition/OperationOutcome"]}]}