{"resourceType":"ValueSet","id":"moped-abgangsart-valueset","text":{"status":"generated","div":"<div xmlns=\"http://www.w3.org/1999/xhtml\"><p class=\"res-header-id\"><b>Generated Narrative: ValueSet moped-abgangsart-valueset</b></p><a name=\"moped-abgangsart-valueset\"> </a><a name=\"hcmoped-abgangsart-valueset\"> </a><a name=\"moped-abgangsart-valueset-en-US\"> </a><p>This value set includes codes based on the following rules:</p><ul/></div>"},"url":"http://example.org/ValueSet/moped-abgangsart-valueset","version":"0.1.0","name":"Abgangsart","title":"Abgangsart des Patienten","status":"draft","date":"2024-09-25T11:40:05+00:00","publisher":"Example Publisher","contact":[{"name":"Example Publisher","telecom":[{"system":"url","value":"http://example.org/example-publisher"}]}],"description":"ValueSet für die Abgangsart des Patienten"}