{"resourceType":"ValueSet","id":"moped-Fondsrelevanz-valueset","text":{"status":"generated","div":"<div xmlns=\"http://www.w3.org/1999/xhtml\"><p class=\"res-header-id\"><b>Generated Narrative: ValueSet moped-Fondsrelevanz-valueset</b></p><a name=\"moped-Fondsrelevanz-valueset\"> </a><a name=\"hcmoped-Fondsrelevanz-valueset\"> </a><a name=\"moped-Fondsrelevanz-valueset-en-US\"> </a><ul><li>Include these codes as defined in <code>http://tbd.at/moped-ext-transportart</code><table class=\"none\"><tr><td style=\"white-space:nowrap\"><b>Code</b></td><td><b>Display</b></td></tr><tr><td>J</td><td>Ja (Abrechnung des stationären Aufenthalts/ambulanten Besuchs erfolgt über den Landesgesundheitsfonds/PRIKRAF)</td></tr><tr><td>K</td><td>Nein (Abrechnung des stationären Aufenthalts/ambulanten Besuchs erfolgt über den Sozialversicherungsträger)</td></tr><tr><td>N</td><td>Nein (Abrechnung des stationären Aufenthalts/ambulanten Besuchs erfolgt weder über den Landesgesundheitsfonds/PRIKRAF noch über den Sozialversicherungsträger)</td></tr></table></li></ul></div>"},"url":"http://example.org/ValueSet/moped-Fondsrelevanz-valueset","version":"0.1.0","name":"Fondsrelevanz","title":"Fondsrelevanz","status":"draft","date":"2024-09-30T12:24:06+00:00","publisher":"Example Publisher","contact":[{"name":"Example Publisher","telecom":[{"system":"url","value":"http://example.org/example-publisher"}]}],"description":"ValueSet für die Fondsrelevanz","compose":{"include":[{"system":"http://tbd.at/moped-ext-transportart","concept":[{"code":"J","display":"Ja (Abrechnung des stationären Aufenthalts/ambulanten Besuchs erfolgt über den Landesgesundheitsfonds/PRIKRAF)"},{"code":"K","display":"Nein (Abrechnung des stationären Aufenthalts/ambulanten Besuchs erfolgt über den Sozialversicherungsträger)"},{"code":"N","display":"Nein (Abrechnung des stationären Aufenthalts/ambulanten Besuchs erfolgt weder über den Landesgesundheitsfonds/PRIKRAF noch über den Sozialversicherungsträger)"}]}]}}