{"resourceType":"ValueSet","id":"moped-VerdachtArbeitsSchuelerunfall-valueset","text":{"status":"generated","div":"<div xmlns=\"http://www.w3.org/1999/xhtml\"><p class=\"res-header-id\"><b>Generated Narrative: ValueSet moped-VerdachtArbeitsSchuelerunfall-valueset</b></p><a name=\"moped-VerdachtArbeitsSchuelerunfall-valueset\"> </a><a name=\"hcmoped-VerdachtArbeitsSchuelerunfall-valueset\"> </a><a name=\"moped-VerdachtArbeitsSchuelerunfall-valueset-en-US\"> </a><ul><li>Include these codes as defined in <code>http://tbd.at/MOPED-account-VerdachtArbeitsSchuelerunfall</code><table class=\"none\"><tr><td style=\"white-space:nowrap\"><b>Code</b></td><td><b>Display</b></td></tr><tr><td>1</td><td>Arbeitsunfall</td></tr><tr><td>2</td><td>Schüler-/Studentenunfall</td></tr><tr><td>3</td><td>Landwirtschaftlicher Unfall</td></tr><tr><td>4</td><td>Wegunfall Arbeit</td></tr><tr><td>5</td><td>Wegunfall Schüler/Student</td></tr><tr><td>0</td><td>Nein/Unbekannt</td></tr></table></li></ul></div>"},"url":"http://example.org/ValueSet/moped-VerdachtArbeitsSchuelerunfall-valueset","version":"0.1.0","name":"VerdachtArbeitsSchuelerunfall","title":"Verdacht auf Arbeits- oder Schuelerunfall","status":"draft","date":"2024-09-17T18:22:57+00:00","publisher":"Example Publisher","contact":[{"name":"Example Publisher","telecom":[{"system":"url","value":"http://example.org/example-publisher"}]}],"description":"ValueSet für den Verdacht auf einen Arbeits- oder Schuelerunfall","compose":{"include":[{"system":"http://tbd.at/MOPED-account-VerdachtArbeitsSchuelerunfall","concept":[{"code":"1","display":"Arbeitsunfall"},{"code":"2","display":"Schüler-/Studentenunfall"},{"code":"3","display":"Landwirtschaftlicher Unfall"},{"code":"4","display":"Wegunfall Arbeit"},{"code":"5","display":"Wegunfall Schüler/Student"},{"code":"0","display":"Nein/Unbekannt"}]}]}}