{"resourceType":"ValueSet","id":"moped-Sonderklasse-valueset","text":{"status":"generated","div":"<div xmlns=\"http://www.w3.org/1999/xhtml\"><p class=\"res-header-id\"><b>Generated Narrative: ValueSet moped-Sonderklasse-valueset</b></p><a name=\"moped-Sonderklasse-valueset\"> </a><a name=\"hcmoped-Sonderklasse-valueset\"> </a><a name=\"moped-Sonderklasse-valueset-en-US\"> </a><ul><li>Include these codes as defined in <code>http://tbd.at/MOPED-Sonderklasse</code><table class=\"none\"><tr><td style=\"white-space:nowrap\"><b>Code</b></td><td><b>Display</b></td></tr><tr><td>A</td><td>Allgemeine Gebührenklasse</td></tr><tr><td>S</td><td>Sonderklasse</td></tr></table></li></ul></div>"},"url":"http://example.org/ValueSet/moped-Sonderklasse-valueset","version":"0.1.0","name":"Sonderklasse","title":"Sonderklasse","status":"draft","date":"2024-09-30T08:14:13+00:00","publisher":"Example Publisher","contact":[{"name":"Example Publisher","telecom":[{"system":"url","value":"http://example.org/example-publisher"}]}],"description":"ValueSet für die Klasse (KaOrg)","compose":{"include":[{"system":"http://tbd.at/MOPED-Sonderklasse","concept":[{"code":"A","display":"Allgemeine Gebührenklasse"},{"code":"S","display":"Sonderklasse"}]}]}}