{"resourceType":"ValueSet","id":"moped-WorkflowStatus-valueset","text":{"status":"generated","div":"<div xmlns=\"http://www.w3.org/1999/xhtml\"><p class=\"res-header-id\"><b>Generated Narrative: ValueSet moped-WorkflowStatus-valueset</b></p><a name=\"moped-WorkflowStatus-valueset\"> </a><a name=\"hcmoped-WorkflowStatus-valueset\"> </a><a name=\"moped-WorkflowStatus-valueset-en-US\"> </a><p>This value set includes codes based on the following rules:</p><ul/></div>"},"url":"http://example.org/ValueSet/moped-WorkflowStatus-valueset","version":"0.1.0","name":"WorkflowStatus","title":"Workflow Status eines Falls","status":"draft","date":"2024-07-31T11:45:17+00:00","publisher":"Example Publisher","contact":[{"name":"Example Publisher","telecom":[{"system":"url","value":"http://example.org/example-publisher"}]}],"description":"ValueSet für die Statusoptionen in denen sich ein Fall befinden kann."}