{
  "resourceType": "ValueSet",
  "id": "at-elga-vs-religion",
  "text": {
    "status": "generated",
    "div": "<div xmlns=\"http://www.w3.org/1999/xhtml\"><p>This value set contains 62 concepts</p><p>All codes in this table are from the system <a href=\"CodeSystem-at-core-cs-religion.html\"><code>http://hl7.at/fhir/HL7ATCoreProfiles/4.0.1/CodeSystem/at-core-cs-religion</code></a></p><table class=\"codes\"><tr><td><b>Lvl</b></td><td style=\"white-space:nowrap\"><b>Code</b></td><td><b>Display</b></td></tr><tr><td><a name=\"http---hl7.at-fhir-HL7ATCoreProfiles-4.0.1-CodeSystem-at-core-cs-religion-100\"> </a>0</td><td style=\"white-space:nowrap\"><a href=\"CodeSystem-at-core-cs-religion.html#at-core-cs-religion-100\">100</a></td><td>Katholische Kirche (o.n.A.)</td></tr><tr><td><a name=\"http---hl7.at-fhir-HL7ATCoreProfiles-4.0.1-CodeSystem-at-core-cs-religion-101\"> </a>1</td><td style=\"white-space:nowrap\">  <a href=\"CodeSystem-at-core-cs-religion.html#at-core-cs-religion-101\">101</a></td><td>Römisch-Katholisch</td></tr><tr><td><a name=\"http---hl7.at-fhir-HL7ATCoreProfiles-4.0.1-CodeSystem-at-core-cs-religion-102\"> </a>1</td><td style=\"white-space:nowrap\">  <a href=\"CodeSystem-at-core-cs-religion.html#at-core-cs-religion-102\">102</a></td><td>Griechisch-Katholische Kirche</td></tr><tr><td><a name=\"http---hl7.at-fhir-HL7ATCoreProfiles-4.0.1-CodeSystem-at-core-cs-religion-103\"> </a>1</td><td style=\"white-space:nowrap\">  <a href=\"CodeSystem-at-core-cs-religion.html#at-core-cs-religion-103\">103</a></td><td>Armenisch-Katholische Kirche</td></tr><tr><td><a name=\"http---hl7.at-fhir-HL7ATCoreProfiles-4.0.1-CodeSystem-at-core-cs-religion-104\"> </a>1</td><td style=\"white-space:nowrap\">  <a href=\"CodeSystem-at-core-cs-religion.html#at-core-cs-religion-104\">104</a></td><td>Bulgarisch-Katholische Kirche</td></tr><tr><td><a name=\"http---hl7.at-fhir-HL7ATCoreProfiles-4.0.1-CodeSystem-at-core-cs-religion-105\"> </a>1</td><td style=\"white-space:nowrap\">  <a href=\"CodeSystem-at-core-cs-religion.html#at-core-cs-religion-105\">105</a></td><td>Rumänische griechisch-katholische Kirche</td></tr><tr><td><a name=\"http---hl7.at-fhir-HL7ATCoreProfiles-4.0.1-CodeSystem-at-core-cs-religion-106\"> </a>1</td><td style=\"white-space:nowrap\">  <a href=\"CodeSystem-at-core-cs-religion.html#at-core-cs-religion-106\">106</a></td><td>Russisch-Katholische Kirche</td></tr><tr><td><a name=\"http---hl7.at-fhir-HL7ATCoreProfiles-4.0.1-CodeSystem-at-core-cs-religion-107\"> </a>1</td><td style=\"white-space:nowrap\">  <a href=\"CodeSystem-at-core-cs-religion.html#at-core-cs-religion-107\">107</a></td><td>Syrisch-Katholische Kirche</td></tr><tr><td><a name=\"http---hl7.at-fhir-HL7ATCoreProfiles-4.0.1-CodeSystem-at-core-cs-religion-108\"> </a>1</td><td style=\"white-space:nowrap\">  <a href=\"CodeSystem-at-core-cs-religion.html#at-core-cs-religion-108\">108</a></td><td>Ukrainische Griechisch-Katholische Kirche</td></tr><tr><td><a name=\"http---hl7.at-fhir-HL7ATCoreProfiles-4.0.1-CodeSystem-at-core-cs-religion-109\"> </a>1</td><td style=\"white-space:nowrap\">  <a href=\"CodeSystem-at-core-cs-religion.html#at-core-cs-religion-109\">109</a></td><td>Katholische Ostkirche (ohne nähere Angabe)</td></tr><tr><td><a name=\"http---hl7.at-fhir-HL7ATCoreProfiles-4.0.1-CodeSystem-at-core-cs-religion-110\"> </a>0</td><td style=\"white-space:nowrap\"><a href=\"CodeSystem-at-core-cs-religion.html#at-core-cs-religion-110\">110</a></td><td>Griechisch-Orientalische Kirchen</td></tr><tr><td><a name=\"http---hl7.at-fhir-HL7ATCoreProfiles-4.0.1-CodeSystem-at-core-cs-religion-111\"> </a>1</td><td style=\"white-space:nowrap\">  <a href=\"CodeSystem-at-core-cs-religion.html#at-core-cs-religion-111\">111</a></td><td>Orthodoxe Kirchen (o.n.A.)</td></tr><tr><td><a name=\"http---hl7.at-fhir-HL7ATCoreProfiles-4.0.1-CodeSystem-at-core-cs-religion-112\"> </a>1</td><td style=\"white-space:nowrap\">  <a href=\"CodeSystem-at-core-cs-religion.html#at-core-cs-religion-112\">112</a></td><td>Griechisch-Orthodoxe Kirche (Hl.Dreifaltigkeit)</td></tr><tr><td><a name=\"http---hl7.at-fhir-HL7ATCoreProfiles-4.0.1-CodeSystem-at-core-cs-religion-113\"> </a>1</td><td style=\"white-space:nowrap\">  <a href=\"CodeSystem-at-core-cs-religion.html#at-core-cs-religion-113\">113</a></td><td>Griechisch-Orthodoxe Kirche (Hl.Georg)</td></tr><tr><td><a name=\"http---hl7.at-fhir-HL7ATCoreProfiles-4.0.1-CodeSystem-at-core-cs-religion-114\"> </a>1</td><td style=\"white-space:nowrap\">  <a href=\"CodeSystem-at-core-cs-religion.html#at-core-cs-religion-114\">114</a></td><td>Bulgarisch-Orthodoxe Kirche</td></tr><tr><td><a name=\"http---hl7.at-fhir-HL7ATCoreProfiles-4.0.1-CodeSystem-at-core-cs-religion-115\"> </a>1</td><td style=\"white-space:nowrap\">  <a href=\"CodeSystem-at-core-cs-religion.html#at-core-cs-religion-115\">115</a></td><td>Rumänisch-griechisch-orientalische Kirche</td></tr><tr><td><a name=\"http---hl7.at-fhir-HL7ATCoreProfiles-4.0.1-CodeSystem-at-core-cs-religion-116\"> </a>1</td><td style=\"white-space:nowrap\">  <a href=\"CodeSystem-at-core-cs-religion.html#at-core-cs-religion-116\">116</a></td><td>Russisch-Orthodoxe Kirche</td></tr><tr><td><a name=\"http---hl7.at-fhir-HL7ATCoreProfiles-4.0.1-CodeSystem-at-core-cs-religion-117\"> </a>1</td><td style=\"white-space:nowrap\">  <a href=\"CodeSystem-at-core-cs-religion.html#at-core-cs-religion-117\">117</a></td><td>Serbisch-griechisch-Orthodoxe Kirche</td></tr><tr><td><a name=\"http---hl7.at-fhir-HL7ATCoreProfiles-4.0.1-CodeSystem-at-core-cs-religion-118\"> </a>1</td><td style=\"white-space:nowrap\">  <a href=\"CodeSystem-at-core-cs-religion.html#at-core-cs-religion-118\">118</a></td><td>Ukrainisch-Orthodoxe Kirche</td></tr><tr><td><a name=\"http---hl7.at-fhir-HL7ATCoreProfiles-4.0.1-CodeSystem-at-core-cs-religion-119\"> </a>0</td><td style=\"white-space:nowrap\"><a href=\"CodeSystem-at-core-cs-religion.html#at-core-cs-religion-119\">119</a></td><td>Orientalisch-Orthodoxe Kirchen</td></tr><tr><td><a name=\"http---hl7.at-fhir-HL7ATCoreProfiles-4.0.1-CodeSystem-at-core-cs-religion-120\"> </a>1</td><td style=\"white-space:nowrap\">  <a href=\"CodeSystem-at-core-cs-religion.html#at-core-cs-religion-120\">120</a></td><td>Armenisch-apostolische Kirche</td></tr><tr><td><a name=\"http---hl7.at-fhir-HL7ATCoreProfiles-4.0.1-CodeSystem-at-core-cs-religion-121\"> </a>1</td><td style=\"white-space:nowrap\">  <a href=\"CodeSystem-at-core-cs-religion.html#at-core-cs-religion-121\">121</a></td><td>Syrisch-orthodoxe Kirche</td></tr><tr><td><a name=\"http---hl7.at-fhir-HL7ATCoreProfiles-4.0.1-CodeSystem-at-core-cs-religion-122\"> </a>1</td><td style=\"white-space:nowrap\">  <a href=\"CodeSystem-at-core-cs-religion.html#at-core-cs-religion-122\">122</a></td><td>Syrisch-orthodoxe Kirche</td></tr><tr><td><a name=\"http---hl7.at-fhir-HL7ATCoreProfiles-4.0.1-CodeSystem-at-core-cs-religion-123\"> </a>1</td><td style=\"white-space:nowrap\">  <a href=\"CodeSystem-at-core-cs-religion.html#at-core-cs-religion-123\">123</a></td><td>Koptisch-orthodoxe Kirche</td></tr><tr><td><a name=\"http---hl7.at-fhir-HL7ATCoreProfiles-4.0.1-CodeSystem-at-core-cs-religion-124\"> </a>1</td><td style=\"white-space:nowrap\">  <a href=\"CodeSystem-at-core-cs-religion.html#at-core-cs-religion-124\">124</a></td><td>Armenisch-apostolische Kirche</td></tr><tr><td><a name=\"http---hl7.at-fhir-HL7ATCoreProfiles-4.0.1-CodeSystem-at-core-cs-religion-125\"> </a>1</td><td style=\"white-space:nowrap\">  <a href=\"CodeSystem-at-core-cs-religion.html#at-core-cs-religion-125\">125</a></td><td>Äthiopisch-Orthodoxe Kirche</td></tr><tr><td><a name=\"http---hl7.at-fhir-HL7ATCoreProfiles-4.0.1-CodeSystem-at-core-cs-religion-126\"> </a>0</td><td style=\"white-space:nowrap\"><a href=\"CodeSystem-at-core-cs-religion.html#at-core-cs-religion-126\">126</a></td><td>Evangelische Kirchen Österreich</td></tr><tr><td><a name=\"http---hl7.at-fhir-HL7ATCoreProfiles-4.0.1-CodeSystem-at-core-cs-religion-127\"> </a>1</td><td style=\"white-space:nowrap\">  <a href=\"CodeSystem-at-core-cs-religion.html#at-core-cs-religion-127\">127</a></td><td>Evangelische Kirche (o.n.A.)</td></tr><tr><td><a name=\"http---hl7.at-fhir-HL7ATCoreProfiles-4.0.1-CodeSystem-at-core-cs-religion-128\"> </a>1</td><td style=\"white-space:nowrap\">  <a href=\"CodeSystem-at-core-cs-religion.html#at-core-cs-religion-128\">128</a></td><td>Evangelische Kirche A.B.</td></tr><tr><td><a name=\"http---hl7.at-fhir-HL7ATCoreProfiles-4.0.1-CodeSystem-at-core-cs-religion-129\"> </a>1</td><td style=\"white-space:nowrap\">  <a href=\"CodeSystem-at-core-cs-religion.html#at-core-cs-religion-129\">129</a></td><td>Evangelische Kirche H.B.</td></tr><tr><td><a name=\"http---hl7.at-fhir-HL7ATCoreProfiles-4.0.1-CodeSystem-at-core-cs-religion-130\"> </a>0</td><td style=\"white-space:nowrap\"><a href=\"CodeSystem-at-core-cs-religion.html#at-core-cs-religion-130\">130</a></td><td>Andere Christliche Kirchen</td></tr><tr><td><a name=\"http---hl7.at-fhir-HL7ATCoreProfiles-4.0.1-CodeSystem-at-core-cs-religion-131\"> </a>1</td><td style=\"white-space:nowrap\">  <a href=\"CodeSystem-at-core-cs-religion.html#at-core-cs-religion-131\">131</a></td><td>Altkatholische Kirche Österreichs</td></tr><tr><td><a name=\"http---hl7.at-fhir-HL7ATCoreProfiles-4.0.1-CodeSystem-at-core-cs-religion-132\"> </a>1</td><td style=\"white-space:nowrap\">  <a href=\"CodeSystem-at-core-cs-religion.html#at-core-cs-religion-132\">132</a></td><td>Anglikanische Kirche</td></tr><tr><td><a name=\"http---hl7.at-fhir-HL7ATCoreProfiles-4.0.1-CodeSystem-at-core-cs-religion-133\"> </a>1</td><td style=\"white-space:nowrap\">  <a href=\"CodeSystem-at-core-cs-religion.html#at-core-cs-religion-133\">133</a></td><td>Evangelisch-methodistische Kirche (EmK)</td></tr><tr><td><a name=\"http---hl7.at-fhir-HL7ATCoreProfiles-4.0.1-CodeSystem-at-core-cs-religion-134\"> </a>0</td><td style=\"white-space:nowrap\"><a href=\"CodeSystem-at-core-cs-religion.html#at-core-cs-religion-134\">134</a></td><td>Sonstige Christliche Gemeinschaften</td></tr><tr><td><a name=\"http---hl7.at-fhir-HL7ATCoreProfiles-4.0.1-CodeSystem-at-core-cs-religion-135\"> </a>1</td><td style=\"white-space:nowrap\">  <a href=\"CodeSystem-at-core-cs-religion.html#at-core-cs-religion-135\">135</a></td><td>Baptisten</td></tr><tr><td><a name=\"http---hl7.at-fhir-HL7ATCoreProfiles-4.0.1-CodeSystem-at-core-cs-religion-136\"> </a>1</td><td style=\"white-space:nowrap\">  <a href=\"CodeSystem-at-core-cs-religion.html#at-core-cs-religion-136\">136</a></td><td>Bund evangelikaler Gemeinden in Österreich</td></tr><tr><td><a name=\"http---hl7.at-fhir-HL7ATCoreProfiles-4.0.1-CodeSystem-at-core-cs-religion-137\"> </a>1</td><td style=\"white-space:nowrap\">  <a href=\"CodeSystem-at-core-cs-religion.html#at-core-cs-religion-137\">137</a></td><td>Freie Christengemeinde/Pfingstgemeinde</td></tr><tr><td><a name=\"http---hl7.at-fhir-HL7ATCoreProfiles-4.0.1-CodeSystem-at-core-cs-religion-138\"> </a>1</td><td style=\"white-space:nowrap\">  <a href=\"CodeSystem-at-core-cs-religion.html#at-core-cs-religion-138\">138</a></td><td>Mennonitische Freikirche</td></tr><tr><td><a name=\"http---hl7.at-fhir-HL7ATCoreProfiles-4.0.1-CodeSystem-at-core-cs-religion-139\"> </a>1</td><td style=\"white-space:nowrap\">  <a href=\"CodeSystem-at-core-cs-religion.html#at-core-cs-religion-139\">139</a></td><td>Kirche der Siebenten-Tags-Adventisten</td></tr><tr><td><a name=\"http---hl7.at-fhir-HL7ATCoreProfiles-4.0.1-CodeSystem-at-core-cs-religion-140\"> </a>1</td><td style=\"white-space:nowrap\">  <a href=\"CodeSystem-at-core-cs-religion.html#at-core-cs-religion-140\">140</a></td><td>Christengemeinschaft</td></tr><tr><td><a name=\"http---hl7.at-fhir-HL7ATCoreProfiles-4.0.1-CodeSystem-at-core-cs-religion-141\"> </a>1</td><td style=\"white-space:nowrap\">  <a href=\"CodeSystem-at-core-cs-religion.html#at-core-cs-religion-141\">141</a></td><td>Jehovas Zeugen</td></tr><tr><td><a name=\"http---hl7.at-fhir-HL7ATCoreProfiles-4.0.1-CodeSystem-at-core-cs-religion-142\"> </a>1</td><td style=\"white-space:nowrap\">  <a href=\"CodeSystem-at-core-cs-religion.html#at-core-cs-religion-142\">142</a></td><td>Neuapostolische Kirche</td></tr><tr><td><a name=\"http---hl7.at-fhir-HL7ATCoreProfiles-4.0.1-CodeSystem-at-core-cs-religion-143\"> </a>1</td><td style=\"white-space:nowrap\">  <a href=\"CodeSystem-at-core-cs-religion.html#at-core-cs-religion-143\">143</a></td><td>Mormonen</td></tr><tr><td><a name=\"http---hl7.at-fhir-HL7ATCoreProfiles-4.0.1-CodeSystem-at-core-cs-religion-144\"> </a>1</td><td style=\"white-space:nowrap\">  <a href=\"CodeSystem-at-core-cs-religion.html#at-core-cs-religion-144\">144</a></td><td>Sonstige Christliche Gemeinschaften (O.n.A.)</td></tr><tr><td><a name=\"http---hl7.at-fhir-HL7ATCoreProfiles-4.0.1-CodeSystem-at-core-cs-religion-145\"> </a>1</td><td style=\"white-space:nowrap\">  <a href=\"CodeSystem-at-core-cs-religion.html#at-core-cs-religion-145\">145</a></td><td>ELAIA Christengemeinden</td></tr><tr><td><a name=\"http---hl7.at-fhir-HL7ATCoreProfiles-4.0.1-CodeSystem-at-core-cs-religion-146\"> </a>1</td><td style=\"white-space:nowrap\">  <a href=\"CodeSystem-at-core-cs-religion.html#at-core-cs-religion-146\">146</a></td><td>Pfingstkirche Gemeinde Gottes</td></tr><tr><td><a name=\"http---hl7.at-fhir-HL7ATCoreProfiles-4.0.1-CodeSystem-at-core-cs-religion-148\"> </a>0</td><td style=\"white-space:nowrap\"><a href=\"CodeSystem-at-core-cs-religion.html#at-core-cs-religion-148\">148</a></td><td>Nicht-christliche Gemeinschaften</td></tr><tr><td><a name=\"http---hl7.at-fhir-HL7ATCoreProfiles-4.0.1-CodeSystem-at-core-cs-religion-149\"> </a>1</td><td style=\"white-space:nowrap\">  <a href=\"CodeSystem-at-core-cs-religion.html#at-core-cs-religion-149\">149</a></td><td>Israelitische Religionsgesellschaft</td></tr><tr><td><a name=\"http---hl7.at-fhir-HL7ATCoreProfiles-4.0.1-CodeSystem-at-core-cs-religion-150\"> </a>1</td><td style=\"white-space:nowrap\">  <a href=\"CodeSystem-at-core-cs-religion.html#at-core-cs-religion-150\">150</a></td><td>Islamische Glaubensgemeinschaft</td></tr><tr><td><a name=\"http---hl7.at-fhir-HL7ATCoreProfiles-4.0.1-CodeSystem-at-core-cs-religion-151\"> </a>1</td><td style=\"white-space:nowrap\">  <a href=\"CodeSystem-at-core-cs-religion.html#at-core-cs-religion-151\">151</a></td><td>Alevitische Religionsgesellschaft</td></tr><tr><td><a name=\"http---hl7.at-fhir-HL7ATCoreProfiles-4.0.1-CodeSystem-at-core-cs-religion-152\"> </a>1</td><td style=\"white-space:nowrap\">  <a href=\"CodeSystem-at-core-cs-religion.html#at-core-cs-religion-152\">152</a></td><td>Buddhistische Religionsgesellschaft</td></tr><tr><td><a name=\"http---hl7.at-fhir-HL7ATCoreProfiles-4.0.1-CodeSystem-at-core-cs-religion-153\"> </a>1</td><td style=\"white-space:nowrap\">  <a href=\"CodeSystem-at-core-cs-religion.html#at-core-cs-religion-153\">153</a></td><td>Baha` i</td></tr><tr><td><a name=\"http---hl7.at-fhir-HL7ATCoreProfiles-4.0.1-CodeSystem-at-core-cs-religion-154\"> </a>1</td><td style=\"white-space:nowrap\">  <a href=\"CodeSystem-at-core-cs-religion.html#at-core-cs-religion-154\">154</a></td><td>Hinduistische Religionsgesellschaft</td></tr><tr><td><a name=\"http---hl7.at-fhir-HL7ATCoreProfiles-4.0.1-CodeSystem-at-core-cs-religion-155\"> </a>1</td><td style=\"white-space:nowrap\">  <a href=\"CodeSystem-at-core-cs-religion.html#at-core-cs-religion-155\">155</a></td><td>Sikh</td></tr><tr><td><a name=\"http---hl7.at-fhir-HL7ATCoreProfiles-4.0.1-CodeSystem-at-core-cs-religion-156\"> </a>1</td><td style=\"white-space:nowrap\">  <a href=\"CodeSystem-at-core-cs-religion.html#at-core-cs-religion-156\">156</a></td><td>Shintoismus</td></tr><tr><td><a name=\"http---hl7.at-fhir-HL7ATCoreProfiles-4.0.1-CodeSystem-at-core-cs-religion-157\"> </a>1</td><td style=\"white-space:nowrap\">  <a href=\"CodeSystem-at-core-cs-religion.html#at-core-cs-religion-157\">157</a></td><td>Vereinigungskirche</td></tr><tr><td><a name=\"http---hl7.at-fhir-HL7ATCoreProfiles-4.0.1-CodeSystem-at-core-cs-religion-162\"> </a>1</td><td style=\"white-space:nowrap\">  <a href=\"CodeSystem-at-core-cs-religion.html#at-core-cs-religion-162\">162</a></td><td>Pastafarianismus</td></tr><tr><td><a name=\"http---hl7.at-fhir-HL7ATCoreProfiles-4.0.1-CodeSystem-at-core-cs-religion-158\"> </a>1</td><td style=\"white-space:nowrap\">  <a href=\"CodeSystem-at-core-cs-religion.html#at-core-cs-religion-158\">158</a></td><td>Andere religiöse Bekenntnisgemeinschaften</td></tr><tr><td><a name=\"http---hl7.at-fhir-HL7ATCoreProfiles-4.0.1-CodeSystem-at-core-cs-religion-159\"> </a>0</td><td style=\"white-space:nowrap\"><a href=\"CodeSystem-at-core-cs-religion.html#at-core-cs-religion-159\">159</a></td><td>Konfessionslos, ohne Angabe</td></tr><tr><td><a name=\"http---hl7.at-fhir-HL7ATCoreProfiles-4.0.1-CodeSystem-at-core-cs-religion-160\"> </a>1</td><td style=\"white-space:nowrap\">  <a href=\"CodeSystem-at-core-cs-religion.html#at-core-cs-religion-160\">160</a></td><td>Konfessionslos</td></tr><tr><td><a name=\"http---hl7.at-fhir-HL7ATCoreProfiles-4.0.1-CodeSystem-at-core-cs-religion-161\"> </a>1</td><td style=\"white-space:nowrap\">  <a href=\"CodeSystem-at-core-cs-religion.html#at-core-cs-religion-161\">161</a></td><td>Ohne Angabe</td></tr></table></div>"
  },
  "url": "http://hl7.at/fhir/HL7ATCoreProfiles/4.0.1/ValueSet/at-elga-vs-religion",
  "identifier": [
    {
      "use": "official",
      "system": "urn:ietf:rfc:3986",
      "value": "urn:oid:1.2.40.0.34.10.18"
    }
  ],
  "version": "0.3.0",
  "name": "ELGAVSReligion",
  "title": "ELGA Religion Value Set",
  "status": "active",
  "date": "2022-01-20T10:52:35+00:00",
  "contact": [
    {
      "name": "Technical Committee for FHIR® at HL7® Austria",
      "telecom": [
        {
          "system": "email",
          "value": "mailto:tc-fhir@hl7.at"
        }
      ]
    }
  ],
  "description": "Set of religious affiliations to be used in ELGA. It is preferred to use entries of the first level hierachy (1-L). Also accessible on [Termpub - ValueSet - ELGA ReligiousAffiliation](https://termpub.gesundheit.gv.at:443/TermBrowser/gui/main/main.zul?loadType=ValueSet&loadName=ELGA_ReligiousAffiliation).",
  "compose": {
    "include": [
      {
        "extension": [
          {
            "url": "http://hl7.org/fhir/StructureDefinition/valueset-expand-rules",
            "valueCode": "groups-only"
          },
          {
            "extension": [
              {
                "url": "code",
                "valueCode": "100"
              },
              {
                "url": "member",
                "valueCode": "101"
              },
              {
                "url": "member",
                "valueCode": "102"
              },
              {
                "url": "member",
                "valueCode": "103"
              },
              {
                "url": "member",
                "valueCode": "104"
              },
              {
                "url": "member",
                "valueCode": "105"
              },
              {
                "url": "member",
                "valueCode": "106"
              },
              {
                "url": "member",
                "valueCode": "107"
              },
              {
                "url": "member",
                "valueCode": "108"
              },
              {
                "url": "member",
                "valueCode": "109"
              }
            ],
            "url": "http://hl7.org/fhir/StructureDefinition/valueset-expand-group"
          },
          {
            "extension": [
              {
                "url": "code",
                "valueCode": "110"
              },
              {
                "url": "member",
                "valueCode": "111"
              },
              {
                "url": "member",
                "valueCode": "112"
              },
              {
                "url": "member",
                "valueCode": "113"
              },
              {
                "url": "member",
                "valueCode": "114"
              },
              {
                "url": "member",
                "valueCode": "115"
              },
              {
                "url": "member",
                "valueCode": "116"
              },
              {
                "url": "member",
                "valueCode": "117"
              },
              {
                "url": "member",
                "valueCode": "118"
              }
            ],
            "url": "http://hl7.org/fhir/StructureDefinition/valueset-expand-group"
          },
          {
            "extension": [
              {
                "url": "code",
                "valueCode": "119"
              },
              {
                "url": "member",
                "valueCode": "120"
              },
              {
                "url": "member",
                "valueCode": "121"
              },
              {
                "url": "member",
                "valueCode": "122"
              },
              {
                "url": "member",
                "valueCode": "123"
              },
              {
                "url": "member",
                "valueCode": "124"
              },
              {
                "url": "member",
                "valueCode": "125"
              }
            ],
            "url": "http://hl7.org/fhir/StructureDefinition/valueset-expand-group"
          },
          {
            "extension": [
              {
                "url": "code",
                "valueCode": "126"
              },
              {
                "url": "member",
                "valueCode": "127"
              },
              {
                "url": "member",
                "valueCode": "128"
              },
              {
                "url": "member",
                "valueCode": "129"
              }
            ],
            "url": "http://hl7.org/fhir/StructureDefinition/valueset-expand-group"
          },
          {
            "extension": [
              {
                "url": "code",
                "valueCode": "130"
              },
              {
                "url": "member",
                "valueCode": "131"
              },
              {
                "url": "member",
                "valueCode": "132"
              },
              {
                "url": "member",
                "valueCode": "133"
              }
            ],
            "url": "http://hl7.org/fhir/StructureDefinition/valueset-expand-group"
          },
          {
            "extension": [
              {
                "url": "code",
                "valueCode": "134"
              },
              {
                "url": "member",
                "valueCode": "135"
              },
              {
                "url": "member",
                "valueCode": "136"
              },
              {
                "url": "member",
                "valueCode": "137"
              },
              {
                "url": "member",
                "valueCode": "138"
              },
              {
                "url": "member",
                "valueCode": "139"
              },
              {
                "url": "member",
                "valueCode": "140"
              },
              {
                "url": "member",
                "valueCode": "141"
              },
              {
                "url": "member",
                "valueCode": "142"
              },
              {
                "url": "member",
                "valueCode": "143"
              },
              {
                "url": "member",
                "valueCode": "144"
              },
              {
                "url": "member",
                "valueCode": "145"
              },
              {
                "url": "member",
                "valueCode": "146"
              }
            ],
            "url": "http://hl7.org/fhir/StructureDefinition/valueset-expand-group"
          },
          {
            "extension": [
              {
                "url": "code",
                "valueCode": "148"
              },
              {
                "url": "member",
                "valueCode": "149"
              },
              {
                "url": "member",
                "valueCode": "150"
              },
              {
                "url": "member",
                "valueCode": "151"
              },
              {
                "url": "member",
                "valueCode": "152"
              },
              {
                "url": "member",
                "valueCode": "153"
              },
              {
                "url": "member",
                "valueCode": "154"
              },
              {
                "url": "member",
                "valueCode": "155"
              },
              {
                "url": "member",
                "valueCode": "156"
              },
              {
                "url": "member",
                "valueCode": "157"
              },
              {
                "url": "member",
                "valueCode": "162"
              },
              {
                "url": "member",
                "valueCode": "158"
              }
            ],
            "url": "http://hl7.org/fhir/StructureDefinition/valueset-expand-group"
          },
          {
            "extension": [
              {
                "url": "code",
                "valueCode": "159"
              },
              {
                "url": "member",
                "valueCode": "160"
              },
              {
                "url": "member",
                "valueCode": "161"
              }
            ],
            "url": "http://hl7.org/fhir/StructureDefinition/valueset-expand-group"
          }
        ],
        "system": "http://hl7.at/fhir/HL7ATCoreProfiles/4.0.1/CodeSystem/at-core-cs-religion"
      }
    ]
  },
  "expansion": {
    "timestamp": "2021-01-28T10:00:00.0000Z",
    "parameter": [
      {
        "name": "excludeNotForUI",
        "valueUri": "false"
      }
    ],
    "contains": [
      {
        "system": "http://hl7.at/fhir/HL7ATCoreProfiles/4.0.1/CodeSystem/at-core-cs-religion",
        "code": "100",
        "display": "Katholische Kirche (o.n.A.)",
        "contains": [
          {
            "system": "http://hl7.at/fhir/HL7ATCoreProfiles/4.0.1/CodeSystem/at-core-cs-religion",
            "code": "101",
            "display": "Römisch-Katholisch"
          },
          {
            "system": "http://hl7.at/fhir/HL7ATCoreProfiles/4.0.1/CodeSystem/at-core-cs-religion",
            "code": "102",
            "display": "Griechisch-Katholische Kirche"
          },
          {
            "system": "http://hl7.at/fhir/HL7ATCoreProfiles/4.0.1/CodeSystem/at-core-cs-religion",
            "code": "103",
            "display": "Armenisch-Katholische Kirche"
          },
          {
            "system": "http://hl7.at/fhir/HL7ATCoreProfiles/4.0.1/CodeSystem/at-core-cs-religion",
            "code": "104",
            "display": "Bulgarisch-Katholische Kirche"
          },
          {
            "system": "http://hl7.at/fhir/HL7ATCoreProfiles/4.0.1/CodeSystem/at-core-cs-religion",
            "code": "105",
            "display": "Rumänische griechisch-katholische Kirche"
          },
          {
            "system": "http://hl7.at/fhir/HL7ATCoreProfiles/4.0.1/CodeSystem/at-core-cs-religion",
            "code": "106",
            "display": "Russisch-Katholische Kirche"
          },
          {
            "system": "http://hl7.at/fhir/HL7ATCoreProfiles/4.0.1/CodeSystem/at-core-cs-religion",
            "code": "107",
            "display": "Syrisch-Katholische Kirche"
          },
          {
            "system": "http://hl7.at/fhir/HL7ATCoreProfiles/4.0.1/CodeSystem/at-core-cs-religion",
            "code": "108",
            "display": "Ukrainische Griechisch-Katholische Kirche"
          },
          {
            "system": "http://hl7.at/fhir/HL7ATCoreProfiles/4.0.1/CodeSystem/at-core-cs-religion",
            "code": "109",
            "display": "Katholische Ostkirche (ohne nähere Angabe)"
          }
        ]
      },
      {
        "system": "http://hl7.at/fhir/HL7ATCoreProfiles/4.0.1/CodeSystem/at-core-cs-religion",
        "code": "110",
        "display": "Griechisch-Orientalische Kirchen",
        "contains": [
          {
            "system": "http://hl7.at/fhir/HL7ATCoreProfiles/4.0.1/CodeSystem/at-core-cs-religion",
            "code": "111",
            "display": "Orthodoxe Kirchen (o.n.A.)"
          },
          {
            "system": "http://hl7.at/fhir/HL7ATCoreProfiles/4.0.1/CodeSystem/at-core-cs-religion",
            "code": "112",
            "display": "Griechisch-Orthodoxe Kirche (Hl.Dreifaltigkeit)"
          },
          {
            "system": "http://hl7.at/fhir/HL7ATCoreProfiles/4.0.1/CodeSystem/at-core-cs-religion",
            "code": "113",
            "display": "Griechisch-Orthodoxe Kirche (Hl.Georg)"
          },
          {
            "system": "http://hl7.at/fhir/HL7ATCoreProfiles/4.0.1/CodeSystem/at-core-cs-religion",
            "code": "114",
            "display": "Bulgarisch-Orthodoxe Kirche"
          },
          {
            "system": "http://hl7.at/fhir/HL7ATCoreProfiles/4.0.1/CodeSystem/at-core-cs-religion",
            "code": "115",
            "display": "Rumänisch-griechisch-orientalische Kirche"
          },
          {
            "system": "http://hl7.at/fhir/HL7ATCoreProfiles/4.0.1/CodeSystem/at-core-cs-religion",
            "code": "116",
            "display": "Russisch-Orthodoxe Kirche"
          },
          {
            "system": "http://hl7.at/fhir/HL7ATCoreProfiles/4.0.1/CodeSystem/at-core-cs-religion",
            "code": "117",
            "display": "Serbisch-griechisch-Orthodoxe Kirche"
          },
          {
            "system": "http://hl7.at/fhir/HL7ATCoreProfiles/4.0.1/CodeSystem/at-core-cs-religion",
            "code": "118",
            "display": "Ukrainisch-Orthodoxe Kirche"
          }
        ]
      },
      {
        "system": "http://hl7.at/fhir/HL7ATCoreProfiles/4.0.1/CodeSystem/at-core-cs-religion",
        "code": "119",
        "display": "Orientalisch-Orthodoxe Kirchen",
        "contains": [
          {
            "system": "http://hl7.at/fhir/HL7ATCoreProfiles/4.0.1/CodeSystem/at-core-cs-religion",
            "code": "120",
            "display": "Armenisch-apostolische Kirche"
          },
          {
            "system": "http://hl7.at/fhir/HL7ATCoreProfiles/4.0.1/CodeSystem/at-core-cs-religion",
            "code": "121",
            "display": "Syrisch-orthodoxe Kirche"
          },
          {
            "system": "http://hl7.at/fhir/HL7ATCoreProfiles/4.0.1/CodeSystem/at-core-cs-religion",
            "code": "122",
            "display": "Syrisch-orthodoxe Kirche"
          },
          {
            "system": "http://hl7.at/fhir/HL7ATCoreProfiles/4.0.1/CodeSystem/at-core-cs-religion",
            "code": "123",
            "display": "Koptisch-orthodoxe Kirche"
          },
          {
            "system": "http://hl7.at/fhir/HL7ATCoreProfiles/4.0.1/CodeSystem/at-core-cs-religion",
            "code": "124",
            "display": "Armenisch-apostolische Kirche"
          },
          {
            "system": "http://hl7.at/fhir/HL7ATCoreProfiles/4.0.1/CodeSystem/at-core-cs-religion",
            "code": "125",
            "display": "Äthiopisch-Orthodoxe Kirche"
          }
        ]
      },
      {
        "system": "http://hl7.at/fhir/HL7ATCoreProfiles/4.0.1/CodeSystem/at-core-cs-religion",
        "code": "126",
        "display": "Evangelische Kirchen Österreich",
        "contains": [
          {
            "system": "http://hl7.at/fhir/HL7ATCoreProfiles/4.0.1/CodeSystem/at-core-cs-religion",
            "code": "127",
            "display": "Evangelische Kirche (o.n.A.)"
          },
          {
            "system": "http://hl7.at/fhir/HL7ATCoreProfiles/4.0.1/CodeSystem/at-core-cs-religion",
            "code": "128",
            "display": "Evangelische Kirche A.B."
          },
          {
            "system": "http://hl7.at/fhir/HL7ATCoreProfiles/4.0.1/CodeSystem/at-core-cs-religion",
            "code": "129",
            "display": "Evangelische Kirche H.B."
          }
        ]
      },
      {
        "system": "http://hl7.at/fhir/HL7ATCoreProfiles/4.0.1/CodeSystem/at-core-cs-religion",
        "code": "130",
        "display": "Andere Christliche Kirchen",
        "contains": [
          {
            "system": "http://hl7.at/fhir/HL7ATCoreProfiles/4.0.1/CodeSystem/at-core-cs-religion",
            "code": "131",
            "display": "Altkatholische Kirche Österreichs"
          },
          {
            "system": "http://hl7.at/fhir/HL7ATCoreProfiles/4.0.1/CodeSystem/at-core-cs-religion",
            "code": "132",
            "display": "Anglikanische Kirche"
          },
          {
            "system": "http://hl7.at/fhir/HL7ATCoreProfiles/4.0.1/CodeSystem/at-core-cs-religion",
            "code": "133",
            "display": "Evangelisch-methodistische Kirche (EmK)"
          }
        ]
      },
      {
        "system": "http://hl7.at/fhir/HL7ATCoreProfiles/4.0.1/CodeSystem/at-core-cs-religion",
        "code": "134",
        "display": "Sonstige Christliche Gemeinschaften",
        "contains": [
          {
            "system": "http://hl7.at/fhir/HL7ATCoreProfiles/4.0.1/CodeSystem/at-core-cs-religion",
            "code": "135",
            "display": "Baptisten"
          },
          {
            "system": "http://hl7.at/fhir/HL7ATCoreProfiles/4.0.1/CodeSystem/at-core-cs-religion",
            "code": "136",
            "display": "Bund evangelikaler Gemeinden in Österreich"
          },
          {
            "system": "http://hl7.at/fhir/HL7ATCoreProfiles/4.0.1/CodeSystem/at-core-cs-religion",
            "code": "137",
            "display": "Freie Christengemeinde/Pfingstgemeinde"
          },
          {
            "system": "http://hl7.at/fhir/HL7ATCoreProfiles/4.0.1/CodeSystem/at-core-cs-religion",
            "code": "138",
            "display": "Mennonitische Freikirche"
          },
          {
            "system": "http://hl7.at/fhir/HL7ATCoreProfiles/4.0.1/CodeSystem/at-core-cs-religion",
            "code": "139",
            "display": "Kirche der Siebenten-Tags-Adventisten"
          },
          {
            "system": "http://hl7.at/fhir/HL7ATCoreProfiles/4.0.1/CodeSystem/at-core-cs-religion",
            "code": "140",
            "display": "Christengemeinschaft"
          },
          {
            "system": "http://hl7.at/fhir/HL7ATCoreProfiles/4.0.1/CodeSystem/at-core-cs-religion",
            "code": "141",
            "display": "Jehovas Zeugen"
          },
          {
            "system": "http://hl7.at/fhir/HL7ATCoreProfiles/4.0.1/CodeSystem/at-core-cs-religion",
            "code": "142",
            "display": "Neuapostolische Kirche"
          },
          {
            "system": "http://hl7.at/fhir/HL7ATCoreProfiles/4.0.1/CodeSystem/at-core-cs-religion",
            "code": "143",
            "display": "Mormonen"
          },
          {
            "system": "http://hl7.at/fhir/HL7ATCoreProfiles/4.0.1/CodeSystem/at-core-cs-religion",
            "code": "144",
            "display": "Sonstige Christliche Gemeinschaften (O.n.A.)"
          },
          {
            "system": "http://hl7.at/fhir/HL7ATCoreProfiles/4.0.1/CodeSystem/at-core-cs-religion",
            "code": "145",
            "display": "ELAIA Christengemeinden"
          },
          {
            "system": "http://hl7.at/fhir/HL7ATCoreProfiles/4.0.1/CodeSystem/at-core-cs-religion",
            "code": "146",
            "display": "Pfingstkirche Gemeinde Gottes"
          }
        ]
      },
      {
        "system": "http://hl7.at/fhir/HL7ATCoreProfiles/4.0.1/CodeSystem/at-core-cs-religion",
        "code": "148",
        "display": "Nicht-christliche Gemeinschaften",
        "contains": [
          {
            "system": "http://hl7.at/fhir/HL7ATCoreProfiles/4.0.1/CodeSystem/at-core-cs-religion",
            "code": "149",
            "display": "Israelitische Religionsgesellschaft"
          },
          {
            "system": "http://hl7.at/fhir/HL7ATCoreProfiles/4.0.1/CodeSystem/at-core-cs-religion",
            "code": "150",
            "display": "Islamische Glaubensgemeinschaft"
          },
          {
            "system": "http://hl7.at/fhir/HL7ATCoreProfiles/4.0.1/CodeSystem/at-core-cs-religion",
            "code": "151",
            "display": "Alevitische Religionsgesellschaft"
          },
          {
            "system": "http://hl7.at/fhir/HL7ATCoreProfiles/4.0.1/CodeSystem/at-core-cs-religion",
            "code": "152",
            "display": "Buddhistische Religionsgesellschaft"
          },
          {
            "system": "http://hl7.at/fhir/HL7ATCoreProfiles/4.0.1/CodeSystem/at-core-cs-religion",
            "code": "153",
            "display": "Baha` i"
          },
          {
            "system": "http://hl7.at/fhir/HL7ATCoreProfiles/4.0.1/CodeSystem/at-core-cs-religion",
            "code": "154",
            "display": "Hinduistische Religionsgesellschaft"
          },
          {
            "system": "http://hl7.at/fhir/HL7ATCoreProfiles/4.0.1/CodeSystem/at-core-cs-religion",
            "code": "155",
            "display": "Sikh"
          },
          {
            "system": "http://hl7.at/fhir/HL7ATCoreProfiles/4.0.1/CodeSystem/at-core-cs-religion",
            "code": "156",
            "display": "Shintoismus"
          },
          {
            "system": "http://hl7.at/fhir/HL7ATCoreProfiles/4.0.1/CodeSystem/at-core-cs-religion",
            "code": "157",
            "display": "Vereinigungskirche"
          },
          {
            "system": "http://hl7.at/fhir/HL7ATCoreProfiles/4.0.1/CodeSystem/at-core-cs-religion",
            "code": "162",
            "display": "Pastafarianismus"
          },
          {
            "system": "http://hl7.at/fhir/HL7ATCoreProfiles/4.0.1/CodeSystem/at-core-cs-religion",
            "code": "158",
            "display": "Andere religiöse Bekenntnisgemeinschaften"
          }
        ]
      },
      {
        "system": "http://hl7.at/fhir/HL7ATCoreProfiles/4.0.1/CodeSystem/at-core-cs-religion",
        "code": "159",
        "display": "Konfessionslos, ohne Angabe",
        "contains": [
          {
            "system": "http://hl7.at/fhir/HL7ATCoreProfiles/4.0.1/CodeSystem/at-core-cs-religion",
            "code": "160",
            "display": "Konfessionslos"
          },
          {
            "system": "http://hl7.at/fhir/HL7ATCoreProfiles/4.0.1/CodeSystem/at-core-cs-religion",
            "code": "161",
            "display": "Ohne Angabe"
          }
        ]
      }
    ]
  }
}