[
  {
    "id" : "codeSystemName",
    "type" : "StructureDefinition",
    "url" : "http://ema.europa.eu/fhir/extension/codeSystemName",
    "version" : "0.1.0",
    "name" : "CodeSystemName"
  },
  {
    "id" : "ingredientRoleVs",
    "type" : "ValueSet",
    "url" : "https://ema.europa.eu/fhir/vs/ingredientRole",
    "version" : "0.1.0",
    "name" : "IngredientRoleVs"
  },
  {
    "id" : "legalStatusForTheSupplyVs",
    "type" : "ValueSet",
    "url" : "https://ema.europa.eu/fhir/vs/legalStatusForTheSupply",
    "version" : "0.1.0",
    "name" : "LegalStatusForTheSupplyVs"
  },
  {
    "id" : "marketingStatusVs",
    "type" : "ValueSet",
    "url" : "https://ema.europa.eu/fhir/vs/marketingStatus",
    "version" : "0.1.0",
    "name" : "MarketingStatusVs"
  },
  {
    "id" : "packagingVs",
    "type" : "ValueSet",
    "url" : "https://ema.europa.eu/fhir/vs/packaging",
    "version" : "0.1.0",
    "name" : "PackagingVs"
  },
  {
    "id" : "pharmaceuticalDoseFormVs",
    "type" : "ValueSet",
    "url" : "https://ema.europa.eu/fhir/vs/pharmaceuticalDoseForm",
    "version" : "0.1.0",
    "name" : "PharmaceuticalDoseFormVs"
  },
  {
    "id" : "quantityOperatorVs",
    "type" : "ValueSet",
    "url" : "https://ema.europa.eu/fhir/vs/quantityOperator",
    "version" : "0.1.0",
    "name" : "QuantityOperatorVs"
  },
  {
    "id" : "regulatoryEntitlementStatusVs",
    "type" : "ValueSet",
    "url" : "https://ema.europa.eu/fhir/vs/regulatoryEntitlementStatus",
    "version" : "0.1.0",
    "name" : "RegulatoryEntitlementStatusVs"
  },
  {
    "id" : "regulatoryEntitlementTypeVs",
    "type" : "ValueSet",
    "url" : "https://ema.europa.eu/fhir/vs/regulatoryEntitlementType",
    "version" : "0.1.0",
    "name" : "RegulatoryEntitlementTypeVs"
  },
  {
    "id" : "routesAndMethodsOfAdministrationVs",
    "type" : "ValueSet",
    "url" : "https://ema.europa.eu/fhir/vs/routesAndMethodsOfAdministration",
    "version" : "0.1.0",
    "name" : "RoutesAndMethodsOfAdministrationVs"
  },
  {
    "id" : "unitsOfMeasurementVs",
    "type" : "ValueSet",
    "url" : "https://ema.europa.eu/fhir/vs/unitsOfMeasurement",
    "version" : "0.1.0",
    "name" : "UnitsOfMeasurementVs"
  },
  {
    "id" : "unitsOfPresentationVs",
    "type" : "ValueSet",
    "url" : "https://ema.europa.eu/fhir/vs/unitsOfPresentation",
    "version" : "0.1.0",
    "name" : "UnitsOfPresentationVs"
  },
  {
    "id" : "100000000004",
    "type" : "CodeSystem",
    "url" : "https://spor.ema.europa.eu/v1/lists/100000000004",
    "version" : "0.1.0",
    "name" : "DomainCs"
  },
  {
    "id" : "100000000008",
    "type" : "CodeSystem",
    "url" : "https://spor.ema.europa.eu/v1/lists/100000000008",
    "version" : "0.1.0",
    "name" : "QuantityOperatorCs"
  },
  {
    "id" : "regulatoryEntitlementStatusCs",
    "type" : "CodeSystem",
    "url" : "https://spor.ema.europa.eu/v1/lists/100000072049",
    "version" : "0.1.0",
    "name" : "RegulatoryEntitlementStatusCs"
  },
  {
    "id" : "100000072050",
    "type" : "CodeSystem",
    "url" : "https://spor.ema.europa.eu/v1/lists/100000072050",
    "version" : "0.1.0",
    "name" : "IngredientRoleCs"
  },
  {
    "id" : "100000072051",
    "type" : "CodeSystem",
    "url" : "https://spor.ema.europa.eu/v1/lists/100000072051",
    "version" : "0.1.0",
    "name" : "LegalStatusForTheSupplyCs"
  },
  {
    "id" : "100000072052",
    "type" : "CodeSystem",
    "url" : "https://spor.ema.europa.eu/v1/lists/100000072052",
    "version" : "0.1.0",
    "name" : "MarketingStatusCs"
  },
  {
    "id" : "100000073345",
    "type" : "CodeSystem",
    "url" : "https://spor.ema.europa.eu/v1/lists/100000073345",
    "version" : "0.1.0",
    "name" : "RoutesAndMethodsOfAdministrationCs"
  },
  {
    "id" : "100000073346",
    "type" : "CodeSystem",
    "url" : "https://spor.ema.europa.eu/v1/lists/100000073346",
    "version" : "0.1.0",
    "name" : "PackagingCs"
  },
  {
    "id" : "100000110633",
    "type" : "CodeSystem",
    "url" : "https://spor.ema.europa.eu/v1/lists/100000110633",
    "version" : "0.1.0",
    "name" : "UnitsOfMeasurementCs"
  },
  {
    "id" : "200000000004",
    "type" : "CodeSystem",
    "url" : "https://spor.ema.europa.eu/v1/lists/200000000004",
    "version" : "0.1.0",
    "name" : "PharmaceuticalDoseFormCs"
  },
  {
    "id" : "200000000014",
    "type" : "CodeSystem",
    "url" : "https://spor.ema.europa.eu/v1/lists/200000000014",
    "version" : "0.1.0",
    "name" : "UnitsOfPresentationCs"
  },
  {
    "id" : "220000000000",
    "type" : "CodeSystem",
    "url" : "https://spor.ema.europa.eu/v1/lists/220000000000",
    "version" : "0.1.0",
    "name" : "MedicinalProductNamePartTypeCs"
  },
  {
    "id" : "220000000060",
    "type" : "CodeSystem",
    "url" : "https://spor.ema.europa.eu/v1/lists/220000000060",
    "version" : "0.1.0",
    "name" : "RegulatoryEntitlementTypeCs"
  },
  {
    "id" : "asp-liste-authorizationState",
    "type" : "CodeSystem",
    "url" : "https://www.ages.at/fhir/CodeSystem/asp-liste-authorizationState",
    "version" : "0.1.0",
    "name" : "CS_ASP_Liste_AuthorizationState"
  },
  {
    "id" : "at-medprod-cm-authorizationState",
    "type" : "ConceptMap",
    "url" : "https://www.ages.at/fhir/ConceptMap/at-medprod-cm-authorizationState",
    "version" : "0.1.0",
    "name" : "AT_MedicinalProduct_CM_AuthorizationState"
  },
  {
    "id" : "asp-liste-authorizationState",
    "type" : "ValueSet",
    "url" : "https://www.ages.at/fhir/ValueSet/asp-liste-authorizationState",
    "version" : "0.1.0",
    "name" : "VS_ASP_Liste_AuthorizationState"
  },
  {
    "id" : "domainVs",
    "type" : "ValueSet",
    "url" : "https://www.ages.at/fhir/domain",
    "version" : "0.1.0",
    "name" : "DomainVs"
  },
  {
    "id" : "at-medprod-cs-additionalMedicinalProductNamePartType",
    "type" : "CodeSystem",
    "url" : "https://www.ages.at/fhir/medicinalproduct/CodeSystem/at-medprod-cs-additionalMedicinalProductNamePartType",
    "version" : "0.1.0",
    "name" : "AdditionalMedicinalProductNamePartTypeCs"
  },
  {
    "id" : "hl7.at.fhir.ages.medicinalproduct.r5",
    "type" : "ImplementationGuide",
    "url" : "https://www.ages.at/fhir/medicinalproduct/ImplementationGuide/hl7.at.fhir.ages.medicinalproduct.r5",
    "version" : "0.1.0",
    "name" : "AGESMedicinalProductR5"
  },
  {
    "id" : "at-medprod-administrableProductDefinition",
    "type" : "StructureDefinition",
    "url" : "https://www.ages.at/fhir/medicinalproduct/StructureDefinition/at-medprod-administrableProductDefinition",
    "version" : "0.1.0",
    "name" : "AT_MedicinalProduct_AdministrableProductDefinition"
  },
  {
    "id" : "at-medprod-codeableconcept",
    "type" : "StructureDefinition",
    "url" : "https://www.ages.at/fhir/medicinalproduct/StructureDefinition/at-medprod-codeableconcept",
    "version" : "0.1.0",
    "name" : "AT_MedicinalProduct_CodeableConcept"
  },
  {
    "id" : "at-medprod-coding",
    "type" : "StructureDefinition",
    "url" : "https://www.ages.at/fhir/medicinalproduct/StructureDefinition/at-medprod-coding",
    "version" : "0.1.0",
    "name" : "AT_MedicinalProduct_Coding"
  },
  {
    "id" : "at-medprod-identifier",
    "type" : "StructureDefinition",
    "url" : "https://www.ages.at/fhir/medicinalproduct/StructureDefinition/at-medprod-identifier",
    "version" : "0.1.0",
    "name" : "AT_MedicinalProduct_Identifier"
  },
  {
    "id" : "at-medprod-ingredient",
    "type" : "StructureDefinition",
    "url" : "https://www.ages.at/fhir/medicinalproduct/StructureDefinition/at-medprod-ingredient",
    "version" : "0.1.0",
    "name" : "AT_MedicinalProduct_Ingredient"
  },
  {
    "id" : "at-medprod-manufacturedItemDefinition",
    "type" : "StructureDefinition",
    "url" : "https://www.ages.at/fhir/medicinalproduct/StructureDefinition/at-medprod-manufacturedItemDefinition",
    "version" : "0.1.0",
    "name" : "AT_MedicinalProduct_ManufacturedItemDefinition"
  },
  {
    "id" : "at-medprod-marketingRegulatedAuthorization",
    "type" : "StructureDefinition",
    "url" : "https://www.ages.at/fhir/medicinalproduct/StructureDefinition/at-medprod-marketingRegulatedAuthorization",
    "version" : "0.1.0",
    "name" : "AT_MedicinalProduct_MarketingRegulatedAuthorization"
  },
  {
    "id" : "at-medprod-medicinalProductDefinition",
    "type" : "StructureDefinition",
    "url" : "https://www.ages.at/fhir/medicinalproduct/StructureDefinition/at-medprod-medicinalProductDefinition",
    "version" : "0.1.0",
    "name" : "AT_MedicinalProduct_MedicinalProductDefinition"
  },
  {
    "id" : "at-medprod-packagedProductDefinition",
    "type" : "StructureDefinition",
    "url" : "https://www.ages.at/fhir/medicinalproduct/StructureDefinition/at-medprod-packagedProductDefinition",
    "version" : "0.1.0",
    "name" : "AT_MedicinalProduct_PackagedProductDefinition"
  },
  {
    "id" : "medicinalProductNamePartTypeVs",
    "type" : "ValueSet",
    "url" : "https://www.ages.at/fhir/medicinalproduct/ValueSet/medicinalProductNamePartTypeVs",
    "version" : "0.1.0",
    "name" : "MedicinalProductNamePartTypeVs"
  }
]
