{
  "codeSystems" : [
    {
      "url" : "http://hl7.org/fhir/animal-tissue-type",
      "version" : "5.0.0",
      "status" : "active",
      "name" : "AnimalTissueType",
      "title" : "Animal Tissue Type",
      "description" : "A tissue type of an animal.",
      "oids" : ["2.16.840.1.113883.4.642.4.2033"],
      "uses" : {
      },
      "http://hl7.org/fhir/R5/valueset-animal-tissue-type.html" : "Animal Tissue Type"
    },
    {
      "url" : "http://hl7.org/fhir/combined-dose-form",
      "version" : "5.0.0",
      "status" : "active",
      "name" : "CombinedDoseForm",
      "title" : "Combined Dose Form",
      "description" : "Dose forms for a product as a whole, considering all individual parts, but before any mixing",
      "oids" : ["2.16.840.1.113883.4.642.4.1923"],
      "uses" : {
      },
      "http://hl7.org/fhir/R5/valueset-combined-dose-form.html" : "Combined Dose Form"
    },
    {
      "url" : "http://hl7.org/fhir/fhir-types",
      "version" : "5.0.0",
      "status" : "active",
      "name" : "FHIRTypes",
      "title" : "All FHIR Types",
      "description" : "One of the types defined as part of this version of FHIR.",
      "oids" : ["2.16.840.1.113883.4.642.4.1802"],
      "uses" : {
      },
      "http://hl7.org/fhir/R5/valueset-resource-types.html" : "Resource Types"
    },
    {
      "url" : "http://hl7.org/fhir/identifier-use",
      "version" : "5.0.0",
      "status" : "active",
      "name" : "IdentifierUse",
      "title" : "IdentifierUse",
      "description" : "Identifies the purpose for this identifier, if known .",
      "oids" : ["2.16.840.1.113883.4.642.1.58"],
      "uses" : {
      },
      "http://hl7.org/fhir/R5/valueset-identifier-use.html" : "IdentifierUse"
    },
    {
      "url" : "http://hl7.org/fhir/ingredient-function",
      "version" : "5.0.0",
      "status" : "active",
      "name" : "IngredientFunction",
      "title" : "Ingredient Function",
      "description" : "A classification of the ingredient identifying its precise purpose(s) in the drug product (beyond e.g. active/inactive).",
      "oids" : ["2.16.840.1.113883.4.642.4.2079"],
      "uses" : {
      },
      "http://hl7.org/fhir/R5/valueset-ingredient-function.html" : "Ingredient Function"
    },
    {
      "url" : "http://hl7.org/fhir/ingredient-manufacturer-role",
      "version" : "5.0.0",
      "status" : "active",
      "name" : "IngredientManufacturerRole",
      "title" : "Ingredient Manufacturer Role",
      "description" : "The way in which this manufacturer is associated with the ingredient. For example whether it is a possible one (others allowed), or an exclusive authorized one for this ingredient. Note that this is not the manufacturing process role",
      "oids" : ["2.16.840.1.113883.4.642.4.2078"],
      "uses" : {
      },
      "http://hl7.org/fhir/R5/valueset-ingredient-manufacturer-role.html" : "Ingredient Manufacturer Role"
    },
    {
      "url" : "http://hl7.org/fhir/legal-status-of-supply",
      "version" : "5.0.0",
      "status" : "active",
      "name" : "LegalStatusOfSupply",
      "title" : "Legal Status Of Supply",
      "description" : "The prescription supply types appropriate to a medicinal product",
      "oids" : ["2.16.840.1.113883.4.642.4.1912"],
      "uses" : {
      },
      "http://hl7.org/fhir/R5/valueset-legal-status-of-supply.html" : "Legal Status Of Supply"
    },
    {
      "url" : "http://hl7.org/fhir/medicinal-product-additional-monitoring",
      "version" : "5.0.0",
      "status" : "active",
      "name" : "AdditionalMonitoring",
      "title" : "Additional Monitoring",
      "description" : "Extra monitoring defined for a Medicinal Product.",
      "oids" : ["2.16.840.1.113883.4.642.4.1919"],
      "uses" : {
      },
      "http://hl7.org/fhir/R5/valueset-medicinal-product-additional-monitoring.html" : "Additional Monitoring"
    },
    {
      "url" : "http://hl7.org/fhir/medicinal-product-confidentiality",
      "version" : "5.0.0",
      "status" : "active",
      "name" : "ProductConfidentiality",
      "title" : "Product Confidentiality",
      "description" : "Confidentiality rating, e.g. commercial sensitivity for a Medicinal Product.",
      "oids" : ["2.16.840.1.113883.4.642.4.1913"],
      "uses" : {
      },
      "http://hl7.org/fhir/R5/valueset-medicinal-product-confidentiality.html" : "Product Confidentiality"
    },
    {
      "url" : "http://hl7.org/fhir/medicinal-product-contact-type",
      "version" : "5.0.0",
      "status" : "active",
      "name" : "ProductContactType",
      "title" : "Product Contact Type",
      "description" : "Contact type for a Medicinal Product.",
      "oids" : ["2.16.840.1.113883.4.642.4.1925"],
      "uses" : {
      },
      "http://hl7.org/fhir/R5/valueset-medicinal-product-contact-type.html" : "Product Contact Type"
    },
    {
      "url" : "http://hl7.org/fhir/medicinal-product-cross-reference-type",
      "version" : "5.0.0",
      "status" : "active",
      "name" : "ProductCrossReferenceType",
      "title" : "Product Cross Reference Type",
      "description" : "Relationship to another Medicinal Product.",
      "oids" : ["2.16.840.1.113883.4.642.4.1921"],
      "uses" : {
      },
      "http://hl7.org/fhir/R5/valueset-medicinal-product-cross-reference-type.html" : "Product Cross Reference Type"
    },
    {
      "url" : "http://hl7.org/fhir/medicinal-product-domain",
      "version" : "5.0.0",
      "status" : "active",
      "name" : "MedicinalProductDomain",
      "title" : "Medicinal Product Domain",
      "description" : "Applicable domain for this product (e.g. human, veterinary).",
      "oids" : ["2.16.840.1.113883.4.642.4.1917"],
      "uses" : {
      },
      "http://hl7.org/fhir/R5/valueset-medicinal-product-domain.html" : "Medicinal Product Domain"
    },
    {
      "url" : "http://hl7.org/fhir/medicinal-product-name-part-type",
      "version" : "5.0.0",
      "status" : "active",
      "name" : "ProductNamePartType",
      "title" : "Product Name Part Type",
      "description" : "Type of part of a name for a Medicinal Product.",
      "oids" : ["2.16.840.1.113883.4.642.4.1924"],
      "uses" : {
      },
      "http://hl7.org/fhir/R5/valueset-medicinal-product-name-part-type.html" : "Product Name Part Type"
    },
    {
      "url" : "http://hl7.org/fhir/medicinal-product-name-type",
      "version" : "5.0.0",
      "status" : "active",
      "name" : "ProductNameType",
      "title" : "Product Name Type",
      "description" : "Type of a name for a Medicinal Product.",
      "oids" : ["2.16.840.1.113883.4.642.4.1922"],
      "uses" : {
      },
      "http://hl7.org/fhir/R5/valueset-medicinal-product-name-type.html" : "Product Name Type"
    },
    {
      "url" : "http://hl7.org/fhir/medicinal-product-package-type",
      "version" : "5.0.0",
      "status" : "active",
      "name" : "MedicinalProductPackageType",
      "title" : "Medicinal Product Package Type",
      "description" : "Types of medicinal product packs",
      "oids" : ["2.16.840.1.113883.4.642.4.1918"],
      "uses" : {
      },
      "http://hl7.org/fhir/R5/valueset-medicinal-product-package-type.html" : "Medicinal Product Package Type"
    },
    {
      "url" : "http://hl7.org/fhir/medicinal-product-pediatric-use",
      "version" : "5.0.0",
      "status" : "active",
      "name" : "PediatricUse",
      "title" : "Pediatric Use",
      "description" : "Suitability for age groups, in particular children.",
      "oids" : ["2.16.840.1.113883.4.642.4.1914"],
      "uses" : {
      },
      "http://hl7.org/fhir/R5/valueset-medicinal-product-pediatric-use.html" : "Pediatric Use"
    },
    {
      "url" : "http://hl7.org/fhir/medicinal-product-special-measures",
      "version" : "5.0.0",
      "status" : "active",
      "name" : "SpecialMeasures",
      "title" : "Special Measures",
      "description" : "Extra measures defined for a Medicinal Product, such as requirement to conduct post-authorization studies.",
      "oids" : ["2.16.840.1.113883.4.642.4.1915"],
      "uses" : {
      },
      "http://hl7.org/fhir/R5/valueset-medicinal-product-special-measures.html" : "Special Measures"
    },
    {
      "url" : "http://hl7.org/fhir/medicinal-product-type",
      "version" : "5.0.0",
      "status" : "active",
      "name" : "MedicinalProductType",
      "title" : "Medicinal Product Type",
      "description" : "Overall defining type of this Medicinal Product.",
      "oids" : ["2.16.840.1.113883.4.642.4.1916"],
      "uses" : {
      },
      "http://hl7.org/fhir/R5/valueset-medicinal-product-type.html" : "Medicinal Product Type"
    },
    {
      "url" : "http://hl7.org/fhir/package-material",
      "version" : "5.0.0",
      "status" : "active",
      "name" : "PackageMaterial",
      "title" : "Package Material",
      "description" : "A material used in the construction of packages and their components.",
      "oids" : ["2.16.840.1.113883.4.642.4.1964"],
      "uses" : {
      },
      "http://hl7.org/fhir/R5/valueset-package-material.html" : "Package Material"
    },
    {
      "url" : "http://hl7.org/fhir/package-type",
      "version" : "5.0.0",
      "status" : "active",
      "name" : "PackageType",
      "title" : "Package Type",
      "description" : "A high level categorisation of a package.",
      "oids" : ["2.16.840.1.113883.4.642.4.1963"],
      "uses" : {
      },
      "http://hl7.org/fhir/R5/valueset-package-type.html" : "Package Type"
    },
    {
      "url" : "http://hl7.org/fhir/product-intended-use",
      "version" : "5.0.0",
      "status" : "active",
      "name" : "ProductIntendedUse",
      "title" : "Product Intended Use",
      "description" : "ProductIntendedUse",
      "oids" : ["2.16.840.1.113883.4.642.4.1908"],
      "uses" : {
      },
      "http://hl7.org/fhir/R5/valueset-product-intended-use.html" : "Product Intended Use"
    },
    {
      "url" : "http://hl7.org/fhir/publication-status",
      "version" : "5.0.0",
      "status" : "active",
      "name" : "PublicationStatus",
      "title" : "PublicationStatus",
      "description" : "The lifecycle status of an artifact.",
      "oids" : ["2.16.840.1.113883.4.642.4.4"],
      "uses" : {
      },
      "http://hl7.org/fhir/R5/valueset-publication-status.html" : "PublicationStatus"
    },
    {
      "url" : "http://hl7.org/fhir/quantity-comparator",
      "version" : "5.0.0",
      "status" : "active",
      "name" : "QuantityComparator",
      "title" : "QuantityComparator",
      "description" : "How the Quantity should be understood and represented.",
      "oids" : ["2.16.840.1.113883.4.642.4.60"],
      "uses" : {
      },
      "http://hl7.org/fhir/R5/valueset-quantity-comparator.html" : "QuantityComparator"
    },
    {
      "url" : "http://hl7.org/fhir/regulated-authorization-basis",
      "version" : "5.0.0",
      "status" : "active",
      "name" : "RegulatedAuthorizationBasis",
      "title" : "Regulated Authorization Basis",
      "description" : "RegulatedAuthorizationBasis",
      "oids" : ["2.16.840.1.113883.4.642.4.1907"],
      "uses" : {
      },
      "http://hl7.org/fhir/R5/valueset-regulated-authorization-basis.html" : "Regulated Authorization Basis"
    },
    {
      "url" : "http://hl7.org/fhir/regulated-authorization-case-type",
      "version" : "5.0.0",
      "status" : "active",
      "name" : "RegulatedAuthorizationCaseType",
      "title" : "Regulated Authorization Case Type",
      "description" : "RegulatedAuthorizationCaseType",
      "oids" : ["2.16.840.1.113883.4.642.4.1910"],
      "uses" : {
      },
      "http://hl7.org/fhir/R5/valueset-regulated-authorization-case-type.html" : "Regulated Authorization Case Type"
    },
    {
      "url" : "http://hl7.org/fhir/regulated-authorization-type",
      "version" : "5.0.0",
      "status" : "active",
      "name" : "RegulatedAuthorizationType",
      "title" : "Regulated Authorization Type",
      "description" : "RegulatedAuthorizationType",
      "oids" : ["2.16.840.1.113883.4.642.4.1909"],
      "uses" : {
      },
      "http://hl7.org/fhir/R5/valueset-regulated-authorization-type.html" : "Regulated Authorization Type"
    },
    {
      "url" : "http://hl7.org/fhir/target-species",
      "version" : "5.0.0",
      "status" : "active",
      "name" : "TargetSpecies",
      "title" : "Target Species",
      "description" : "A species for which a medicinal product is intended.",
      "oids" : ["2.16.840.1.113883.4.642.4.2030"],
      "uses" : {
      },
      "http://hl7.org/fhir/R5/valueset-target-species.html" : "Target Species"
    },
    {
      "url" : "http://terminology.hl7.org/CodeSystem/v2-0203",
      "version" : "4.0.0",
      "status" : "active",
      "name" : "IdentifierType",
      "title" : "identifierType",
      "description" : "HL7-defined code system of concepts specifying type of identifier. Used in HL7 Version 2.x messaging data types CX, PLN, PPN, XCN and XON.",
      "oids" : ["2.16.840.1.113883.18.108"],
      "uses" : {
      },
      "http://hl7.org/fhir/R5/valueset-identifier-type.html" : "Identifier Type Codes"
    },
    {
      "url" : "http://www.whocc.no/atc",
      "version" : "2.0.1",
      "status" : "active",
      "name" : "WC",
      "title" : "WHO ATC",
      "description" : "WHO ATC",
      "oids" : ["2.16.840.1.113883.6.73"],
      "uses" : {
      },
      "http://hl7.org/fhir/R5/valueset-medicinal-product-classification.html" : "Product Classification"
    },
    {
      "url" : "https://spor.ema.europa.eu/v1/lists/100000000004",
      "version" : "0.1.0",
      "status" : "active",
      "name" : "DomainCs",
      "title" : "Domain",
      "description" : "Domain",
      "uses" : {
      },
      "ValueSet-domainVs.html" : "The Domain Value Set"
    },
    {
      "url" : "https://spor.ema.europa.eu/v1/lists/100000000008",
      "version" : "0.1.0",
      "status" : "active",
      "name" : "QuantityOperatorCs",
      "title" : "Quantity Operator",
      "description" : "Quantity Operator",
      "uses" : {
      },
      "ValueSet-quantityOperatorVs.html" : "The Quantity Operator Value Set"
    },
    {
      "url" : "https://spor.ema.europa.eu/v1/lists/100000072049",
      "version" : "0.1.0",
      "status" : "active",
      "name" : "RegulatoryEntitlementStatusCs",
      "title" : "Regulatory Entitlement Status",
      "description" : "Regulatory Entitlement Status",
      "uses" : {
      },
      "ValueSet-regulatoryEntitlementStatusVs.html" : "The Regulatory Entitlement Status Value Set",
      "ConceptMap-at-medprod-cm-authorizationState.html" : "Authorization State Mapping"
    },
    {
      "url" : "https://spor.ema.europa.eu/v1/lists/100000072050",
      "version" : "0.1.0",
      "status" : "active",
      "name" : "IngredientRoleCs",
      "title" : "Ingredient Role",
      "description" : "Ingredient Role",
      "uses" : {
      },
      "ValueSet-ingredientRoleVs.html" : "The Ingredient Role Value Set"
    },
    {
      "url" : "https://spor.ema.europa.eu/v1/lists/100000072051",
      "version" : "0.1.0",
      "status" : "active",
      "name" : "LegalStatusForTheSupplyCs",
      "title" : "Legal Status From the Supply",
      "description" : "Legal Status From the Supply",
      "uses" : {
      },
      "ValueSet-legalStatusForTheSupplyVs.html" : "The Legal Status of Supply Value Set"
    },
    {
      "url" : "https://spor.ema.europa.eu/v1/lists/100000072052",
      "version" : "0.1.0",
      "status" : "active",
      "name" : "MarketingStatusCs",
      "title" : "Marketing Status",
      "description" : "Marketing Status",
      "uses" : {
      },
      "ValueSet-marketingStatusVs.html" : "The Marketing Status value Set"
    },
    {
      "url" : "https://spor.ema.europa.eu/v1/lists/100000073345",
      "version" : "0.1.0",
      "status" : "active",
      "name" : "RoutesAndMethodsOfAdministrationCs",
      "title" : "Routes and Methods Of Administration",
      "description" : "Routes and Methods Of Administration",
      "uses" : {
      },
      "ValueSet-routesAndMethodsOfAdministrationVs.html" : "The Target Species Value Set"
    },
    {
      "url" : "https://spor.ema.europa.eu/v1/lists/100000073346",
      "version" : "0.1.0",
      "status" : "active",
      "name" : "PackagingCs",
      "title" : "Domain",
      "description" : "Domain",
      "uses" : {
      },
      "ValueSet-packagingVs.html" : "The Packaging Value Set"
    },
    {
      "url" : "https://spor.ema.europa.eu/v1/lists/100000110633",
      "version" : "0.1.0",
      "status" : "active",
      "name" : "UnitsOfMeasurementCs",
      "title" : "Units Of Measurement",
      "description" : "Units Of Measurement",
      "uses" : {
      },
      "ValueSet-unitsOfMeasurementVs.html" : "The Units of Measurement Value Set"
    },
    {
      "url" : "https://spor.ema.europa.eu/v1/lists/200000000004",
      "version" : "0.1.0",
      "status" : "active",
      "name" : "PharmaceuticalDoseFormCs",
      "title" : "Pharmaceutical Dose Form",
      "description" : "Pharmaceutical Dose Form",
      "uses" : {
      },
      "ValueSet-pharmaceuticalDoseFormVs.html" : "The Pharmaceutical Dose Form Value Set"
    },
    {
      "url" : "https://spor.ema.europa.eu/v1/lists/200000000014",
      "version" : "0.1.0",
      "status" : "active",
      "name" : "UnitsOfPresentationCs",
      "title" : "Units Of Presentation",
      "description" : "Units Of Presentation",
      "uses" : {
      },
      "ValueSet-unitsOfPresentationVs.html" : "The Units of Presentation Value Set"
    },
    {
      "url" : "https://spor.ema.europa.eu/v1/lists/220000000000",
      "version" : "0.1.0",
      "status" : "active",
      "name" : "MedicinalProductNamePartTypeCs",
      "title" : "Medicinal Product Name Part Type",
      "description" : "Medicinal Product Name Part Type",
      "uses" : {
      },
      "ValueSet-medicinalProductNamePartTypeVs.html" : "Medicinal Product Name Part Type"
    },
    {
      "url" : "https://spor.ema.europa.eu/v1/lists/220000000060",
      "version" : "0.1.0",
      "status" : "active",
      "name" : "RegulatoryEntitlementTypeCs",
      "title" : "Regulatory Entitlement",
      "description" : "Regulatory Entitlement",
      "uses" : {
      },
      "ValueSet-regulatoryEntitlementTypeVs.html" : "The Regulatory Entitlement Type Value Set"
    },
    {
      "url" : "https://www.ages.at/fhir/CodeSystem/asp-liste-authorizationState",
      "version" : "0.1.0",
      "status" : "active",
      "name" : "CS_ASP_Liste_AuthorizationState",
      "title" : "\"ASP-Liste\" Authorization State",
      "description" : null,
      "uses" : {
      },
      "ValueSet-asp-liste-authorizationState.html" : "\"ASP-Liste\" Authorization State",
      "ConceptMap-at-medprod-cm-authorizationState.html" : "Authorization State Mapping"
    },
    {
      "url" : "https://www.ages.at/fhir/medicinalproduct/CodeSystem/at-medprod-cs-additionalMedicinalProductNamePartType",
      "version" : "0.1.0",
      "status" : "active",
      "name" : "AdditionalMedicinalProductNamePartTypeCs",
      "title" : "Additional Medicinal Product Name Part Type",
      "description" : "Contains additional codes to be used for name parts of a MedicinalProductDefinition",
      "uses" : {
      },
      "ValueSet-medicinalProductNamePartTypeVs.html" : "Medicinal Product Name Part Type"
    },
    {
      "url" : "urn:ietf:bcp:47",
      "version" : "2.0.1",
      "status" : "active",
      "name" : "Ietf3066",
      "title" : "Tags for the Identification of Languages",
      "description" : "Older value from OID registry.  Superceded; see recommendations in BCP-47.",
      "oids" : ["2.16.840.1.113883.6.121"],
      "uses" : {
      },
      "http://hl7.org/fhir/R5/valueset-all-languages.html" : "All Languages",
      "http://hl7.org/fhir/R5/valueset-languages.html" : "Common Languages"
    },
    {
      "url" : "urn:iso:std:iso:3166",
      "version" : "1.0.1",
      "status" : "active",
      "name" : "ISO3166Part1",
      "title" : "ISO 3166-1 Codes for the representation of names of countries and their subdivisions — Part 1: Country code",
      "description" : "ISO 3166-1 establishes codes that represent the current names of countries, dependencies, and other areas of particular geopolitical interest, on the basis of country names obtained from the United Nations.",
      "oids" : ["1.0.3166.1"],
      "uses" : {
      },
      "http://hl7.org/fhir/R5/valueset-country.html" : "Country ValueSet",
      "http://hl7.org/fhir/R5/valueset-jurisdiction.html" : "Jurisdiction ValueSet"
    },
    {
      "url" : "urn:iso:std:iso:3166:-2",
      "version" : "2013-11",
      "status" : "retired",
      "name" : "Iso3166_2",
      "title" : "ISO 3166 Part 2 Country Subdivision Codes",
      "description" : "Identifies the coding system published in the ISO 3166-2 Standard for Country Subdivision codes. This standard is released periodically, and a new OID will be assigned by ISO for new editions.",
      "oids" : ["1.0.3166.2"],
      "uses" : {
      },
      "http://hl7.org/fhir/R5/valueset-jurisdiction.html" : "Jurisdiction ValueSet"
    }
  ]
}
