<?xml version="1.0" encoding="UTF-8"?>

<CodeSystem xmlns="http://hl7.org/fhir">
  <id value="100000072050"/>
  <text>
    <status value="generated"/><div xmlns="http://www.w3.org/1999/xhtml"><p>This case-sensitive code system <code>https://spor.ema.europa.eu/v1/lists/100000072050</code> defines the following codes:</p><table class="codes"><tr><td style="white-space:nowrap"><b>Code</b></td><td><b>Display</b></td></tr><tr><td style="white-space:nowrap">100000072072<a name="100000072050-100000072072"> </a></td><td>Active</td></tr><tr><td style="white-space:nowrap">100000072073<a name="100000072050-100000072073"> </a></td><td>Adjuvant</td></tr><tr><td style="white-space:nowrap">100000072082<a name="100000072050-100000072082"> </a></td><td>Excipient</td></tr><tr><td style="white-space:nowrap">100000136066<a name="100000072050-100000136066"> </a></td><td>Solvent / Diluent</td></tr></table></div>
  </text>
  <url value="https://spor.ema.europa.eu/v1/lists/100000072050"/>
  <version value="0.1.0"/>
  <name value="IngredientRoleCs"/>
  <title value="Ingredient Role"/>
  <status value="active"/>
  <experimental value="false"/>
  <date value="2024-05-23T06:53:44+00:00"/>
  <publisher value="AGES"/>
  <contact>
    <name value="AGES"/>
    <telecom>
      <system value="url"/>
      <value value="https://www.ages.at/"/>
    </telecom>
  </contact>
  <description value="Ingredient Role"/>
  <jurisdiction>
    <text value="European Union"/>
  </jurisdiction>
  <caseSensitive value="true"/>
  <content value="complete"/>
  <count value="4"/>
  <concept>
    <code value="100000072072"/>
    <display value="Active"/>
  </concept>
  <concept>
    <code value="100000072073"/>
    <display value="Adjuvant"/>
  </concept>
  <concept>
    <code value="100000072082"/>
    <display value="Excipient"/>
  </concept>
  <concept>
    <code value="100000136066"/>
    <display value="Solvent / Diluent"/>
  </concept>
</CodeSystem>