<?xml version="1.0" encoding="UTF-8"?>

<CodeSystem xmlns="http://hl7.org/fhir">
  <id value="at-medprod-cs-additionalMedicinalProductNamePartType"/>
  <text>
    <status value="generated"/><div xmlns="http://www.w3.org/1999/xhtml"><p>This case-sensitive code system <code>https://www.ages.at/fhir/medicinalproduct/CodeSystem/at-medprod-cs-additionalMedicinalProductNamePartType</code> defines the following code:</p><table class="codes"><tr><td style="white-space:nowrap"><b>Code</b></td><td><b>Display</b></td></tr><tr><td style="white-space:nowrap">tradeName<a name="at-medprod-cs-additionalMedicinalProductNamePartType-tradeName"> </a></td><td>Trade Name</td></tr></table></div>
  </text>
  <url value="https://www.ages.at/fhir/medicinalproduct/CodeSystem/at-medprod-cs-additionalMedicinalProductNamePartType"/>
  <version value="0.1.0"/>
  <name value="AdditionalMedicinalProductNamePartTypeCs"/>
  <title value="Additional Medicinal Product Name Part Type"/>
  <status value="active"/>
  <experimental value="false"/>
  <date value="2024-05-27T09:11:44+00:00"/>
  <publisher value="AGES"/>
  <contact>
    <name value="AGES"/>
    <telecom>
      <system value="url"/>
      <value value="https://www.ages.at/"/>
    </telecom>
  </contact>
  <description value="Contains additional codes to be used for name parts of a MedicinalProductDefinition"/>
  <jurisdiction>
    <coding>
      <system value="urn:iso:std:iso:3166"/>
      <code value="AT"/>
      <display value="Austria"/>
    </coding>
  </jurisdiction>
  <caseSensitive value="true"/>
  <content value="complete"/>
  <count value="1"/>
  <concept>
    <code value="tradeName"/>
    <display value="Trade Name"/>
  </concept>
</CodeSystem>