{
  "codeSystems" : [
    {
      "url" : "https://spor.ema.europa.eu/v1/lists/100000000004",
      "version" : "0.1.0",
      "status" : "active",
      "name" : "DomainCs",
      "title" : "Domain",
      "description" : "Domain"
    },
    {
      "url" : "https://spor.ema.europa.eu/v1/lists/100000000008",
      "version" : "0.1.0",
      "status" : "active",
      "name" : "QuantityOperatorCs",
      "title" : "Quantity Operator",
      "description" : "Quantity Operator"
    },
    {
      "url" : "https://spor.ema.europa.eu/v1/lists/100000072049",
      "version" : "0.1.0",
      "status" : "active",
      "name" : "RegulatoryEntitlementStatusCs",
      "title" : "Regulatory Entitlement Status",
      "description" : "Regulatory Entitlement Status"
    },
    {
      "url" : "https://spor.ema.europa.eu/v1/lists/100000072050",
      "version" : "0.1.0",
      "status" : "active",
      "name" : "IngredientRoleCs",
      "title" : "Ingredient Role",
      "description" : "Ingredient Role"
    },
    {
      "url" : "https://spor.ema.europa.eu/v1/lists/100000072051",
      "version" : "0.1.0",
      "status" : "active",
      "name" : "LegalStatusForTheSupplyCs",
      "title" : "Legal Status From the Supply",
      "description" : "Legal Status From the Supply"
    },
    {
      "url" : "https://spor.ema.europa.eu/v1/lists/100000073345",
      "version" : "0.1.0",
      "status" : "active",
      "name" : "RoutesAndMethodsOfAdministrationCs",
      "title" : "Routes and Methods Of Administration",
      "description" : "Routes and Methods Of Administration"
    },
    {
      "url" : "https://spor.ema.europa.eu/v1/lists/200000000004",
      "version" : "0.1.0",
      "status" : "active",
      "name" : "PharmaceuticalDoseFormCs",
      "title" : "Pharmaceutical Dose Form",
      "description" : "Pharmaceutical Dose Form"
    },
    {
      "url" : "https://spor.ema.europa.eu/v1/lists/200000000014",
      "version" : "0.1.0",
      "status" : "active",
      "name" : "UnitsOfPresentationCs",
      "title" : "Units Of Presentation",
      "description" : "Units Of Presentation"
    },
    {
      "url" : "https://spor.ema.europa.eu/v1/lists/220000000000",
      "version" : "0.1.0",
      "status" : "active",
      "name" : "MedicinalProductNamePartTypeCs",
      "title" : "Medicinal Product Name Part Type",
      "description" : "Medicinal Product Name Part Type"
    },
    {
      "url" : "https://spor.ema.europa.eu/v1/lists/220000000060",
      "version" : "0.1.0",
      "status" : "active",
      "name" : "RegulatoryEntitlementTypeCs",
      "title" : "Regulatory Entitlement",
      "description" : "Regulatory Entitlement"
    }
  ]
}
