<?xml version="1.0" encoding="UTF-8"?>

<ValueSet xmlns="http://hl7.org/fhir">
  <id value="regulatoryEntitlementStatusVs"/>
  <text>
    <status value="generated"/><div xmlns="http://www.w3.org/1999/xhtml"><ul><li>Include all codes defined in <a href="CodeSystem-regulatoryEntitlementStatusCs.html"><code>https://spor.ema.europa.eu/v1/lists/100000072049</code></a></li></ul></div>
  </text>
  <url value="https://ema.europa.eu/fhir/vs/regulatoryEntitlementStatus"/>
  <version value="0.1.0"/>
  <name value="RegulatoryEntitlementStatusVs"/>
  <title value="The Regulatory Entitlement Status Value Set"/>
  <status value="active"/>
  <date value="2024-05-23T09:15:19+00:00"/>
  <publisher value="AGES"/>
  <contact>
    <name value="AGES"/>
    <telecom>
      <system value="url"/>
      <value value="https://www.ages.at/"/>
    </telecom>
  </contact>
  <compose>
    <include>
      <system value="https://spor.ema.europa.eu/v1/lists/100000072049"/>
    </include>
  </compose>
</ValueSet>