{
  "resourceType" : "ValueSet",
  "id" : "medicinalProductNamePartTypeVs",
  "text" : {
    "status" : "generated",
    "div" : "<div xmlns=\"http://www.w3.org/1999/xhtml\"><p>This value set includes codes based on the following rules:</p><ul><li>Include all codes defined in <a href=\"CodeSystem-220000000000.html\"><code>https://spor.ema.europa.eu/v1/lists/220000000000</code></a></li><li>Include all codes defined in <a href=\"CodeSystem-at-medprod-cs-additionalMedicinalProductNamePartType.html\"><code>https://www.ages.at/fhir/medicinalproduct/CodeSystem/at-medprod-cs-additionalMedicinalProductNamePartType</code></a></li></ul></div>"
  },
  "url" : "https://www.ages.at/fhir/medicinalproduct/ValueSet/medicinalProductNamePartTypeVs",
  "version" : "0.1.0",
  "name" : "MedicinalProductNamePartTypeVs",
  "title" : "Medicinal Product Name Part Type",
  "status" : "active",
  "date" : "2024-05-27T07:50:10+00:00",
  "publisher" : "AGES",
  "contact" : [{
    "name" : "AGES",
    "telecom" : [{
      "system" : "url",
      "value" : "https://www.ages.at/"
    }]
  }],
  "compose" : {
    "include" : [{
      "system" : "https://spor.ema.europa.eu/v1/lists/220000000000"
    },
    {
      "system" : "https://www.ages.at/fhir/medicinalproduct/CodeSystem/at-medprod-cs-additionalMedicinalProductNamePartType"
    }]
  }
}