<?xml version="1.0" encoding="UTF-8"?>

<CodeSystem xmlns="http://hl7.org/fhir">
  <id value="at-core-cs-religion"/>
  <text>
    <status value="generated"/><div xmlns="http://www.w3.org/1999/xhtml"><p>This code system http://hl7.at/fhir/HL7ATCoreProfiles/4.0.1/CodeSystem/at-core-cs-religion defines the following codes:</p><table class="codes"><tr><td style="white-space:nowrap"><b>Code</b></td><td><b>Display</b></td></tr><tr><td style="white-space:nowrap">100<a name="at-core-cs-religion-100"> </a></td><td>Katholische Kirche (o.n.A.)</td></tr><tr><td style="white-space:nowrap">110<a name="at-core-cs-religion-110"> </a></td><td>Griechisch-Orientalische Kirchen</td></tr><tr><td style="white-space:nowrap">119<a name="at-core-cs-religion-119"> </a></td><td>Orientalisch-Orthodoxe Kirchen</td></tr><tr><td style="white-space:nowrap">126<a name="at-core-cs-religion-126"> </a></td><td>Evangelische Kirchen Österreich</td></tr><tr><td style="white-space:nowrap">130<a name="at-core-cs-religion-130"> </a></td><td>Andere Christliche Kirchen</td></tr><tr><td style="white-space:nowrap">134<a name="at-core-cs-religion-134"> </a></td><td>Sonstige Christliche Gemeinschaften</td></tr><tr><td style="white-space:nowrap">148<a name="at-core-cs-religion-148"> </a></td><td>Nicht-christliche Gemeinschaften</td></tr><tr><td style="white-space:nowrap">159<a name="at-core-cs-religion-159"> </a></td><td>Konfessionslos, ohne Angabe</td></tr><tr><td style="white-space:nowrap">101<a name="at-core-cs-religion-101"> </a></td><td>Römisch-Katholisch</td></tr><tr><td style="white-space:nowrap">102<a name="at-core-cs-religion-102"> </a></td><td>Griechisch-Katholische Kirche</td></tr><tr><td style="white-space:nowrap">103<a name="at-core-cs-religion-103"> </a></td><td>Armenisch-Katholische Kirche</td></tr><tr><td style="white-space:nowrap">104<a name="at-core-cs-religion-104"> </a></td><td>Bulgarisch-Katholische Kirche</td></tr><tr><td style="white-space:nowrap">105<a name="at-core-cs-religion-105"> </a></td><td>Rumänische griechisch-katholische Kirche</td></tr><tr><td style="white-space:nowrap">106<a name="at-core-cs-religion-106"> </a></td><td>Russisch-Katholische Kirche</td></tr><tr><td style="white-space:nowrap">107<a name="at-core-cs-religion-107"> </a></td><td>Syrisch-Katholische Kirche</td></tr><tr><td style="white-space:nowrap">108<a name="at-core-cs-religion-108"> </a></td><td>Ukrainische Griechisch-Katholische Kirche</td></tr><tr><td style="white-space:nowrap">109<a name="at-core-cs-religion-109"> </a></td><td>Katholische Ostkirche (ohne nähere Angabe)</td></tr><tr><td style="white-space:nowrap">111<a name="at-core-cs-religion-111"> </a></td><td>Orthodoxe Kirchen (o.n.A.)</td></tr><tr><td style="white-space:nowrap">112<a name="at-core-cs-religion-112"> </a></td><td>Griechisch-Orthodoxe Kirche (Hl.Dreifaltigkeit)</td></tr><tr><td style="white-space:nowrap">113<a name="at-core-cs-religion-113"> </a></td><td>Griechisch-Orthodoxe Kirche (Hl.Georg)</td></tr><tr><td style="white-space:nowrap">114<a name="at-core-cs-religion-114"> </a></td><td>Bulgarisch-Orthodoxe Kirche</td></tr><tr><td style="white-space:nowrap">115<a name="at-core-cs-religion-115"> </a></td><td>Rumänisch-griechisch-orientalische Kirche</td></tr><tr><td style="white-space:nowrap">116<a name="at-core-cs-religion-116"> </a></td><td>Russisch-Orthodoxe Kirche</td></tr><tr><td style="white-space:nowrap">117<a name="at-core-cs-religion-117"> </a></td><td>Serbisch-griechisch-Orthodoxe Kirche</td></tr><tr><td style="white-space:nowrap">118<a name="at-core-cs-religion-118"> </a></td><td>Ukrainisch-Orthodoxe Kirche</td></tr><tr><td style="white-space:nowrap">120<a name="at-core-cs-religion-120"> </a></td><td>Armenisch-apostolische Kirche</td></tr><tr><td style="white-space:nowrap">121<a name="at-core-cs-religion-121"> </a></td><td>Syrisch-orthodoxe Kirche</td></tr><tr><td style="white-space:nowrap">122<a name="at-core-cs-religion-122"> </a></td><td>Syrisch-orthodoxe Kirche</td></tr><tr><td style="white-space:nowrap">123<a name="at-core-cs-religion-123"> </a></td><td>Koptisch-orthodoxe Kirche</td></tr><tr><td style="white-space:nowrap">124<a name="at-core-cs-religion-124"> </a></td><td>Armenisch-apostolische Kirche</td></tr><tr><td style="white-space:nowrap">125<a name="at-core-cs-religion-125"> </a></td><td>Äthiopisch-Orthodoxe Kirche</td></tr><tr><td style="white-space:nowrap">127<a name="at-core-cs-religion-127"> </a></td><td>Evangelische Kirche (o.n.A.)</td></tr><tr><td style="white-space:nowrap">128<a name="at-core-cs-religion-128"> </a></td><td>Evangelische Kirche A.B.</td></tr><tr><td style="white-space:nowrap">129<a name="at-core-cs-religion-129"> </a></td><td>Evangelische Kirche H.B.</td></tr><tr><td style="white-space:nowrap">131<a name="at-core-cs-religion-131"> </a></td><td>Altkatholische Kirche Österreichs</td></tr><tr><td style="white-space:nowrap">132<a name="at-core-cs-religion-132"> </a></td><td>Anglikanische Kirche</td></tr><tr><td style="white-space:nowrap">133<a name="at-core-cs-religion-133"> </a></td><td>Evangelisch-methodistische Kirche (EmK)</td></tr><tr><td style="white-space:nowrap">135<a name="at-core-cs-religion-135"> </a></td><td>Baptisten</td></tr><tr><td style="white-space:nowrap">136<a name="at-core-cs-religion-136"> </a></td><td>Bund evangelikaler Gemeinden in Österreich</td></tr><tr><td style="white-space:nowrap">137<a name="at-core-cs-religion-137"> </a></td><td>Freie Christengemeinde/Pfingstgemeinde</td></tr><tr><td style="white-space:nowrap">138<a name="at-core-cs-religion-138"> </a></td><td>Mennonitische Freikirche</td></tr><tr><td style="white-space:nowrap">139<a name="at-core-cs-religion-139"> </a></td><td>Kirche der Siebenten-Tags-Adventisten</td></tr><tr><td style="white-space:nowrap">140<a name="at-core-cs-religion-140"> </a></td><td>Christengemeinschaft</td></tr><tr><td style="white-space:nowrap">141<a name="at-core-cs-religion-141"> </a></td><td>Jehovas Zeugen</td></tr><tr><td style="white-space:nowrap">142<a name="at-core-cs-religion-142"> </a></td><td>Neuapostolische Kirche</td></tr><tr><td style="white-space:nowrap">143<a name="at-core-cs-religion-143"> </a></td><td>Mormonen</td></tr><tr><td style="white-space:nowrap">144<a name="at-core-cs-religion-144"> </a></td><td>Sonstige Christliche Gemeinschaften (O.n.A.)</td></tr><tr><td style="white-space:nowrap">145<a name="at-core-cs-religion-145"> </a></td><td>ELAIA Christengemeinden</td></tr><tr><td style="white-space:nowrap">146<a name="at-core-cs-religion-146"> </a></td><td>Pfingstkirche Gemeinde Gottes</td></tr><tr><td style="white-space:nowrap">149<a name="at-core-cs-religion-149"> </a></td><td>Israelitische Religionsgesellschaft</td></tr><tr><td style="white-space:nowrap">150<a name="at-core-cs-religion-150"> </a></td><td>Islamische Glaubensgemeinschaft</td></tr><tr><td style="white-space:nowrap">151<a name="at-core-cs-religion-151"> </a></td><td>Alevitische Religionsgesellschaft</td></tr><tr><td style="white-space:nowrap">152<a name="at-core-cs-religion-152"> </a></td><td>Buddhistische Religionsgesellschaft</td></tr><tr><td style="white-space:nowrap">153<a name="at-core-cs-religion-153"> </a></td><td>Baha` i</td></tr><tr><td style="white-space:nowrap">154<a name="at-core-cs-religion-154"> </a></td><td>Hinduistische Religionsgesellschaft</td></tr><tr><td style="white-space:nowrap">155<a name="at-core-cs-religion-155"> </a></td><td>Sikh</td></tr><tr><td style="white-space:nowrap">156<a name="at-core-cs-religion-156"> </a></td><td>Shintoismus</td></tr><tr><td style="white-space:nowrap">157<a name="at-core-cs-religion-157"> </a></td><td>Vereinigungskirche</td></tr><tr><td style="white-space:nowrap">162<a name="at-core-cs-religion-162"> </a></td><td>Pastafarianismus</td></tr><tr><td style="white-space:nowrap">158<a name="at-core-cs-religion-158"> </a></td><td>Andere religiöse Bekenntnisgemeinschaften</td></tr><tr><td style="white-space:nowrap">160<a name="at-core-cs-religion-160"> </a></td><td>Konfessionslos</td></tr><tr><td style="white-space:nowrap">161<a name="at-core-cs-religion-161"> </a></td><td>Ohne Angabe</td></tr></table></div>
  </text>
  <url value="http://hl7.at/fhir/HL7ATCoreProfiles/4.0.1/CodeSystem/at-core-cs-religion"/>
  <identifier>
    <use value="official"/>
    <system value="urn:ietf:rfc:3986"/>
    <value value="urn:oid:2.16.840.1.113883.2.16.1.4.1"/>
  </identifier>
  <version value="0.3.0"/>
  <name value="HL7ATCoreCSReligion"/>
  <title value="HL7 AT Core Religion Code System"/>
  <status value="active"/>
  <date value="2022-01-20T11:15:25+00:00"/>
  <contact>
    <name value="Technical Committee for FHIR® at HL7® Austria"/>
    <telecom>
      <system value="email"/>
      <value value="mailto:tc-fhir@hl7.at"/>
    </telecom>
  </contact>
  <description value="Code system for the religions and faith communities in Austria. Also accessible on [Termpub - CodeSystem - HL7 AT ReligionAustria](https://termpub.gesundheit.gv.at:443/TermBrowser/gui/main/main.zul?loadType=CodeSystem&amp;loadName=HL7.AT:ReligionAustria)."/>
  <content value="complete"/>
  <concept>
    <code value="100"/>
    <display value="Katholische Kirche (o.n.A.)"/>
    <property>
      <code value="child"/>
      <valueCode value="101"/>
    </property>
    <property>
      <code value="child"/>
      <valueCode value="102"/>
    </property>
    <property>
      <code value="child"/>
      <valueCode value="103"/>
    </property>
    <property>
      <code value="child"/>
      <valueCode value="104"/>
    </property>
    <property>
      <code value="child"/>
      <valueCode value="105"/>
    </property>
    <property>
      <code value="child"/>
      <valueCode value="106"/>
    </property>
    <property>
      <code value="child"/>
      <valueCode value="107"/>
    </property>
    <property>
      <code value="child"/>
      <valueCode value="108"/>
    </property>
    <property>
      <code value="child"/>
      <valueCode value="109"/>
    </property>
  </concept>
  <concept>
    <code value="110"/>
    <display value="Griechisch-Orientalische Kirchen"/>
    <property>
      <code value="child"/>
      <valueCode value="111"/>
    </property>
    <property>
      <code value="child"/>
      <valueCode value="112"/>
    </property>
    <property>
      <code value="child"/>
      <valueCode value="113"/>
    </property>
    <property>
      <code value="child"/>
      <valueCode value="114"/>
    </property>
    <property>
      <code value="child"/>
      <valueCode value="115"/>
    </property>
    <property>
      <code value="child"/>
      <valueCode value="116"/>
    </property>
    <property>
      <code value="child"/>
      <valueCode value="117"/>
    </property>
    <property>
      <code value="child"/>
      <valueCode value="118"/>
    </property>
  </concept>
  <concept>
    <code value="119"/>
    <display value="Orientalisch-Orthodoxe Kirchen"/>
    <property>
      <code value="child"/>
      <valueCode value="120"/>
    </property>
    <property>
      <code value="child"/>
      <valueCode value="121"/>
    </property>
    <property>
      <code value="child"/>
      <valueCode value="122"/>
    </property>
    <property>
      <code value="child"/>
      <valueCode value="123"/>
    </property>
    <property>
      <code value="child"/>
      <valueCode value="124"/>
    </property>
    <property>
      <code value="child"/>
      <valueCode value="125"/>
    </property>
  </concept>
  <concept>
    <code value="126"/>
    <display value="Evangelische Kirchen Österreich"/>
    <property>
      <code value="child"/>
      <valueCode value="127"/>
    </property>
    <property>
      <code value="child"/>
      <valueCode value="128"/>
    </property>
    <property>
      <code value="child"/>
      <valueCode value="129"/>
    </property>
  </concept>
  <concept>
    <code value="130"/>
    <display value="Andere Christliche Kirchen"/>
    <property>
      <code value="child"/>
      <valueCode value="131"/>
    </property>
    <property>
      <code value="child"/>
      <valueCode value="132"/>
    </property>
    <property>
      <code value="child"/>
      <valueCode value="133"/>
    </property>
  </concept>
  <concept>
    <code value="134"/>
    <display value="Sonstige Christliche Gemeinschaften"/>
    <property>
      <code value="child"/>
      <valueCode value="135"/>
    </property>
    <property>
      <code value="child"/>
      <valueCode value="136"/>
    </property>
    <property>
      <code value="child"/>
      <valueCode value="137"/>
    </property>
    <property>
      <code value="child"/>
      <valueCode value="138"/>
    </property>
    <property>
      <code value="child"/>
      <valueCode value="139"/>
    </property>
    <property>
      <code value="child"/>
      <valueCode value="140"/>
    </property>
    <property>
      <code value="child"/>
      <valueCode value="141"/>
    </property>
    <property>
      <code value="child"/>
      <valueCode value="142"/>
    </property>
    <property>
      <code value="child"/>
      <valueCode value="143"/>
    </property>
    <property>
      <code value="child"/>
      <valueCode value="144"/>
    </property>
    <property>
      <code value="child"/>
      <valueCode value="145"/>
    </property>
    <property>
      <code value="child"/>
      <valueCode value="146"/>
    </property>
  </concept>
  <concept>
    <code value="148"/>
    <display value="Nicht-christliche Gemeinschaften"/>
    <property>
      <code value="child"/>
      <valueCode value="149"/>
    </property>
    <property>
      <code value="child"/>
      <valueCode value="150"/>
    </property>
    <property>
      <code value="child"/>
      <valueCode value="151"/>
    </property>
    <property>
      <code value="child"/>
      <valueCode value="152"/>
    </property>
    <property>
      <code value="child"/>
      <valueCode value="153"/>
    </property>
    <property>
      <code value="child"/>
      <valueCode value="154"/>
    </property>
    <property>
      <code value="child"/>
      <valueCode value="155"/>
    </property>
    <property>
      <code value="child"/>
      <valueCode value="156"/>
    </property>
    <property>
      <code value="child"/>
      <valueCode value="157"/>
    </property>
    <property>
      <code value="child"/>
      <valueCode value="162"/>
    </property>
    <property>
      <code value="child"/>
      <valueCode value="158"/>
    </property>
  </concept>
  <concept>
    <code value="159"/>
    <display value="Konfessionslos, ohne Angabe"/>
    <property>
      <code value="child"/>
      <valueCode value="160"/>
    </property>
    <property>
      <code value="child"/>
      <valueCode value="161"/>
    </property>
  </concept>
  <concept>
    <code value="101"/>
    <display value="Römisch-Katholisch"/>
    <property>
      <code value="parent"/>
      <valueCode value="100"/>
    </property>
  </concept>
  <concept>
    <code value="102"/>
    <display value="Griechisch-Katholische Kirche"/>
    <property>
      <code value="parent"/>
      <valueCode value="100"/>
    </property>
  </concept>
  <concept>
    <code value="103"/>
    <display value="Armenisch-Katholische Kirche"/>
    <property>
      <code value="parent"/>
      <valueCode value="100"/>
    </property>
  </concept>
  <concept>
    <code value="104"/>
    <display value="Bulgarisch-Katholische Kirche"/>
    <property>
      <code value="parent"/>
      <valueCode value="100"/>
    </property>
  </concept>
  <concept>
    <code value="105"/>
    <display value="Rumänische griechisch-katholische Kirche"/>
    <property>
      <code value="parent"/>
      <valueCode value="100"/>
    </property>
  </concept>
  <concept>
    <code value="106"/>
    <display value="Russisch-Katholische Kirche"/>
    <property>
      <code value="parent"/>
      <valueCode value="100"/>
    </property>
  </concept>
  <concept>
    <code value="107"/>
    <display value="Syrisch-Katholische Kirche"/>
    <property>
      <code value="parent"/>
      <valueCode value="100"/>
    </property>
  </concept>
  <concept>
    <code value="108"/>
    <display value="Ukrainische Griechisch-Katholische Kirche"/>
    <property>
      <code value="parent"/>
      <valueCode value="100"/>
    </property>
  </concept>
  <concept>
    <code value="109"/>
    <display value="Katholische Ostkirche (ohne nähere Angabe)"/>
    <property>
      <code value="parent"/>
      <valueCode value="100"/>
    </property>
  </concept>
  <concept>
    <code value="111"/>
    <display value="Orthodoxe Kirchen (o.n.A.)"/>
    <property>
      <code value="parent"/>
      <valueCode value="110"/>
    </property>
  </concept>
  <concept>
    <code value="112"/>
    <display value="Griechisch-Orthodoxe Kirche (Hl.Dreifaltigkeit)"/>
    <property>
      <code value="parent"/>
      <valueCode value="110"/>
    </property>
  </concept>
  <concept>
    <code value="113"/>
    <display value="Griechisch-Orthodoxe Kirche (Hl.Georg)"/>
    <property>
      <code value="parent"/>
      <valueCode value="110"/>
    </property>
  </concept>
  <concept>
    <code value="114"/>
    <display value="Bulgarisch-Orthodoxe Kirche"/>
    <property>
      <code value="parent"/>
      <valueCode value="110"/>
    </property>
  </concept>
  <concept>
    <code value="115"/>
    <display value="Rumänisch-griechisch-orientalische Kirche"/>
    <property>
      <code value="parent"/>
      <valueCode value="110"/>
    </property>
  </concept>
  <concept>
    <code value="116"/>
    <display value="Russisch-Orthodoxe Kirche"/>
    <property>
      <code value="parent"/>
      <valueCode value="110"/>
    </property>
  </concept>
  <concept>
    <code value="117"/>
    <display value="Serbisch-griechisch-Orthodoxe Kirche"/>
    <property>
      <code value="parent"/>
      <valueCode value="110"/>
    </property>
  </concept>
  <concept>
    <code value="118"/>
    <display value="Ukrainisch-Orthodoxe Kirche"/>
    <property>
      <code value="parent"/>
      <valueCode value="110"/>
    </property>
  </concept>
  <concept>
    <code value="120"/>
    <display value="Armenisch-apostolische Kirche"/>
    <property>
      <code value="parent"/>
      <valueCode value="119"/>
    </property>
  </concept>
  <concept>
    <code value="121"/>
    <display value="Syrisch-orthodoxe Kirche"/>
    <property>
      <code value="parent"/>
      <valueCode value="119"/>
    </property>
  </concept>
  <concept>
    <code value="122"/>
    <display value="Syrisch-orthodoxe Kirche"/>
    <property>
      <code value="parent"/>
      <valueCode value="119"/>
    </property>
  </concept>
  <concept>
    <code value="123"/>
    <display value="Koptisch-orthodoxe Kirche"/>
    <property>
      <code value="parent"/>
      <valueCode value="119"/>
    </property>
  </concept>
  <concept>
    <code value="124"/>
    <display value="Armenisch-apostolische Kirche"/>
    <property>
      <code value="parent"/>
      <valueCode value="119"/>
    </property>
  </concept>
  <concept>
    <code value="125"/>
    <display value="Äthiopisch-Orthodoxe Kirche"/>
    <property>
      <code value="parent"/>
      <valueCode value="119"/>
    </property>
  </concept>
  <concept>
    <code value="127"/>
    <display value="Evangelische Kirche (o.n.A.)"/>
    <property>
      <code value="parent"/>
      <valueCode value="126"/>
    </property>
  </concept>
  <concept>
    <code value="128"/>
    <display value="Evangelische Kirche A.B."/>
    <property>
      <code value="parent"/>
      <valueCode value="126"/>
    </property>
  </concept>
  <concept>
    <code value="129"/>
    <display value="Evangelische Kirche H.B."/>
    <property>
      <code value="parent"/>
      <valueCode value="126"/>
    </property>
  </concept>
  <concept>
    <code value="131"/>
    <display value="Altkatholische Kirche Österreichs"/>
    <property>
      <code value="parent"/>
      <valueCode value="130"/>
    </property>
  </concept>
  <concept>
    <code value="132"/>
    <display value="Anglikanische Kirche"/>
    <property>
      <code value="parent"/>
      <valueCode value="130"/>
    </property>
  </concept>
  <concept>
    <code value="133"/>
    <display value="Evangelisch-methodistische Kirche (EmK)"/>
    <property>
      <code value="parent"/>
      <valueCode value="130"/>
    </property>
  </concept>
  <concept>
    <code value="135"/>
    <display value="Baptisten"/>
    <property>
      <code value="parent"/>
      <valueCode value="134"/>
    </property>
  </concept>
  <concept>
    <code value="136"/>
    <display value="Bund evangelikaler Gemeinden in Österreich"/>
    <property>
      <code value="parent"/>
      <valueCode value="134"/>
    </property>
  </concept>
  <concept>
    <code value="137"/>
    <display value="Freie Christengemeinde/Pfingstgemeinde"/>
    <property>
      <code value="parent"/>
      <valueCode value="134"/>
    </property>
  </concept>
  <concept>
    <code value="138"/>
    <display value="Mennonitische Freikirche"/>
    <property>
      <code value="parent"/>
      <valueCode value="134"/>
    </property>
  </concept>
  <concept>
    <code value="139"/>
    <display value="Kirche der Siebenten-Tags-Adventisten"/>
    <property>
      <code value="parent"/>
      <valueCode value="134"/>
    </property>
  </concept>
  <concept>
    <code value="140"/>
    <display value="Christengemeinschaft"/>
    <property>
      <code value="parent"/>
      <valueCode value="134"/>
    </property>
  </concept>
  <concept>
    <code value="141"/>
    <display value="Jehovas Zeugen"/>
    <property>
      <code value="parent"/>
      <valueCode value="134"/>
    </property>
  </concept>
  <concept>
    <code value="142"/>
    <display value="Neuapostolische Kirche"/>
    <property>
      <code value="parent"/>
      <valueCode value="134"/>
    </property>
  </concept>
  <concept>
    <code value="143"/>
    <display value="Mormonen"/>
    <property>
      <code value="parent"/>
      <valueCode value="134"/>
    </property>
  </concept>
  <concept>
    <code value="144"/>
    <display value="Sonstige Christliche Gemeinschaften (O.n.A.)"/>
    <property>
      <code value="parent"/>
      <valueCode value="134"/>
    </property>
  </concept>
  <concept>
    <code value="145"/>
    <display value="ELAIA Christengemeinden"/>
    <property>
      <code value="parent"/>
      <valueCode value="134"/>
    </property>
  </concept>
  <concept>
    <code value="146"/>
    <display value="Pfingstkirche Gemeinde Gottes"/>
    <property>
      <code value="parent"/>
      <valueCode value="134"/>
    </property>
  </concept>
  <concept>
    <code value="149"/>
    <display value="Israelitische Religionsgesellschaft"/>
    <property>
      <code value="parent"/>
      <valueCode value="148"/>
    </property>
  </concept>
  <concept>
    <code value="150"/>
    <display value="Islamische Glaubensgemeinschaft"/>
    <property>
      <code value="parent"/>
      <valueCode value="148"/>
    </property>
  </concept>
  <concept>
    <code value="151"/>
    <display value="Alevitische Religionsgesellschaft"/>
    <property>
      <code value="parent"/>
      <valueCode value="148"/>
    </property>
  </concept>
  <concept>
    <code value="152"/>
    <display value="Buddhistische Religionsgesellschaft"/>
    <property>
      <code value="parent"/>
      <valueCode value="148"/>
    </property>
  </concept>
  <concept>
    <code value="153"/>
    <display value="Baha` i"/>
    <property>
      <code value="parent"/>
      <valueCode value="148"/>
    </property>
  </concept>
  <concept>
    <code value="154"/>
    <display value="Hinduistische Religionsgesellschaft"/>
    <property>
      <code value="parent"/>
      <valueCode value="148"/>
    </property>
  </concept>
  <concept>
    <code value="155"/>
    <display value="Sikh"/>
    <property>
      <code value="parent"/>
      <valueCode value="148"/>
    </property>
  </concept>
  <concept>
    <code value="156"/>
    <display value="Shintoismus"/>
    <property>
      <code value="parent"/>
      <valueCode value="148"/>
    </property>
  </concept>
  <concept>
    <code value="157"/>
    <display value="Vereinigungskirche"/>
    <property>
      <code value="parent"/>
      <valueCode value="148"/>
    </property>
  </concept>
  <concept>
    <code value="162"/>
    <display value="Pastafarianismus"/>
    <property>
      <code value="parent"/>
      <valueCode value="148"/>
    </property>
  </concept>
  <concept>
    <code value="158"/>
    <display value="Andere religiöse Bekenntnisgemeinschaften"/>
    <property>
      <code value="parent"/>
      <valueCode value="148"/>
    </property>
  </concept>
  <concept>
    <code value="160"/>
    <display value="Konfessionslos"/>
    <property>
      <code value="parent"/>
      <valueCode value="159"/>
    </property>
  </concept>
  <concept>
    <code value="161"/>
    <display value="Ohne Angabe"/>
    <property>
      <code value="parent"/>
      <valueCode value="159"/>
    </property>
  </concept>
</CodeSystem>