<?xml version="1.0" encoding="UTF-8"?>

<Organization xmlns="http://hl7.org/fhir">
  <id value="Organization-example-f001-burgers"/>
  <text>
    <status value="generated"/><div xmlns="http://www.w3.org/1999/xhtml"><p><b>Generated Narrative: Organization</b><a name="Organization-example-f001-burgers"> </a></p><div style="display: inline-block; background-color: #d9e0e7; padding: 6px; margin: 4px; border: 1px solid #8da1b4; border-radius: 5px; line-height: 60%"><p style="margin-bottom: 0px">Resource Organization &quot;Organization-example-f001-burgers&quot; </p></div><p><b>identifier</b>: <code>urn:oid:2.16.528.1</code>/91654 (use: OFFICIAL), <code>urn:oid:2.16.840.1.113883.2.4.6.1</code>/17-0112278 (use: USUAL)</p><p><b>type</b>: University Medical Hospital <span style="background: LightGoldenRodYellow; margin: 4px; border: 1px solid khaki"> (unknown#V6)</span>, Healthcare Provider <span style="background: LightGoldenRodYellow; margin: 4px; border: 1px solid khaki"> (<a href="http://terminology.hl7.org/5.3.0/CodeSystem-organization-type.html">Organization type</a>#prov)</span></p><p><b>name</b>: Burgers University Medical Center</p><p><b>telecom</b>: ph: 022-655 2300(WORK)</p><p><b>address</b>: </p><ul><li>Galapagosweg 91 Den Burg 9105 PZ NLD (WORK)</li><li>PO Box 2311 Den Burg 9100 AA NLD (WORK)</li></ul><blockquote><p><b>contact</b></p><p><b>purpose</b>: Press <span style="background: LightGoldenRodYellow; margin: 4px; border: 1px solid khaki"> (<a href="http://terminology.hl7.org/5.3.0/CodeSystem-contactentity-type.html">Contact entity type</a>#PRESS)</span></p><p><b>telecom</b>: ph: 022-655 2334</p></blockquote><blockquote><p><b>contact</b></p><p><b>purpose</b>: Patient <span style="background: LightGoldenRodYellow; margin: 4px; border: 1px solid khaki"> (<a href="http://terminology.hl7.org/5.3.0/CodeSystem-contactentity-type.html">Contact entity type</a>#PATINF)</span></p><p><b>telecom</b>: ph: 022-655 2335</p></blockquote></div>
  </text>
  <identifier>
    <use value="official"/>
    <system value="urn:oid:2.16.528.1"/>
    <value value="91654"/>
  </identifier>
  <identifier>
    <use value="usual"/>
    <system value="urn:oid:2.16.840.1.113883.2.4.6.1"/>
    <value value="17-0112278"/>
  </identifier>
  <type>
    <coding>
      <system value="urn:oid:2.16.840.1.113883.2.4.15.1060"/>
      <code value="V6"/>
      <display value="University Medical Hospital"/>
    </coding>
  </type>
  <type>
    <coding>
      <system value="http://terminology.hl7.org/CodeSystem/organization-type"/>
      <code value="prov"/>
      <display value="Healthcare Provider"/>
    </coding>
  </type>
  <name value="Burgers University Medical Center"/>
  <telecom>
    <system value="phone"/>
    <value value="022-655 2300"/>
    <use value="work"/>
  </telecom>
  <address>
    <use value="work"/>
    <line value="Galapagosweg 91"/>
    <city value="Den Burg"/>
    <postalCode value="9105 PZ"/>
    <country value="NLD"/>
  </address>
  <address>
    <use value="work"/>
    <line value="PO Box 2311"/>
    <city value="Den Burg"/>
    <postalCode value="9100 AA"/>
    <country value="NLD"/>
  </address>
  <contact>
    <purpose>
      <coding>
        <system value="http://terminology.hl7.org/CodeSystem/contactentity-type"/>
        <code value="PRESS"/>
      </coding>
    </purpose>
    <telecom>
      <system value="phone"/>
      <value value="022-655 2334"/>
    </telecom>
  </contact>
  <contact>
    <purpose>
      <coding>
        <system value="http://terminology.hl7.org/CodeSystem/contactentity-type"/>
        <code value="PATINF"/>
      </coding>
    </purpose>
    <telecom>
      <system value="phone"/>
      <value value="022-655 2335"/>
    </telecom>
  </contact>
</Organization>