{
  "resourceType" : "Patient",
  "id" : "HL7ATCorePatientExample04-Full",
  "meta" : {
    "profile" : ["http://hl7.at/fhir/HL7ATCoreProfiles/4.0.1/StructureDefinition/at-core-patient"]
  },
  "text" : {
    "status" : "generated",
    "div" : "<div xmlns=\"http://www.w3.org/1999/xhtml\"><p class=\"res-header-id\"><b>Generated Narrative: Patient HL7ATCorePatientExample04-Full</b></p><a name=\"HL7ATCorePatientExample04-Full\"> </a><a name=\"hcHL7ATCorePatientExample04-Full\"> </a><a name=\"HL7ATCorePatientExample04-Full-en-US\"> </a><p style=\"border: 1px #661aff solid; background-color: #e6e6ff; padding: 10px;\">Andreas Bucher  Male, DoB: 1961-12-24 ( Patient internal identifier: 0815\u00a0(use:\u00a0official,\u00a0))</p><hr/><table class=\"grid\"><tr><td style=\"background-color: #f3f5da\" title=\"Record is active\">Active:</td><td>true</td><td style=\"background-color: #f3f5da\" title=\"Known status of Patient\">Deceased:</td><td>false</td></tr><tr><td style=\"background-color: #f3f5da\" title=\"Known Marital status of Patient\">Marital Status:</td><td><span title=\"Codes:{http://terminology.hl7.org/CodeSystem/v3-MaritalStatus M}\">Married</span></td><td style=\"background-color: #f3f5da\" title=\"Known multipleBirth status of Patient\">Multiple Birth:</td><td colspan=\"3\">false</td></tr><tr><td style=\"background-color: #f3f5da\" title=\"Other Ids (see the one above)\">Other Ids:</td><td colspan=\"3\"><ul><li>Social Security number/1111241261\u00a0(use:\u00a0official,\u00a0)</li><li>National unique individual identifier/GH:oeLdSEb0l+8kSdJWjOYyYmnYki0\u00a0(use:\u00a0official,\u00a0)</li></ul></td></tr><tr><td style=\"background-color: #f3f5da\" title=\"Ways to contact the Patient\">Contact Detail</td><td colspan=\"3\"><ul><li><a href=\"tel:+43.2682.40400\">+43.2682.40400</a></li><li><a href=\"tel:+43.664.1234567\">+43.664.1234567</a></li><li><a href=\"mailto:bucher.andreas@provider.at\">bucher.andreas@provider.at</a></li><li>Landstrasse 5 Stock 3 Tür 5 Wien Wien 1030 AUT (home)</li></ul></td></tr><tr><td style=\"background-color: #f3f5da\" title=\"Language spoken\">Language:</td><td colspan=\"3\"><span title=\"Codes:{urn:ietf:bcp:47 de}\">German</span> (preferred)</td></tr><tr><td style=\"background-color: #f3f5da\" title=\"Nominated Contact: Emergency Contact\">Emergency Contact:</td><td colspan=\"3\"><ul><li>Julia Tochter  (Female)</li><li>Heimstrasse 1 Wien 1220 AUT </li><li><a href=\"tel:+43.664.12345678\">+43.664.12345678</a></li><li>Organization:<a href=\"Organization-HL7ATCoreOrganizationExample01.html\">Organization Amadeus Spital</a></li><li>Valid Period:2016-07-30 08:30:00+0100 --&gt; 2019-07-30 08:35:00+0100</li></ul></td></tr><tr><td style=\"background-color: #f3f5da\" title=\"Patient Links\">Links:</td><td colspan=\"3\"><ul><li>General Practitioner: <a href=\"Practitioner-HL7ATCorePractitionerExample01.html\">Practitioner Melanie Musterärztin </a></li><li>Managing Organization: <a href=\"Organization-HL7ATCoreOrganizationExample01.html\">Organization Amadeus Spital</a></li><li>Also see: <a href=\"Patient-HL7ATCorePatientExample03-deceasedBoolean.html\">Muster Andreas Bucher  Male, DoB: 1990-12-24 ( Social Security number: 1111241261\u00a0(use:\u00a0usual,\u00a0))</a></li></ul></td></tr><tr><td style=\"background-color: #f3f5da\" title=\"HL7® Austria FHIR® Core Extension for the religion (registered in Austria) of a patient.\r\nThe extension is used to encode the religious confession of a patient (only confessions registered in Austria). Furthermore, it uses the official [HL7 AT CodeSystem](https://termpub.gesundheit.gv.at:443/TermBrowser/gui/main/main.zul?loadType=CodeSystem&amp;loadName=HL7 AT ReligionAustria) for religion and is therefore aligned with the ELGA ValueSet, respectively.\">Patient Religion:</td><td colspan=\"3\"><ul><li>code: <span title=\"Codes:{https://termgit.elga.gv.at/CodeSystem/hl7-at-religionaustria 101}\">Römisch-Katholisch</span></li></ul></td></tr><tr><td style=\"background-color: #f3f5da\" title=\"The patient's legal status as citizen of a country.\">Patient Citizenship:</td><td colspan=\"3\"><ul><li>code: <span title=\"Codes:{https://termgit.elga.gv.at/CodeSystem/iso-3166-1-alpha-3 AUT}\">Österreich</span></li><li>period: 2016-07-30 08:30:00+0100 --&gt; 2022-07-30 08:35:00+0100</li></ul></td></tr></table></div>"
  },
  "extension" : [{
    "extension" : [{
      "url" : "code",
      "valueCodeableConcept" : {
        "coding" : [{
          "system" : "https://termgit.elga.gv.at/CodeSystem/hl7-at-religionaustria",
          "code" : "101",
          "display" : "Römisch-Katholisch"
        }]
      }
    }],
    "url" : "http://hl7.at/fhir/HL7ATCoreProfiles/4.0.1/StructureDefinition/at-core-ext-patient-religion"
  },
  {
    "extension" : [{
      "url" : "code",
      "valueCodeableConcept" : {
        "coding" : [{
          "system" : "https://termgit.elga.gv.at/CodeSystem/iso-3166-1-alpha-3",
          "code" : "AUT",
          "display" : "Österreich"
        }]
      }
    },
    {
      "url" : "period",
      "valuePeriod" : {
        "start" : "2016-07-30T08:30:00+01:00",
        "end" : "2022-07-30T08:35:00+01:00"
      }
    }],
    "url" : "http://hl7.org/fhir/StructureDefinition/patient-citizenship"
  }],
  "identifier" : [{
    "use" : "official",
    "type" : {
      "coding" : [{
        "system" : "http://terminology.hl7.org/CodeSystem/v2-0203",
        "code" : "SS",
        "display" : "Social Security number"
      }]
    },
    "system" : "urn:oid:1.2.40.0.10.1.4.3.1",
    "value" : "1111241261",
    "assigner" : {
      "display" : "Dachverband der österreichischen Sozialversicherungsträger"
    }
  },
  {
    "use" : "official",
    "type" : {
      "coding" : [{
        "system" : "http://terminology.hl7.org/CodeSystem/v2-0203",
        "code" : "NI",
        "display" : "National unique individual identifier"
      }]
    },
    "system" : "urn:oid:1.2.40.0.10.2.1.1.149",
    "value" : "GH:oeLdSEb0l+8kSdJWjOYyYmnYki0",
    "assigner" : {
      "display" : "Bundesministerium für Inneres"
    }
  },
  {
    "use" : "official",
    "type" : {
      "coding" : [{
        "system" : "http://terminology.hl7.org/CodeSystem/v2-0203",
        "code" : "PI",
        "display" : "Patient internal identifier"
      }]
    },
    "system" : "urn:oid:1.2.3.4.5",
    "value" : "0815",
    "assigner" : {
      "display" : "Ein GDA in Österreich"
    }
  }],
  "active" : true,
  "name" : [{
    "family" : "Bucher",
    "given" : ["Andreas"],
    "prefix" : ["Dipl.Ing.",
    "Dr."]
  }],
  "telecom" : [{
    "system" : "phone",
    "value" : "+43.2682.40400",
    "use" : "home"
  },
  {
    "system" : "phone",
    "value" : "+43.664.1234567",
    "use" : "mobile"
  },
  {
    "system" : "email",
    "value" : "bucher.andreas@provider.at"
  }],
  "gender" : "male",
  "birthDate" : "1961-12-24",
  "deceasedBoolean" : false,
  "address" : [{
    "use" : "home",
    "type" : "both",
    "line" : ["Landstrasse 5 Stock 3 Tür 5"],
    "_line" : [{
      "extension" : [{
        "url" : "http://hl7.org/fhir/StructureDefinition/iso21090-ADXP-streetName",
        "valueString" : "Landstrasse"
      },
      {
        "url" : "http://hl7.org/fhir/StructureDefinition/iso21090-ADXP-houseNumber",
        "valueString" : "5"
      },
      {
        "url" : "http://hl7.org/fhir/StructureDefinition/iso21090-ADXP-additionalLocator",
        "valueString" : "Stock 3 Tür 5"
      },
      {
        "url" : "http://hl7.at/fhir/HL7ATCoreProfiles/4.0.1/StructureDefinition/at-core-ext-address-additionalInformation",
        "valueString" : "Lift vorhanden"
      }]
    }],
    "city" : "Wien",
    "state" : "Wien",
    "postalCode" : "1030",
    "country" : "AUT"
  }],
  "maritalStatus" : {
    "coding" : [{
      "system" : "http://terminology.hl7.org/CodeSystem/v3-MaritalStatus",
      "code" : "M",
      "display" : "Married"
    }]
  },
  "multipleBirthBoolean" : false,
  "photo" : [{
    "contentType" : "image/jpeg",
    "url" : "https://image.k.at/images/facebook/3923126/78350011451694692_BLD_Online.jpg"
  }],
  "contact" : [{
    "relationship" : [{
      "coding" : [{
        "system" : "http://terminology.hl7.org/CodeSystem/v2-0131",
        "code" : "C",
        "display" : "Emergency Contact"
      }]
    }],
    "name" : {
      "family" : "Tochter",
      "given" : ["Julia"]
    },
    "telecom" : [{
      "system" : "phone",
      "value" : "+43.664.12345678",
      "use" : "mobile"
    }],
    "address" : {
      "line" : ["Heimstrasse 1"],
      "city" : "Wien",
      "postalCode" : "1220",
      "country" : "AUT"
    },
    "gender" : "female",
    "organization" : {
      "reference" : "Organization/HL7ATCoreOrganizationExample01"
    },
    "period" : {
      "start" : "2016-07-30T08:30:00+01:00",
      "end" : "2019-07-30T08:35:00+01:00"
    }
  }],
  "communication" : [{
    "language" : {
      "coding" : [{
        "system" : "urn:ietf:bcp:47",
        "code" : "de"
      }]
    },
    "preferred" : true
  }],
  "generalPractitioner" : [{
    "reference" : "Practitioner/HL7ATCorePractitionerExample01"
  }],
  "managingOrganization" : {
    "reference" : "Organization/HL7ATCoreOrganizationExample01"
  },
  "link" : [{
    "other" : {
      "reference" : "Patient/HL7ATCorePatientExample03-deceasedBoolean"
    },
    "type" : "seealso"
  }]
}