{"resourceType":"CodeSystem","id":"220000000000","text":{"status":"generated","div":"<div xmlns=\"http://www.w3.org/1999/xhtml\"><p>This case-sensitive code system <code>https://spor.ema.europa.eu/v1/lists/220000000000</code> defines the following codes:</p><table class=\"codes\"><tr><td style=\"white-space:nowrap\"><b>Code</b></td><td><b>Display</b></td></tr><tr><td style=\"white-space:nowrap\">220000000001<a name=\"220000000000-220000000001\"> </a></td><td>Full name</td></tr><tr><td style=\"white-space:nowrap\">220000000002<a name=\"220000000000-220000000002\"> </a></td><td>Invented name part</td></tr><tr><td style=\"white-space:nowrap\">220000000003<a name=\"220000000000-220000000003\"> </a></td><td>Scientific name part</td></tr><tr><td style=\"white-space:nowrap\">220000000004<a name=\"220000000000-220000000004\"> </a></td><td>Strength part</td></tr><tr><td style=\"white-space:nowrap\">220000000005<a name=\"220000000000-220000000005\"> </a></td><td>Pharmaceutical dose form part</td></tr><tr><td style=\"white-space:nowrap\">220000000006<a name=\"220000000000-220000000006\"> </a></td><td>Formulation part</td></tr><tr><td style=\"white-space:nowrap\">220000000007<a name=\"220000000000-220000000007\"> </a></td><td>Intended use part</td></tr><tr><td style=\"white-space:nowrap\">220000000008<a name=\"220000000000-220000000008\"> </a></td><td>Target population part</td></tr><tr><td style=\"white-space:nowrap\">220000000009<a name=\"220000000000-220000000009\"> </a></td><td>Container or pack part</td></tr><tr><td style=\"white-space:nowrap\">220000000010<a name=\"220000000000-220000000010\"> </a></td><td>Device part</td></tr><tr><td style=\"white-space:nowrap\">220000000011<a name=\"220000000000-220000000011\"> </a></td><td>Trademark or company name part</td></tr><tr><td style=\"white-space:nowrap\">220000000012<a name=\"220000000000-220000000012\"> </a></td><td>Time/Period part</td></tr><tr><td style=\"white-space:nowrap\">220000000013<a name=\"220000000000-220000000013\"> </a></td><td>Flavour part</td></tr><tr><td style=\"white-space:nowrap\">220000000014<a name=\"220000000000-220000000014\"> </a></td><td>Delimiter part</td></tr><tr><td style=\"white-space:nowrap\">220000000015<a name=\"220000000000-220000000015\"> </a></td><td>Legacy name</td></tr><tr><td style=\"white-space:nowrap\">220000000016<a name=\"220000000000-220000000016\"> </a></td><td>Target species name part</td></tr></table></div>"},"url":"https://spor.ema.europa.eu/v1/lists/220000000000","version":"0.1.0","name":"MedicinalProductNamePartTypeCs","title":"Medicinal Product Name Part Type","status":"active","experimental":false,"date":"2024-05-24T10:07:38+00:00","publisher":"AGES","contact":[{"name":"AGES","telecom":[{"system":"url","value":"https://www.ages.at/"}]}],"description":"Medicinal Product Name Part Type","jurisdiction":[{"text":"European Union"}],"caseSensitive":true,"content":"complete","count":16,"concept":[{"code":"220000000001","display":"Full name"},{"code":"220000000002","display":"Invented name part"},{"code":"220000000003","display":"Scientific name part"},{"code":"220000000004","display":"Strength part"},{"code":"220000000005","display":"Pharmaceutical dose form part"},{"code":"220000000006","display":"Formulation part"},{"code":"220000000007","display":"Intended use part"},{"code":"220000000008","display":"Target population part"},{"code":"220000000009","display":"Container or pack part"},{"code":"220000000010","display":"Device part"},{"code":"220000000011","display":"Trademark or company name part"},{"code":"220000000012","display":"Time/Period part"},{"code":"220000000013","display":"Flavour part"},{"code":"220000000014","display":"Delimiter part"},{"code":"220000000015","display":"Legacy name"},{"code":"220000000016","display":"Target species name part"}]}