{"resourceType":"CodeSystem","id":"100000000008","text":{"status":"generated","div":"<div xmlns=\"http://www.w3.org/1999/xhtml\"><p>This case-sensitive code system <code>https://spor.ema.europa.eu/v1/lists/100000000008</code> defines the following codes:</p><table class=\"codes\"><tr><td style=\"white-space:nowrap\"><b>Code</b></td><td><b>Display</b></td></tr><tr><td style=\"white-space:nowrap\">100000000049<a name=\"100000000008-100000000049\"> </a></td><td>equal to</td></tr><tr><td style=\"white-space:nowrap\">100000000050<a name=\"100000000008-100000000050\"> </a></td><td>less than</td></tr><tr><td style=\"white-space:nowrap\">100000000051<a name=\"100000000008-100000000051\"> </a></td><td>more than</td></tr><tr><td style=\"white-space:nowrap\">100000000052<a name=\"100000000008-100000000052\"> </a></td><td>less than or equal to</td></tr><tr><td style=\"white-space:nowrap\">100000000053<a name=\"100000000008-100000000053\"> </a></td><td>more than or equal to</td></tr><tr><td style=\"white-space:nowrap\">100000000054<a name=\"100000000008-100000000054\"> </a></td><td>equivalent to</td></tr><tr><td style=\"white-space:nowrap\">100000000055<a name=\"100000000008-100000000055\"> </a></td><td>approximately equal to</td></tr><tr><td style=\"white-space:nowrap\">100000000056<a name=\"100000000008-100000000056\"> </a></td><td>range</td></tr><tr><td style=\"white-space:nowrap\">200000024024<a name=\"100000000008-200000024024\"> </a></td><td>average</td></tr></table></div>"},"url":"https://spor.ema.europa.eu/v1/lists/100000000008","version":"0.1.0","name":"QuantityOperatorCs","title":"Quantity Operator","status":"active","experimental":false,"date":"2024-05-23T06:53:44+00:00","publisher":"AGES","contact":[{"name":"AGES","telecom":[{"system":"url","value":"https://www.ages.at/"}]}],"description":"Quantity Operator","jurisdiction":[{"text":"European Union"}],"caseSensitive":true,"content":"complete","count":9,"concept":[{"code":"100000000049","display":"equal to"},{"code":"100000000050","display":"less than"},{"code":"100000000051","display":"more than"},{"code":"100000000052","display":"less than or equal to"},{"code":"100000000053","display":"more than or equal to"},{"code":"100000000054","display":"equivalent to"},{"code":"100000000055","display":"approximately equal to"},{"code":"100000000056","display":"range"},{"code":"200000024024","display":"average"}]}