{"resourceType":"ImplementationGuide","id":"hl7.at.fhir.ages.medicinalproduct.r5","text":{"status":"extensions","div":"<div xmlns=\"http://www.w3.org/1999/xhtml\"><h2>AGESMedicinalProductR5</h2><p>The official URL for this implementation guide is: </p><pre>https://www.ages.at/fhir/medicinalproduct/ImplementationGuide/hl7.at.fhir.ages.medicinalproduct.r5</pre></div>"},"url":"https://www.ages.at/fhir/medicinalproduct/ImplementationGuide/hl7.at.fhir.ages.medicinalproduct.r5","version":"0.1.0","name":"AGESMedicinalProductR5","status":"draft","date":"2024-05-27T07:50:10+00:00","publisher":"AGES","contact":[{"name":"AGES","telecom":[{"system":"url","value":"https://www.ages.at/"}]}],"packageId":"hl7.at.fhir.ages.medicinalproduct.r5","license":"CC0-1.0","fhirVersion":["5.0.0"],"dependsOn":[{"id":"hl7tx","extension":[{"url":"http://hl7.org/fhir/tools/StructureDefinition/implementationguide-dependency-comment","valueMarkdown":"Automatically added as a dependency - all IGs depend on HL7 Terminology"}],"uri":"http://terminology.hl7.org/ImplementationGuide/hl7.terminology","packageId":"hl7.terminology.r5","version":"5.5.0"},{"id":"hl7ext","extension":[{"url":"http://hl7.org/fhir/tools/StructureDefinition/implementationguide-dependency-comment","valueMarkdown":"Automatically added as a dependency - all IGs depend on the HL7 Extension Pack"}],"uri":"http://hl7.org/fhir/extensions/ImplementationGuide/hl7.fhir.uv.extensions","packageId":"hl7.fhir.uv.extensions.r5","version":"5.1.0"}],"definition":{"extension":[{"url":"http://hl7.org/fhir/tools/StructureDefinition/ig-internal-dependency","valueCode":"hl7.fhir.uv.tools#0.1.0"}],"grouping":[{"id":"-str-profile","name":"Structures: Resource Profiles","description":"These define constraints on FHIR resources for systems conforming to this implementation guide."},{"id":"-str-datatype","name":"Structures: Data Type Profiles","description":"These define constraints on FHIR data types for systems conforming to this implementation guide."},{"id":"-str-extension","name":"Structures: Extension Definitions","description":"These define constraints on FHIR data types for systems conforming to this implementation guide."},{"id":"-term-valueset","name":"Terminology: Value Sets","description":"These define sets of codes used by systems conforming to this implementation guide."},{"id":"-term-codesystem","name":"Terminology: Code Systems","description":"These define new code systems used by systems conforming to this implementation guide."},{"id":"-map-conceptmap","name":"Terminology: Concept Maps","description":"These define transformations to convert between codes by systems conforming with this implementation guide."}],"resource":[{"extension":[{"url":"http://hl7.org/fhir/tools/StructureDefinition/resource-sort","valueInteger":999999999},{"url":"http://hl7.org/fhir/StructureDefinition/implementationguide-page","valueUri":"StructureDefinition-at-medprod-administrableProductDefinition.html"}],"reference":{"reference":"StructureDefinition/at-medprod-administrableProductDefinition"},"name":"Administrable product definition","description":"Required for the attribute Route of Administration","isExample":false,"groupingId":"-str-profile"},{"extension":[{"url":"http://hl7.org/fhir/tools/StructureDefinition/resource-sort","valueInteger":999999999},{"url":"http://hl7.org/fhir/StructureDefinition/implementationguide-page","valueUri":"StructureDefinition-at-medprod-ingredient.html"}],"reference":{"reference":"StructureDefinition/at-medprod-ingredient"},"name":"Ingredient","description":"Defines the strength and composition parts of a medicinal product","isExample":false,"groupingId":"-str-profile"},{"extension":[{"url":"http://hl7.org/fhir/tools/StructureDefinition/resource-sort","valueInteger":999999999},{"url":"http://hl7.org/fhir/StructureDefinition/implementationguide-page","valueUri":"StructureDefinition-at-medprod-manufacturedItemDefinition.html"}],"reference":{"reference":"StructureDefinition/at-medprod-manufacturedItemDefinition"},"name":"Manufactured item definition","description":"Manufactured Items are required to maintain the link between Ingredient and Packaged Medicinal Product","isExample":false,"groupingId":"-str-profile"},{"extension":[{"url":"http://hl7.org/fhir/tools/StructureDefinition/resource-sort","valueInteger":999999999},{"url":"http://hl7.org/fhir/StructureDefinition/implementationguide-page","valueUri":"StructureDefinition-at-medprod-marketingRegulatedAuthorization.html"}],"reference":{"reference":"StructureDefinition/at-medprod-marketingRegulatedAuthorization"},"name":"Marketing Regulated Authorization","description":"Contains the authorisation information of a medicinal product","isExample":false,"groupingId":"-str-profile"},{"extension":[{"url":"http://hl7.org/fhir/tools/StructureDefinition/resource-sort","valueInteger":999999999},{"url":"http://hl7.org/fhir/StructureDefinition/implementationguide-page","valueUri":"StructureDefinition-at-medprod-medicinalProductDefinition.html"}],"reference":{"reference":"StructureDefinition/at-medprod-medicinalProductDefinition"},"name":"Medicinal Product Definition","description":"Medicinal Product Definition profiled resource containing a subset of attributes needed for the Austrian eHealth Community","isExample":false,"groupingId":"-str-profile"},{"extension":[{"url":"http://hl7.org/fhir/tools/StructureDefinition/resource-sort","valueInteger":999999999},{"url":"http://hl7.org/fhir/StructureDefinition/implementationguide-page","valueUri":"StructureDefinition-at-medprod-packagedProductDefinition.html"}],"reference":{"reference":"StructureDefinition/at-medprod-packagedProductDefinition"},"name":"Packaged product definition","description":"Defines the package information of a medicinal product","isExample":false,"groupingId":"-str-profile"},{"extension":[{"url":"http://hl7.org/fhir/tools/StructureDefinition/resource-sort","valueInteger":999999999},{"url":"http://hl7.org/fhir/StructureDefinition/implementationguide-page","valueUri":"StructureDefinition-at-medprod-coding.html"}],"reference":{"reference":"StructureDefinition/at-medprod-coding"},"name":"Coding","description":"Profiled coding for Austrian medicinal product definitions","isExample":false,"groupingId":"-str-datatype"},{"extension":[{"url":"http://hl7.org/fhir/tools/StructureDefinition/resource-sort","valueInteger":999999999},{"url":"http://hl7.org/fhir/StructureDefinition/implementationguide-page","valueUri":"StructureDefinition-at-medprod-codeableconcept.html"}],"reference":{"reference":"StructureDefinition/at-medprod-codeableconcept"},"name":"Generic ReferentialTerm CodeableConcept","description":"Generic ReferentialTerm CodeableConcept","isExample":false,"groupingId":"-str-datatype"},{"extension":[{"url":"http://hl7.org/fhir/tools/StructureDefinition/resource-sort","valueInteger":999999999},{"url":"http://hl7.org/fhir/StructureDefinition/implementationguide-page","valueUri":"StructureDefinition-at-medprod-identifier.html"}],"reference":{"reference":"StructureDefinition/at-medprod-identifier"},"name":"Identifier","description":"Identifier used in the AGES export of medicinal products","isExample":false,"groupingId":"-str-datatype"},{"extension":[{"url":"http://hl7.org/fhir/tools/StructureDefinition/resource-sort","valueInteger":999999999},{"url":"http://hl7.org/fhir/StructureDefinition/implementationguide-page","valueUri":"StructureDefinition-codeSystemName.html"}],"reference":{"reference":"StructureDefinition/codeSystemName"},"name":"CodeSystemName","description":"Name of the coding system the 'coding' element belongs to as the number is not very explicative","isExample":false,"groupingId":"-str-extension"},{"extension":[{"url":"http://hl7.org/fhir/tools/StructureDefinition/resource-sort","valueInteger":999999999},{"url":"http://hl7.org/fhir/StructureDefinition/implementationguide-page","valueUri":"ValueSet-asp-liste-authorizationState.html"}],"reference":{"reference":"ValueSet/asp-liste-authorizationState"},"name":"\"ASP-Liste\" Authorization State","isExample":false,"groupingId":"-term-valueset"},{"extension":[{"url":"http://hl7.org/fhir/tools/StructureDefinition/resource-sort","valueInteger":999999999},{"url":"http://hl7.org/fhir/StructureDefinition/implementationguide-page","valueUri":"ValueSet-medicinalProductNamePartTypeVs.html"}],"reference":{"reference":"ValueSet/medicinalProductNamePartTypeVs"},"name":"Medicinal Product Name Part Type","isExample":false,"groupingId":"-term-valueset"},{"extension":[{"url":"http://hl7.org/fhir/tools/StructureDefinition/resource-sort","valueInteger":999999999},{"url":"http://hl7.org/fhir/StructureDefinition/implementationguide-page","valueUri":"ValueSet-domainVs.html"}],"reference":{"reference":"ValueSet/domainVs"},"name":"The Domain Value Set","isExample":false,"groupingId":"-term-valueset"},{"extension":[{"url":"http://hl7.org/fhir/tools/StructureDefinition/resource-sort","valueInteger":999999999},{"url":"http://hl7.org/fhir/StructureDefinition/implementationguide-page","valueUri":"ValueSet-ingredientRoleVs.html"}],"reference":{"reference":"ValueSet/ingredientRoleVs"},"name":"The Ingredient Role Value Set","isExample":false,"groupingId":"-term-valueset"},{"extension":[{"url":"http://hl7.org/fhir/tools/StructureDefinition/resource-sort","valueInteger":999999999},{"url":"http://hl7.org/fhir/StructureDefinition/implementationguide-page","valueUri":"ValueSet-legalStatusForTheSupplyVs.html"}],"reference":{"reference":"ValueSet/legalStatusForTheSupplyVs"},"name":"The Legal Status of Supply Value Set","isExample":false,"groupingId":"-term-valueset"},{"extension":[{"url":"http://hl7.org/fhir/tools/StructureDefinition/resource-sort","valueInteger":999999999},{"url":"http://hl7.org/fhir/StructureDefinition/implementationguide-page","valueUri":"ValueSet-marketingStatusVs.html"}],"reference":{"reference":"ValueSet/marketingStatusVs"},"name":"The Marketing Status value Set","isExample":false,"groupingId":"-term-valueset"},{"extension":[{"url":"http://hl7.org/fhir/tools/StructureDefinition/resource-sort","valueInteger":999999999},{"url":"http://hl7.org/fhir/StructureDefinition/implementationguide-page","valueUri":"ValueSet-packagingVs.html"}],"reference":{"reference":"ValueSet/packagingVs"},"name":"The Packaging Value Set","isExample":false,"groupingId":"-term-valueset"},{"extension":[{"url":"http://hl7.org/fhir/tools/StructureDefinition/resource-sort","valueInteger":999999999},{"url":"http://hl7.org/fhir/StructureDefinition/implementationguide-page","valueUri":"ValueSet-pharmaceuticalDoseFormVs.html"}],"reference":{"reference":"ValueSet/pharmaceuticalDoseFormVs"},"name":"The Pharmaceutical Dose Form Value Set","isExample":false,"groupingId":"-term-valueset"},{"extension":[{"url":"http://hl7.org/fhir/tools/StructureDefinition/resource-sort","valueInteger":999999999},{"url":"http://hl7.org/fhir/StructureDefinition/implementationguide-page","valueUri":"ValueSet-quantityOperatorVs.html"}],"reference":{"reference":"ValueSet/quantityOperatorVs"},"name":"The Quantity Operator Value Set","isExample":false,"groupingId":"-term-valueset"},{"extension":[{"url":"http://hl7.org/fhir/tools/StructureDefinition/resource-sort","valueInteger":999999999},{"url":"http://hl7.org/fhir/StructureDefinition/implementationguide-page","valueUri":"ValueSet-regulatoryEntitlementStatusVs.html"}],"reference":{"reference":"ValueSet/regulatoryEntitlementStatusVs"},"name":"The Regulatory Entitlement Status Value Set","isExample":false,"groupingId":"-term-valueset"},{"extension":[{"url":"http://hl7.org/fhir/tools/StructureDefinition/resource-sort","valueInteger":999999999},{"url":"http://hl7.org/fhir/StructureDefinition/implementationguide-page","valueUri":"ValueSet-regulatoryEntitlementTypeVs.html"}],"reference":{"reference":"ValueSet/regulatoryEntitlementTypeVs"},"name":"The Regulatory Entitlement Type Value Set","isExample":false,"groupingId":"-term-valueset"},{"extension":[{"url":"http://hl7.org/fhir/tools/StructureDefinition/resource-sort","valueInteger":999999999},{"url":"http://hl7.org/fhir/StructureDefinition/implementationguide-page","valueUri":"ValueSet-routesAndMethodsOfAdministrationVs.html"}],"reference":{"reference":"ValueSet/routesAndMethodsOfAdministrationVs"},"name":"The Target Species Value Set","isExample":false,"groupingId":"-term-valueset"},{"extension":[{"url":"http://hl7.org/fhir/tools/StructureDefinition/resource-sort","valueInteger":999999999},{"url":"http://hl7.org/fhir/StructureDefinition/implementationguide-page","valueUri":"ValueSet-unitsOfPresentationVs.html"}],"reference":{"reference":"ValueSet/unitsOfPresentationVs"},"name":"The Units of Presentation Value Set","isExample":false,"groupingId":"-term-valueset"},{"extension":[{"url":"http://hl7.org/fhir/tools/StructureDefinition/resource-sort","valueInteger":999999999},{"url":"http://hl7.org/fhir/StructureDefinition/implementationguide-page","valueUri":"CodeSystem-asp-liste-authorizationState.html"}],"reference":{"reference":"CodeSystem/asp-liste-authorizationState"},"name":"\"ASP-Liste\" Authorization State","isExample":false,"groupingId":"-term-codesystem"},{"extension":[{"url":"http://hl7.org/fhir/tools/StructureDefinition/resource-sort","valueInteger":999999999},{"url":"http://hl7.org/fhir/StructureDefinition/implementationguide-page","valueUri":"CodeSystem-at-medprod-cs-additionalMedicinalProductNamePartType.html"}],"reference":{"reference":"CodeSystem/at-medprod-cs-additionalMedicinalProductNamePartType"},"name":"Additional Medicinal Product Name Part Type","description":"Contains additional codes to be used for name parts of a MedicinalProductDefinition","isExample":false,"groupingId":"-term-codesystem"},{"extension":[{"url":"http://hl7.org/fhir/tools/StructureDefinition/resource-sort","valueInteger":999999999},{"url":"http://hl7.org/fhir/StructureDefinition/implementationguide-page","valueUri":"CodeSystem-100000000004.html"}],"reference":{"reference":"CodeSystem/100000000004"},"name":"Domain","description":"Domain","isExample":false,"groupingId":"-term-codesystem"},{"extension":[{"url":"http://hl7.org/fhir/tools/StructureDefinition/resource-sort","valueInteger":999999999},{"url":"http://hl7.org/fhir/StructureDefinition/implementationguide-page","valueUri":"CodeSystem-100000073346.html"}],"reference":{"reference":"CodeSystem/100000073346"},"name":"Domain","description":"Domain","isExample":false,"groupingId":"-term-codesystem"},{"extension":[{"url":"http://hl7.org/fhir/tools/StructureDefinition/resource-sort","valueInteger":999999999},{"url":"http://hl7.org/fhir/StructureDefinition/implementationguide-page","valueUri":"CodeSystem-100000072050.html"}],"reference":{"reference":"CodeSystem/100000072050"},"name":"Ingredient Role","description":"Ingredient Role","isExample":false,"groupingId":"-term-codesystem"},{"extension":[{"url":"http://hl7.org/fhir/tools/StructureDefinition/resource-sort","valueInteger":999999999},{"url":"http://hl7.org/fhir/StructureDefinition/implementationguide-page","valueUri":"CodeSystem-100000072051.html"}],"reference":{"reference":"CodeSystem/100000072051"},"name":"Legal Status From the Supply","description":"Legal Status From the Supply","isExample":false,"groupingId":"-term-codesystem"},{"extension":[{"url":"http://hl7.org/fhir/tools/StructureDefinition/resource-sort","valueInteger":999999999},{"url":"http://hl7.org/fhir/StructureDefinition/implementationguide-page","valueUri":"CodeSystem-100000072052.html"}],"reference":{"reference":"CodeSystem/100000072052"},"name":"Marketing Status","description":"Marketing Status","isExample":false,"groupingId":"-term-codesystem"},{"extension":[{"url":"http://hl7.org/fhir/tools/StructureDefinition/resource-sort","valueInteger":999999999},{"url":"http://hl7.org/fhir/StructureDefinition/implementationguide-page","valueUri":"CodeSystem-220000000000.html"}],"reference":{"reference":"CodeSystem/220000000000"},"name":"Medicinal Product Name Part Type","description":"Medicinal Product Name Part Type","isExample":false,"groupingId":"-term-codesystem"},{"extension":[{"url":"http://hl7.org/fhir/tools/StructureDefinition/resource-sort","valueInteger":999999999},{"url":"http://hl7.org/fhir/StructureDefinition/implementationguide-page","valueUri":"CodeSystem-200000000004.html"}],"reference":{"reference":"CodeSystem/200000000004"},"name":"Pharmaceutical Dose Form","description":"Pharmaceutical Dose Form","isExample":false,"groupingId":"-term-codesystem"},{"extension":[{"url":"http://hl7.org/fhir/tools/StructureDefinition/resource-sort","valueInteger":999999999},{"url":"http://hl7.org/fhir/StructureDefinition/implementationguide-page","valueUri":"CodeSystem-100000000008.html"}],"reference":{"reference":"CodeSystem/100000000008"},"name":"Quantity Operator","description":"Quantity Operator","isExample":false,"groupingId":"-term-codesystem"},{"extension":[{"url":"http://hl7.org/fhir/tools/StructureDefinition/resource-sort","valueInteger":999999999},{"url":"http://hl7.org/fhir/StructureDefinition/implementationguide-page","valueUri":"CodeSystem-220000000060.html"}],"reference":{"reference":"CodeSystem/220000000060"},"name":"Regulatory Entitlement","description":"Regulatory Entitlement","isExample":false,"groupingId":"-term-codesystem"},{"extension":[{"url":"http://hl7.org/fhir/tools/StructureDefinition/resource-sort","valueInteger":999999999},{"url":"http://hl7.org/fhir/StructureDefinition/implementationguide-page","valueUri":"CodeSystem-regulatoryEntitlementStatusCs.html"}],"reference":{"reference":"CodeSystem/regulatoryEntitlementStatusCs"},"name":"Regulatory Entitlement Status","description":"Regulatory Entitlement Status","isExample":false,"groupingId":"-term-codesystem"},{"extension":[{"url":"http://hl7.org/fhir/tools/StructureDefinition/resource-sort","valueInteger":999999999},{"url":"http://hl7.org/fhir/StructureDefinition/implementationguide-page","valueUri":"CodeSystem-100000073345.html"}],"reference":{"reference":"CodeSystem/100000073345"},"name":"Routes and Methods Of Administration","description":"Routes and Methods Of Administration","isExample":false,"groupingId":"-term-codesystem"},{"extension":[{"url":"http://hl7.org/fhir/tools/StructureDefinition/resource-sort","valueInteger":999999999},{"url":"http://hl7.org/fhir/StructureDefinition/implementationguide-page","valueUri":"CodeSystem-200000000014.html"}],"reference":{"reference":"CodeSystem/200000000014"},"name":"Units Of Presentation","description":"Units Of Presentation","isExample":false,"groupingId":"-term-codesystem"},{"extension":[{"url":"http://hl7.org/fhir/tools/StructureDefinition/resource-sort","valueInteger":999999999},{"url":"http://hl7.org/fhir/StructureDefinition/implementationguide-page","valueUri":"ConceptMap-at-medprod-cm-authorizationState.html"}],"reference":{"reference":"ConceptMap/at-medprod-cm-authorizationState"},"name":"Authorization State Mapping","description":"A mapping between the authorization state used in the \"ASP-Liste\" and the status used in the RegulatedAuthorization","isExample":false,"groupingId":"-map-conceptmap"}],"page":{"sourceUrl":"toc.html","name":"toc.html","title":"Table of Contents","generation":"html","page":[{"sourceUrl":"index.html","name":"index.html","title":"Home","generation":"markdown"},{"sourceUrl":"mappings.html","name":"mappings.html","title":"Representing medicinal product code systems as FHIR resources","generation":"markdown"},{"sourceUrl":"artifacts.html","name":"artifacts.html","title":"Artifacts Summary","generation":"html","page":[{"sourceUrl":"StructureDefinition-at-medprod-administrableProductDefinition.html","name":"StructureDefinition-at-medprod-administrableProductDefinition.html","title":"Administrable product definition","generation":"generated"},{"sourceUrl":"StructureDefinition-at-medprod-ingredient.html","name":"StructureDefinition-at-medprod-ingredient.html","title":"Ingredient","generation":"generated"},{"sourceUrl":"StructureDefinition-at-medprod-manufacturedItemDefinition.html","name":"StructureDefinition-at-medprod-manufacturedItemDefinition.html","title":"Manufactured item definition","generation":"generated"},{"sourceUrl":"StructureDefinition-at-medprod-marketingRegulatedAuthorization.html","name":"StructureDefinition-at-medprod-marketingRegulatedAuthorization.html","title":"Marketing Regulated Authorization","generation":"generated"},{"sourceUrl":"StructureDefinition-at-medprod-medicinalProductDefinition.html","name":"StructureDefinition-at-medprod-medicinalProductDefinition.html","title":"Medicinal Product Definition","generation":"generated"},{"sourceUrl":"StructureDefinition-at-medprod-packagedProductDefinition.html","name":"StructureDefinition-at-medprod-packagedProductDefinition.html","title":"Packaged product definition","generation":"generated"},{"sourceUrl":"StructureDefinition-at-medprod-coding.html","name":"StructureDefinition-at-medprod-coding.html","title":"Coding","generation":"generated"},{"sourceUrl":"StructureDefinition-at-medprod-codeableconcept.html","name":"StructureDefinition-at-medprod-codeableconcept.html","title":"Generic ReferentialTerm CodeableConcept","generation":"generated"},{"sourceUrl":"StructureDefinition-at-medprod-identifier.html","name":"StructureDefinition-at-medprod-identifier.html","title":"Identifier","generation":"generated"},{"sourceUrl":"StructureDefinition-codeSystemName.html","name":"StructureDefinition-codeSystemName.html","title":"CodeSystemName","generation":"generated"},{"sourceUrl":"ValueSet-asp-liste-authorizationState.html","name":"ValueSet-asp-liste-authorizationState.html","title":"\"ASP-Liste\" Authorization State","generation":"generated"},{"sourceUrl":"ValueSet-medicinalProductNamePartTypeVs.html","name":"ValueSet-medicinalProductNamePartTypeVs.html","title":"Medicinal Product Name Part Type","generation":"generated"},{"sourceUrl":"ValueSet-domainVs.html","name":"ValueSet-domainVs.html","title":"The Domain Value Set","generation":"generated"},{"sourceUrl":"ValueSet-ingredientRoleVs.html","name":"ValueSet-ingredientRoleVs.html","title":"The Ingredient Role Value Set","generation":"generated"},{"sourceUrl":"ValueSet-legalStatusForTheSupplyVs.html","name":"ValueSet-legalStatusForTheSupplyVs.html","title":"The Legal Status of Supply Value Set","generation":"generated"},{"sourceUrl":"ValueSet-marketingStatusVs.html","name":"ValueSet-marketingStatusVs.html","title":"The Marketing Status value Set","generation":"generated"},{"sourceUrl":"ValueSet-packagingVs.html","name":"ValueSet-packagingVs.html","title":"The Packaging Value Set","generation":"generated"},{"sourceUrl":"ValueSet-pharmaceuticalDoseFormVs.html","name":"ValueSet-pharmaceuticalDoseFormVs.html","title":"The Pharmaceutical Dose Form Value Set","generation":"generated"},{"sourceUrl":"ValueSet-quantityOperatorVs.html","name":"ValueSet-quantityOperatorVs.html","title":"The Quantity Operator Value Set","generation":"generated"},{"sourceUrl":"ValueSet-regulatoryEntitlementStatusVs.html","name":"ValueSet-regulatoryEntitlementStatusVs.html","title":"The Regulatory Entitlement Status Value Set","generation":"generated"},{"sourceUrl":"ValueSet-regulatoryEntitlementTypeVs.html","name":"ValueSet-regulatoryEntitlementTypeVs.html","title":"The Regulatory Entitlement Type Value Set","generation":"generated"},{"sourceUrl":"ValueSet-routesAndMethodsOfAdministrationVs.html","name":"ValueSet-routesAndMethodsOfAdministrationVs.html","title":"The Target Species Value Set","generation":"generated"},{"sourceUrl":"ValueSet-unitsOfPresentationVs.html","name":"ValueSet-unitsOfPresentationVs.html","title":"The Units of Presentation Value Set","generation":"generated"},{"sourceUrl":"CodeSystem-asp-liste-authorizationState.html","name":"CodeSystem-asp-liste-authorizationState.html","title":"\"ASP-Liste\" Authorization State","generation":"generated"},{"sourceUrl":"CodeSystem-at-medprod-cs-additionalMedicinalProductNamePartType.html","name":"CodeSystem-at-medprod-cs-additionalMedicinalProductNamePartType.html","title":"Additional Medicinal Product Name Part Type","generation":"generated"},{"sourceUrl":"CodeSystem-100000000004.html","name":"CodeSystem-100000000004.html","title":"Domain","generation":"generated"},{"sourceUrl":"CodeSystem-100000073346.html","name":"CodeSystem-100000073346.html","title":"Domain","generation":"generated"},{"sourceUrl":"CodeSystem-100000072050.html","name":"CodeSystem-100000072050.html","title":"Ingredient Role","generation":"generated"},{"sourceUrl":"CodeSystem-100000072051.html","name":"CodeSystem-100000072051.html","title":"Legal Status From the Supply","generation":"generated"},{"sourceUrl":"CodeSystem-100000072052.html","name":"CodeSystem-100000072052.html","title":"Marketing Status","generation":"generated"},{"sourceUrl":"CodeSystem-220000000000.html","name":"CodeSystem-220000000000.html","title":"Medicinal Product Name Part Type","generation":"generated"},{"sourceUrl":"CodeSystem-200000000004.html","name":"CodeSystem-200000000004.html","title":"Pharmaceutical Dose Form","generation":"generated"},{"sourceUrl":"CodeSystem-100000000008.html","name":"CodeSystem-100000000008.html","title":"Quantity Operator","generation":"generated"},{"sourceUrl":"CodeSystem-220000000060.html","name":"CodeSystem-220000000060.html","title":"Regulatory Entitlement","generation":"generated"},{"sourceUrl":"CodeSystem-regulatoryEntitlementStatusCs.html","name":"CodeSystem-regulatoryEntitlementStatusCs.html","title":"Regulatory Entitlement Status","generation":"generated"},{"sourceUrl":"CodeSystem-100000073345.html","name":"CodeSystem-100000073345.html","title":"Routes and Methods Of Administration","generation":"generated"},{"sourceUrl":"CodeSystem-200000000014.html","name":"CodeSystem-200000000014.html","title":"Units Of Presentation","generation":"generated"},{"sourceUrl":"ConceptMap-at-medprod-cm-authorizationState.html","name":"ConceptMap-at-medprod-cm-authorizationState.html","title":"Authorization State Mapping","generation":"generated"}]}]},"parameter":[{"code":{"system":"http://hl7.org/fhir/tools/CodeSystem/ig-parameters","code":"copyrightyear"},"value":"2024+"},{"code":{"system":"http://hl7.org/fhir/tools/CodeSystem/ig-parameters","code":"releaselabel"},"value":"ci-build"},{"code":{"system":"http://hl7.org/fhir/tools/CodeSystem/ig-parameters","code":"autoload-resources"},"value":"true"},{"code":{"system":"http://hl7.org/fhir/guide-parameter-code","code":"path-resource"},"value":"input/capabilities"},{"code":{"system":"http://hl7.org/fhir/guide-parameter-code","code":"path-resource"},"value":"input/examples"},{"code":{"system":"http://hl7.org/fhir/guide-parameter-code","code":"path-resource"},"value":"input/extensions"},{"code":{"system":"http://hl7.org/fhir/guide-parameter-code","code":"path-resource"},"value":"input/models"},{"code":{"system":"http://hl7.org/fhir/guide-parameter-code","code":"path-resource"},"value":"input/operations"},{"code":{"system":"http://hl7.org/fhir/guide-parameter-code","code":"path-resource"},"value":"input/profiles"},{"code":{"system":"http://hl7.org/fhir/guide-parameter-code","code":"path-resource"},"value":"input/resources"},{"code":{"system":"http://hl7.org/fhir/guide-parameter-code","code":"path-resource"},"value":"input/vocabulary"},{"code":{"system":"http://hl7.org/fhir/guide-parameter-code","code":"path-resource"},"value":"input/maps"},{"code":{"system":"http://hl7.org/fhir/guide-parameter-code","code":"path-resource"},"value":"input/testing"},{"code":{"system":"http://hl7.org/fhir/guide-parameter-code","code":"path-resource"},"value":"input/history"},{"code":{"system":"http://hl7.org/fhir/guide-parameter-code","code":"path-resource"},"value":"fsh-generated/resources"},{"code":{"system":"http://hl7.org/fhir/guide-parameter-code","code":"path-pages"},"value":"template/config"},{"code":{"system":"http://hl7.org/fhir/guide-parameter-code","code":"path-pages"},"value":"input/images"},{"code":{"system":"http://hl7.org/fhir/tools/CodeSystem/ig-parameters","code":"path-liquid"},"value":"template/liquid"},{"code":{"system":"http://hl7.org/fhir/tools/CodeSystem/ig-parameters","code":"path-liquid"},"value":"input/liquid"},{"code":{"system":"http://hl7.org/fhir/tools/CodeSystem/ig-parameters","code":"path-qa"},"value":"temp/qa"},{"code":{"system":"http://hl7.org/fhir/tools/CodeSystem/ig-parameters","code":"path-temp"},"value":"temp/pages"},{"code":{"system":"http://hl7.org/fhir/tools/CodeSystem/ig-parameters","code":"path-output"},"value":"output"},{"code":{"system":"http://hl7.org/fhir/guide-parameter-code","code":"path-tx-cache"},"value":"input-cache/txcache"},{"code":{"system":"http://hl7.org/fhir/tools/CodeSystem/ig-parameters","code":"path-suppressed-warnings"},"value":"input/ignoreWarnings.txt"},{"code":{"system":"http://hl7.org/fhir/tools/CodeSystem/ig-parameters","code":"path-history"},"value":"https://www.ages.at/fhir/medicinalproduct/history.html"},{"code":{"system":"http://hl7.org/fhir/tools/CodeSystem/ig-parameters","code":"template-html"},"value":"template-page.html"},{"code":{"system":"http://hl7.org/fhir/tools/CodeSystem/ig-parameters","code":"template-md"},"value":"template-page-md.html"},{"code":{"system":"http://hl7.org/fhir/tools/CodeSystem/ig-parameters","code":"apply-contact"},"value":"true"},{"code":{"system":"http://hl7.org/fhir/tools/CodeSystem/ig-parameters","code":"apply-context"},"value":"true"},{"code":{"system":"http://hl7.org/fhir/tools/CodeSystem/ig-parameters","code":"apply-copyright"},"value":"true"},{"code":{"system":"http://hl7.org/fhir/tools/CodeSystem/ig-parameters","code":"apply-jurisdiction"},"value":"true"},{"code":{"system":"http://hl7.org/fhir/tools/CodeSystem/ig-parameters","code":"apply-license"},"value":"true"},{"code":{"system":"http://hl7.org/fhir/tools/CodeSystem/ig-parameters","code":"apply-publisher"},"value":"true"},{"code":{"system":"http://hl7.org/fhir/tools/CodeSystem/ig-parameters","code":"apply-version"},"value":"true"},{"code":{"system":"http://hl7.org/fhir/tools/CodeSystem/ig-parameters","code":"apply-wg"},"value":"true"},{"code":{"system":"http://hl7.org/fhir/tools/CodeSystem/ig-parameters","code":"active-tables"},"value":"true"},{"code":{"system":"http://hl7.org/fhir/tools/CodeSystem/ig-parameters","code":"fmm-definition"},"value":"http://hl7.org/fhir/versions.html#maturity"},{"code":{"system":"http://hl7.org/fhir/tools/CodeSystem/ig-parameters","code":"propagate-status"},"value":"true"},{"code":{"system":"http://hl7.org/fhir/tools/CodeSystem/ig-parameters","code":"excludelogbinaryformat"},"value":"true"},{"code":{"system":"http://hl7.org/fhir/tools/CodeSystem/ig-parameters","code":"tabbed-snapshots"},"value":"true"}]}}