{"resourceType":"ValueSet","id":"quantityOperatorVs","text":{"status":"generated","div":"<div xmlns=\"http://www.w3.org/1999/xhtml\"><ul><li>Include all codes defined in <a href=\"CodeSystem-100000000008.html\"><code>https://spor.ema.europa.eu/v1/lists/100000000008</code></a></li></ul></div>"},"url":"https://ema.europa.eu/fhir/vs/quantityOperator","version":"0.1.0","name":"QuantityOperatorVs","title":"The Quantity Operator Value Set","status":"active","date":"2024-05-24T09:29:16+00:00","publisher":"AGES","contact":[{"name":"AGES","telecom":[{"system":"url","value":"https://www.ages.at/"}]}],"compose":{"include":[{"system":"https://spor.ema.europa.eu/v1/lists/100000000008"}]}}