"Id","Path","Slice Name","Alias(s)","Label","Min","Max","Must Support?","Is Modifier?","Is Summary?","Type(s)","Short","Definition","Comments","Requirements","Default Value","Meaning When Missing","Fixed Value","Pattern","Example","Minimum Value","Maximum Value","Maximum Length","Binding Strength","Binding Description","Binding Value Set","Code","Slicing Discriminator","Slicing Description","Slicing Ordered","Slicing Rules","Base Path","Base Min","Base Max","Condition(s)","Constraint(s)","Mapping: FiveWs Pattern Mapping","Mapping: IDMP Mapping","Mapping: RIM Mapping"
"AdministrableProductDefinition","AdministrableProductDefinition","","Pharmaceutical Product
","",0,*,"","","","null {[]} {[]}
","A medicinal product in the final form, suitable for administration - after any mixing of multiple components","A medicinal product in the final form which is suitable for administering to a patient (after any mixing of multiple components, dissolution etc. has been performed).","","","","","","","","","",,,,,"",,,,"AdministrableProductDefinition",0,*,"","apd-1:RouteOfAdministration cannot be used when the 'formOf' product already uses MedicinalProductDefinition.route (and vice versa) {AdministrableProductDefinition.formOf.resolve().route.empty()}
dom-2:If the resource is contained in another resource, it SHALL NOT contain nested Resources {contained.contained.empty()}dom-3:If the resource is contained in another resource, it SHALL be referred to from elsewhere in the resource or SHALL refer to the containing resource {contained.where((('#'+id in (%resource.descendants().reference | %resource.descendants().ofType(canonical) | %resource.descendants().ofType(uri) | %resource.descendants().ofType(url))) or descendants().where(reference = '#').exists() or descendants().where(ofType(canonical) = '#').exists() or descendants().where(ofType(canonical) = '#').exists()).not()).trace('unmatched', id).empty()}dom-4:If a resource is contained in another resource, it SHALL NOT have a meta.versionId or a meta.lastUpdated {contained.meta.versionId.empty() and contained.meta.lastUpdated.empty()}dom-5:If a resource is contained in another resource, it SHALL NOT have a security label {contained.meta.security.empty()}dom-6:A resource should have narrative for robust management {text.`div`.exists()}","administrative.medication","Pharmaceutical Product","Entity, Role, or Act"
"AdministrableProductDefinition.id","AdministrableProductDefinition.id","","","",0,1,"","","Y","id {[]} {[]}
","Logical id of this artifact","The logical id of the resource, as used in the URL for the resource. Once assigned, this value never changes.","Within the context of the FHIR RESTful interactions, the resource has an id except for cases like the create and conditional update. Otherwise, the use of the resouce id depends on the given use case.","","","","","","","","",,,,,"",,,,"Resource.id",0,1,"",""
"AdministrableProductDefinition.meta","AdministrableProductDefinition.meta","","","",0,1,"","","Y","Meta {[]} {[]}
","Metadata about the resource","The metadata about the resource. This is content that is maintained by the infrastructure. Changes to the content might not always be associated with version changes to the resource.","","","","","","","","","",,,,,"",,,,"Resource.meta",0,1,"","ele-1:All FHIR elements must have a @value or children {hasValue() or (children().count() > id.count())}
"
"AdministrableProductDefinition.implicitRules","AdministrableProductDefinition.implicitRules","","","",0,1,"","Y","Y","uri {[]} {[]}
","A set of rules under which this content was created","A reference to a set of rules that were followed when the resource was constructed, and which must be understood when processing the content. Often, this is a reference to an implementation guide that defines the special rules along with other profiles etc.","Asserting this rule set restricts the content to be only understood by a limited set of trading partners. This inherently limits the usefulness of the data in the long term. However, the existing health eco-system is highly fractured, and not yet ready to define, collect, and exchange data in a generally computable sense. Wherever possible, implementers and/or specification writers should avoid using this element. Often, when used, the URL is a reference to an implementation guide that defines these special rules as part of its narrative along with other profiles, value sets, etc.","","","","","","","","",,,,,"",,,,"Resource.implicitRules",0,1,"","ele-1:All FHIR elements must have a @value or children {hasValue() or (children().count() > id.count())}
"
"AdministrableProductDefinition.language","AdministrableProductDefinition.language","","","",0,1,"","","","code {[]} {[]}
","Language of the resource content","The base language in which the resource is written.","Language is provided to support indexing and accessibility (typically, services such as text to speech use the language tag). The html language tag in the narrative applies  to the narrative. The language tag on the resource may be used to specify the language of other presentations generated from the data in the resource. Not all the content has to be in the base language. The Resource.language should not be assumed to apply to the narrative automatically. If a language is specified, it should it also be specified on the div element in the html (see rules in HTML5 for information about the relationship between xml:lang and the html lang attribute).","","","","","","","","",,"required","IETF language tag for a human language","http://hl7.org/fhir/ValueSet/all-languages|5.0.0","",,,,"Resource.language",0,1,"","ele-1:All FHIR elements must have a @value or children {hasValue() or (children().count() > id.count())}
"
"AdministrableProductDefinition.text","AdministrableProductDefinition.text","","narrative
htmlxhtmldisplay","",0,1,"","","","Narrative {[]} {[]}
","Text summary of the resource, for human interpretation","A human-readable narrative that contains a summary of the resource and can be used to represent the content of the resource to a human. The narrative need not encode all the structured data, but is required to contain sufficient detail to make it ""clinically safe"" for a human to just read the narrative. Resource definitions may define what content should be represented in the narrative to ensure clinical safety.","Contained resources do not have a narrative. Resources that are not contained SHOULD have a narrative. In some cases, a resource may only have text with little or no additional discrete data (as long as all minOccurs=1 elements are satisfied).  This may be necessary for data from legacy systems where information is captured as a ""text blob"" or where text is additionally entered raw or narrated and encoded information is added later.","","","","","","","","",,,,,"",,,,"DomainResource.text",0,1,"dom-6
","ele-1:All FHIR elements must have a @value or children {hasValue() or (children().count() > id.count())}
","Act.text?"
"AdministrableProductDefinition.contained","AdministrableProductDefinition.contained","","inline resources
anonymous resourcescontained resources","",0,*,"","","","Resource {[]} {[]}
","Contained, inline Resources","These resources do not have an independent existence apart from the resource that contains them - they cannot be identified independently, nor can they have their own independent transaction scope. This is allowed to be a Parameters resource if and only if it is referenced by a resource that provides context/meaning.","This should never be done when the content can be identified properly, as once identification is lost, it is extremely difficult (and context dependent) to restore it again. Contained resources may have profiles and tags in their meta elements, but SHALL NOT have security labels.","","","","","","","","",,,,,"",,,,"DomainResource.contained",0,*,"dom-2
dom-4dom-3dom-5","","N/A"
"AdministrableProductDefinition.extension","AdministrableProductDefinition.extension","","extensions
user content","",0,*,"","","","Extension {[]} {[]}
","Additional content defined by implementations","May be used to represent additional information that is not part of the basic definition of the resource. To make the use of extensions safe and managable, there is a strict set of governance applied to the definition and use of extensions. Though any implementer can define an extension, there is a set of requirements that SHALL be met as part of the definition of the extension.","There can be no stigma associated with the use of extensions by any application, project, or standard - regardless of the institution or jurisdiction that uses or defines the extensions.  The use of extensions is what allows the FHIR specification to retain a core level of simplicity for everyone.","","","","","","","","",,,,,"",,,,"DomainResource.extension",0,*,"","ele-1:All FHIR elements must have a @value or children {hasValue() or (children().count() > id.count())}
ext-1:Must have either extensions or value[x], not both {extension.exists() != value.exists()}","N/A"
"AdministrableProductDefinition.modifierExtension","AdministrableProductDefinition.modifierExtension","","extensions
user content","",0,*,"","Y","Y","Extension {[]} {[]}
","Extensions that cannot be ignored","May be used to represent additional information that is not part of the basic definition of the resource and that modifies the understanding of the element that contains it and/or the understanding of the containing element's descendants. Usually modifier elements provide negation or qualification. To make the use of extensions safe and managable, there is a strict set of governance applied to the definition and use of extensions. Though any implementer is allowed to define an extension, there is a set of requirements that SHALL be met as part of the definition of the extension. Applications processing a resource are required to check for modifier extensions.

Modifier extensions SHALL NOT change the meaning of any elements on Resource or DomainResource (including cannot change the meaning of modifierExtension itself).","There can be no stigma associated with the use of extensions by any application, project, or standard - regardless of the institution or jurisdiction that uses or defines the extensions.  The use of extensions is what allows the FHIR specification to retain a core level of simplicity for everyone.","Modifier extensions allow for extensions that *cannot* be safely ignored to be clearly distinguished from the vast majority of extensions which can be safely ignored.  This promotes interoperability by eliminating the need for implementers to prohibit the presence of extensions. For further information, see the [definition of modifier extensions](http://hl7.org/fhir/R5/extensibility.html#modifierExtension).","","","","","","","",,,,,"",,,,"DomainResource.modifierExtension",0,*,"","ele-1:All FHIR elements must have a @value or children {hasValue() or (children().count() > id.count())}
ext-1:Must have either extensions or value[x], not both {extension.exists() != value.exists()}","N/A"
"AdministrableProductDefinition.identifier","AdministrableProductDefinition.identifier","","","",1,1,"","","","Identifier {[CanonicalType[https://www.ages.at/fhir/medicinalproduct/StructureDefinition/at-medprod-identifier]]} {[]}
","An identifier intended for computation","An identifier - identifies some entity uniquely and unambiguously. Typically this is used for business identifiers.","The rules of the identifier.type  determine if a check digit is part of the ID value or sent separately, such as through the checkDigit extension.","","","","","","","","",,,,,"",,,,"AdministrableProductDefinition.identifier",0,*,"","ele-1:All FHIR elements must have a @value or children {hasValue() or (children().count() > id.count())}
ident-1:Identifier with no value has limited utility.  If communicating that an identifier value has been suppressed or missing, the value element SHOULD be present with an extension indicating the missing semantic - e.g. data-absent-reason {value.exists()}","n/a,II - The Identifier class is a little looser than the v3 type II because it allows URIs as well as registered OIDs or GUIDs.  Also maps to Role[classCode=IDENT]"
"AdministrableProductDefinition.identifier.id","AdministrableProductDefinition.identifier.id","","","",0,1,"","","","id {[]} {[]}
","Unique id for inter-element referencing","Unique id for the element within a resource (for internal references). This may be any string value that does not contain spaces.","","","","","","","","","",,,,,"",,,,"Element.id",0,1,"ele-1
","","n/a"
"AdministrableProductDefinition.identifier.extension","AdministrableProductDefinition.identifier.extension","","extensions
user content","",0,*,"","","","Extension {[]} {[]}
","Additional content defined by implementations","May be used to represent additional information that is not part of the basic definition of the element. To make the use of extensions safe and managable, there is a strict set of governance applied to the definition and use of extensions. Though any implementer can define an extension, there is a set of requirements that SHALL be met as part of the definition of the extension.","There can be no stigma associated with the use of extensions by any application, project, or standard - regardless of the institution or jurisdiction that uses or defines the extensions.  The use of extensions is what allows the FHIR specification to retain a core level of simplicity for everyone.","","","","","","","","",,,,,"","value:url}
","Extensions are always sliced by (at least) url",,"open","Element.extension",0,*,"","ele-1:All FHIR elements must have a @value or children {hasValue() or (children().count() > id.count())}
ext-1:Must have either extensions or value[x], not both {extension.exists() != value.exists()}","n/a"
"AdministrableProductDefinition.identifier.use","AdministrableProductDefinition.identifier.use","","","",0,1,"","Y","Y","code {[]} {[]}
","usual | official | temp | secondary | old (If known)","The purpose of this identifier.","Applications can assume that an identifier is permanent unless it explicitly says that it is temporary.","Allows the appropriate identifier for a particular context of use to be selected from among a set of identifiers.","","","","","","","",,"required","Identifies the purpose for this identifier, if known .","http://hl7.org/fhir/ValueSet/identifier-use|5.0.0","",,,,"Identifier.use",0,1,"","ele-1:All FHIR elements must have a @value or children {hasValue() or (children().count() > id.count())}
","Role.code or implied by context"
"AdministrableProductDefinition.identifier.type","AdministrableProductDefinition.identifier.type","","","",0,1,"","","Y","CodeableConcept {[]} {[]}
","Description of identifier","A coded type for the identifier that can be used to determine which identifier to use for a specific purpose.","This element deals only with general categories of identifiers.  It SHOULD not be used for codes that correspond 1..1 with the Identifier.system. Some identifiers may fall into multiple categories due to common usage.   Where the system is known, a type is unnecessary because the type is always part of the system definition. However systems often need to handle identifiers where the system is not known. There is not a 1:1 relationship between type and system, since many different systems have the same type.","Allows users to make use of identifiers when the identifier system is not known.","","","","","","","",,"extensible","A coded type for an identifier that can be used to determine which identifier to use for a specific purpose.","http://hl7.org/fhir/ValueSet/identifier-type","",,,,"Identifier.type",0,1,"","ele-1:All FHIR elements must have a @value or children {hasValue() or (children().count() > id.count())}
","Role.code or implied by context"
"AdministrableProductDefinition.identifier.system","AdministrableProductDefinition.identifier.system","","","",1,1,"","","Y","uri {[]} {[]}
","The namespace for the identifier value","Establishes the namespace for the value - that is, an absolute URL that describes a set values that are unique.","Identifier.system is always case sensitive.","There are many sets  of identifiers.  To perform matching of two identifiers, we need to know what set we're dealing with. The system identifies a particular set of unique identifiers.","","","","<valueUri xmlns=""http://hl7.org/fhir"" value=""https://www.ages.at/fhir/GRZ""/>","<valueUri xmlns=""http://hl7.org/fhir"" value=""http://www.acme.com/identifiers/patient""/>","","",,,,,"",,,,"Identifier.system",0,1,"","ele-1:All FHIR elements must have a @value or children {hasValue() or (children().count() > id.count())}
","II.root or Role.id.root"
"AdministrableProductDefinition.identifier.value","AdministrableProductDefinition.identifier.value","","","",1,1,"","","Y","string {[]} {[]}
","The value that is unique","The portion of the identifier typically relevant to the user and which is unique within the context of the system.","If the value is a full URI, then the system SHALL be urn:ietf:rfc:3986.  The value's primary purpose is computational mapping.  As a result, it may be normalized for comparison purposes (e.g. removing non-significant whitespace, dashes, etc.)  A value formatted for human display can be conveyed using the [http://hl7.org/fhir/StructureDefinition/rendered-value](http://hl7.org/fhir/extensions/StructureDefinition-rendered-value.html)). Identifier.value is to be treated as case sensitive unless knowledge of the Identifier.system allows the processer to be confident that non-case-sensitive processing is safe.","","","","","","<valueString xmlns=""http://hl7.org/fhir"" value=""123456""/>","","",,,,,"",,,,"Identifier.value",0,1,"ident-1
","ele-1:All FHIR elements must have a @value or children {hasValue() or (children().count() > id.count())}
","II.extension or II.root if system indicates OID or GUID (Or Role.id.extension or root)"
"AdministrableProductDefinition.identifier.period","AdministrableProductDefinition.identifier.period","","","",0,1,"","","Y","Period {[]} {[]}
","Time period when id is/was valid for use","Time period during which identifier is/was valid for use.","","","","","","","","","",,,,,"",,,,"Identifier.period",0,1,"","ele-1:All FHIR elements must have a @value or children {hasValue() or (children().count() > id.count())}
","Role.effectiveTime or implied by context"
"AdministrableProductDefinition.identifier.assigner","AdministrableProductDefinition.identifier.assigner","","","",0,1,"","","Y","Reference {[]} {[CanonicalType[http://hl7.org/fhir/StructureDefinition/Organization]]}
","Organization that issued id (may be just text)","Organization that issued/manages the identifier.","The Identifier.assigner may omit the .reference element and only contain a .display element reflecting the name or other textual information about the assigning organization.","","","","","","","","",,,,,"",,,,"Identifier.assigner",0,1,"","ele-1:All FHIR elements must have a @value or children {hasValue() or (children().count() > id.count())}
","II.assigningAuthorityName but note that this is an improper use by the definition of the field.  Also Role.scoper"
"AdministrableProductDefinition.status","AdministrableProductDefinition.status","","","",1,1,"","Y","Y","code {[]} {[]}
","draft | active | retired | unknown","The status of this administrable product. Enables tracking the life-cycle of the content.","Allows filtering of administrable products that are appropriate for use versus not.","","","","","<valueCode xmlns=""http://hl7.org/fhir"" value=""active""/>","","","",,"required","The lifecycle status of an artifact.","http://hl7.org/fhir/ValueSet/publication-status|5.0.0","",,,,"AdministrableProductDefinition.status",1,1,"","ele-1:All FHIR elements must have a @value or children {hasValue() or (children().count() > id.count())}
","n/a"
"AdministrableProductDefinition.formOf","AdministrableProductDefinition.formOf","","","",1,1,"","","Y","Reference {[]} {[CanonicalType[https://www.ages.at/fhir/medicinalproduct/StructureDefinition/at-medprod-medicinalProductDefinition]]}
","References a product from which one or more of the constituent parts of that product can be prepared and used as described by this administrable product","References a product from which one or more of the constituent parts of that product can be prepared and used as described by this administrable product.  If this administrable product describes the administration of a crushed tablet, the 'formOf' would be the product representing a distribution containing tablets and possibly also a cream.  This is distinct from the 'producedFrom' which refers to the specific components of the product that are used in this preparation, rather than the product as a whole.","","","","","","","","","",,,,,"",,,,"AdministrableProductDefinition.formOf",0,*,"apd-1
","ele-1:All FHIR elements must have a @value or children {hasValue() or (children().count() > id.count())}
","(link to Medicinal Product)"
"AdministrableProductDefinition.administrableDoseForm","AdministrableProductDefinition.administrableDoseForm","","","",0,1,"","","","CodeableConcept {[CanonicalType[https://www.ages.at/fhir/medicinalproduct/StructureDefinition/at-medprod-codeableconcept]]} {[]}
","Concept - reference to a terminology or just  text","A concept that may be defined by a formal reference to a terminology or ontology or may be provided by text.","Not all terminology uses fit this general pattern. In some cases, models should not use CodeableConcept and use Coding directly and provide their own structure for managing text, codings, translations and the relationship between elements and pre- and post-coordination.","","","","","","","","",,"required","","https://ema.europa.eu/fhir/vs/pharmaceuticalDoseForm","",,,,"AdministrableProductDefinition.administrableDoseForm",0,1,"","ele-1:All FHIR elements must have a @value or children {hasValue() or (children().count() > id.count())}
","n/a,CD"
"AdministrableProductDefinition.unitOfPresentation","AdministrableProductDefinition.unitOfPresentation","","","",0,1,"","","","CodeableConcept {[CanonicalType[https://www.ages.at/fhir/medicinalproduct/StructureDefinition/at-medprod-codeableconcept]]} {[]}
","Concept - reference to a terminology or just  text","A concept that may be defined by a formal reference to a terminology or ontology or may be provided by text.","Not all terminology uses fit this general pattern. In some cases, models should not use CodeableConcept and use Coding directly and provide their own structure for managing text, codings, translations and the relationship between elements and pre- and post-coordination.","","","","","","","","",,"required","","https://ema.europa.eu/fhir/vs/unitsOfPresentation","",,,,"AdministrableProductDefinition.unitOfPresentation",0,1,"","ele-1:All FHIR elements must have a @value or children {hasValue() or (children().count() > id.count())}
","n/a,CD"
"AdministrableProductDefinition.producedFrom","AdministrableProductDefinition.producedFrom","","","",0,1,"","","Y","Reference {[]} {[CanonicalType[https://www.ages.at/fhir/medicinalproduct/StructureDefinition/at-medprod-manufacturedItemDefinition]]}
","Indicates the specific manufactured items that are part of the 'formOf' product that are used in the preparation of this specific administrable form","Indicates the specific manufactured items that are part of the 'formOf' product that are used in the preparation of this specific administrable form.  In some cases, an administrable form might use all of the items from the overall product (or there might only be one item), while in other cases, an administrable form might use only a subset of the items available in the overall product.  For example, an administrable form might involve combining a liquid and a powder available as part of an overall product, but not involve applying the also supplied cream.","","","","","","","","","",,,,,"",,,,"AdministrableProductDefinition.producedFrom",0,*,"","ele-1:All FHIR elements must have a @value or children {hasValue() or (children().count() > id.count())}
","n/a (this is the link from Pharmaceutical Product to the Manufactured Item(s))"
"AdministrableProductDefinition.ingredient","AdministrableProductDefinition.ingredient","","","",0,*,"","","Y","CodeableConcept {[]} {[]}
","The ingredients of this administrable medicinal product. This is only needed if the ingredients are not specified either using ManufacturedItemDefiniton, or using by incoming references from the Ingredient resource","The ingredients of this administrable medicinal product. This is only needed if the ingredients are not specified either using ManufacturedItemDefiniton (via AdministrableProductDefinition.producedFrom) to state which component items are used to make this, or using by incoming references from the Ingredient resource, to state in detail which substances exist within this. This element allows a basic coded ingredient to be used.","","","","","","","","","",,"example","This value set includes all substance codes from SNOMED CT - provided as an exemplar value set.","http://hl7.org/fhir/ValueSet/substance-codes","",,,,"AdministrableProductDefinition.ingredient",0,*,"","ele-1:All FHIR elements must have a @value or children {hasValue() or (children().count() > id.count())}
","Pharmaceutical Product.Ingredient (see also FHIR Ingredient resource)"
"AdministrableProductDefinition.device","AdministrableProductDefinition.device","","","",0,1,"","","Y","Reference {[]} {[CanonicalType[http://hl7.org/fhir/StructureDefinition/DeviceDefinition]]}
","A device that is integral to the medicinal product, in effect being considered as an ""ingredient"" of the medicinal product","A device that is integral to the medicinal product, in effect being considered as an ""ingredient"" of the medicinal product. This is not intended for devices that are just co-packaged.","","","","","","","","","",,,,,"",,,,"AdministrableProductDefinition.device",0,1,"","ele-1:All FHIR elements must have a @value or children {hasValue() or (children().count() > id.count())}
","Pharmaceutical Product.Device"
"AdministrableProductDefinition.description","AdministrableProductDefinition.description","","","",0,1,"","","","markdown {[]} {[]}
","A general description of the product, when in its final form, suitable for administration e.g. effervescent blue liquid, to be swallowed","A general description of the product, when in its final form, suitable for administration e.g. effervescent blue liquid, to be swallowed. Intended to be used when the other structured properties of this resource are insufficient or cannot be supported. It is not intended to duplicate information already carried elswehere.","","","","","","","","","",,,,,"",,,,"AdministrableProductDefinition.description",0,1,"","ele-1:All FHIR elements must have a @value or children {hasValue() or (children().count() > id.count())}
","n/a"
"AdministrableProductDefinition.property","AdministrableProductDefinition.property","","","",0,*,"","","Y","BackboneElement {[]} {[]}
","Characteristics e.g. a product's onset of action","Characteristics e.g. a product's onset of action.","","","","","","","","","",,,,,"",,,,"AdministrableProductDefinition.property",0,*,"","ele-1:All FHIR elements must have a @value or children {hasValue() or (children().count() > id.count())}
","Pharmaceutical Product Characteristics"
"AdministrableProductDefinition.property.id","AdministrableProductDefinition.property.id","","","",0,1,"","","","string {[]} {[]}
","Unique id for inter-element referencing","Unique id for the element within a resource (for internal references). This may be any string value that does not contain spaces.","","","","","","","","","",,,,,"",,,,"Element.id",0,1,"ele-1
","","n/a"
"AdministrableProductDefinition.property.extension","AdministrableProductDefinition.property.extension","","extensions
user content","",0,*,"","","","Extension {[]} {[]}
","Additional content defined by implementations","May be used to represent additional information that is not part of the basic definition of the element. To make the use of extensions safe and managable, there is a strict set of governance applied to the definition and use of extensions. Though any implementer can define an extension, there is a set of requirements that SHALL be met as part of the definition of the extension.","There can be no stigma associated with the use of extensions by any application, project, or standard - regardless of the institution or jurisdiction that uses or defines the extensions.  The use of extensions is what allows the FHIR specification to retain a core level of simplicity for everyone.","","","","","","","","",,,,,"",,,,"Element.extension",0,*,"","ele-1:All FHIR elements must have a @value or children {hasValue() or (children().count() > id.count())}
ext-1:Must have either extensions or value[x], not both {extension.exists() != value.exists()}","n/a"
"AdministrableProductDefinition.property.modifierExtension","AdministrableProductDefinition.property.modifierExtension","","extensions
user contentmodifiers","",0,*,"","Y","Y","Extension {[]} {[]}
","Extensions that cannot be ignored even if unrecognized","May be used to represent additional information that is not part of the basic definition of the element and that modifies the understanding of the element in which it is contained and/or the understanding of the containing element's descendants. Usually modifier elements provide negation or qualification. To make the use of extensions safe and managable, there is a strict set of governance applied to the definition and use of extensions. Though any implementer can define an extension, there is a set of requirements that SHALL be met as part of the definition of the extension. Applications processing a resource are required to check for modifier extensions.

Modifier extensions SHALL NOT change the meaning of any elements on Resource or DomainResource (including cannot change the meaning of modifierExtension itself).","There can be no stigma associated with the use of extensions by any application, project, or standard - regardless of the institution or jurisdiction that uses or defines the extensions.  The use of extensions is what allows the FHIR specification to retain a core level of simplicity for everyone.","Modifier extensions allow for extensions that *cannot* be safely ignored to be clearly distinguished from the vast majority of extensions which can be safely ignored.  This promotes interoperability by eliminating the need for implementers to prohibit the presence of extensions. For further information, see the [definition of modifier extensions](http://hl7.org/fhir/R5/extensibility.html#modifierExtension).","","","","","","","",,,,,"",,,,"BackboneElement.modifierExtension",0,*,"","ele-1:All FHIR elements must have a @value or children {hasValue() or (children().count() > id.count())}
ext-1:Must have either extensions or value[x], not both {extension.exists() != value.exists()}","N/A"
"AdministrableProductDefinition.property.type","AdministrableProductDefinition.property.type","","","",1,1,"","","Y","CodeableConcept {[]} {[]}
","A code expressing the type of characteristic","A code expressing the type of characteristic.","","","","","","","","","",,"example","This value set includes all observable entity codes from SNOMED CT - provided as an exemplar value set.","http://hl7.org/fhir/ValueSet/product-characteristic-codes","",,,,"AdministrableProductDefinition.property.type",1,1,"","ele-1:All FHIR elements must have a @value or children {hasValue() or (children().count() > id.count())}
","Pharmaceutical Product Characteristics.Code System (not a one to one map, the resource is more capable)"
"AdministrableProductDefinition.property.value[x]","AdministrableProductDefinition.property.value[x]","","","",0,1,"","","Y","CodeableConcept {[]} {[]}
Quantity {[]} {[]}date {[]} {[]}boolean {[]} {[]}markdown {[]} {[]}Attachment {[]} {[]}Reference {[]} {[CanonicalType[http://hl7.org/fhir/StructureDefinition/Binary]]}","A value for the characteristic","A value for the characteristic.","","","","","","","","","",,,,,"",,,,"AdministrableProductDefinition.property.value[x]",0,1,"","ele-1:All FHIR elements must have a @value or children {hasValue() or (children().count() > id.count())}
","Pharmaceutical Product Characteristics.Value (not a one to one map, the resource is more capable)"
"AdministrableProductDefinition.property.status","AdministrableProductDefinition.property.status","","","",0,1,"","","Y","CodeableConcept {[]} {[]}
","The status of characteristic e.g. assigned or pending","The status of characteristic e.g. assigned or pending.","","","","","","","","","",,"required","The lifecycle status of an artifact.","http://hl7.org/fhir/ValueSet/publication-status|5.0.0","",,,,"AdministrableProductDefinition.property.status",0,1,"","ele-1:All FHIR elements must have a @value or children {hasValue() or (children().count() > id.count())}
","Pharmaceutical Product Characteristics.Status"
"AdministrableProductDefinition.routeOfAdministration","AdministrableProductDefinition.routeOfAdministration","","","",1,*,"","","Y","BackboneElement {[]} {[]}
","Route of administration","The path by which the product is taken into or makes contact with the body. In some regions this is referred to as the licenced or approved route. RouteOfAdministration cannot be used when the 'formOf' product already uses MedicinalProductDefinition.route (and vice versa).","","","","","","","","","",,,,,"",,,,"AdministrableProductDefinition.routeOfAdministration",1,*,"","ele-1:All FHIR elements must have a @value or children {hasValue() or (children().count() > id.count())}
","Pharmaceutical Product.Route of Administration"
"AdministrableProductDefinition.routeOfAdministration.id","AdministrableProductDefinition.routeOfAdministration.id","","","",0,1,"","","","string {[]} {[]}
","Unique id for inter-element referencing","Unique id for the element within a resource (for internal references). This may be any string value that does not contain spaces.","","","","","","","","","",,,,,"",,,,"Element.id",0,1,"ele-1
","","n/a"
"AdministrableProductDefinition.routeOfAdministration.extension","AdministrableProductDefinition.routeOfAdministration.extension","","extensions
user content","",0,*,"","","","Extension {[]} {[]}
","Additional content defined by implementations","May be used to represent additional information that is not part of the basic definition of the element. To make the use of extensions safe and managable, there is a strict set of governance applied to the definition and use of extensions. Though any implementer can define an extension, there is a set of requirements that SHALL be met as part of the definition of the extension.","There can be no stigma associated with the use of extensions by any application, project, or standard - regardless of the institution or jurisdiction that uses or defines the extensions.  The use of extensions is what allows the FHIR specification to retain a core level of simplicity for everyone.","","","","","","","","",,,,,"",,,,"Element.extension",0,*,"","ele-1:All FHIR elements must have a @value or children {hasValue() or (children().count() > id.count())}
ext-1:Must have either extensions or value[x], not both {extension.exists() != value.exists()}","n/a"
"AdministrableProductDefinition.routeOfAdministration.modifierExtension","AdministrableProductDefinition.routeOfAdministration.modifierExtension","","extensions
user contentmodifiers","",0,*,"","Y","Y","Extension {[]} {[]}
","Extensions that cannot be ignored even if unrecognized","May be used to represent additional information that is not part of the basic definition of the element and that modifies the understanding of the element in which it is contained and/or the understanding of the containing element's descendants. Usually modifier elements provide negation or qualification. To make the use of extensions safe and managable, there is a strict set of governance applied to the definition and use of extensions. Though any implementer can define an extension, there is a set of requirements that SHALL be met as part of the definition of the extension. Applications processing a resource are required to check for modifier extensions.

Modifier extensions SHALL NOT change the meaning of any elements on Resource or DomainResource (including cannot change the meaning of modifierExtension itself).","There can be no stigma associated with the use of extensions by any application, project, or standard - regardless of the institution or jurisdiction that uses or defines the extensions.  The use of extensions is what allows the FHIR specification to retain a core level of simplicity for everyone.","Modifier extensions allow for extensions that *cannot* be safely ignored to be clearly distinguished from the vast majority of extensions which can be safely ignored.  This promotes interoperability by eliminating the need for implementers to prohibit the presence of extensions. For further information, see the [definition of modifier extensions](http://hl7.org/fhir/R5/extensibility.html#modifierExtension).","","","","","","","",,,,,"",,,,"BackboneElement.modifierExtension",0,*,"","ele-1:All FHIR elements must have a @value or children {hasValue() or (children().count() > id.count())}
ext-1:Must have either extensions or value[x], not both {extension.exists() != value.exists()}","N/A"
"AdministrableProductDefinition.routeOfAdministration.code","AdministrableProductDefinition.routeOfAdministration.code","","","",1,1,"","","","CodeableConcept {[CanonicalType[https://www.ages.at/fhir/medicinalproduct/StructureDefinition/at-medprod-codeableconcept]]} {[]}
","Concept - reference to a terminology or just  text","A concept that may be defined by a formal reference to a terminology or ontology or may be provided by text.","Not all terminology uses fit this general pattern. In some cases, models should not use CodeableConcept and use Coding directly and provide their own structure for managing text, codings, translations and the relationship between elements and pre- and post-coordination.","","","","","","","","",,"required","","https://ema.europa.eu/fhir/vs/routesAndMethodsOfAdministration","",,,,"AdministrableProductDefinition.routeOfAdministration.code",1,1,"","ele-1:All FHIR elements must have a @value or children {hasValue() or (children().count() > id.count())}
","n/a,CD"
"AdministrableProductDefinition.routeOfAdministration.firstDose","AdministrableProductDefinition.routeOfAdministration.firstDose","","","",0,1,"","","Y","Quantity {[]} {[]}
","The first dose (dose quantity) administered can be specified for the product","The first dose (dose quantity) administered can be specified for the product, using a numerical value and its unit of measurement.","","","","","","","","","",,,,,"",,,,"AdministrableProductDefinition.routeOfAdministration.firstDose",0,1,"","ele-1:All FHIR elements must have a @value or children {hasValue() or (children().count() > id.count())}
","Dosing and Route of Administration.First dose in humans (Investigational Medicinal Product)"
"AdministrableProductDefinition.routeOfAdministration.maxSingleDose","AdministrableProductDefinition.routeOfAdministration.maxSingleDose","","","",0,1,"","","Y","Quantity {[]} {[]}
","The maximum single dose that can be administered","The maximum single dose that can be administered, specified using a numerical value and its unit of measurement.","","","","","","","","","",,,,,"",,,,"AdministrableProductDefinition.routeOfAdministration.maxSingleDose",0,1,"","ele-1:All FHIR elements must have a @value or children {hasValue() or (children().count() > id.count())}
","Dosing and Route of Administration.Maximum single dose (Investigational Medicinal Product)"
"AdministrableProductDefinition.routeOfAdministration.maxDosePerDay","AdministrableProductDefinition.routeOfAdministration.maxDosePerDay","","","",0,1,"","","Y","Quantity {[]} {[]}
","The maximum dose quantity to be administered in any one 24-h period","The maximum dose per day (maximum dose quantity to be administered in any one 24-h period) that can be administered.","","","","","","","","","",,,,,"",,,,"AdministrableProductDefinition.routeOfAdministration.maxDosePerDay",0,1,"","ele-1:All FHIR elements must have a @value or children {hasValue() or (children().count() > id.count())}
","Dosing and Route of Administration.Maximum dose per day (Investigational Medicinal Product)"
"AdministrableProductDefinition.routeOfAdministration.maxDosePerTreatmentPeriod","AdministrableProductDefinition.routeOfAdministration.maxDosePerTreatmentPeriod","","","",0,1,"","","Y","Ratio {[]} {[]}
","The maximum dose per treatment period that can be administered","The maximum dose per treatment period that can be administered.","","","","","","","","","",,,,,"",,,,"AdministrableProductDefinition.routeOfAdministration.maxDosePerTreatmentPeriod",0,1,"","ele-1:All FHIR elements must have a @value or children {hasValue() or (children().count() > id.count())}
","Dosing and Route of Administration.Maximum dose per treatment period (Investigational Medicinal Product)"
"AdministrableProductDefinition.routeOfAdministration.maxTreatmentPeriod","AdministrableProductDefinition.routeOfAdministration.maxTreatmentPeriod","","","",0,1,"","","Y","Duration {[]} {[]}
","The maximum treatment period during which the product can be administered","The maximum treatment period during which the product can be administered.","","","","","","","","","",,,,,"",,,,"AdministrableProductDefinition.routeOfAdministration.maxTreatmentPeriod",0,1,"","ele-1:All FHIR elements must have a @value or children {hasValue() or (children().count() > id.count())}
","Dosing and Route of Administration.Maximum treatment period (Investigational Medicinal Product)"
"AdministrableProductDefinition.routeOfAdministration.targetSpecies","AdministrableProductDefinition.routeOfAdministration.targetSpecies","","","",0,*,"","","Y","BackboneElement {[]} {[]}
","A species for which this route applies","A species for which this route applies.","","","","","","","","","",,,,,"",,,,"AdministrableProductDefinition.routeOfAdministration.targetSpecies",0,*,"","ele-1:All FHIR elements must have a @value or children {hasValue() or (children().count() > id.count())}
","n/a"
"AdministrableProductDefinition.routeOfAdministration.targetSpecies.id","AdministrableProductDefinition.routeOfAdministration.targetSpecies.id","","","",0,1,"","","","string {[]} {[]}
","Unique id for inter-element referencing","Unique id for the element within a resource (for internal references). This may be any string value that does not contain spaces.","","","","","","","","","",,,,,"",,,,"Element.id",0,1,"ele-1
","","n/a"
"AdministrableProductDefinition.routeOfAdministration.targetSpecies.extension","AdministrableProductDefinition.routeOfAdministration.targetSpecies.extension","","extensions
user content","",0,*,"","","","Extension {[]} {[]}
","Additional content defined by implementations","May be used to represent additional information that is not part of the basic definition of the element. To make the use of extensions safe and managable, there is a strict set of governance applied to the definition and use of extensions. Though any implementer can define an extension, there is a set of requirements that SHALL be met as part of the definition of the extension.","There can be no stigma associated with the use of extensions by any application, project, or standard - regardless of the institution or jurisdiction that uses or defines the extensions.  The use of extensions is what allows the FHIR specification to retain a core level of simplicity for everyone.","","","","","","","","",,,,,"",,,,"Element.extension",0,*,"","ele-1:All FHIR elements must have a @value or children {hasValue() or (children().count() > id.count())}
ext-1:Must have either extensions or value[x], not both {extension.exists() != value.exists()}","n/a"
"AdministrableProductDefinition.routeOfAdministration.targetSpecies.modifierExtension","AdministrableProductDefinition.routeOfAdministration.targetSpecies.modifierExtension","","extensions
user contentmodifiers","",0,*,"","Y","Y","Extension {[]} {[]}
","Extensions that cannot be ignored even if unrecognized","May be used to represent additional information that is not part of the basic definition of the element and that modifies the understanding of the element in which it is contained and/or the understanding of the containing element's descendants. Usually modifier elements provide negation or qualification. To make the use of extensions safe and managable, there is a strict set of governance applied to the definition and use of extensions. Though any implementer can define an extension, there is a set of requirements that SHALL be met as part of the definition of the extension. Applications processing a resource are required to check for modifier extensions.

Modifier extensions SHALL NOT change the meaning of any elements on Resource or DomainResource (including cannot change the meaning of modifierExtension itself).","There can be no stigma associated with the use of extensions by any application, project, or standard - regardless of the institution or jurisdiction that uses or defines the extensions.  The use of extensions is what allows the FHIR specification to retain a core level of simplicity for everyone.","Modifier extensions allow for extensions that *cannot* be safely ignored to be clearly distinguished from the vast majority of extensions which can be safely ignored.  This promotes interoperability by eliminating the need for implementers to prohibit the presence of extensions. For further information, see the [definition of modifier extensions](http://hl7.org/fhir/R5/extensibility.html#modifierExtension).","","","","","","","",,,,,"",,,,"BackboneElement.modifierExtension",0,*,"","ele-1:All FHIR elements must have a @value or children {hasValue() or (children().count() > id.count())}
ext-1:Must have either extensions or value[x], not both {extension.exists() != value.exists()}","N/A"
"AdministrableProductDefinition.routeOfAdministration.targetSpecies.code","AdministrableProductDefinition.routeOfAdministration.targetSpecies.code","","","",1,1,"","","Y","CodeableConcept {[]} {[]}
","Coded expression for the species","Coded expression for the species.","","","","","","","","","",,"example","A tissue type of an animal.","http://hl7.org/fhir/ValueSet/target-species","",,,,"AdministrableProductDefinition.routeOfAdministration.targetSpecies.code",1,1,"","ele-1:All FHIR elements must have a @value or children {hasValue() or (children().count() > id.count())}
","n/a"
"AdministrableProductDefinition.routeOfAdministration.targetSpecies.withdrawalPeriod","AdministrableProductDefinition.routeOfAdministration.targetSpecies.withdrawalPeriod","","","",0,*,"","","Y","BackboneElement {[]} {[]}
","A species specific time during which consumption of animal product is not appropriate","A species specific time during which consumption of animal product is not appropriate.","","","","","","","","","",,,,,"",,,,"AdministrableProductDefinition.routeOfAdministration.targetSpecies.withdrawalPeriod",0,*,"","ele-1:All FHIR elements must have a @value or children {hasValue() or (children().count() > id.count())}
","n/a"
"AdministrableProductDefinition.routeOfAdministration.targetSpecies.withdrawalPeriod.id","AdministrableProductDefinition.routeOfAdministration.targetSpecies.withdrawalPeriod.id","","","",0,1,"","","","string {[]} {[]}
","Unique id for inter-element referencing","Unique id for the element within a resource (for internal references). This may be any string value that does not contain spaces.","","","","","","","","","",,,,,"",,,,"Element.id",0,1,"ele-1
","","n/a"
"AdministrableProductDefinition.routeOfAdministration.targetSpecies.withdrawalPeriod.extension","AdministrableProductDefinition.routeOfAdministration.targetSpecies.withdrawalPeriod.extension","","extensions
user content","",0,*,"","","","Extension {[]} {[]}
","Additional content defined by implementations","May be used to represent additional information that is not part of the basic definition of the element. To make the use of extensions safe and managable, there is a strict set of governance applied to the definition and use of extensions. Though any implementer can define an extension, there is a set of requirements that SHALL be met as part of the definition of the extension.","There can be no stigma associated with the use of extensions by any application, project, or standard - regardless of the institution or jurisdiction that uses or defines the extensions.  The use of extensions is what allows the FHIR specification to retain a core level of simplicity for everyone.","","","","","","","","",,,,,"",,,,"Element.extension",0,*,"","ele-1:All FHIR elements must have a @value or children {hasValue() or (children().count() > id.count())}
ext-1:Must have either extensions or value[x], not both {extension.exists() != value.exists()}","n/a"
"AdministrableProductDefinition.routeOfAdministration.targetSpecies.withdrawalPeriod.modifierExtension","AdministrableProductDefinition.routeOfAdministration.targetSpecies.withdrawalPeriod.modifierExtension","","extensions
user contentmodifiers","",0,*,"","Y","Y","Extension {[]} {[]}
","Extensions that cannot be ignored even if unrecognized","May be used to represent additional information that is not part of the basic definition of the element and that modifies the understanding of the element in which it is contained and/or the understanding of the containing element's descendants. Usually modifier elements provide negation or qualification. To make the use of extensions safe and managable, there is a strict set of governance applied to the definition and use of extensions. Though any implementer can define an extension, there is a set of requirements that SHALL be met as part of the definition of the extension. Applications processing a resource are required to check for modifier extensions.

Modifier extensions SHALL NOT change the meaning of any elements on Resource or DomainResource (including cannot change the meaning of modifierExtension itself).","There can be no stigma associated with the use of extensions by any application, project, or standard - regardless of the institution or jurisdiction that uses or defines the extensions.  The use of extensions is what allows the FHIR specification to retain a core level of simplicity for everyone.","Modifier extensions allow for extensions that *cannot* be safely ignored to be clearly distinguished from the vast majority of extensions which can be safely ignored.  This promotes interoperability by eliminating the need for implementers to prohibit the presence of extensions. For further information, see the [definition of modifier extensions](http://hl7.org/fhir/R5/extensibility.html#modifierExtension).","","","","","","","",,,,,"",,,,"BackboneElement.modifierExtension",0,*,"","ele-1:All FHIR elements must have a @value or children {hasValue() or (children().count() > id.count())}
ext-1:Must have either extensions or value[x], not both {extension.exists() != value.exists()}","N/A"
"AdministrableProductDefinition.routeOfAdministration.targetSpecies.withdrawalPeriod.tissue","AdministrableProductDefinition.routeOfAdministration.targetSpecies.withdrawalPeriod.tissue","","","",1,1,"","","Y","CodeableConcept {[]} {[]}
","The type of tissue for which the withdrawal period applies, e.g. meat, milk","Coded expression for the type of tissue for which the withdrawal period applies, e.g. meat, milk.","","","","","","","","","",,"example","A tissue type of an animal.","http://hl7.org/fhir/ValueSet/animal-tissue-type","",,,,"AdministrableProductDefinition.routeOfAdministration.targetSpecies.withdrawalPeriod.tissue",1,1,"","ele-1:All FHIR elements must have a @value or children {hasValue() or (children().count() > id.count())}
","n/a"
"AdministrableProductDefinition.routeOfAdministration.targetSpecies.withdrawalPeriod.value","AdministrableProductDefinition.routeOfAdministration.targetSpecies.withdrawalPeriod.value","","","",1,1,"","","Y","Quantity {[]} {[]}
","A value for the time","A value for the time.","","","","","","","","","",,,,,"",,,,"AdministrableProductDefinition.routeOfAdministration.targetSpecies.withdrawalPeriod.value",1,1,"","ele-1:All FHIR elements must have a @value or children {hasValue() or (children().count() > id.count())}
","n/a"
"AdministrableProductDefinition.routeOfAdministration.targetSpecies.withdrawalPeriod.supportingInformation","AdministrableProductDefinition.routeOfAdministration.targetSpecies.withdrawalPeriod.supportingInformation","","","",0,1,"","","Y","string {[]} {[]}
","Extra information about the withdrawal period","Extra information about the withdrawal period.","","","","","","","","","",,,,,"",,,,"AdministrableProductDefinition.routeOfAdministration.targetSpecies.withdrawalPeriod.supportingInformation",0,1,"","ele-1:All FHIR elements must have a @value or children {hasValue() or (children().count() > id.count())}
","n/a"
