<?xml version="1.0" encoding="UTF-8"?><ImplementationGuide xmlns="http://hl7.org/fhir"><id value="fhir.example"/><text><status value="generated"/><div xmlns="http://www.w3.org/1999/xhtml"><p class="res-header-id"><b>Generated Narrative: ImplementationGuide fhir.example</b></p><a name="fhir.example"> </a><a name="hcfhir.example"> </a><a name="fhir.example-en-US"> </a><h2>MOPED</h2><p>The official URL for this implementation guide is: </p><pre>http://example.org/ImplementationGuide/fhir.example</pre></div></text><url value="http://example.org/ImplementationGuide/fhir.example"/><version value="0.1.0"/><name value="MOPED"/><title value="Moderne Patient:innenabrechnung und Datenkommunikation on FHIR (MOPED)"/><status value="draft"/><date value="2024-09-17T12:39:21+00:00"/><publisher value="Example Publisher"/><contact><name value="Example Publisher"/><telecom><system value="url"/><value value="http://example.org/example-publisher"/></telecom></contact><packageId value="fhir.example"/><license value="CC0-1.0"/><fhirVersion value="5.0.0"/><dependsOn id="hl7tx"><extension url="http://hl7.org/fhir/tools/StructureDefinition/implementationguide-dependency-comment"><valueMarkdown value="Automatically added as a dependency - all IGs depend on HL7 Terminology"/></extension><uri value="http://terminology.hl7.org/ImplementationGuide/hl7.terminology"/><packageId value="hl7.terminology.r5"/><version value="6.0.2"/></dependsOn><dependsOn id="hl7ext"><extension url="http://hl7.org/fhir/tools/StructureDefinition/implementationguide-dependency-comment"><valueMarkdown value="Automatically added as a dependency - all IGs depend on the HL7 Extension Pack"/></extension><uri value="http://hl7.org/fhir/extensions/ImplementationGuide/hl7.fhir.uv.extensions"/><packageId value="hl7.fhir.uv.extensions.r5"/><version value="5.1.0"/></dependsOn><dependsOn id="hl7_at_fhir_core_r5"><uri value="http://hl7.at/fhir/HL7ATCoreProfiles/5.0.0/ImplementationGuide/hl7.at.fhir.core.r5"/><packageId value="hl7.at.fhir.core.r5"/><version value="current"/></dependsOn><definition><extension url="http://hl7.org/fhir/tools/StructureDefinition/ig-internal-dependency"><valueCode value="hl7.fhir.uv.tools#0.2.0"/></extension><grouping id="-str-profile"><name value="Structures: Resource Profiles"/><description value="These define constraints on FHIR resources for systems conforming to this implementation guide."/></grouping><grouping id="-str-extension"><name value="Structures: Extension Definitions"/><description value="These define constraints on FHIR data types for systems conforming to this implementation guide."/></grouping><grouping id="-term-valueset"><name value="Terminology: Value Sets"/><description value="These define sets of codes used by systems conforming to this implementation guide."/></grouping><grouping id="-ex-example"><name value="Example: Example Instances"/><description value="These are example instances that show what data produced and consumed by systems conforming with this implementation guide might look like."/></grouping><resource><extension url="http://hl7.org/fhir/tools/StructureDefinition/resource-sort"><valueInteger value="999999999"/></extension><extension url="http://hl7.org/fhir/StructureDefinition/implementationguide-page"><valueUri value="StructureDefinition-MOPEDAccount.html"/></extension><reference><reference value="StructureDefinition/MOPEDAccount"/></reference><name value="MOPEDAccount"/><description value="MOPED Profil der Account Ressource für die administrative Fallführung und Abrechnung."/><isExample value="false"/><groupingId value="-str-profile"/></resource><resource><extension url="http://hl7.org/fhir/tools/StructureDefinition/resource-sort"><valueInteger value="999999999"/></extension><extension url="http://hl7.org/fhir/StructureDefinition/implementationguide-page"><valueUri value="StructureDefinition-MOPEDClaim.html"/></extension><reference><reference value="StructureDefinition/MOPEDClaim"/></reference><name value="MOPEDClaim"/><description value="MOPED Profil der Claim Ressource für die Leistungsabrechnungsanfrage."/><isExample value="false"/><groupingId value="-str-profile"/></resource><resource><extension url="http://hl7.org/fhir/tools/StructureDefinition/resource-sort"><valueInteger value="999999999"/></extension><extension url="http://hl7.org/fhir/StructureDefinition/implementationguide-page"><valueUri value="StructureDefinition-MOPEDClaimResponse.html"/></extension><reference><reference value="StructureDefinition/MOPEDClaimResponse"/></reference><name value="MOPEDClaimResponse"/><description value="MOPED Profil der ClaimResponse Ressource für die Leistungsabrechnungsantwort."/><isExample value="false"/><groupingId value="-str-profile"/></resource><resource><extension url="http://hl7.org/fhir/tools/StructureDefinition/resource-sort"><valueInteger value="999999999"/></extension><extension url="http://hl7.org/fhir/StructureDefinition/implementationguide-page"><valueUri value="StructureDefinition-MOPEDCoverage.html"/></extension><reference><reference value="StructureDefinition/MOPEDCoverage"/></reference><name value="MOPEDCoverage"/><description value="MOPED Profil der Coverage Ressource für Versicherungen. Basierend auf dem Profil &quot;ecardAnspruch&quot;: https://www.chipkarte.at/de/vdas-on-fhir/site/StructureDefinition-ecard-anspruch-profile.html"/><isExample value="false"/><groupingId value="-str-profile"/></resource><resource><extension url="http://hl7.org/fhir/tools/StructureDefinition/resource-sort"><valueInteger value="999999999"/></extension><extension url="http://hl7.org/fhir/StructureDefinition/implementationguide-page"><valueUri value="StructureDefinition-MOPEDCoverageEligibilityRequest.html"/></extension><reference><reference value="StructureDefinition/MOPEDCoverageEligibilityRequest"/></reference><name value="MOPEDCoverageEligibilityRequest"/><description value="MOPED Profil der CoverageEligibilityRequest Ressource für die Kostenübernahmeanfrage."/><isExample value="false"/><groupingId value="-str-profile"/></resource><resource><extension url="http://hl7.org/fhir/tools/StructureDefinition/resource-sort"><valueInteger value="999999999"/></extension><extension url="http://hl7.org/fhir/StructureDefinition/implementationguide-page"><valueUri value="StructureDefinition-MOPEDCoverageEligibilityResponse.html"/></extension><reference><reference value="StructureDefinition/MOPEDCoverageEligibilityResponse"/></reference><name value="MOPEDCoverageEligibilityResponse"/><description value="MOPED Profil der CoverageEligibilityResponse Ressource für die Kostenübernahmeantwort."/><isExample value="false"/><groupingId value="-str-profile"/></resource><resource><extension url="http://hl7.org/fhir/tools/StructureDefinition/resource-sort"><valueInteger value="999999999"/></extension><extension url="http://hl7.org/fhir/StructureDefinition/implementationguide-page"><valueUri value="StructureDefinition-MOPEDEncounter.html"/></extension><reference><reference value="StructureDefinition/MOPEDEncounter"/></reference><name value="MOPEDEncounter"/><description value="MOPED Profil der Encounter Ressource für die Krankenanstaltenaufnahme und Entlassung"/><isExample value="false"/><groupingId value="-str-profile"/></resource><resource><extension url="http://hl7.org/fhir/tools/StructureDefinition/resource-sort"><valueInteger value="999999999"/></extension><extension url="http://hl7.org/fhir/StructureDefinition/implementationguide-page"><valueUri value="StructureDefinition-MOPEDOrganizationAbteilung.html"/></extension><reference><reference value="StructureDefinition/MOPEDOrganizationAbteilung"/></reference><name value="MOPEDOrganizationAbteilung"/><description value="MOPED Profil für Abteilungen innerhalb einer Krankenanstalt."/><isExample value="false"/><groupingId value="-str-profile"/></resource><resource><extension url="http://hl7.org/fhir/tools/StructureDefinition/resource-sort"><valueInteger value="999999999"/></extension><extension url="http://hl7.org/fhir/StructureDefinition/implementationguide-page"><valueUri value="StructureDefinition-MOPEDTransferEncounter.html"/></extension><reference><reference value="StructureDefinition/MOPEDTransferEncounter"/></reference><name value="MOPEDTransferEncounter"/><description value="MOPED Profil der Encounter Ressource für die Verlegung innerhalb oder zwischen Krankenanstalten"/><isExample value="false"/><groupingId value="-str-profile"/></resource><resource><extension url="http://hl7.org/fhir/tools/StructureDefinition/resource-sort"><valueInteger value="999999999"/></extension><extension url="http://hl7.org/fhir/StructureDefinition/implementationguide-page"><valueUri value="StructureDefinition-moped-ext-diagnosisRelatedNode.html"/></extension><reference><reference value="StructureDefinition/moped-ext-diagnosisRelatedNode"/></reference><name value="Abrechnung - Knoten"/><description value="Lukriert die Patient:innen über eine reguläre Gruppe Punkte, so ist in diesem Datenfeld die entsprechende Knotenbezeichnung einzutragen."/><isExample value="false"/><groupingId value="-str-extension"/></resource><resource><extension url="http://hl7.org/fhir/tools/StructureDefinition/resource-sort"><valueInteger value="999999999"/></extension><extension url="http://hl7.org/fhir/StructureDefinition/implementationguide-page"><valueUri value="StructureDefinition-SVAbrechnungsquartal.html"/></extension><reference><reference value="StructureDefinition/SVAbrechnungsquartal"/></reference><name value="Abrechnungsquartal der Sozialversicherung"/><description value="Das Abrechnungsquartal ist in der Form Jahr (JJJJ) und Quartal (Q) zu melden."/><isExample value="false"/><groupingId value="-str-extension"/></resource><resource><extension url="http://hl7.org/fhir/tools/StructureDefinition/resource-sort"><valueInteger value="999999999"/></extension><extension url="http://hl7.org/fhir/StructureDefinition/implementationguide-page"><valueUri value="StructureDefinition-moped-ext-AccountRef.html"/></extension><reference><reference value="StructureDefinition/moped-ext-AccountRef"/></reference><name value="Account Referenz"/><description value="Referenz auf den im Claim abzurechnenden Account"/><isExample value="false"/><groupingId value="-str-extension"/></resource><resource><extension url="http://hl7.org/fhir/tools/StructureDefinition/resource-sort"><valueInteger value="999999999"/></extension><extension url="http://hl7.org/fhir/StructureDefinition/implementationguide-page"><valueUri value="StructureDefinition-moped-ext-AnzahlSonderleistungen.html"/></extension><reference><reference value="StructureDefinition/moped-ext-AnzahlSonderleistungen"/></reference><name value="Anzahl Sonderleistungen"/><description value="MOPED Extension für die Anzahl der Sonderleistungen"/><isExample value="false"/><groupingId value="-str-extension"/></resource><resource><extension url="http://hl7.org/fhir/tools/StructureDefinition/resource-sort"><valueInteger value="999999999"/></extension><extension url="http://hl7.org/fhir/StructureDefinition/implementationguide-page"><valueUri value="StructureDefinition-moped-ext-Beihilfenaequivalent.html"/></extension><reference><reference value="StructureDefinition/moped-ext-Beihilfenaequivalent"/></reference><name value="Beihilfenaequivalent"/><description value="MOPED Extension für das Beihilfenaequivalent"/><isExample value="false"/><groupingId value="-str-extension"/></resource><resource><extension url="http://hl7.org/fhir/tools/StructureDefinition/resource-sort"><valueInteger value="999999999"/></extension><extension url="http://hl7.org/fhir/StructureDefinition/implementationguide-page"><valueUri value="StructureDefinition-moped-ext-erworben.html"/></extension><reference><reference value="StructureDefinition/moped-ext-erworben"/></reference><name value="Diagnose - im stationären Aufenthalt erworben"/><description value="MOPED Extension, um anzugeben, ob die Diagnose während des stationären Aufenthalts erworben wurde."/><isExample value="false"/><groupingId value="-str-extension"/></resource><resource><extension url="http://hl7.org/fhir/tools/StructureDefinition/resource-sort"><valueInteger value="999999999"/></extension><extension url="http://hl7.org/fhir/StructureDefinition/implementationguide-page"><valueUri value="StructureDefinition-moped-ext-EndOfEligibility.html"/></extension><reference><reference value="StructureDefinition/moped-ext-EndOfEligibility"/></reference><name value="EndOfEligibility"/><description value="Fristende - Befristungen sind in folgenden Fällen vorgesehen:&#xA;- Bei zeitlichen Beschränkungen aufgrund einer zu erwartenden, nachfolgenden medizini-&#xA;schen Hauskrankenpflege&#xA;- Bei Vorhersehbarkeit des Eintritts einer Asylierung&#xA;- Bei unsicherer, versicherungsrechtlicher Entwicklung&#xA;Bei den ersten beiden Punkten wird von den Krankenversicherungsträgern das Fristende individuell gesetzt. Beim dritten Punkt wird im Regelfall eine generelle Tagesbeschränkung erfolgen, weil die Versichertenanspruchserklärung in die Zukunft gerichtet ist und der Krankenversicherungsträger seine Zuständigkeit von vornherein nur für einen bestimmten Zeitraum annehmen kann (Ausleis- tungssituation gem. § 122 ASVG).&#xA;Durch die Angabe eines Fristendes wird signalisiert, dass bei einem über das Fristende hinaus dau- ernden Aufenthalt eine Verlängerungsanzeige vorzulegen ist."/><isExample value="false"/><groupingId value="-str-extension"/></resource><resource><extension url="http://hl7.org/fhir/tools/StructureDefinition/resource-sort"><valueInteger value="999999999"/></extension><extension url="http://hl7.org/fhir/StructureDefinition/implementationguide-page"><valueUri value="StructureDefinition-moped-ext-ErrorWarning.html"/></extension><reference><reference value="StructureDefinition/moped-ext-ErrorWarning"/></reference><name value="Error/Warning"/><description value="MOPED Extension für akzeptierte Errors und Warnings"/><isExample value="false"/><groupingId value="-str-extension"/></resource><resource><extension url="http://hl7.org/fhir/tools/StructureDefinition/resource-sort"><valueInteger value="999999999"/></extension><extension url="http://hl7.org/fhir/StructureDefinition/implementationguide-page"><valueUri value="StructureDefinition-moped-ext-fallnummer.html"/></extension><reference><reference value="StructureDefinition/moped-ext-fallnummer"/></reference><name value="Fallnummer"/><description value="MOPED Extension für die Anzahl der Wiederaufnahmen"/><isExample value="false"/><groupingId value="-str-extension"/></resource><resource><extension url="http://hl7.org/fhir/tools/StructureDefinition/resource-sort"><valueInteger value="999999999"/></extension><extension url="http://hl7.org/fhir/StructureDefinition/implementationguide-page"><valueUri value="StructureDefinition-moped-ext-fondsrelevanz.html"/></extension><reference><reference value="StructureDefinition/moped-ext-fondsrelevanz"/></reference><name value="Fondsrelevanz"/><description value="Hier ist anzugeben, ob der stationäre Aufenthalt/ambulante Besuch gegenüber dem Landesgesundheitsfonds/PRIKRAF abzurechnen ist."/><isExample value="false"/><groupingId value="-str-extension"/></resource><resource><extension url="http://hl7.org/fhir/tools/StructureDefinition/resource-sort"><valueInteger value="999999999"/></extension><extension url="http://hl7.org/fhir/StructureDefinition/implementationguide-page"><valueUri value="StructureDefinition-moped-ext-ForderungsbetragAuslaenderverrechnungRegress.html"/></extension><reference><reference value="StructureDefinition/moped-ext-ForderungsbetragAuslaenderverrechnungRegress"/></reference><name value="Forderungsbetrag für Auslaenderverrechnung oder Regress"/><description value="MOPED Extension für den Forderungsbetrag für Ausländerverrechnung oder Regress"/><isExample value="false"/><groupingId value="-str-extension"/></resource><resource><extension url="http://hl7.org/fhir/tools/StructureDefinition/resource-sort"><valueInteger value="999999999"/></extension><extension url="http://hl7.org/fhir/StructureDefinition/implementationguide-page"><valueUri value="StructureDefinition-ecard-anspruch-kostenanteilbefreit.html"/></extension><reference><reference value="StructureDefinition/ecard-anspruch-kostenanteilbefreit"/></reference><name value="Kostenanteilbefreit laut Versicherungsanspruch"/><description value="Kostenanteilbefreiung für den Patienten, die direkt an den Anspruch geknüpft ist. Kostenanteile sind &#xA;entweder laut Gesetz vorgegeben (z.B. Rezeptgebühr) oder sie sind in der Satzung des jeweiligen KV-Trägers &#xA;verankert und werden meistens errechnet (z.B. für Heilbehelfe und Hilfsmittel)."/><isExample value="false"/><groupingId value="-str-extension"/></resource><resource><extension url="http://hl7.org/fhir/tools/StructureDefinition/resource-sort"><valueInteger value="999999999"/></extension><extension url="http://hl7.org/fhir/StructureDefinition/implementationguide-page"><valueUri value="StructureDefinition-moped-ext-KonstenmeldungARK.html"/></extension><reference><reference value="StructureDefinition/moped-ext-KonstenmeldungARK"/></reference><name value="Kostenmeldung für (A/R/K)"/><description value="MOPED Extension für die Kostenmeldung. Konstenmeldung für A = Ausländerverrechnung, R = Regressangelegenheiten oder K = Kosteninformation"/><isExample value="false"/><groupingId value="-str-extension"/></resource><resource><extension url="http://hl7.org/fhir/tools/StructureDefinition/resource-sort"><valueInteger value="999999999"/></extension><extension url="http://hl7.org/fhir/StructureDefinition/implementationguide-page"><valueUri value="StructureDefinition-moped-ext-Kostenstelle.html"/></extension><reference><reference value="StructureDefinition/moped-ext-Kostenstelle"/></reference><name value="Kostenstelle"/><description value="MOPED Extension für akzeptierte Errors und Warnings"/><isExample value="false"/><groupingId value="-str-extension"/></resource><resource><extension url="http://hl7.org/fhir/tools/StructureDefinition/resource-sort"><valueInteger value="999999999"/></extension><extension url="http://hl7.org/fhir/StructureDefinition/implementationguide-page"><valueUri value="StructureDefinition-moped-ext-LDFBetragNetto.html"/></extension><reference><reference value="StructureDefinition/moped-ext-LDFBetragNetto"/></reference><name value="LDF-Betrag Netto"/><description value="MOPED Extension für den LDF-Punktewert Netto. Ergibt sich durch Punkteanzahl mal Punktewert Forderungsbasis ohne Berücksichtigung eines Patientenanteiles f. Angehörige bzw. eines Beihilfenäquivalentes"/><isExample value="false"/><groupingId value="-str-extension"/></resource><resource><extension url="http://hl7.org/fhir/tools/StructureDefinition/resource-sort"><valueInteger value="999999999"/></extension><extension url="http://hl7.org/fhir/StructureDefinition/implementationguide-page"><valueUri value="StructureDefinition-moped-ext-LDFPunktewertNetto.html"/></extension><reference><reference value="StructureDefinition/moped-ext-LDFPunktewertNetto"/></reference><name value="LDF-Punktewert Netto"/><description value="MOPED Extension für den LDF-Punktewert Netto"/><isExample value="false"/><groupingId value="-str-extension"/></resource><resource><extension url="http://hl7.org/fhir/tools/StructureDefinition/resource-sort"><valueInteger value="999999999"/></extension><extension url="http://hl7.org/fhir/StructureDefinition/implementationguide-page"><valueUri value="StructureDefinition-Leistungskomponente-Leistungspunkte.html"/></extension><reference><reference value="StructureDefinition/Leistungskomponente-Leistungspunkte"/></reference><name value="Leistungskomponente/Leistungspunkte"/><description value="In dieses Datenfeld ist – soweit zutreffend – die Leistungskomponente bzw. sind die Leistungspunkte einzutragen."/><isExample value="false"/><groupingId value="-str-extension"/></resource><resource><extension url="http://hl7.org/fhir/tools/StructureDefinition/resource-sort"><valueInteger value="999999999"/></extension><extension url="http://hl7.org/fhir/StructureDefinition/implementationguide-page"><valueUri value="StructureDefinition-moped-ext-MealCostExcemption.html"/></extension><reference><reference value="StructureDefinition/moped-ext-MealCostExcemption"/></reference><name value="MealCostExcemption"/><description value="VKBEFR – Verpflegskosten-Beitragsbefreiung"/><isExample value="false"/><groupingId value="-str-extension"/></resource><resource><extension url="http://hl7.org/fhir/tools/StructureDefinition/resource-sort"><valueInteger value="999999999"/></extension><extension url="http://hl7.org/fhir/StructureDefinition/implementationguide-page"><valueUri value="StructureDefinition-moped-ext-AbrechnungsRelevanz.html"/></extension><reference><reference value="StructureDefinition/moped-ext-AbrechnungsRelevanz"/></reference><name value="Medizinische Leistung - Abrechnungsrelevanz"/><description value="Hier ist anzugeben, ob die medizinische Leistung bei der Bepunktung des ambulanten Besuchs/stationären Aufenthalts (Satzart X01) zu berücksichtigen ist."/><isExample value="false"/><groupingId value="-str-extension"/></resource><resource><extension url="http://hl7.org/fhir/tools/StructureDefinition/resource-sort"><valueInteger value="999999999"/></extension><extension url="http://hl7.org/fhir/StructureDefinition/implementationguide-page"><valueUri value="StructureDefinition-moped-ext-Patientenanteil.html"/></extension><reference><reference value="StructureDefinition/moped-ext-Patientenanteil"/></reference><name value="Patientenanteil Netto"/><description value="MOPED Extension für den Patientenanteil netto: Betrag in €, 2 Nachkommastellen"/><isExample value="false"/><groupingId value="-str-extension"/></resource><resource><extension url="http://hl7.org/fhir/tools/StructureDefinition/resource-sort"><valueInteger value="999999999"/></extension><extension url="http://hl7.org/fhir/StructureDefinition/implementationguide-page"><valueUri value="StructureDefinition-moped-ext-PatientenanteilAngehoerige.html"/></extension><reference><reference value="StructureDefinition/moped-ext-PatientenanteilAngehoerige"/></reference><name value="Patientenanteil für Angehoerige"/><description value="MOPED Extension für den Patientenanteil für Angehörige (tägl. Satz) netto: Betrag in €, 2 Nachkommastellen"/><isExample value="false"/><groupingId value="-str-extension"/></resource><resource><extension url="http://hl7.org/fhir/tools/StructureDefinition/resource-sort"><valueInteger value="999999999"/></extension><extension url="http://hl7.org/fhir/StructureDefinition/implementationguide-page"><valueUri value="StructureDefinition-Plausibilitaetskennzeichen.html"/></extension><reference><reference value="StructureDefinition/Plausibilitaetskennzeichen"/></reference><name value="Plausibilitaetskennzeichen"/><description value="Dieses Datenfeld enthält eine Kennzeichnung als Ergebnis der vom Gesundheitsministerium vorgegebenen Plausibilitätsprüfung."/><isExample value="false"/><groupingId value="-str-extension"/></resource><resource><extension url="http://hl7.org/fhir/tools/StructureDefinition/resource-sort"><valueInteger value="999999999"/></extension><extension url="http://hl7.org/fhir/StructureDefinition/implementationguide-page"><valueUri value="StructureDefinition-moped-ext-PremiumClass.html"/></extension><reference><reference value="StructureDefinition/moped-ext-PremiumClass"/></reference><name value="PremiumClass"/><description value="KLAS – Allgemeine Gebührenklasse/Sonderklasse"/><isExample value="false"/><groupingId value="-str-extension"/></resource><resource><extension url="http://hl7.org/fhir/tools/StructureDefinition/resource-sort"><valueInteger value="999999999"/></extension><extension url="http://hl7.org/fhir/StructureDefinition/implementationguide-page"><valueUri value="StructureDefinition-Punkte-Belagsdauerausreisser-unten-Leistungskomponente.html"/></extension><reference><reference value="StructureDefinition/Punkte-Belagsdauerausreisser-unten-Leistungskomponente"/></reference><name value="Punkte Belagsdauerausreisser unten - Leistungskomponente"/><description value="In dieses Datenfeld ist – soweit zutreffend – die ermittelte Leistungskomponente für jene Patient:innen einzutragen, deren Belagsdauer des akutstationären Krankenhausaufenthalts unter der im LKF-Modell in der jeweiligen LDF-Pauschale festgelegten Belagsdaueruntergrenze liegt."/><isExample value="false"/><groupingId value="-str-extension"/></resource><resource><extension url="http://hl7.org/fhir/tools/StructureDefinition/resource-sort"><valueInteger value="999999999"/></extension><extension url="http://hl7.org/fhir/StructureDefinition/implementationguide-page"><valueUri value="StructureDefinition-Punkte-Belagsdauerausreisser-unten-Tageskomponente.html"/></extension><reference><reference value="StructureDefinition/Punkte-Belagsdauerausreisser-unten-Tageskomponente"/></reference><name value="Punkte Belagsdauerausreisser unten - Tageskomponente"/><description value="In dieses Datenfeld ist – soweit zutreffend – die ermittelte Tageskomponente für jene Patient:innen einzutragen, deren Belagsdauer des akut-stationären Krankenhausaufent- halts unter der im LKF-Modell in der jeweiligen LDF-Pauschale festgelegten Belagsdauer- untergrenze liegt."/><isExample value="false"/><groupingId value="-str-extension"/></resource><resource><extension url="http://hl7.org/fhir/tools/StructureDefinition/resource-sort"><valueInteger value="999999999"/></extension><extension url="http://hl7.org/fhir/StructureDefinition/implementationguide-page"><valueUri value="StructureDefinition-moped-ext-PunkteLDFPauschale.html"/></extension><reference><reference value="StructureDefinition/moped-ext-PunkteLDFPauschale"/></reference><name value="Punkte LDF Pauschale"/><description value="MOPED Extension für die LDF Punkte Pauschale"/><isExample value="false"/><groupingId value="-str-extension"/></resource><resource><extension url="http://hl7.org/fhir/tools/StructureDefinition/resource-sort"><valueInteger value="999999999"/></extension><extension url="http://hl7.org/fhir/StructureDefinition/implementationguide-page"><valueUri value="StructureDefinition-Punkte-spezieller-Bereiche-tageweise.html"/></extension><reference><reference value="StructureDefinition/Punkte-spezieller-Bereiche-tageweise"/></reference><name value="Punkte spezieller Bereiche (tageweise)"/><description value="In dieses Datenfeld ist – soweit zutreffend – die Summe der tageweise ermittelten Punkte für einen stationären Krankenhausaufenthalt in speziellen Leistungsbereichen (z.B. in den Bereichen der Kinder- und Jugendpsychiatrie, der Akut-Nachbehandlung von neuro- logischen Patient:innen, der medizinischen Geriatrie, der Akutgeriatrie/Remobilisation sowie der palliativmedizinischen Einrichtungen) einzutragen."/><isExample value="false"/><groupingId value="-str-extension"/></resource><resource><extension url="http://hl7.org/fhir/tools/StructureDefinition/resource-sort"><valueInteger value="999999999"/></extension><extension url="http://hl7.org/fhir/StructureDefinition/implementationguide-page"><valueUri value="StructureDefinition-totalPoints.html"/></extension><reference><reference value="StructureDefinition/totalPoints"/></reference><name value="Punkte total"/><description value="In dieses Datenfeld ist die Gesamtsumme der für den stationären Aufenthalt/den ambulanten Besuch ermittelten Punkte einzutragen."/><isExample value="false"/><groupingId value="-str-extension"/></resource><resource><extension url="http://hl7.org/fhir/tools/StructureDefinition/resource-sort"><valueInteger value="999999999"/></extension><extension url="http://hl7.org/fhir/StructureDefinition/implementationguide-page"><valueUri value="StructureDefinition-moped-ext-RechnungsnummerKHLGF.html"/></extension><reference><reference value="StructureDefinition/moped-ext-RechnungsnummerKHLGF"/></reference><name value="Rechnungsnummer der Krankenanstalt bzw. des Landesgesundheitsfonds"/><description value="MOPED Extension für die Rechnungsnummer der Krankenanstalt bzw. des Landesgesundheitsfonds"/><isExample value="false"/><groupingId value="-str-extension"/></resource><resource><extension url="http://hl7.org/fhir/tools/StructureDefinition/resource-sort"><valueInteger value="999999999"/></extension><extension url="http://hl7.org/fhir/StructureDefinition/implementationguide-page"><valueUri value="StructureDefinition-ecard-anspruch-rezeptgebbefreit.html"/></extension><reference><reference value="StructureDefinition/ecard-anspruch-rezeptgebbefreit"/></reference><name value="Rezeptgebührenbefreit laut Versicherungsanspruch"/><description value="Rezeptgebührenbefreiung für den Patienten, die direkt an den Anspruch  geknüpft ist. Der Patient ist von der &#xA;Entrichtung der Rezeptgebühr befreit. Kostenanteile sind entweder laut Gesetz vorgegeben (z.B. Rezeptgebühr) oder sie sind in der Satzung des jeweiligen KV-Trägers &#xA;verankert und werden meistens errechnet (z.B. für Heilbehelfe und Hilfsmittel)."/><isExample value="false"/><groupingId value="-str-extension"/></resource><resource><extension url="http://hl7.org/fhir/tools/StructureDefinition/resource-sort"><valueInteger value="999999999"/></extension><extension url="http://hl7.org/fhir/StructureDefinition/implementationguide-page"><valueUri value="StructureDefinition-moped-ext-Sonderleistungsnummer.html"/></extension><reference><reference value="StructureDefinition/moped-ext-Sonderleistungsnummer"/></reference><name value="Sonderleistungsnummer"/><description value="MOPED Extension für die Sonderleistungsnummer"/><isExample value="false"/><groupingId value="-str-extension"/></resource><resource><extension url="http://hl7.org/fhir/tools/StructureDefinition/resource-sort"><valueInteger value="999999999"/></extension><extension url="http://hl7.org/fhir/StructureDefinition/implementationguide-page"><valueUri value="StructureDefinition-moped-ext-TageOhneKostenbeitrag.html"/></extension><reference><reference value="StructureDefinition/moped-ext-TageOhneKostenbeitrag"/></reference><name value="Tage ohne Einhebung des Kostenbeitrags"/><description value="Anzahl der Tage, für welche kein Kostenbeitrag seitens der Krankenanstalt eingehoben wurde"/><isExample value="false"/><groupingId value="-str-extension"/></resource><resource><extension url="http://hl7.org/fhir/tools/StructureDefinition/resource-sort"><valueInteger value="999999999"/></extension><extension url="http://hl7.org/fhir/StructureDefinition/implementationguide-page"><valueUri value="StructureDefinition-Tageskomponente-Kontaktpunkte.html"/></extension><reference><reference value="StructureDefinition/Tageskomponente-Kontaktpunkte"/></reference><name value="Tageskomponente/Kontaktpunkte"/><description value="In dieses Datenfeld ist – soweit zutreffend – die Tageskomponente bzw. sind die Kontakt- punkte einzutragen."/><isExample value="false"/><groupingId value="-str-extension"/></resource><resource><extension url="http://hl7.org/fhir/tools/StructureDefinition/resource-sort"><valueInteger value="999999999"/></extension><extension url="http://hl7.org/fhir/StructureDefinition/implementationguide-page"><valueUri value="StructureDefinition-moped-ext-transportart.html"/></extension><reference><reference value="StructureDefinition/moped-ext-transportart"/></reference><name value="Transportart"/><description value="MOPED Extension für die Transportart."/><isExample value="false"/><groupingId value="-str-extension"/></resource><resource><extension url="http://hl7.org/fhir/tools/StructureDefinition/resource-sort"><valueInteger value="999999999"/></extension><extension url="http://hl7.org/fhir/StructureDefinition/implementationguide-page"><valueUri value="StructureDefinition-moped-ext-unfalldatum.html"/></extension><reference><reference value="StructureDefinition/moped-ext-unfalldatum"/></reference><name value="Unfalldatum"/><description value="MOPED Extension für das Ereignis-/Unfalldatum."/><isExample value="false"/><groupingId value="-str-extension"/></resource><resource><extension url="http://hl7.org/fhir/tools/StructureDefinition/resource-sort"><valueInteger value="999999999"/></extension><extension url="http://hl7.org/fhir/StructureDefinition/implementationguide-page"><valueUri value="StructureDefinition-moped-ext-vaestatus.html"/></extension><reference><reference value="StructureDefinition/moped-ext-vaestatus"/></reference><name value="VAEStatus"/><description value="&quot;VAEST - Status der Versichertenanspruchserklärung&quot;"/><isExample value="false"/><groupingId value="-str-extension"/></resource><resource><extension url="http://hl7.org/fhir/tools/StructureDefinition/resource-sort"><valueInteger value="999999999"/></extension><extension url="http://hl7.org/fhir/StructureDefinition/implementationguide-page"><valueUri value="StructureDefinition-moped-ext-vdasid.html"/></extension><reference><reference value="StructureDefinition/moped-ext-vdasid"/></reference><name value="VDAS-ID - VersichertenDatenAbfrageService"/><description value="Es handelt sich um eine ID, welche bei der VDAS-Abfrage durch die Krankenanstalt vom e-card System vergeben wird und von der Krankenanstalt in der Aufnahme-/Ereignisanzeige mitgeliefert werden kann. Dadurch kann das Abfrageergebnis eindeutig nachvollzogen werden.&#xA;Das Ergebnis der VDAS-Abfrage ist im ambulanten Bereich für den Krankenversicherungsträger verbindlich. Eine Ablehnung aus versicherungsrechtlichen Gründen ist nicht möglich, sofern die Ereignisanzeige jenem Träger aus der VDAS-Abfrage (inkl. VDAS-ID) übermittelt wurde.&#xA;Um eine zwischenstaatliche Verrechnung zu ermöglichen ist bei zwischenstaatlichen Fällen eine Ablehnung zulässig."/><isExample value="false"/><groupingId value="-str-extension"/></resource><resource><extension url="http://hl7.org/fhir/tools/StructureDefinition/resource-sort"><valueInteger value="999999999"/></extension><extension url="http://hl7.org/fhir/StructureDefinition/implementationguide-page"><valueUri value="StructureDefinition-moped-ext-VerdachtArbeitsSchuelerunfall.html"/></extension><reference><reference value="StructureDefinition/moped-ext-VerdachtArbeitsSchuelerunfall"/></reference><name value="Verdacht auf Arbeits- oder Schuelerunfall"/><description value="MOPED Extension für den Verdacht auf einen Arbeits- oder Schuelerunfall."/><isExample value="false"/><groupingId value="-str-extension"/></resource><resource><extension url="http://hl7.org/fhir/tools/StructureDefinition/resource-sort"><valueInteger value="999999999"/></extension><extension url="http://hl7.org/fhir/StructureDefinition/implementationguide-page"><valueUri value="StructureDefinition-moped-ext-VerdachtFremdverschulden.html"/></extension><reference><reference value="StructureDefinition/moped-ext-VerdachtFremdverschulden"/></reference><name value="Verdacht auf Fremdverschulden"/><description value="MOPED Extension für den Verdacht auf Fremdverschulden"/><isExample value="false"/><groupingId value="-str-extension"/></resource><resource><extension url="http://hl7.org/fhir/tools/StructureDefinition/resource-sort"><valueInteger value="999999999"/></extension><extension url="http://hl7.org/fhir/StructureDefinition/implementationguide-page"><valueUri value="StructureDefinition-moped-ext-extensionDays.html"/></extension><reference><reference value="StructureDefinition/moped-ext-extensionDays"/></reference><name value="Verlaengerungstage"/><description value="Anzahl der Verlaengerungstage bei Verlängerung"/><isExample value="false"/><groupingId value="-str-extension"/></resource><resource><extension url="http://hl7.org/fhir/tools/StructureDefinition/resource-sort"><valueInteger value="999999999"/></extension><extension url="http://hl7.org/fhir/StructureDefinition/implementationguide-page"><valueUri value="StructureDefinition-moped-ext-NumberOfPreviouslyPaidDays.html"/></extension><reference><reference value="StructureDefinition/moped-ext-NumberOfPreviouslyPaidDays"/></reference><name value="Vortageanzahl auf Kostenbeitrag"/><description value="Zur Berechnung des Verpflegskostenbeitrags für Versicherte sowie des Kostenbeitrags für Angehörige ist die Angabe der zu berücksichtigenden Vortage erforderlich. Der Krankenversicherungsträger ist auf Grund der ihm zugänglichen Informationen in der Lage, Vorpflegetage zu berücksichtigen. Berücksichtigt werden alle stationären Aufenthalte eines Patienten innerhalb eines Kalenderjahres.&#xA;Der höchste Wert, mit welchem das Feld VTAGE befüllt werden kann, ist jener Wert, für welchen maximal ein Verpflegskostenbeitrag pro Kalenderjahr zu entrichten ist. Der Maximale Höchstwert beträgt somit 28 Tage."/><isExample value="false"/><groupingId value="-str-extension"/></resource><resource><extension url="http://hl7.org/fhir/tools/StructureDefinition/resource-sort"><valueInteger value="999999999"/></extension><extension url="http://hl7.org/fhir/StructureDefinition/implementationguide-page"><valueUri value="StructureDefinition-moped-ext-workflow-status.html"/></extension><reference><reference value="StructureDefinition/moped-ext-workflow-status"/></reference><name value="Workflow Status"/><description value="MOPED Extension für den Workflowstatus. Dieser beschreibt den Zustand in dem sich der administrative Fall derzeit befindet"/><isExample value="false"/><groupingId value="-str-extension"/></resource><resource><extension url="http://hl7.org/fhir/tools/StructureDefinition/resource-sort"><valueInteger value="999999999"/></extension><extension url="http://hl7.org/fhir/StructureDefinition/implementationguide-page"><valueUri value="StructureDefinition-moped-ext-zugangsart.html"/></extension><reference><reference value="StructureDefinition/moped-ext-zugangsart"/></reference><name value="Zugangsart"/><description value="MOPED Extension für die Art des Zugangs."/><isExample value="false"/><groupingId value="-str-extension"/></resource><resource><extension url="http://hl7.org/fhir/tools/StructureDefinition/resource-sort"><valueInteger value="999999999"/></extension><extension url="http://hl7.org/fhir/StructureDefinition/implementationguide-page"><valueUri value="StructureDefinition-moped-ext-Zusatzpunkte-Belagsdauerausreisser-nach-oben.html"/></extension><reference><reference value="StructureDefinition/moped-ext-Zusatzpunkte-Belagsdauerausreisser-nach-oben"/></reference><name value="Zusatzpunkte Belagsdauerausreißer nach oben"/><description value="In dieses Datenfeld ist – soweit zutreffend – die Summe der tageweise ermittelten Zusatz- punkte für jene Patient:innen einzutragen, deren Belagsdauer des akut-stationären Krankenhausaufenthaltes über der im LKF-Modell in der jeweiligen LDF-Pauschale fest- gelegten Belagsdauerobergrenze liegt."/><isExample value="false"/><groupingId value="-str-extension"/></resource><resource><extension url="http://hl7.org/fhir/tools/StructureDefinition/resource-sort"><valueInteger value="999999999"/></extension><extension url="http://hl7.org/fhir/StructureDefinition/implementationguide-page"><valueUri value="StructureDefinition-moped-ext-Zusatzpunkte-Intensiv.html"/></extension><reference><reference value="StructureDefinition/moped-ext-Zusatzpunkte-Intensiv"/></reference><name value="Zusatzpunkte Intensiv"/><description value="In dieses Datenfeld ist – soweit zutreffend – die Summe der Zusatzpunkte für während des stationären Krankenhausaufenthalts angefallene Tage auf abrechnungsrelevanten Intensiveinheiten einzutragen."/><isExample value="false"/><groupingId value="-str-extension"/></resource><resource><extension url="http://hl7.org/fhir/tools/StructureDefinition/resource-sort"><valueInteger value="999999999"/></extension><extension url="http://hl7.org/fhir/StructureDefinition/implementationguide-page"><valueUri value="StructureDefinition-moped-ext-Zusatzpunkte-Mehrfachleistungen.html"/></extension><reference><reference value="StructureDefinition/moped-ext-Zusatzpunkte-Mehrfachleistungen"/></reference><name value="Zusatzpunkte Mehrfachleistungen"/><description value="In dieses Datenfeld ist – soweit zutreffend – die Summe der Zusatzpunkte für zusätzliche Leistungen außerhalb des Punktepauschales der zur Abrechnung gelangenden Gruppe einzutragen."/><isExample value="false"/><groupingId value="-str-extension"/></resource><resource><extension url="http://hl7.org/fhir/tools/StructureDefinition/resource-sort"><valueInteger value="999999999"/></extension><extension url="http://hl7.org/fhir/StructureDefinition/implementationguide-page"><valueUri value="StructureDefinition-moped-ext-physischeAnwesenheit.html"/></extension><reference><reference value="StructureDefinition/moped-ext-physischeAnwesenheit"/></reference><name value="physische Anwesenheit"/><description value="Ob der Patient physisch anwesend war."/><isExample value="false"/><groupingId value="-str-extension"/></resource><resource><extension url="http://hl7.org/fhir/tools/StructureDefinition/resource-sort"><valueInteger value="999999999"/></extension><extension url="http://hl7.org/fhir/StructureDefinition/implementationguide-page"><valueUri value="ValueSet-moped-abgangsart-valueset.html"/></extension><reference><reference value="ValueSet/moped-abgangsart-valueset"/></reference><name value="Abgangsart des Patienten"/><description value="ValueSet für die Abgangsart des Patienten"/><isExample value="false"/><groupingId value="-term-valueset"/></resource><resource><extension url="http://hl7.org/fhir/tools/StructureDefinition/resource-sort"><valueInteger value="999999999"/></extension><extension url="http://hl7.org/fhir/StructureDefinition/implementationguide-page"><valueUri value="ValueSet-moped-AbrechnungsRelevanz-valueset.html"/></extension><reference><reference value="ValueSet/moped-AbrechnungsRelevanz-valueset"/></reference><name value="Abrechnungsrelevanz der medizinischen Leistung"/><description value="Abrechnungsrelevanz der medizinischen Leistung"/><isExample value="false"/><groupingId value="-term-valueset"/></resource><resource><extension url="http://hl7.org/fhir/tools/StructureDefinition/resource-sort"><valueInteger value="999999999"/></extension><extension url="http://hl7.org/fhir/StructureDefinition/implementationguide-page"><valueUri value="ValueSet-moped-aufnahmeart-valueset.html"/></extension><reference><reference value="ValueSet/moped-aufnahmeart-valueset"/></reference><name value="Aufnahmeart des Patienten"/><description value="ValueSet für die Aufnahmeart des Patienten"/><isExample value="false"/><groupingId value="-term-valueset"/></resource><resource><extension url="http://hl7.org/fhir/tools/StructureDefinition/resource-sort"><valueInteger value="999999999"/></extension><extension url="http://hl7.org/fhir/StructureDefinition/implementationguide-page"><valueUri value="ValueSet-moped-behandlungsart-valueset.html"/></extension><reference><reference value="ValueSet/moped-behandlungsart-valueset"/></reference><name value="Behandlungsart"/><description value="ValueSet für die Behandlungsart"/><isExample value="false"/><groupingId value="-term-valueset"/></resource><resource><extension url="http://hl7.org/fhir/tools/StructureDefinition/resource-sort"><valueInteger value="999999999"/></extension><extension url="http://hl7.org/fhir/StructureDefinition/implementationguide-page"><valueUri value="ValueSet-moped-entlassungsart-valueset.html"/></extension><reference><reference value="ValueSet/moped-entlassungsart-valueset"/></reference><name value="Entlassungsart des Patienten"/><description value="ValueSet für die Entlassungsart des Patienten"/><isExample value="false"/><groupingId value="-term-valueset"/></resource><resource><extension url="http://hl7.org/fhir/tools/StructureDefinition/resource-sort"><valueInteger value="999999999"/></extension><extension url="http://hl7.org/fhir/StructureDefinition/implementationguide-page"><valueUri value="ValueSet-moped-KostenmeldungARK-valueset.html"/></extension><reference><reference value="ValueSet/moped-KostenmeldungARK-valueset"/></reference><name value="Kostenmeldung für (A/R/K)"/><description value="ValueSet für die Art der Kostenmeldung"/><isExample value="false"/><groupingId value="-term-valueset"/></resource><resource><extension url="http://hl7.org/fhir/tools/StructureDefinition/resource-sort"><valueInteger value="999999999"/></extension><extension url="http://hl7.org/fhir/StructureDefinition/implementationguide-page"><valueUri value="ValueSet-moped-transportart-valueset.html"/></extension><reference><reference value="ValueSet/moped-transportart-valueset"/></reference><name value="Transportart"/><description value="ValueSet für die Transportart des Patienten"/><isExample value="false"/><groupingId value="-term-valueset"/></resource><resource><extension url="http://hl7.org/fhir/tools/StructureDefinition/resource-sort"><valueInteger value="999999999"/></extension><extension url="http://hl7.org/fhir/StructureDefinition/implementationguide-page"><valueUri value="ValueSet-moped-ursache-valueset.html"/></extension><reference><reference value="ValueSet/moped-ursache-valueset"/></reference><name value="Ursache für Behandlung"/><description value="ValueSet für die Ursache der Behandlung laut Ka-Org"/><isExample value="false"/><groupingId value="-term-valueset"/></resource><resource><extension url="http://hl7.org/fhir/tools/StructureDefinition/resource-sort"><valueInteger value="999999999"/></extension><extension url="http://hl7.org/fhir/StructureDefinition/implementationguide-page"><valueUri value="ValueSet-moped-VerdachtArbeitsSchuelerunfall-valueset.html"/></extension><reference><reference value="ValueSet/moped-VerdachtArbeitsSchuelerunfall-valueset"/></reference><name value="Verdacht auf Arbeits- oder Schuelerunfall"/><description value="ValueSet für den Verdacht auf einen Arbeits- oder Schuelerunfall"/><isExample value="false"/><groupingId value="-term-valueset"/></resource><resource><extension url="http://hl7.org/fhir/tools/StructureDefinition/resource-sort"><valueInteger value="999999999"/></extension><extension url="http://hl7.org/fhir/StructureDefinition/implementationguide-page"><valueUri value="ValueSet-moped-WorkflowStatus-valueset.html"/></extension><reference><reference value="ValueSet/moped-WorkflowStatus-valueset"/></reference><name value="Workflow Status eines Falls"/><description value="ValueSet für die Statusoptionen in denen sich ein Fall befinden kann."/><isExample value="false"/><groupingId value="-term-valueset"/></resource><resource><extension url="http://hl7.org/fhir/tools/StructureDefinition/resource-sort"><valueInteger value="999999999"/></extension><extension url="http://hl7.org/fhir/StructureDefinition/implementationguide-page"><valueUri value="ValueSet-moped-zugangsart-valueset.html"/></extension><reference><reference value="ValueSet/moped-zugangsart-valueset"/></reference><name value="Zugangsart des Patienten"/><description value="ValueSet für die Zugangsart des Patienten (LKF + Ka-Org)"/><isExample value="false"/><groupingId value="-term-valueset"/></resource><resource><extension url="http://hl7.org/fhir/tools/StructureDefinition/resource-sort"><valueInteger value="999999999"/></extension><extension url="http://hl7.org/fhir/StructureDefinition/implementationguide-page"><valueUri value="QuestionnaireResponse-5497548.html"/></extension><reference><reference value="QuestionnaireResponse/5497548"/></reference><name value="5497548"/><isExample value="true"/><groupingId value="-ex-example"/></resource><resource><extension url="http://hl7.org/fhir/tools/StructureDefinition/resource-sort"><valueInteger value="999999999"/></extension><extension url="http://hl7.org/fhir/StructureDefinition/implementationguide-page"><valueUri value="Questionnaire-SAPS3Questionnaire.html"/></extension><reference><reference value="Questionnaire/SAPS3Questionnaire"/></reference><name value="SAPS3 Questionnaire"/><description value="A questionnaire for collecting SAPS3 data"/><isExample value="true"/><groupingId value="-ex-example"/></resource><page><sourceUrl value="toc.html"/><name value="toc.html"/><title value="Table of Contents"/><generation value="html"/><page><sourceUrl value="index.html"/><name value="index.html"/><title value="Home"/><generation value="markdown"/></page><page><sourceUrl value="use_case_description.html"/><name value="use_case_description.html"/><title value="Anwendungsfallbeschreibung"/><generation value="markdown"/></page><page><sourceUrl value="actors.html"/><name value="actors.html"/><title value="Akteure"/><generation value="markdown"/></page><page><sourceUrl value="workflowmanagement.html"/><name value="workflowmanagement.html"/><title value="Workflowmanagement"/><generation value="markdown"/></page><page><sourceUrl value="poc.html"/><name value="poc.html"/><title value="Proof of Concept"/><generation value="markdown"/></page><page><sourceUrl value="ka-org_mapping.html"/><name value="ka-org_mapping.html"/><title value="Ka-Org Mapping"/><generation value="markdown"/></page><page><sourceUrl value="lkf_mapping.html"/><name value="lkf_mapping.html"/><title value="LKF Mapping"/><generation value="markdown"/></page><page><sourceUrl value="artifacts.html"/><name value="artifacts.html"/><title value="Artifacts Summary"/><generation value="html"/><page><sourceUrl value="StructureDefinition-MOPEDAccount.html"/><name value="StructureDefinition-MOPEDAccount.html"/><title value="MOPEDAccount"/><generation value="generated"/></page><page><sourceUrl value="StructureDefinition-MOPEDClaim.html"/><name value="StructureDefinition-MOPEDClaim.html"/><title value="MOPEDClaim"/><generation value="generated"/></page><page><sourceUrl value="StructureDefinition-MOPEDClaimResponse.html"/><name value="StructureDefinition-MOPEDClaimResponse.html"/><title value="MOPEDClaimResponse"/><generation value="generated"/></page><page><sourceUrl value="StructureDefinition-MOPEDCoverage.html"/><name value="StructureDefinition-MOPEDCoverage.html"/><title value="MOPEDCoverage"/><generation value="generated"/></page><page><sourceUrl value="StructureDefinition-MOPEDCoverageEligibilityRequest.html"/><name value="StructureDefinition-MOPEDCoverageEligibilityRequest.html"/><title value="MOPEDCoverageEligibilityRequest"/><generation value="generated"/></page><page><sourceUrl value="StructureDefinition-MOPEDCoverageEligibilityResponse.html"/><name value="StructureDefinition-MOPEDCoverageEligibilityResponse.html"/><title value="MOPEDCoverageEligibilityResponse"/><generation value="generated"/></page><page><sourceUrl value="StructureDefinition-MOPEDEncounter.html"/><name value="StructureDefinition-MOPEDEncounter.html"/><title value="MOPEDEncounter"/><generation value="generated"/></page><page><sourceUrl value="StructureDefinition-MOPEDOrganizationAbteilung.html"/><name value="StructureDefinition-MOPEDOrganizationAbteilung.html"/><title value="MOPEDOrganizationAbteilung"/><generation value="generated"/></page><page><sourceUrl value="StructureDefinition-MOPEDTransferEncounter.html"/><name value="StructureDefinition-MOPEDTransferEncounter.html"/><title value="MOPEDTransferEncounter"/><generation value="generated"/></page><page><sourceUrl value="StructureDefinition-moped-ext-diagnosisRelatedNode.html"/><name value="StructureDefinition-moped-ext-diagnosisRelatedNode.html"/><title value="Abrechnung - Knoten"/><generation value="generated"/></page><page><sourceUrl value="StructureDefinition-SVAbrechnungsquartal.html"/><name value="StructureDefinition-SVAbrechnungsquartal.html"/><title value="Abrechnungsquartal der Sozialversicherung"/><generation value="generated"/></page><page><sourceUrl value="StructureDefinition-moped-ext-AccountRef.html"/><name value="StructureDefinition-moped-ext-AccountRef.html"/><title value="Account Referenz"/><generation value="generated"/></page><page><sourceUrl value="StructureDefinition-moped-ext-AnzahlSonderleistungen.html"/><name value="StructureDefinition-moped-ext-AnzahlSonderleistungen.html"/><title value="Anzahl Sonderleistungen"/><generation value="generated"/></page><page><sourceUrl value="StructureDefinition-moped-ext-Beihilfenaequivalent.html"/><name value="StructureDefinition-moped-ext-Beihilfenaequivalent.html"/><title value="Beihilfenaequivalent"/><generation value="generated"/></page><page><sourceUrl value="StructureDefinition-moped-ext-erworben.html"/><name value="StructureDefinition-moped-ext-erworben.html"/><title value="Diagnose - im stationären Aufenthalt erworben"/><generation value="generated"/></page><page><sourceUrl value="StructureDefinition-moped-ext-EndOfEligibility.html"/><name value="StructureDefinition-moped-ext-EndOfEligibility.html"/><title value="EndOfEligibility"/><generation value="generated"/></page><page><sourceUrl value="StructureDefinition-moped-ext-ErrorWarning.html"/><name value="StructureDefinition-moped-ext-ErrorWarning.html"/><title value="Error/Warning"/><generation value="generated"/></page><page><sourceUrl value="StructureDefinition-moped-ext-fallnummer.html"/><name value="StructureDefinition-moped-ext-fallnummer.html"/><title value="Fallnummer"/><generation value="generated"/></page><page><sourceUrl value="StructureDefinition-moped-ext-fondsrelevanz.html"/><name value="StructureDefinition-moped-ext-fondsrelevanz.html"/><title value="Fondsrelevanz"/><generation value="generated"/></page><page><sourceUrl value="StructureDefinition-moped-ext-ForderungsbetragAuslaenderverrechnungRegress.html"/><name value="StructureDefinition-moped-ext-ForderungsbetragAuslaenderverrechnungRegress.html"/><title value="Forderungsbetrag für Auslaenderverrechnung oder Regress"/><generation value="generated"/></page><page><sourceUrl value="StructureDefinition-ecard-anspruch-kostenanteilbefreit.html"/><name value="StructureDefinition-ecard-anspruch-kostenanteilbefreit.html"/><title value="Kostenanteilbefreit laut Versicherungsanspruch"/><generation value="generated"/></page><page><sourceUrl value="StructureDefinition-moped-ext-KonstenmeldungARK.html"/><name value="StructureDefinition-moped-ext-KonstenmeldungARK.html"/><title value="Kostenmeldung für (A/R/K)"/><generation value="generated"/></page><page><sourceUrl value="StructureDefinition-moped-ext-Kostenstelle.html"/><name value="StructureDefinition-moped-ext-Kostenstelle.html"/><title value="Kostenstelle"/><generation value="generated"/></page><page><sourceUrl value="StructureDefinition-moped-ext-LDFBetragNetto.html"/><name value="StructureDefinition-moped-ext-LDFBetragNetto.html"/><title value="LDF-Betrag Netto"/><generation value="generated"/></page><page><sourceUrl value="StructureDefinition-moped-ext-LDFPunktewertNetto.html"/><name value="StructureDefinition-moped-ext-LDFPunktewertNetto.html"/><title value="LDF-Punktewert Netto"/><generation value="generated"/></page><page><sourceUrl value="StructureDefinition-Leistungskomponente-Leistungspunkte.html"/><name value="StructureDefinition-Leistungskomponente-Leistungspunkte.html"/><title value="Leistungskomponente/Leistungspunkte"/><generation value="generated"/></page><page><sourceUrl value="StructureDefinition-moped-ext-MealCostExcemption.html"/><name value="StructureDefinition-moped-ext-MealCostExcemption.html"/><title value="MealCostExcemption"/><generation value="generated"/></page><page><sourceUrl value="StructureDefinition-moped-ext-AbrechnungsRelevanz.html"/><name value="StructureDefinition-moped-ext-AbrechnungsRelevanz.html"/><title value="Medizinische Leistung - Abrechnungsrelevanz"/><generation value="generated"/></page><page><sourceUrl value="StructureDefinition-moped-ext-PatientenanteilAngehoerige.html"/><name value="StructureDefinition-moped-ext-PatientenanteilAngehoerige.html"/><title value="Patientenanteil für Angehoerige"/><generation value="generated"/></page><page><sourceUrl value="StructureDefinition-moped-ext-Patientenanteil.html"/><name value="StructureDefinition-moped-ext-Patientenanteil.html"/><title value="Patientenanteil Netto"/><generation value="generated"/></page><page><sourceUrl value="StructureDefinition-moped-ext-physischeAnwesenheit.html"/><name value="StructureDefinition-moped-ext-physischeAnwesenheit.html"/><title value="physische Anwesenheit"/><generation value="generated"/></page><page><sourceUrl value="StructureDefinition-Plausibilitaetskennzeichen.html"/><name value="StructureDefinition-Plausibilitaetskennzeichen.html"/><title value="Plausibilitaetskennzeichen"/><generation value="generated"/></page><page><sourceUrl value="StructureDefinition-moped-ext-PremiumClass.html"/><name value="StructureDefinition-moped-ext-PremiumClass.html"/><title value="PremiumClass"/><generation value="generated"/></page><page><sourceUrl value="StructureDefinition-Punkte-Belagsdauerausreisser-unten-Leistungskomponente.html"/><name value="StructureDefinition-Punkte-Belagsdauerausreisser-unten-Leistungskomponente.html"/><title value="Punkte Belagsdauerausreisser unten - Leistungskomponente"/><generation value="generated"/></page><page><sourceUrl value="StructureDefinition-Punkte-Belagsdauerausreisser-unten-Tageskomponente.html"/><name value="StructureDefinition-Punkte-Belagsdauerausreisser-unten-Tageskomponente.html"/><title value="Punkte Belagsdauerausreisser unten - Tageskomponente"/><generation value="generated"/></page><page><sourceUrl value="StructureDefinition-moped-ext-PunkteLDFPauschale.html"/><name value="StructureDefinition-moped-ext-PunkteLDFPauschale.html"/><title value="Punkte LDF Pauschale"/><generation value="generated"/></page><page><sourceUrl value="StructureDefinition-Punkte-spezieller-Bereiche-tageweise.html"/><name value="StructureDefinition-Punkte-spezieller-Bereiche-tageweise.html"/><title value="Punkte spezieller Bereiche (tageweise)"/><generation value="generated"/></page><page><sourceUrl value="StructureDefinition-totalPoints.html"/><name value="StructureDefinition-totalPoints.html"/><title value="Punkte total"/><generation value="generated"/></page><page><sourceUrl value="StructureDefinition-moped-ext-RechnungsnummerKHLGF.html"/><name value="StructureDefinition-moped-ext-RechnungsnummerKHLGF.html"/><title value="Rechnungsnummer der Krankenanstalt bzw. des Landesgesundheitsfonds"/><generation value="generated"/></page><page><sourceUrl value="StructureDefinition-ecard-anspruch-rezeptgebbefreit.html"/><name value="StructureDefinition-ecard-anspruch-rezeptgebbefreit.html"/><title value="Rezeptgebührenbefreit laut Versicherungsanspruch"/><generation value="generated"/></page><page><sourceUrl value="StructureDefinition-moped-ext-Sonderleistungsnummer.html"/><name value="StructureDefinition-moped-ext-Sonderleistungsnummer.html"/><title value="Sonderleistungsnummer"/><generation value="generated"/></page><page><sourceUrl value="StructureDefinition-moped-ext-TageOhneKostenbeitrag.html"/><name value="StructureDefinition-moped-ext-TageOhneKostenbeitrag.html"/><title value="Tage ohne Einhebung des Kostenbeitrags"/><generation value="generated"/></page><page><sourceUrl value="StructureDefinition-Tageskomponente-Kontaktpunkte.html"/><name value="StructureDefinition-Tageskomponente-Kontaktpunkte.html"/><title value="Tageskomponente/Kontaktpunkte"/><generation value="generated"/></page><page><sourceUrl value="StructureDefinition-moped-ext-transportart.html"/><name value="StructureDefinition-moped-ext-transportart.html"/><title value="Transportart"/><generation value="generated"/></page><page><sourceUrl value="StructureDefinition-moped-ext-unfalldatum.html"/><name value="StructureDefinition-moped-ext-unfalldatum.html"/><title value="Unfalldatum"/><generation value="generated"/></page><page><sourceUrl value="StructureDefinition-moped-ext-vaestatus.html"/><name value="StructureDefinition-moped-ext-vaestatus.html"/><title value="VAEStatus"/><generation value="generated"/></page><page><sourceUrl value="StructureDefinition-moped-ext-vdasid.html"/><name value="StructureDefinition-moped-ext-vdasid.html"/><title value="VDAS-ID - VersichertenDatenAbfrageService"/><generation value="generated"/></page><page><sourceUrl value="StructureDefinition-moped-ext-VerdachtArbeitsSchuelerunfall.html"/><name value="StructureDefinition-moped-ext-VerdachtArbeitsSchuelerunfall.html"/><title value="Verdacht auf Arbeits- oder Schuelerunfall"/><generation value="generated"/></page><page><sourceUrl value="StructureDefinition-moped-ext-VerdachtFremdverschulden.html"/><name value="StructureDefinition-moped-ext-VerdachtFremdverschulden.html"/><title value="Verdacht auf Fremdverschulden"/><generation value="generated"/></page><page><sourceUrl value="StructureDefinition-moped-ext-extensionDays.html"/><name value="StructureDefinition-moped-ext-extensionDays.html"/><title value="Verlaengerungstage"/><generation value="generated"/></page><page><sourceUrl value="StructureDefinition-moped-ext-NumberOfPreviouslyPaidDays.html"/><name value="StructureDefinition-moped-ext-NumberOfPreviouslyPaidDays.html"/><title value="Vortageanzahl auf Kostenbeitrag"/><generation value="generated"/></page><page><sourceUrl value="StructureDefinition-moped-ext-workflow-status.html"/><name value="StructureDefinition-moped-ext-workflow-status.html"/><title value="Workflow Status"/><generation value="generated"/></page><page><sourceUrl value="StructureDefinition-moped-ext-zugangsart.html"/><name value="StructureDefinition-moped-ext-zugangsart.html"/><title value="Zugangsart"/><generation value="generated"/></page><page><sourceUrl value="StructureDefinition-moped-ext-Zusatzpunkte-Belagsdauerausreisser-nach-oben.html"/><name value="StructureDefinition-moped-ext-Zusatzpunkte-Belagsdauerausreisser-nach-oben.html"/><title value="Zusatzpunkte Belagsdauerausreißer nach oben"/><generation value="generated"/></page><page><sourceUrl value="StructureDefinition-moped-ext-Zusatzpunkte-Intensiv.html"/><name value="StructureDefinition-moped-ext-Zusatzpunkte-Intensiv.html"/><title value="Zusatzpunkte Intensiv"/><generation value="generated"/></page><page><sourceUrl value="StructureDefinition-moped-ext-Zusatzpunkte-Mehrfachleistungen.html"/><name value="StructureDefinition-moped-ext-Zusatzpunkte-Mehrfachleistungen.html"/><title value="Zusatzpunkte Mehrfachleistungen"/><generation value="generated"/></page><page><sourceUrl value="ValueSet-moped-abgangsart-valueset.html"/><name value="ValueSet-moped-abgangsart-valueset.html"/><title value="Abgangsart des Patienten"/><generation value="generated"/></page><page><sourceUrl value="ValueSet-moped-AbrechnungsRelevanz-valueset.html"/><name value="ValueSet-moped-AbrechnungsRelevanz-valueset.html"/><title value="Abrechnungsrelevanz der medizinischen Leistung"/><generation value="generated"/></page><page><sourceUrl value="ValueSet-moped-aufnahmeart-valueset.html"/><name value="ValueSet-moped-aufnahmeart-valueset.html"/><title value="Aufnahmeart des Patienten"/><generation value="generated"/></page><page><sourceUrl value="ValueSet-moped-behandlungsart-valueset.html"/><name value="ValueSet-moped-behandlungsart-valueset.html"/><title value="Behandlungsart"/><generation value="generated"/></page><page><sourceUrl value="ValueSet-moped-entlassungsart-valueset.html"/><name value="ValueSet-moped-entlassungsart-valueset.html"/><title value="Entlassungsart des Patienten"/><generation value="generated"/></page><page><sourceUrl value="ValueSet-moped-KostenmeldungARK-valueset.html"/><name value="ValueSet-moped-KostenmeldungARK-valueset.html"/><title value="Kostenmeldung für (A/R/K)"/><generation value="generated"/></page><page><sourceUrl value="ValueSet-moped-transportart-valueset.html"/><name value="ValueSet-moped-transportart-valueset.html"/><title value="Transportart"/><generation value="generated"/></page><page><sourceUrl value="ValueSet-moped-ursache-valueset.html"/><name value="ValueSet-moped-ursache-valueset.html"/><title value="Ursache für Behandlung"/><generation value="generated"/></page><page><sourceUrl value="ValueSet-moped-VerdachtArbeitsSchuelerunfall-valueset.html"/><name value="ValueSet-moped-VerdachtArbeitsSchuelerunfall-valueset.html"/><title value="Verdacht auf Arbeits- oder Schuelerunfall"/><generation value="generated"/></page><page><sourceUrl value="ValueSet-moped-WorkflowStatus-valueset.html"/><name value="ValueSet-moped-WorkflowStatus-valueset.html"/><title value="Workflow Status eines Falls"/><generation value="generated"/></page><page><sourceUrl value="ValueSet-moped-zugangsart-valueset.html"/><name value="ValueSet-moped-zugangsart-valueset.html"/><title value="Zugangsart des Patienten"/><generation value="generated"/></page><page><sourceUrl value="QuestionnaireResponse-5497548.html"/><name value="QuestionnaireResponse-5497548.html"/><title value="5497548"/><generation value="generated"/></page><page><sourceUrl value="Questionnaire-SAPS3Questionnaire.html"/><name value="Questionnaire-SAPS3Questionnaire.html"/><title value="SAPS3 Questionnaire"/><generation value="generated"/></page></page></page><parameter><code><system value="http://hl7.org/fhir/tools/CodeSystem/ig-parameters"/><code value="copyrightyear"/></code><value value="2024+"/></parameter><parameter><code><system value="http://hl7.org/fhir/tools/CodeSystem/ig-parameters"/><code value="releaselabel"/></code><value value="ci-build"/></parameter><parameter><code><system value="http://hl7.org/fhir/tools/CodeSystem/ig-parameters"/><code value="autoload-resources"/></code><value value="true"/></parameter><parameter><code><system value="http://hl7.org/fhir/guide-parameter-code"/><code value="path-resource"/></code><value value="input/capabilities"/></parameter><parameter><code><system value="http://hl7.org/fhir/guide-parameter-code"/><code value="path-resource"/></code><value value="input/examples"/></parameter><parameter><code><system value="http://hl7.org/fhir/guide-parameter-code"/><code value="path-resource"/></code><value value="input/extensions"/></parameter><parameter><code><system value="http://hl7.org/fhir/guide-parameter-code"/><code value="path-resource"/></code><value value="input/models"/></parameter><parameter><code><system value="http://hl7.org/fhir/guide-parameter-code"/><code value="path-resource"/></code><value value="input/operations"/></parameter><parameter><code><system value="http://hl7.org/fhir/guide-parameter-code"/><code value="path-resource"/></code><value value="input/profiles"/></parameter><parameter><code><system value="http://hl7.org/fhir/guide-parameter-code"/><code value="path-resource"/></code><value value="input/resources"/></parameter><parameter><code><system value="http://hl7.org/fhir/guide-parameter-code"/><code value="path-resource"/></code><value value="input/vocabulary"/></parameter><parameter><code><system value="http://hl7.org/fhir/guide-parameter-code"/><code value="path-resource"/></code><value value="input/maps"/></parameter><parameter><code><system value="http://hl7.org/fhir/guide-parameter-code"/><code value="path-resource"/></code><value value="input/testing"/></parameter><parameter><code><system value="http://hl7.org/fhir/guide-parameter-code"/><code value="path-resource"/></code><value value="input/history"/></parameter><parameter><code><system value="http://hl7.org/fhir/guide-parameter-code"/><code value="path-resource"/></code><value value="fsh-generated/resources"/></parameter><parameter><code><system value="http://hl7.org/fhir/guide-parameter-code"/><code value="path-pages"/></code><value value="template/config"/></parameter><parameter><code><system value="http://hl7.org/fhir/guide-parameter-code"/><code value="path-pages"/></code><value value="input/images"/></parameter><parameter><code><system value="http://hl7.org/fhir/tools/CodeSystem/ig-parameters"/><code value="path-liquid"/></code><value value="template/liquid"/></parameter><parameter><code><system value="http://hl7.org/fhir/tools/CodeSystem/ig-parameters"/><code value="path-liquid"/></code><value value="input/liquid"/></parameter><parameter><code><system value="http://hl7.org/fhir/tools/CodeSystem/ig-parameters"/><code value="path-qa"/></code><value value="temp/qa"/></parameter><parameter><code><system value="http://hl7.org/fhir/tools/CodeSystem/ig-parameters"/><code value="path-temp"/></code><value value="temp/pages"/></parameter><parameter><code><system value="http://hl7.org/fhir/tools/CodeSystem/ig-parameters"/><code value="path-output"/></code><value value="output"/></parameter><parameter><code><system value="http://hl7.org/fhir/guide-parameter-code"/><code value="path-tx-cache"/></code><value value="input-cache/txcache"/></parameter><parameter><code><system value="http://hl7.org/fhir/tools/CodeSystem/ig-parameters"/><code value="path-suppressed-warnings"/></code><value value="input/ignoreWarnings.txt"/></parameter><parameter><code><system value="http://hl7.org/fhir/tools/CodeSystem/ig-parameters"/><code value="path-history"/></code><value value="http://example.org/history.html"/></parameter><parameter><code><system value="http://hl7.org/fhir/tools/CodeSystem/ig-parameters"/><code value="template-html"/></code><value value="template-page.html"/></parameter><parameter><code><system value="http://hl7.org/fhir/tools/CodeSystem/ig-parameters"/><code value="template-md"/></code><value value="template-page-md.html"/></parameter><parameter><code><system value="http://hl7.org/fhir/tools/CodeSystem/ig-parameters"/><code value="apply-contact"/></code><value value="true"/></parameter><parameter><code><system value="http://hl7.org/fhir/tools/CodeSystem/ig-parameters"/><code value="apply-context"/></code><value value="true"/></parameter><parameter><code><system value="http://hl7.org/fhir/tools/CodeSystem/ig-parameters"/><code value="apply-copyright"/></code><value value="true"/></parameter><parameter><code><system value="http://hl7.org/fhir/tools/CodeSystem/ig-parameters"/><code value="apply-jurisdiction"/></code><value value="true"/></parameter><parameter><code><system value="http://hl7.org/fhir/tools/CodeSystem/ig-parameters"/><code value="apply-license"/></code><value value="true"/></parameter><parameter><code><system value="http://hl7.org/fhir/tools/CodeSystem/ig-parameters"/><code value="apply-publisher"/></code><value value="true"/></parameter><parameter><code><system value="http://hl7.org/fhir/tools/CodeSystem/ig-parameters"/><code value="apply-version"/></code><value value="true"/></parameter><parameter><code><system value="http://hl7.org/fhir/tools/CodeSystem/ig-parameters"/><code value="apply-wg"/></code><value value="true"/></parameter><parameter><code><system value="http://hl7.org/fhir/tools/CodeSystem/ig-parameters"/><code value="active-tables"/></code><value value="true"/></parameter><parameter><code><system value="http://hl7.org/fhir/tools/CodeSystem/ig-parameters"/><code value="fmm-definition"/></code><value value="http://hl7.org/fhir/versions.html#maturity"/></parameter><parameter><code><system value="http://hl7.org/fhir/tools/CodeSystem/ig-parameters"/><code value="propagate-status"/></code><value value="true"/></parameter><parameter><code><system value="http://hl7.org/fhir/tools/CodeSystem/ig-parameters"/><code value="excludelogbinaryformat"/></code><value value="true"/></parameter><parameter><code><system value="http://hl7.org/fhir/tools/CodeSystem/ig-parameters"/><code value="tabbed-snapshots"/></code><value value="true"/></parameter></definition></ImplementationGuide>