<?xml version="1.0" encoding="UTF-8"?><OperationDefinition xmlns="http://hl7.org/fhir"><id value="MOPED.CoverageEligibilityRequest.CheckStatus"/><text><status value="generated"/><div xmlns="http://www.w3.org/1999/xhtml"><p class="res-header-id"><b>Generated Narrative: OperationDefinition MOPED.CoverageEligibilityRequest.CheckStatus</b></p><a name="MOPED.CoverageEligibilityRequest.CheckStatus"> </a><a name="hcMOPED.CoverageEligibilityRequest.CheckStatus"> </a><a name="MOPED.CoverageEligibilityRequest.CheckStatus-en-US"> </a><p>URL: [base]/CoverageEligibilityRequest/$checkStatus</p><h3>Parameters</h3><table class="grid"><tr><td><b>Use</b></td><td><b>Name</b></td><td><b>Scope</b></td><td><b>Cardinality</b></td><td><b>Type</b></td><td><b>Binding</b></td><td><b>Documentation</b></td></tr><tr><td>IN</td><td>aufnahmezahl</td><td/><td>1..1</td><td><a href="http://hl7.org/fhir/R5/datatypes.html#Identifier">Identifier</a></td><td/><td><div><p>Der <em>aufnahmezahl</em> Parameter beinhält den eindeutigen Identifizierer für den relevanten Fall dessen Kostenübernahme-Status überprüft werden soll.</p>
</div></td></tr><tr><td>OUT</td><td>return</td><td/><td>1..1</td><td><a href="http://hl7.org/fhir/R5/resource.html">Resource</a> (<a href="http://hl7.org/fhir/R5/operationoutcome.html" title="http://hl7.org/fhir/StructureDefinition/OperationOutcome">OperationOutcome</a>)</td><td/><td><div><p>Der <em>return</em> Parameter gibt Auskunft über den Erfolg der Operation.</p>
</div></td></tr></table></div></text><url value="http://example.org/OperationDefinition/MOPED.CoverageEligibilityRequest.CheckStatus"/><version value="0.1.0"/><name value="MOPED_CoverageEligibilityRequest_Check_Status"/><title value="Kostenübernahme-Anfrage $checkStatus (POC)"/><status value="draft"/><kind value="operation"/><date value="2024-09-26T07:17:19+00:00"/><publisher value="Example Publisher"/><contact><name value="Example Publisher"/><telecom><system value="url"/><value value="http://example.org/example-publisher"/></telecom></contact><description value="Die Kostenübernahme-Anfrage $checkStatus Operation wird aufgerufen, um zu überprüfen, in welchem Status sich die Bearbeitung seitens SV derzeit befindet. Die Operation wird vom Akteur Krankenhaus (KH) aufgerufen.&#xA;&#xA;1. Suchen des MOPEDAccounts: Über die Referenz der Ressource *MOPEDEncounter.account*. Dabei handelt es sich um jenen Encounter, der den *aufnahmezahl* Parameter als *identifier* gespeichert hat. &#xA;2. Suchen des Requests: Es geht um jenen Request, der in *MOPEDAccount.coverageEligibilityRequest* Feld referenziert wurde&#xA;3. Suche nach einer CoverageEligibilityResponse die im Feld *CoverageEligibilityResponse.request* den Request aus Schritt 2 referenziert&#xA;  * Sollte es mehrere Responses zu einem Request geben, ist das eine Inkonsistenz die zu einer Fehlermeldung führen soll&#xA;  * Gibt es eine Response, so ist zu prüfen in welchem *CoverageEligibilityResponse.status* die Ressource aufscheint:&#xA;     * *draft*: Draft in Kombination mit dem *outcome*-Wert *queued* heißt, dass die SV den jeweiligen Request bereits ausgeliefert bekommen hat, jedoch die Bearbeitung noch nicht begonnen hat. Ein *draft*-Status in Kombination mit einem anderen *outcome*-Wert ist ungültig und sollte zu einer Fehlermeldung führen.&#xA;     * *active*: Active in Kombination mit dem *outcome*-Wert *queued* bedeutet, dass die SV aktiv gestartet hat, den CoverageEligibilityRequest zu bearbeiten, es jedoch noch kein Resultat gibt. Ist der *outcome* mit dem Wert *completed*, *error* oder *partial* befüllt, ist die SV mit der Response fertig und eine Meldung kann ausgegeben werden, dass die freigegebene CoverageEligibilityResponse vom Krankenhaus abgeholt werden kann. "/><affectsState value="false"/><code value="checkStatus"/><base value="http://hl7.org/fhir/OperationDefinition/CoverageEligibilityRequest-checkStatus"/><resource value="CoverageEligibilityRequest"/><system value="false"/><type value="true"/><instance value="false"/><parameter><name value="aufnahmezahl"/><use value="in"/><min value="1"/><max value="1"/><documentation value="Der *aufnahmezahl* Parameter beinhält den eindeutigen Identifizierer für den relevanten Fall dessen Kostenübernahme-Status überprüft werden soll."/><type value="Identifier"/></parameter><parameter><name value="return"/><use value="out"/><min value="1"/><max value="1"/><documentation value="Der *return* Parameter gibt Auskunft über den Erfolg der Operation."/><type value="Resource"/><targetProfile value="http://hl7.org/fhir/StructureDefinition/OperationOutcome"/></parameter></OperationDefinition>