<?xml version="1.0" encoding="UTF-8"?><OperationDefinition xmlns="http://hl7.org/fhir"><id value="MOPED.Patient.Verlegen"/><text><status value="generated"/><div xmlns="http://www.w3.org/1999/xhtml"><p class="res-header-id"><b>Generated Narrative: OperationDefinition MOPED.Patient.Verlegen</b></p><a name="MOPED.Patient.Verlegen"> </a><a name="hcMOPED.Patient.Verlegen"> </a><a name="MOPED.Patient.Verlegen-en-US"> </a><p>URL: [base]/Encounter/$verlegen</p><h3>Parameters</h3><table class="grid"><tr><td><b>Use</b></td><td><b>Name</b></td><td><b>Scope</b></td><td><b>Cardinality</b></td><td><b>Type</b></td><td><b>Binding</b></td><td><b>Documentation</b></td></tr><tr><td>IN</td><td>aufnahmezahl</td><td/><td>1..1</td><td><a href="http://hl7.org/fhir/R5/datatypes.html#Identifier">Identifier</a></td><td/><td><div><p>Der <em>aufnahmezahl</em> Parameter beinhält den eindeutigen Identifizierer für den relevanten Fall.</p>
</div></td></tr><tr><td>IN</td><td>zeitpunkt</td><td/><td>1..1</td><td><a href="http://hl7.org/fhir/R5/datatypes.html#dateTime">dateTime</a></td><td/><td><div><p>Der <em>zeitpunkt</em> Parameter definiert zu welchem Zeitpunkt die Verlegung stattfindet.</p>
</div></td></tr><tr><td>IN</td><td>funktionscode</td><td/><td>1..1</td><td><a href="http://hl7.org/fhir/R5/datatypes.html#string">string</a></td><td/><td><div><p>Der <em>funktionscode</em> Parameter definiert auf welchen Funktionscode die Verlegung stattfindet.</p>
</div></td></tr><tr><td>IN</td><td>pysischeAnwesenheit</td><td/><td>0..1</td><td><a href="http://hl7.org/fhir/R5/datatypes.html#boolean">boolean</a></td><td/><td><div><p>Der <em>pysischeAnwesenheit</em> Parameter definiert ob der Patient physisch anwesend ist oder nicht.</p>
</div></td></tr><tr><td>IN</td><td>abgangsart</td><td/><td>0..1</td><td><a href="http://hl7.org/fhir/R5/datatypes.html#code">code</a></td><td><a href="ValueSet-moped-abgangsart-valueset.html">Abgangsart des Patienten</a> (Required)</td><td><div><p>Der <em>abgangsart</em> Parameter definiert die Abgangsart des Patienten vom bisher aktuellen MOPEDTransferEncounter.</p>
</div></td></tr><tr><td>OUT</td><td>return</td><td/><td>1..1</td><td><a href="http://hl7.org/fhir/R5/resource.html">Resource</a> (<a href="http://hl7.org/fhir/R5/operationoutcome.html" title="http://hl7.org/fhir/StructureDefinition/OperationOutcome">OperationOutcome</a>)</td><td/><td><div><p>Der <em>return</em> Parameter gibt Auskunft über den Erfolg der Operation.</p>
</div></td></tr></table></div></text><url value="http://example.org/OperationDefinition/MOPED.Patient.Verlegen"/><version value="0.1.0"/><name value="MOPED_Patient_Verlegen"/><title value="MOPED Patient $verlegen (POC)"/><status value="draft"/><kind value="operation"/><date value="2024-09-25T11:40:05+00:00"/><publisher value="Example Publisher"/><contact><name value="Example Publisher"/><telecom><system value="url"/><value value="http://example.org/example-publisher"/></telecom></contact><description value="Die Operation wird vom Akteur Krankenhaus (KH) aufgerufen.&#xA;&#xA;Die Patient $verlegen Operation wird aufgerufen, wenn ein(e) Patient*in auf eine andere Station verlegt wird. &#xA;&#xA;1. Neuer Transfer Encounter: Der MOPEDEncounter mit der jeweiligen Aufnahmezahl wird gesucht, und ein neuer MOPEDTransferEncounter der mit partOf den MOPEDEncounter referenziert wird erstellt. Beim neu erstellten MOPEDTransferEncounter wird der *zeitpunkt* als *MOPEDTransferEncounter.actualPeriod.start* eingefügt und als *MOPEDTransferEncounter.serviceProvider* die Abteilung MOPEDOrganizationAbteilung mit dem jeweiligen *funktionscode* referenziert. &#xA;2. Alter Transfer Encounter: Der alte MOPEDTransferEncounter der partOf des MOPEDEncounters mit der jeweiligen Aufnahmezahl war und noch den Status *in-progress* hat, wird gesucht. Der Status wird auf *completed* gesetzt und die MOPEDTransferEncounter.actualPeriod.end mit dem *zeitpunkt* der Verlegung versehen. Ebenso wird beim alten Encounter die *abgangsart* von diesem Funktionscode dokumentiert. &#xA;3. Fallnummer: Die Fallnummer im zur Aufnahmezahl gehöhrenden Account wird um 1 erhöht.&#xA;4. Validierung: Es kann immer nur einen MOPEDTransferEncounter für den jeweiligen Fall geben der partOf eines MOPEDEncounters mit der *aufnahmezahl* ist und den Status *in-progress* hat. &#xA;"/><affectsState value="true"/><code value="verlegen"/><base value="http://hl7.org/fhir/OperationDefinition/Patient-verlegen"/><resource value="Encounter"/><system value="false"/><type value="true"/><instance value="false"/><parameter><name value="aufnahmezahl"/><use value="in"/><min value="1"/><max value="1"/><documentation value="Der *aufnahmezahl* Parameter beinhält den eindeutigen Identifizierer für den relevanten Fall."/><type value="Identifier"/></parameter><parameter><name value="zeitpunkt"/><use value="in"/><min value="1"/><max value="1"/><documentation value="Der *zeitpunkt* Parameter definiert zu welchem Zeitpunkt die Verlegung stattfindet."/><type value="dateTime"/></parameter><parameter><name value="funktionscode"/><use value="in"/><min value="1"/><max value="1"/><documentation value="Der *funktionscode* Parameter definiert auf welchen Funktionscode die Verlegung stattfindet."/><type value="string"/></parameter><parameter><name value="pysischeAnwesenheit"/><use value="in"/><min value="0"/><max value="1"/><documentation value="Der *pysischeAnwesenheit* Parameter definiert ob der Patient physisch anwesend ist oder nicht."/><type value="boolean"/></parameter><parameter><name value="abgangsart"/><use value="in"/><min value="0"/><max value="1"/><documentation value="Der *abgangsart* Parameter definiert die Abgangsart des Patienten vom bisher aktuellen MOPEDTransferEncounter."/><type value="code"/><binding><strength value="required"/><valueSet value="moped-abgangsart-valueset"/></binding></parameter><parameter><name value="return"/><use value="out"/><min value="1"/><max value="1"/><documentation value="Der *return* Parameter gibt Auskunft über den Erfolg der Operation."/><type value="Resource"/><targetProfile value="http://hl7.org/fhir/StructureDefinition/OperationOutcome"/></parameter></OperationDefinition>