<?xml version="1.0" encoding="UTF-8"?><ValueSet xmlns="http://hl7.org/fhir"><id value="moped-abgangsart-valueset"/><text><status value="generated"/><div xmlns="http://www.w3.org/1999/xhtml"><p class="res-header-id"><b>Generated Narrative: ValueSet moped-abgangsart-valueset</b></p><a name="moped-abgangsart-valueset"> </a><a name="hcmoped-abgangsart-valueset"> </a><a name="moped-abgangsart-valueset-en-US"> </a><p>This value set includes codes based on the following rules:</p><ul/></div></text><url value="http://example.org/ValueSet/moped-abgangsart-valueset"/><version value="0.1.0"/><name value="Abgangsart"/><title value="Abgangsart des Patienten"/><status value="draft"/><date value="2024-09-19T12:04:20+00:00"/><publisher value="Example Publisher"/><contact><name value="Example Publisher"/><telecom><system value="url"/><value value="http://example.org/example-publisher"/></telecom></contact><description value="ValueSet für die Abgangsart des Patienten"/></ValueSet>