<?xml version="1.0" encoding="UTF-8"?><ValueSet xmlns="http://hl7.org/fhir"><id value="moped-behandlungsart-valueset"/><text><status value="generated"/><div xmlns="http://www.w3.org/1999/xhtml"><p class="res-header-id"><b>Generated Narrative: ValueSet moped-behandlungsart-valueset</b></p><a name="moped-behandlungsart-valueset"> </a><a name="hcmoped-behandlungsart-valueset"> </a><a name="moped-behandlungsart-valueset-en-US"> </a><ul><li>Include these codes as defined in <code>http://tbd.at/MOPED-encounter-behandlungsart</code><table class="none"><tr><td style="white-space:nowrap"><b>Code</b></td><td><b>Display</b></td></tr><tr><td>S</td><td>Stationär</td></tr><tr><td>I</td><td>Spitalsambulant</td></tr><tr><td>E</td><td>Extramural ambulant</td></tr></table></li></ul></div></text><url value="http://example.org/ValueSet/moped-behandlungsart-valueset"/><version value="0.1.0"/><name value="Behandlungsart"/><title value="Behandlungsart"/><status value="draft"/><date value="2024-09-25T14:29:33+00:00"/><publisher value="Example Publisher"/><contact><name value="Example Publisher"/><telecom><system value="url"/><value value="http://example.org/example-publisher"/></telecom></contact><description value="ValueSet für die Behandlungsart"/><compose><include><system value="http://tbd.at/MOPED-encounter-behandlungsart"/><concept><code value="S"/><display value="Stationär"/></concept><concept><code value="I"/><display value="Spitalsambulant"/></concept><concept><code value="E"/><display value="Extramural ambulant"/></concept></include></compose></ValueSet>