<?xml version="1.0" encoding="UTF-8"?><ValueSet xmlns="http://hl7.org/fhir"><id value="moped-transportart-valueset"/><text><status value="generated"/><div xmlns="http://www.w3.org/1999/xhtml"><p class="res-header-id"><b>Generated Narrative: ValueSet moped-transportart-valueset</b></p><a name="moped-transportart-valueset"> </a><a name="hcmoped-transportart-valueset"> </a><a name="moped-transportart-valueset-en-US"> </a><ul><li>Include these codes as defined in <code>http://tbd.at/moped-ext-transportart</code><table class="none"><tr><td style="white-space:nowrap"><b>Code</b></td><td><b>Display</b></td></tr><tr><td>H</td><td>Notarzt-Hubschrauber</td></tr><tr><td>K</td><td>Krankentransport</td></tr><tr><td>N</td><td>Rettung mit notärztlicher Begleitung</td></tr><tr><td>R</td><td>Rettung ohne notärztliche Begleitung</td></tr><tr><td>S</td><td>Selbstanreise des Patienten/der Patientin</td></tr><tr><td>Z</td><td>Sonstige Transportart</td></tr></table></li></ul></div></text><url value="http://example.org/ValueSet/moped-transportart-valueset"/><version value="0.1.0"/><name value="Transportart"/><title value="Transportart"/><status value="draft"/><date value="2024-09-17T20:22:56+00:00"/><publisher value="Example Publisher"/><contact><name value="Example Publisher"/><telecom><system value="url"/><value value="http://example.org/example-publisher"/></telecom></contact><description value="ValueSet für die Transportart des Patienten"/><compose><include><system value="http://tbd.at/moped-ext-transportart"/><concept><code value="H"/><display value="Notarzt-Hubschrauber"/></concept><concept><code value="K"/><display value="Krankentransport"/></concept><concept><code value="N"/><display value="Rettung mit notärztlicher Begleitung"/></concept><concept><code value="R"/><display value="Rettung ohne notärztliche Begleitung"/></concept><concept><code value="S"/><display value="Selbstanreise des Patienten/der Patientin"/></concept><concept><code value="Z"/><display value="Sonstige Transportart"/></concept></include></compose></ValueSet>