<?xml version="1.0" encoding="UTF-8"?><ValueSet xmlns="http://hl7.org/fhir"><id value="moped-LKFAbrechnungsGruppe-valueset"/><text><status value="generated"/><div xmlns="http://www.w3.org/1999/xhtml"><p class="res-header-id"><b>Generated Narrative: ValueSet moped-LKFAbrechnungsGruppe-valueset</b></p><a name="moped-LKFAbrechnungsGruppe-valueset"> </a><a name="hcmoped-LKFAbrechnungsGruppe-valueset"> </a><a name="moped-LKFAbrechnungsGruppe-valueset-en-US"> </a><ul><li>Include these codes as defined in <code>http://tbd.at/MOPED-LKFAbrechnungsGruppe</code><table class="none"><tr><td style="white-space:nowrap"><b>Code</b></td><td><b>Display</b></td></tr><tr><td>DIAG0PKT</td><td>bei Patient:innen, deren codierte Hauptdiagnose für einen stationären Aufenthalt
alleine nicht plausibel ist</td></tr><tr><td>FEHLER</td><td>bei fehlerhaften Datensätzen</td></tr><tr><td>GERIAT</td><td>bei Patient:innen mit ausschließlichem Aufenthalt auf einer Einheit für Akutgeriatrie/Remobilisation</td></tr><tr><td>HKLE</td><td>bei Patient:innen mit ausschließlichem Aufenthalt auf einer Einheit für hochkontagiöse lebensbedrohliche Erkrankungen</td></tr><tr><td>KJP</td><td>bei Patient:innen mit ausschließlichem Aufenthalt auf einer Einheit für Kinder- und
Jugendpsychiatrie</td></tr><tr><td>LANGZEIT</td><td>bei der Aufnahmeart 'L'</td></tr><tr><td>NEURO</td><td>bei Patient:innen mit ausschließlichem Aufenthalt auf einer Einheit für Akut-Nachbehandlung von neurologischen Patienten</td></tr><tr><td>PALLIAT</td><td>bei Patient:innen mit ausschließlichem Aufenthalt auf einer palliativmedizinischen
Einheit</td></tr><tr><td>PFLEGE</td><td>bei der Aufnahmeart 'P'</td></tr><tr><td>REMOB</td><td>bei Patient:innen mit ausschließlichem Aufenthalt auf einer Einheit für
Remobilisation/Nachsorge</td></tr><tr><td>VERBLEIB</td><td>bei am Jahresende verbleibenden Patient:innen</td></tr></table></li></ul></div></text><url value="http://example.org/ValueSet/moped-LKFAbrechnungsGruppe-valueset"/><version value="0.1.0"/><name value="LKFAbrechnungsGruppe"/><title value="LKF Abrechnungsgruppe"/><status value="draft"/><date value="2024-10-24T18:34:10+00:00"/><publisher value="Example Publisher"/><contact><name value="Example Publisher"/><telecom><system value="url"/><value value="http://example.org/example-publisher"/></telecom></contact><description value="LKF Abrechnungsgruppe"/><compose><include><system value="http://tbd.at/MOPED-LKFAbrechnungsGruppe"/><concept><code value="DIAG0PKT"/><display value="bei Patient:innen, deren codierte Hauptdiagnose für einen stationären Aufenthalt&#xA;alleine nicht plausibel ist"/></concept><concept><code value="FEHLER"/><display value="bei fehlerhaften Datensätzen"/></concept><concept><code value="GERIAT"/><display value="bei Patient:innen mit ausschließlichem Aufenthalt auf einer Einheit für Akutgeriatrie/Remobilisation"/></concept><concept><code value="HKLE"/><display value="bei Patient:innen mit ausschließlichem Aufenthalt auf einer Einheit für hochkontagiöse lebensbedrohliche Erkrankungen"/></concept><concept><code value="KJP"/><display value="bei Patient:innen mit ausschließlichem Aufenthalt auf einer Einheit für Kinder- und&#xA;Jugendpsychiatrie"/></concept><concept><code value="LANGZEIT"/><display value="bei der Aufnahmeart 'L'"/></concept><concept><code value="NEURO"/><display value="bei Patient:innen mit ausschließlichem Aufenthalt auf einer Einheit für Akut-Nachbehandlung von neurologischen Patienten"/></concept><concept><code value="PALLIAT"/><display value="bei Patient:innen mit ausschließlichem Aufenthalt auf einer palliativmedizinischen&#xA;Einheit"/></concept><concept><code value="PFLEGE"/><display value="bei der Aufnahmeart 'P'"/></concept><concept><code value="REMOB"/><display value="bei Patient:innen mit ausschließlichem Aufenthalt auf einer Einheit für&#xA;Remobilisation/Nachsorge"/></concept><concept><code value="VERBLEIB"/><display value="bei am Jahresende verbleibenden Patient:innen"/></concept></include></compose></ValueSet>