<?xml version="1.0" encoding="UTF-8"?><ValueSet xmlns="http://hl7.org/fhir"><id value="moped-WorkflowStatus-valueset"/><text><status value="generated"/><div xmlns="http://www.w3.org/1999/xhtml"><p class="res-header-id"><b>Generated Narrative: ValueSet moped-WorkflowStatus-valueset</b></p><a name="moped-WorkflowStatus-valueset"> </a><a name="hcmoped-WorkflowStatus-valueset"> </a><a name="moped-WorkflowStatus-valueset-en-US"> </a><p>This value set includes codes based on the following rules:</p><ul/></div></text><url value="http://example.org/ValueSet/moped-WorkflowStatus-valueset"/><version value="0.1.0"/><name value="WorkflowStatus"/><title value="Workflow Status eines Falls"/><status value="draft"/><date value="2024-07-19T05:43:00+00:00"/><publisher value="Example Publisher"/><contact><name value="Example Publisher"/><telecom><system value="url"/><value value="http://example.org/example-publisher"/></telecom></contact><description value="ValueSet für die Statusoptionen in denen sich ein Fall befinden kann."/></ValueSet>