<?xml version="1.0" encoding="UTF-8"?><ValueSet xmlns="http://hl7.org/fhir"><id value="moped-ursache-valueset"/><text><status value="generated"/><div xmlns="http://www.w3.org/1999/xhtml"><p class="res-header-id"><b>Generated Narrative: ValueSet moped-ursache-valueset</b></p><a name="moped-ursache-valueset"> </a><a name="hcmoped-ursache-valueset"> </a><a name="moped-ursache-valueset-en-US"> </a><ul><li>Include these codes as defined in <code>http://tbd.at/MOPED-encounter-ursache</code><table class="none"><tr><td style="white-space:nowrap"><b>Code</b></td><td><b>Display</b></td></tr><tr><td>00</td><td>Überweisung</td></tr><tr><td>01</td><td>Arbeitsunfall oder Berufskrankheit</td></tr><tr><td>02</td><td>Wehrdienstbeschädigung</td></tr><tr><td>03</td><td>Strom/Blitz</td></tr><tr><td>04</td><td>Beschädigung nach dem KOVG, HVB, etc.</td></tr><tr><td>05</td><td>Raufhandel</td></tr><tr><td>06</td><td>Trunkenheit</td></tr><tr><td>07</td><td>Arbeitsunfall in der Land- und Forstwirtschaft</td></tr><tr><td>08</td><td>Verkehrsunfall</td></tr><tr><td>09</td><td>Erste Hilfe</td></tr><tr><td>10</td><td>Mutter-Kind-Pass-Untersuchung</td></tr><tr><td>11</td><td>Mutter-Kind-Pass-Untersuchung für Nichtversicherte</td></tr><tr><td>12</td><td>Behandlung in Folge einer Schwangerschaft</td></tr><tr><td>13</td><td>Gesundenuntersuchung</td></tr><tr><td>14</td><td>Vergewaltigung</td></tr><tr><td>15</td><td>Verbrennung</td></tr><tr><td>16</td><td>Tierbiss</td></tr><tr><td>17</td><td>Routineuntersuchung Neugeborenes</td></tr><tr><td>19</td><td>Telemedizinische Leistungen</td></tr><tr><td>30</td><td>Nachbehandlung nach stationärer Pflege in einer Anstalt</td></tr><tr><td>32</td><td>Prästationäre Untersuchung/Behandlung vor stationärer Anstaltspflege</td></tr><tr><td>35</td><td>Nichtanwesenheit des Patienten in der Ambulanz (Laborprobe, Untersuchung einer Gewebeprobe)</td></tr><tr><td>40</td><td>ambulante Chemotherapie</td></tr><tr><td>45</td><td>Diabetesbehandlung im Rahmen von Therapie Aktiv</td></tr><tr><td>50</td><td>Dialyse</td></tr><tr><td>60</td><td>Spende von Körperteilen</td></tr><tr><td>70</td><td>Anzeigepflichtige übertragbare Krankheit (meldepflichtige Diagnose)</td></tr><tr><td>80</td><td>Humangenetische Untersuchung</td></tr><tr><td>99</td><td>Sonstige Ursache</td></tr></table></li></ul></div></text><url value="http://example.org/ValueSet/moped-ursache-valueset"/><version value="0.1.0"/><name value="UrsacheValueSet"/><title value="Ursache für Behandlung"/><status value="draft"/><date value="2024-10-01T12:31:57+00:00"/><publisher value="Example Publisher"/><contact><name value="Example Publisher"/><telecom><system value="url"/><value value="http://example.org/example-publisher"/></telecom></contact><description value="ValueSet für die Ursache der Behandlung laut Ka-Org"/><compose><include><system value="http://tbd.at/MOPED-encounter-ursache"/><concept><code value="00"/><display value="Überweisung"/></concept><concept><code value="01"/><display value="Arbeitsunfall oder Berufskrankheit"/></concept><concept><code value="02"/><display value="Wehrdienstbeschädigung"/></concept><concept><code value="03"/><display value="Strom/Blitz"/></concept><concept><code value="04"/><display value="Beschädigung nach dem KOVG, HVB, etc."/></concept><concept><code value="05"/><display value="Raufhandel"/></concept><concept><code value="06"/><display value="Trunkenheit"/></concept><concept><code value="07"/><display value="Arbeitsunfall in der Land- und Forstwirtschaft"/></concept><concept><code value="08"/><display value="Verkehrsunfall"/></concept><concept><code value="09"/><display value="Erste Hilfe"/></concept><concept><code value="10"/><display value="Mutter-Kind-Pass-Untersuchung"/></concept><concept><code value="11"/><display value="Mutter-Kind-Pass-Untersuchung für Nichtversicherte"/></concept><concept><code value="12"/><display value="Behandlung in Folge einer Schwangerschaft"/></concept><concept><code value="13"/><display value="Gesundenuntersuchung"/></concept><concept><code value="14"/><display value="Vergewaltigung"/></concept><concept><code value="15"/><display value="Verbrennung"/></concept><concept><code value="16"/><display value="Tierbiss"/></concept><concept><code value="17"/><display value="Routineuntersuchung Neugeborenes"/></concept><concept><code value="19"/><display value="Telemedizinische Leistungen"/></concept><concept><code value="30"/><display value="Nachbehandlung nach stationärer Pflege in einer Anstalt"/></concept><concept><code value="32"/><display value="Prästationäre Untersuchung/Behandlung vor stationärer Anstaltspflege"/></concept><concept><code value="35"/><display value="Nichtanwesenheit des Patienten in der Ambulanz (Laborprobe, Untersuchung einer Gewebeprobe)"/></concept><concept><code value="40"/><display value="ambulante Chemotherapie"/></concept><concept><code value="45"/><display value="Diabetesbehandlung im Rahmen von Therapie Aktiv"/></concept><concept><code value="50"/><display value="Dialyse"/></concept><concept><code value="60"/><display value="Spende von Körperteilen"/></concept><concept><code value="70"/><display value="Anzeigepflichtige übertragbare Krankheit (meldepflichtige Diagnose)"/></concept><concept><code value="80"/><display value="Humangenetische Untersuchung"/></concept><concept><code value="99"/><display value="Sonstige Ursache"/></concept></include></compose></ValueSet>