<?xml version="1.0" encoding="UTF-8"?><ValueSet xmlns="http://hl7.org/fhir"><id value="at-elga-vs-religion"/><text><status value="generated"/><div xmlns="http://www.w3.org/1999/xhtml"><p>This value set contains 62 concepts</p><p>All codes in this table are from the system <a href="CodeSystem-at-core-cs-religion.html"><code>http://hl7.at/fhir/HL7ATCoreProfiles/4.0.1/CodeSystem/at-core-cs-religion</code></a></p><table class="codes"><tr><td><b>Lvl</b></td><td style="white-space:nowrap"><b>Code</b></td><td><b>Display</b></td><td><b>Definition</b></td></tr><tr><td><a name="http---hl7.at-fhir-HL7ATCoreProfiles-4.0.1-CodeSystem-at-core-cs-religion-100"> </a>0</td><td style="white-space:nowrap"><a href="CodeSystem-at-core-cs-religion.html#at-core-cs-religion-100">100</a></td><td>Katholische Kirche (o.n.A.)</td><td/></tr><tr><td><a name="http---hl7.at-fhir-HL7ATCoreProfiles-4.0.1-CodeSystem-at-core-cs-religion-101"> </a>1</td><td style="white-space:nowrap">  <a href="CodeSystem-at-core-cs-religion.html#at-core-cs-religion-101">101</a></td><td>Römisch-Katholisch</td><td/></tr><tr><td><a name="http---hl7.at-fhir-HL7ATCoreProfiles-4.0.1-CodeSystem-at-core-cs-religion-102"> </a>1</td><td style="white-space:nowrap">  <a href="CodeSystem-at-core-cs-religion.html#at-core-cs-religion-102">102</a></td><td>Griechisch-Katholische Kirche</td><td/></tr><tr><td><a name="http---hl7.at-fhir-HL7ATCoreProfiles-4.0.1-CodeSystem-at-core-cs-religion-103"> </a>1</td><td style="white-space:nowrap">  <a href="CodeSystem-at-core-cs-religion.html#at-core-cs-religion-103">103</a></td><td>Armenisch-Katholische Kirche</td><td/></tr><tr><td><a name="http---hl7.at-fhir-HL7ATCoreProfiles-4.0.1-CodeSystem-at-core-cs-religion-104"> </a>1</td><td style="white-space:nowrap">  <a href="CodeSystem-at-core-cs-religion.html#at-core-cs-religion-104">104</a></td><td>Bulgarisch-Katholische Kirche</td><td/></tr><tr><td><a name="http---hl7.at-fhir-HL7ATCoreProfiles-4.0.1-CodeSystem-at-core-cs-religion-105"> </a>1</td><td style="white-space:nowrap">  <a href="CodeSystem-at-core-cs-religion.html#at-core-cs-religion-105">105</a></td><td>Rumänische griechisch-katholische Kirche</td><td/></tr><tr><td><a name="http---hl7.at-fhir-HL7ATCoreProfiles-4.0.1-CodeSystem-at-core-cs-religion-106"> </a>1</td><td style="white-space:nowrap">  <a href="CodeSystem-at-core-cs-religion.html#at-core-cs-religion-106">106</a></td><td>Russisch-Katholische Kirche</td><td/></tr><tr><td><a name="http---hl7.at-fhir-HL7ATCoreProfiles-4.0.1-CodeSystem-at-core-cs-religion-107"> </a>1</td><td style="white-space:nowrap">  <a href="CodeSystem-at-core-cs-religion.html#at-core-cs-religion-107">107</a></td><td>Syrisch-Katholische Kirche</td><td/></tr><tr><td><a name="http---hl7.at-fhir-HL7ATCoreProfiles-4.0.1-CodeSystem-at-core-cs-religion-108"> </a>1</td><td style="white-space:nowrap">  <a href="CodeSystem-at-core-cs-religion.html#at-core-cs-religion-108">108</a></td><td>Ukrainische Griechisch-Katholische Kirche</td><td/></tr><tr><td><a name="http---hl7.at-fhir-HL7ATCoreProfiles-4.0.1-CodeSystem-at-core-cs-religion-109"> </a>1</td><td style="white-space:nowrap">  <a href="CodeSystem-at-core-cs-religion.html#at-core-cs-religion-109">109</a></td><td>Katholische Ostkirche (ohne nähere Angabe)</td><td/></tr><tr><td><a name="http---hl7.at-fhir-HL7ATCoreProfiles-4.0.1-CodeSystem-at-core-cs-religion-110"> </a>0</td><td style="white-space:nowrap"><a href="CodeSystem-at-core-cs-religion.html#at-core-cs-religion-110">110</a></td><td>Griechisch-Orientalische Kirchen</td><td/></tr><tr><td><a name="http---hl7.at-fhir-HL7ATCoreProfiles-4.0.1-CodeSystem-at-core-cs-religion-111"> </a>1</td><td style="white-space:nowrap">  <a href="CodeSystem-at-core-cs-religion.html#at-core-cs-religion-111">111</a></td><td>Orthodoxe Kirchen (o.n.A.)</td><td/></tr><tr><td><a name="http---hl7.at-fhir-HL7ATCoreProfiles-4.0.1-CodeSystem-at-core-cs-religion-112"> </a>1</td><td style="white-space:nowrap">  <a href="CodeSystem-at-core-cs-religion.html#at-core-cs-religion-112">112</a></td><td>Griechisch-Orthodoxe Kirche (Hl.Dreifaltigkeit)</td><td/></tr><tr><td><a name="http---hl7.at-fhir-HL7ATCoreProfiles-4.0.1-CodeSystem-at-core-cs-religion-113"> </a>1</td><td style="white-space:nowrap">  <a href="CodeSystem-at-core-cs-religion.html#at-core-cs-religion-113">113</a></td><td>Griechisch-Orthodoxe Kirche (Hl.Georg)</td><td/></tr><tr><td><a name="http---hl7.at-fhir-HL7ATCoreProfiles-4.0.1-CodeSystem-at-core-cs-religion-114"> </a>1</td><td style="white-space:nowrap">  <a href="CodeSystem-at-core-cs-religion.html#at-core-cs-religion-114">114</a></td><td>Bulgarisch-Orthodoxe Kirche</td><td/></tr><tr><td><a name="http---hl7.at-fhir-HL7ATCoreProfiles-4.0.1-CodeSystem-at-core-cs-religion-115"> </a>1</td><td style="white-space:nowrap">  <a href="CodeSystem-at-core-cs-religion.html#at-core-cs-religion-115">115</a></td><td>Rumänisch-griechisch-orientalische Kirche</td><td/></tr><tr><td><a name="http---hl7.at-fhir-HL7ATCoreProfiles-4.0.1-CodeSystem-at-core-cs-religion-116"> </a>1</td><td style="white-space:nowrap">  <a href="CodeSystem-at-core-cs-religion.html#at-core-cs-religion-116">116</a></td><td>Russisch-Orthodoxe Kirche</td><td/></tr><tr><td><a name="http---hl7.at-fhir-HL7ATCoreProfiles-4.0.1-CodeSystem-at-core-cs-religion-117"> </a>1</td><td style="white-space:nowrap">  <a href="CodeSystem-at-core-cs-religion.html#at-core-cs-religion-117">117</a></td><td>Serbisch-griechisch-Orthodoxe Kirche</td><td/></tr><tr><td><a name="http---hl7.at-fhir-HL7ATCoreProfiles-4.0.1-CodeSystem-at-core-cs-religion-118"> </a>1</td><td style="white-space:nowrap">  <a href="CodeSystem-at-core-cs-religion.html#at-core-cs-religion-118">118</a></td><td>Ukrainisch-Orthodoxe Kirche</td><td/></tr><tr><td><a name="http---hl7.at-fhir-HL7ATCoreProfiles-4.0.1-CodeSystem-at-core-cs-religion-119"> </a>0</td><td style="white-space:nowrap"><a href="CodeSystem-at-core-cs-religion.html#at-core-cs-religion-119">119</a></td><td>Orientalisch-Orthodoxe Kirchen</td><td/></tr><tr><td><a name="http---hl7.at-fhir-HL7ATCoreProfiles-4.0.1-CodeSystem-at-core-cs-religion-120"> </a>1</td><td style="white-space:nowrap">  <a href="CodeSystem-at-core-cs-religion.html#at-core-cs-religion-120">120</a></td><td>Armenisch-apostolische Kirche</td><td/></tr><tr><td><a name="http---hl7.at-fhir-HL7ATCoreProfiles-4.0.1-CodeSystem-at-core-cs-religion-121"> </a>1</td><td style="white-space:nowrap">  <a href="CodeSystem-at-core-cs-religion.html#at-core-cs-religion-121">121</a></td><td>Syrisch-orthodoxe Kirche</td><td/></tr><tr><td><a name="http---hl7.at-fhir-HL7ATCoreProfiles-4.0.1-CodeSystem-at-core-cs-religion-122"> </a>1</td><td style="white-space:nowrap">  <a href="CodeSystem-at-core-cs-religion.html#at-core-cs-religion-122">122</a></td><td>Syrisch-orthodoxe Kirche</td><td/></tr><tr><td><a name="http---hl7.at-fhir-HL7ATCoreProfiles-4.0.1-CodeSystem-at-core-cs-religion-123"> </a>1</td><td style="white-space:nowrap">  <a href="CodeSystem-at-core-cs-religion.html#at-core-cs-religion-123">123</a></td><td>Koptisch-orthodoxe Kirche</td><td/></tr><tr><td><a name="http---hl7.at-fhir-HL7ATCoreProfiles-4.0.1-CodeSystem-at-core-cs-religion-124"> </a>1</td><td style="white-space:nowrap">  <a href="CodeSystem-at-core-cs-religion.html#at-core-cs-religion-124">124</a></td><td>Armenisch-apostolische Kirche</td><td/></tr><tr><td><a name="http---hl7.at-fhir-HL7ATCoreProfiles-4.0.1-CodeSystem-at-core-cs-religion-125"> </a>1</td><td style="white-space:nowrap">  <a href="CodeSystem-at-core-cs-religion.html#at-core-cs-religion-125">125</a></td><td>Äthiopisch-Orthodoxe Kirche</td><td/></tr><tr><td><a name="http---hl7.at-fhir-HL7ATCoreProfiles-4.0.1-CodeSystem-at-core-cs-religion-126"> </a>0</td><td style="white-space:nowrap"><a href="CodeSystem-at-core-cs-religion.html#at-core-cs-religion-126">126</a></td><td>Evangelische Kirchen Österreich</td><td/></tr><tr><td><a name="http---hl7.at-fhir-HL7ATCoreProfiles-4.0.1-CodeSystem-at-core-cs-religion-127"> </a>1</td><td style="white-space:nowrap">  <a href="CodeSystem-at-core-cs-religion.html#at-core-cs-religion-127">127</a></td><td>Evangelische Kirche (o.n.A.)</td><td/></tr><tr><td><a name="http---hl7.at-fhir-HL7ATCoreProfiles-4.0.1-CodeSystem-at-core-cs-religion-128"> </a>1</td><td style="white-space:nowrap">  <a href="CodeSystem-at-core-cs-religion.html#at-core-cs-religion-128">128</a></td><td>Evangelische Kirche A.B.</td><td/></tr><tr><td><a name="http---hl7.at-fhir-HL7ATCoreProfiles-4.0.1-CodeSystem-at-core-cs-religion-129"> </a>1</td><td style="white-space:nowrap">  <a href="CodeSystem-at-core-cs-religion.html#at-core-cs-religion-129">129</a></td><td>Evangelische Kirche H.B.</td><td/></tr><tr><td><a name="http---hl7.at-fhir-HL7ATCoreProfiles-4.0.1-CodeSystem-at-core-cs-religion-130"> </a>0</td><td style="white-space:nowrap"><a href="CodeSystem-at-core-cs-religion.html#at-core-cs-religion-130">130</a></td><td>Andere Christliche Kirchen</td><td/></tr><tr><td><a name="http---hl7.at-fhir-HL7ATCoreProfiles-4.0.1-CodeSystem-at-core-cs-religion-131"> </a>1</td><td style="white-space:nowrap">  <a href="CodeSystem-at-core-cs-religion.html#at-core-cs-religion-131">131</a></td><td>Altkatholische Kirche Österreichs</td><td/></tr><tr><td><a name="http---hl7.at-fhir-HL7ATCoreProfiles-4.0.1-CodeSystem-at-core-cs-religion-132"> </a>1</td><td style="white-space:nowrap">  <a href="CodeSystem-at-core-cs-religion.html#at-core-cs-religion-132">132</a></td><td>Anglikanische Kirche</td><td/></tr><tr><td><a name="http---hl7.at-fhir-HL7ATCoreProfiles-4.0.1-CodeSystem-at-core-cs-religion-133"> </a>1</td><td style="white-space:nowrap">  <a href="CodeSystem-at-core-cs-religion.html#at-core-cs-religion-133">133</a></td><td>Evangelisch-methodistische Kirche (EmK)</td><td/></tr><tr><td><a name="http---hl7.at-fhir-HL7ATCoreProfiles-4.0.1-CodeSystem-at-core-cs-religion-134"> </a>0</td><td style="white-space:nowrap"><a href="CodeSystem-at-core-cs-religion.html#at-core-cs-religion-134">134</a></td><td>Sonstige Christliche Gemeinschaften</td><td/></tr><tr><td><a name="http---hl7.at-fhir-HL7ATCoreProfiles-4.0.1-CodeSystem-at-core-cs-religion-135"> </a>1</td><td style="white-space:nowrap">  <a href="CodeSystem-at-core-cs-religion.html#at-core-cs-religion-135">135</a></td><td>Baptisten</td><td/></tr><tr><td><a name="http---hl7.at-fhir-HL7ATCoreProfiles-4.0.1-CodeSystem-at-core-cs-religion-136"> </a>1</td><td style="white-space:nowrap">  <a href="CodeSystem-at-core-cs-religion.html#at-core-cs-religion-136">136</a></td><td>Bund evangelikaler Gemeinden in Österreich</td><td/></tr><tr><td><a name="http---hl7.at-fhir-HL7ATCoreProfiles-4.0.1-CodeSystem-at-core-cs-religion-137"> </a>1</td><td style="white-space:nowrap">  <a href="CodeSystem-at-core-cs-religion.html#at-core-cs-religion-137">137</a></td><td>Freie Christengemeinde/Pfingstgemeinde</td><td/></tr><tr><td><a name="http---hl7.at-fhir-HL7ATCoreProfiles-4.0.1-CodeSystem-at-core-cs-religion-138"> </a>1</td><td style="white-space:nowrap">  <a href="CodeSystem-at-core-cs-religion.html#at-core-cs-religion-138">138</a></td><td>Mennonitische Freikirche</td><td/></tr><tr><td><a name="http---hl7.at-fhir-HL7ATCoreProfiles-4.0.1-CodeSystem-at-core-cs-religion-139"> </a>1</td><td style="white-space:nowrap">  <a href="CodeSystem-at-core-cs-religion.html#at-core-cs-religion-139">139</a></td><td>Kirche der Siebenten-Tags-Adventisten</td><td/></tr><tr><td><a name="http---hl7.at-fhir-HL7ATCoreProfiles-4.0.1-CodeSystem-at-core-cs-religion-140"> </a>1</td><td style="white-space:nowrap">  <a href="CodeSystem-at-core-cs-religion.html#at-core-cs-religion-140">140</a></td><td>Christengemeinschaft</td><td/></tr><tr><td><a name="http---hl7.at-fhir-HL7ATCoreProfiles-4.0.1-CodeSystem-at-core-cs-religion-141"> </a>1</td><td style="white-space:nowrap">  <a href="CodeSystem-at-core-cs-religion.html#at-core-cs-religion-141">141</a></td><td>Jehovas Zeugen</td><td/></tr><tr><td><a name="http---hl7.at-fhir-HL7ATCoreProfiles-4.0.1-CodeSystem-at-core-cs-religion-142"> </a>1</td><td style="white-space:nowrap">  <a href="CodeSystem-at-core-cs-religion.html#at-core-cs-religion-142">142</a></td><td>Neuapostolische Kirche</td><td/></tr><tr><td><a name="http---hl7.at-fhir-HL7ATCoreProfiles-4.0.1-CodeSystem-at-core-cs-religion-143"> </a>1</td><td style="white-space:nowrap">  <a href="CodeSystem-at-core-cs-religion.html#at-core-cs-religion-143">143</a></td><td>Mormonen</td><td/></tr><tr><td><a name="http---hl7.at-fhir-HL7ATCoreProfiles-4.0.1-CodeSystem-at-core-cs-religion-144"> </a>1</td><td style="white-space:nowrap">  <a href="CodeSystem-at-core-cs-religion.html#at-core-cs-religion-144">144</a></td><td>Sonstige Christliche Gemeinschaften (O.n.A.)</td><td/></tr><tr><td><a name="http---hl7.at-fhir-HL7ATCoreProfiles-4.0.1-CodeSystem-at-core-cs-religion-145"> </a>1</td><td style="white-space:nowrap">  <a href="CodeSystem-at-core-cs-religion.html#at-core-cs-religion-145">145</a></td><td>ELAIA Christengemeinden</td><td/></tr><tr><td><a name="http---hl7.at-fhir-HL7ATCoreProfiles-4.0.1-CodeSystem-at-core-cs-religion-146"> </a>1</td><td style="white-space:nowrap">  <a href="CodeSystem-at-core-cs-religion.html#at-core-cs-religion-146">146</a></td><td>Pfingstkirche Gemeinde Gottes</td><td/></tr><tr><td><a name="http---hl7.at-fhir-HL7ATCoreProfiles-4.0.1-CodeSystem-at-core-cs-religion-148"> </a>0</td><td style="white-space:nowrap"><a href="CodeSystem-at-core-cs-religion.html#at-core-cs-religion-148">148</a></td><td>Nicht-christliche Gemeinschaften</td><td/></tr><tr><td><a name="http---hl7.at-fhir-HL7ATCoreProfiles-4.0.1-CodeSystem-at-core-cs-religion-149"> </a>1</td><td style="white-space:nowrap">  <a href="CodeSystem-at-core-cs-religion.html#at-core-cs-religion-149">149</a></td><td>Israelitische Religionsgesellschaft</td><td/></tr><tr><td><a name="http---hl7.at-fhir-HL7ATCoreProfiles-4.0.1-CodeSystem-at-core-cs-religion-150"> </a>1</td><td style="white-space:nowrap">  <a href="CodeSystem-at-core-cs-religion.html#at-core-cs-religion-150">150</a></td><td>Islamische Glaubensgemeinschaft</td><td/></tr><tr><td><a name="http---hl7.at-fhir-HL7ATCoreProfiles-4.0.1-CodeSystem-at-core-cs-religion-151"> </a>1</td><td style="white-space:nowrap">  <a href="CodeSystem-at-core-cs-religion.html#at-core-cs-religion-151">151</a></td><td>Alevitische Religionsgesellschaft</td><td/></tr><tr><td><a name="http---hl7.at-fhir-HL7ATCoreProfiles-4.0.1-CodeSystem-at-core-cs-religion-152"> </a>1</td><td style="white-space:nowrap">  <a href="CodeSystem-at-core-cs-religion.html#at-core-cs-religion-152">152</a></td><td>Buddhistische Religionsgesellschaft</td><td/></tr><tr><td><a name="http---hl7.at-fhir-HL7ATCoreProfiles-4.0.1-CodeSystem-at-core-cs-religion-153"> </a>1</td><td style="white-space:nowrap">  <a href="CodeSystem-at-core-cs-religion.html#at-core-cs-religion-153">153</a></td><td>Baha` i</td><td/></tr><tr><td><a name="http---hl7.at-fhir-HL7ATCoreProfiles-4.0.1-CodeSystem-at-core-cs-religion-154"> </a>1</td><td style="white-space:nowrap">  <a href="CodeSystem-at-core-cs-religion.html#at-core-cs-religion-154">154</a></td><td>Hinduistische Religionsgesellschaft</td><td/></tr><tr><td><a name="http---hl7.at-fhir-HL7ATCoreProfiles-4.0.1-CodeSystem-at-core-cs-religion-155"> </a>1</td><td style="white-space:nowrap">  <a href="CodeSystem-at-core-cs-religion.html#at-core-cs-religion-155">155</a></td><td>Sikh</td><td/></tr><tr><td><a name="http---hl7.at-fhir-HL7ATCoreProfiles-4.0.1-CodeSystem-at-core-cs-religion-156"> </a>1</td><td style="white-space:nowrap">  <a href="CodeSystem-at-core-cs-religion.html#at-core-cs-religion-156">156</a></td><td>Shintoismus</td><td/></tr><tr><td><a name="http---hl7.at-fhir-HL7ATCoreProfiles-4.0.1-CodeSystem-at-core-cs-religion-157"> </a>1</td><td style="white-space:nowrap">  <a href="CodeSystem-at-core-cs-religion.html#at-core-cs-religion-157">157</a></td><td>Vereinigungskirche</td><td/></tr><tr><td><a name="http---hl7.at-fhir-HL7ATCoreProfiles-4.0.1-CodeSystem-at-core-cs-religion-162"> </a>1</td><td style="white-space:nowrap">  <a href="CodeSystem-at-core-cs-religion.html#at-core-cs-religion-162">162</a></td><td>Pastafarianismus</td><td/></tr><tr><td><a name="http---hl7.at-fhir-HL7ATCoreProfiles-4.0.1-CodeSystem-at-core-cs-religion-158"> </a>1</td><td style="white-space:nowrap">  <a href="CodeSystem-at-core-cs-religion.html#at-core-cs-religion-158">158</a></td><td>Andere religiöse Bekenntnisgemeinschaften</td><td/></tr><tr><td><a name="http---hl7.at-fhir-HL7ATCoreProfiles-4.0.1-CodeSystem-at-core-cs-religion-159"> </a>0</td><td style="white-space:nowrap"><a href="CodeSystem-at-core-cs-religion.html#at-core-cs-religion-159">159</a></td><td>Konfessionslos, ohne Angabe</td><td/></tr><tr><td><a name="http---hl7.at-fhir-HL7ATCoreProfiles-4.0.1-CodeSystem-at-core-cs-religion-160"> </a>1</td><td style="white-space:nowrap">  <a href="CodeSystem-at-core-cs-religion.html#at-core-cs-religion-160">160</a></td><td>Konfessionslos</td><td/></tr><tr><td><a name="http---hl7.at-fhir-HL7ATCoreProfiles-4.0.1-CodeSystem-at-core-cs-religion-161"> </a>1</td><td style="white-space:nowrap">  <a href="CodeSystem-at-core-cs-religion.html#at-core-cs-religion-161">161</a></td><td>Ohne Angabe</td><td/></tr></table></div></text><url value="http://hl7.at/fhir/HL7ATCoreProfiles/4.0.1/ValueSet/at-elga-vs-religion"/><version value="0.3.0"/><name value="ELGAVSReligion"/><title value="ELGA Religion Value Set"/><status value="active"/><date value="2021-11-22T16:28:47+00:00"/><contact><name value="Technical Committee for FHIR® at HL7® Austria"/><telecom><system value="email"/><value value="mailto:tc-fhir@hl7.at"/></telecom></contact><description value="Set of religious affiliations to be used in ELGA. It is preferred to use entries of the first level hierachy (1-L). Also accessible on [Termpub - ValueSet - ELGA ReligiousAffiliation](https://termpub.gesundheit.gv.at:443/TermBrowser/gui/main/main.zul?loadType=ValueSet&amp;loadName=ELGA_ReligiousAffiliation)."/><compose><include><extension url="http://hl7.org/fhir/StructureDefinition/valueset-expand-rules"><valueCode value="groups-only"/></extension><extension url="http://hl7.org/fhir/StructureDefinition/valueset-expand-group"><extension url="code"><valueCode value="100"/></extension><extension url="member"><valueCode value="101"/></extension><extension url="member"><valueCode value="102"/></extension><extension url="member"><valueCode value="103"/></extension><extension url="member"><valueCode value="104"/></extension><extension url="member"><valueCode value="105"/></extension><extension url="member"><valueCode value="106"/></extension><extension url="member"><valueCode value="107"/></extension><extension url="member"><valueCode value="108"/></extension><extension url="member"><valueCode value="109"/></extension></extension><extension url="http://hl7.org/fhir/StructureDefinition/valueset-expand-group"><extension url="code"><valueCode value="110"/></extension><extension url="member"><valueCode value="111"/></extension><extension url="member"><valueCode value="112"/></extension><extension url="member"><valueCode value="113"/></extension><extension url="member"><valueCode value="114"/></extension><extension url="member"><valueCode value="115"/></extension><extension url="member"><valueCode value="116"/></extension><extension url="member"><valueCode value="117"/></extension><extension url="member"><valueCode value="118"/></extension></extension><extension url="http://hl7.org/fhir/StructureDefinition/valueset-expand-group"><extension url="code"><valueCode value="119"/></extension><extension url="member"><valueCode value="120"/></extension><extension url="member"><valueCode value="121"/></extension><extension url="member"><valueCode value="122"/></extension><extension url="member"><valueCode value="123"/></extension><extension url="member"><valueCode value="124"/></extension><extension url="member"><valueCode value="125"/></extension></extension><extension url="http://hl7.org/fhir/StructureDefinition/valueset-expand-group"><extension url="code"><valueCode value="126"/></extension><extension url="member"><valueCode value="127"/></extension><extension url="member"><valueCode value="128"/></extension><extension url="member"><valueCode value="129"/></extension></extension><extension url="http://hl7.org/fhir/StructureDefinition/valueset-expand-group"><extension url="code"><valueCode value="130"/></extension><extension url="member"><valueCode value="131"/></extension><extension url="member"><valueCode value="132"/></extension><extension url="member"><valueCode value="133"/></extension></extension><extension url="http://hl7.org/fhir/StructureDefinition/valueset-expand-group"><extension url="code"><valueCode value="134"/></extension><extension url="member"><valueCode value="135"/></extension><extension url="member"><valueCode value="136"/></extension><extension url="member"><valueCode value="137"/></extension><extension url="member"><valueCode value="138"/></extension><extension url="member"><valueCode value="139"/></extension><extension url="member"><valueCode value="140"/></extension><extension url="member"><valueCode value="141"/></extension><extension url="member"><valueCode value="142"/></extension><extension url="member"><valueCode value="143"/></extension><extension url="member"><valueCode value="144"/></extension><extension url="member"><valueCode value="145"/></extension><extension url="member"><valueCode value="146"/></extension></extension><extension url="http://hl7.org/fhir/StructureDefinition/valueset-expand-group"><extension url="code"><valueCode value="148"/></extension><extension url="member"><valueCode value="149"/></extension><extension url="member"><valueCode value="150"/></extension><extension url="member"><valueCode value="151"/></extension><extension url="member"><valueCode value="152"/></extension><extension url="member"><valueCode value="153"/></extension><extension url="member"><valueCode value="154"/></extension><extension url="member"><valueCode value="155"/></extension><extension url="member"><valueCode value="156"/></extension><extension url="member"><valueCode value="157"/></extension><extension url="member"><valueCode value="162"/></extension><extension url="member"><valueCode value="158"/></extension></extension><extension url="http://hl7.org/fhir/StructureDefinition/valueset-expand-group"><extension url="code"><valueCode value="159"/></extension><extension url="member"><valueCode value="160"/></extension><extension url="member"><valueCode value="161"/></extension></extension><system value="http://hl7.at/fhir/HL7ATCoreProfiles/4.0.1/CodeSystem/at-core-cs-religion"/></include></compose><expansion><timestamp value="2021-01-28T10:00:00.0000Z"/><parameter><name value="excludeNotForUI"/><valueUri value="false"/></parameter><contains><system value="http://hl7.at/fhir/HL7ATCoreProfiles/4.0.1/CodeSystem/at-core-cs-religion"/><code value="100"/><display value="Katholische Kirche (o.n.A.)"/><contains><system value="http://hl7.at/fhir/HL7ATCoreProfiles/4.0.1/CodeSystem/at-core-cs-religion"/><code value="101"/><display value="Römisch-Katholisch"/></contains><contains><system value="http://hl7.at/fhir/HL7ATCoreProfiles/4.0.1/CodeSystem/at-core-cs-religion"/><code value="102"/><display value="Griechisch-Katholische Kirche"/></contains><contains><system value="http://hl7.at/fhir/HL7ATCoreProfiles/4.0.1/CodeSystem/at-core-cs-religion"/><code value="103"/><display value="Armenisch-Katholische Kirche"/></contains><contains><system value="http://hl7.at/fhir/HL7ATCoreProfiles/4.0.1/CodeSystem/at-core-cs-religion"/><code value="104"/><display value="Bulgarisch-Katholische Kirche"/></contains><contains><system value="http://hl7.at/fhir/HL7ATCoreProfiles/4.0.1/CodeSystem/at-core-cs-religion"/><code value="105"/><display value="Rumänische griechisch-katholische Kirche"/></contains><contains><system value="http://hl7.at/fhir/HL7ATCoreProfiles/4.0.1/CodeSystem/at-core-cs-religion"/><code value="106"/><display value="Russisch-Katholische Kirche"/></contains><contains><system value="http://hl7.at/fhir/HL7ATCoreProfiles/4.0.1/CodeSystem/at-core-cs-religion"/><code value="107"/><display value="Syrisch-Katholische Kirche"/></contains><contains><system value="http://hl7.at/fhir/HL7ATCoreProfiles/4.0.1/CodeSystem/at-core-cs-religion"/><code value="108"/><display value="Ukrainische Griechisch-Katholische Kirche"/></contains><contains><system value="http://hl7.at/fhir/HL7ATCoreProfiles/4.0.1/CodeSystem/at-core-cs-religion"/><code value="109"/><display value="Katholische Ostkirche (ohne nähere Angabe)"/></contains></contains><contains><system value="http://hl7.at/fhir/HL7ATCoreProfiles/4.0.1/CodeSystem/at-core-cs-religion"/><code value="110"/><display value="Griechisch-Orientalische Kirchen"/><contains><system value="http://hl7.at/fhir/HL7ATCoreProfiles/4.0.1/CodeSystem/at-core-cs-religion"/><code value="111"/><display value="Orthodoxe Kirchen (o.n.A.)"/></contains><contains><system value="http://hl7.at/fhir/HL7ATCoreProfiles/4.0.1/CodeSystem/at-core-cs-religion"/><code value="112"/><display value="Griechisch-Orthodoxe Kirche (Hl.Dreifaltigkeit)"/></contains><contains><system value="http://hl7.at/fhir/HL7ATCoreProfiles/4.0.1/CodeSystem/at-core-cs-religion"/><code value="113"/><display value="Griechisch-Orthodoxe Kirche (Hl.Georg)"/></contains><contains><system value="http://hl7.at/fhir/HL7ATCoreProfiles/4.0.1/CodeSystem/at-core-cs-religion"/><code value="114"/><display value="Bulgarisch-Orthodoxe Kirche"/></contains><contains><system value="http://hl7.at/fhir/HL7ATCoreProfiles/4.0.1/CodeSystem/at-core-cs-religion"/><code value="115"/><display value="Rumänisch-griechisch-orientalische Kirche"/></contains><contains><system value="http://hl7.at/fhir/HL7ATCoreProfiles/4.0.1/CodeSystem/at-core-cs-religion"/><code value="116"/><display value="Russisch-Orthodoxe Kirche"/></contains><contains><system value="http://hl7.at/fhir/HL7ATCoreProfiles/4.0.1/CodeSystem/at-core-cs-religion"/><code value="117"/><display value="Serbisch-griechisch-Orthodoxe Kirche"/></contains><contains><system value="http://hl7.at/fhir/HL7ATCoreProfiles/4.0.1/CodeSystem/at-core-cs-religion"/><code value="118"/><display value="Ukrainisch-Orthodoxe Kirche"/></contains></contains><contains><system value="http://hl7.at/fhir/HL7ATCoreProfiles/4.0.1/CodeSystem/at-core-cs-religion"/><code value="119"/><display value="Orientalisch-Orthodoxe Kirchen"/><contains><system value="http://hl7.at/fhir/HL7ATCoreProfiles/4.0.1/CodeSystem/at-core-cs-religion"/><code value="120"/><display value="Armenisch-apostolische Kirche"/></contains><contains><system value="http://hl7.at/fhir/HL7ATCoreProfiles/4.0.1/CodeSystem/at-core-cs-religion"/><code value="121"/><display value="Syrisch-orthodoxe Kirche"/></contains><contains><system value="http://hl7.at/fhir/HL7ATCoreProfiles/4.0.1/CodeSystem/at-core-cs-religion"/><code value="122"/><display value="Syrisch-orthodoxe Kirche"/></contains><contains><system value="http://hl7.at/fhir/HL7ATCoreProfiles/4.0.1/CodeSystem/at-core-cs-religion"/><code value="123"/><display value="Koptisch-orthodoxe Kirche"/></contains><contains><system value="http://hl7.at/fhir/HL7ATCoreProfiles/4.0.1/CodeSystem/at-core-cs-religion"/><code value="124"/><display value="Armenisch-apostolische Kirche"/></contains><contains><system value="http://hl7.at/fhir/HL7ATCoreProfiles/4.0.1/CodeSystem/at-core-cs-religion"/><code value="125"/><display value="Äthiopisch-Orthodoxe Kirche"/></contains></contains><contains><system value="http://hl7.at/fhir/HL7ATCoreProfiles/4.0.1/CodeSystem/at-core-cs-religion"/><code value="126"/><display value="Evangelische Kirchen Österreich"/><contains><system value="http://hl7.at/fhir/HL7ATCoreProfiles/4.0.1/CodeSystem/at-core-cs-religion"/><code value="127"/><display value="Evangelische Kirche (o.n.A.)"/></contains><contains><system value="http://hl7.at/fhir/HL7ATCoreProfiles/4.0.1/CodeSystem/at-core-cs-religion"/><code value="128"/><display value="Evangelische Kirche A.B."/></contains><contains><system value="http://hl7.at/fhir/HL7ATCoreProfiles/4.0.1/CodeSystem/at-core-cs-religion"/><code value="129"/><display value="Evangelische Kirche H.B."/></contains></contains><contains><system value="http://hl7.at/fhir/HL7ATCoreProfiles/4.0.1/CodeSystem/at-core-cs-religion"/><code value="130"/><display value="Andere Christliche Kirchen"/><contains><system value="http://hl7.at/fhir/HL7ATCoreProfiles/4.0.1/CodeSystem/at-core-cs-religion"/><code value="131"/><display value="Altkatholische Kirche Österreichs"/></contains><contains><system value="http://hl7.at/fhir/HL7ATCoreProfiles/4.0.1/CodeSystem/at-core-cs-religion"/><code value="132"/><display value="Anglikanische Kirche"/></contains><contains><system value="http://hl7.at/fhir/HL7ATCoreProfiles/4.0.1/CodeSystem/at-core-cs-religion"/><code value="133"/><display value="Evangelisch-methodistische Kirche (EmK)"/></contains></contains><contains><system value="http://hl7.at/fhir/HL7ATCoreProfiles/4.0.1/CodeSystem/at-core-cs-religion"/><code value="134"/><display value="Sonstige Christliche Gemeinschaften"/><contains><system value="http://hl7.at/fhir/HL7ATCoreProfiles/4.0.1/CodeSystem/at-core-cs-religion"/><code value="135"/><display value="Baptisten"/></contains><contains><system value="http://hl7.at/fhir/HL7ATCoreProfiles/4.0.1/CodeSystem/at-core-cs-religion"/><code value="136"/><display value="Bund evangelikaler Gemeinden in Österreich"/></contains><contains><system value="http://hl7.at/fhir/HL7ATCoreProfiles/4.0.1/CodeSystem/at-core-cs-religion"/><code value="137"/><display value="Freie Christengemeinde/Pfingstgemeinde"/></contains><contains><system value="http://hl7.at/fhir/HL7ATCoreProfiles/4.0.1/CodeSystem/at-core-cs-religion"/><code value="138"/><display value="Mennonitische Freikirche"/></contains><contains><system value="http://hl7.at/fhir/HL7ATCoreProfiles/4.0.1/CodeSystem/at-core-cs-religion"/><code value="139"/><display value="Kirche der Siebenten-Tags-Adventisten"/></contains><contains><system value="http://hl7.at/fhir/HL7ATCoreProfiles/4.0.1/CodeSystem/at-core-cs-religion"/><code value="140"/><display value="Christengemeinschaft"/></contains><contains><system value="http://hl7.at/fhir/HL7ATCoreProfiles/4.0.1/CodeSystem/at-core-cs-religion"/><code value="141"/><display value="Jehovas Zeugen"/></contains><contains><system value="http://hl7.at/fhir/HL7ATCoreProfiles/4.0.1/CodeSystem/at-core-cs-religion"/><code value="142"/><display value="Neuapostolische Kirche"/></contains><contains><system value="http://hl7.at/fhir/HL7ATCoreProfiles/4.0.1/CodeSystem/at-core-cs-religion"/><code value="143"/><display value="Mormonen"/></contains><contains><system value="http://hl7.at/fhir/HL7ATCoreProfiles/4.0.1/CodeSystem/at-core-cs-religion"/><code value="144"/><display value="Sonstige Christliche Gemeinschaften (O.n.A.)"/></contains><contains><system value="http://hl7.at/fhir/HL7ATCoreProfiles/4.0.1/CodeSystem/at-core-cs-religion"/><code value="145"/><display value="ELAIA Christengemeinden"/></contains><contains><system value="http://hl7.at/fhir/HL7ATCoreProfiles/4.0.1/CodeSystem/at-core-cs-religion"/><code value="146"/><display value="Pfingstkirche Gemeinde Gottes"/></contains></contains><contains><system value="http://hl7.at/fhir/HL7ATCoreProfiles/4.0.1/CodeSystem/at-core-cs-religion"/><code value="148"/><display value="Nicht-christliche Gemeinschaften"/><contains><system value="http://hl7.at/fhir/HL7ATCoreProfiles/4.0.1/CodeSystem/at-core-cs-religion"/><code value="149"/><display value="Israelitische Religionsgesellschaft"/></contains><contains><system value="http://hl7.at/fhir/HL7ATCoreProfiles/4.0.1/CodeSystem/at-core-cs-religion"/><code value="150"/><display value="Islamische Glaubensgemeinschaft"/></contains><contains><system value="http://hl7.at/fhir/HL7ATCoreProfiles/4.0.1/CodeSystem/at-core-cs-religion"/><code value="151"/><display value="Alevitische Religionsgesellschaft"/></contains><contains><system value="http://hl7.at/fhir/HL7ATCoreProfiles/4.0.1/CodeSystem/at-core-cs-religion"/><code value="152"/><display value="Buddhistische Religionsgesellschaft"/></contains><contains><system value="http://hl7.at/fhir/HL7ATCoreProfiles/4.0.1/CodeSystem/at-core-cs-religion"/><code value="153"/><display value="Baha` i"/></contains><contains><system value="http://hl7.at/fhir/HL7ATCoreProfiles/4.0.1/CodeSystem/at-core-cs-religion"/><code value="154"/><display value="Hinduistische Religionsgesellschaft"/></contains><contains><system value="http://hl7.at/fhir/HL7ATCoreProfiles/4.0.1/CodeSystem/at-core-cs-religion"/><code value="155"/><display value="Sikh"/></contains><contains><system value="http://hl7.at/fhir/HL7ATCoreProfiles/4.0.1/CodeSystem/at-core-cs-religion"/><code value="156"/><display value="Shintoismus"/></contains><contains><system value="http://hl7.at/fhir/HL7ATCoreProfiles/4.0.1/CodeSystem/at-core-cs-religion"/><code value="157"/><display value="Vereinigungskirche"/></contains><contains><system value="http://hl7.at/fhir/HL7ATCoreProfiles/4.0.1/CodeSystem/at-core-cs-religion"/><code value="162"/><display value="Pastafarianismus"/></contains><contains><system value="http://hl7.at/fhir/HL7ATCoreProfiles/4.0.1/CodeSystem/at-core-cs-religion"/><code value="158"/><display value="Andere religiöse Bekenntnisgemeinschaften"/></contains></contains><contains><system value="http://hl7.at/fhir/HL7ATCoreProfiles/4.0.1/CodeSystem/at-core-cs-religion"/><code value="159"/><display value="Konfessionslos, ohne Angabe"/><contains><system value="http://hl7.at/fhir/HL7ATCoreProfiles/4.0.1/CodeSystem/at-core-cs-religion"/><code value="160"/><display value="Konfessionslos"/></contains><contains><system value="http://hl7.at/fhir/HL7ATCoreProfiles/4.0.1/CodeSystem/at-core-cs-religion"/><code value="161"/><display value="Ohne Angabe"/></contains></contains></expansion></ValueSet>