{
  "resourceType" : "ImplementationGuide",
  "id" : "fhir.example",
  "text" : {
    "status" : "generated",
    "div" : "<div xmlns=\"http://www.w3.org/1999/xhtml\"><p class=\"res-header-id\"><b>Generated Narrative: ImplementationGuide fhir.example</b></p><a name=\"fhir.example\"> </a><a name=\"hcfhir.example\"> </a><a name=\"fhir.example-en-US\"> </a><h2>MOPED</h2><p>The official URL for this implementation guide is: </p><pre>http://example.org/ImplementationGuide/fhir.example</pre></div>"
  },
  "url" : "http://example.org/ImplementationGuide/fhir.example",
  "version" : "0.1.0",
  "name" : "MOPED",
  "title" : "Moderne Patient:innenabrechnung und Datenkommunikation on FHIR (MOPED)",
  "status" : "draft",
  "date" : "2024-09-24T07:39:02+00:00",
  "publisher" : "Example Publisher",
  "contact" : [{
    "name" : "Example Publisher",
    "telecom" : [{
      "system" : "url",
      "value" : "http://example.org/example-publisher"
    }]
  }],
  "packageId" : "fhir.example",
  "license" : "CC0-1.0",
  "fhirVersion" : ["5.0.0"],
  "dependsOn" : [{
    "id" : "hl7tx",
    "extension" : [{
      "url" : "http://hl7.org/fhir/tools/StructureDefinition/implementationguide-dependency-comment",
      "valueMarkdown" : "Automatically added as a dependency - all IGs depend on HL7 Terminology"
    }],
    "uri" : "http://terminology.hl7.org/ImplementationGuide/hl7.terminology",
    "packageId" : "hl7.terminology.r5",
    "version" : "6.0.2"
  },
  {
    "id" : "hl7ext",
    "extension" : [{
      "url" : "http://hl7.org/fhir/tools/StructureDefinition/implementationguide-dependency-comment",
      "valueMarkdown" : "Automatically added as a dependency - all IGs depend on the HL7 Extension Pack"
    }],
    "uri" : "http://hl7.org/fhir/extensions/ImplementationGuide/hl7.fhir.uv.extensions",
    "packageId" : "hl7.fhir.uv.extensions.r5",
    "version" : "5.1.0"
  },
  {
    "id" : "hl7_at_fhir_core_r5",
    "uri" : "http://hl7.at/fhir/HL7ATCoreProfiles/5.0.0/ImplementationGuide/hl7.at.fhir.core.r5",
    "packageId" : "hl7.at.fhir.core.r5",
    "version" : "current"
  }],
  "definition" : {
    "extension" : [{
      "url" : "http://hl7.org/fhir/tools/StructureDefinition/ig-internal-dependency",
      "valueCode" : "hl7.fhir.uv.tools#0.2.0"
    }],
    "resource" : [{
      "extension" : [{
        "url" : "http://hl7.org/fhir/tools/StructureDefinition/resource-information",
        "valueString" : "ValueSet"
      }],
      "reference" : {
        "reference" : "ValueSet/moped-abgangsart-valueset"
      },
      "name" : "Abgangsart des Patienten",
      "description" : "ValueSet für die Abgangsart des Patienten",
      "isExample" : false
    },
    {
      "extension" : [{
        "url" : "http://hl7.org/fhir/tools/StructureDefinition/resource-information",
        "valueString" : "StructureDefinition:extension"
      }],
      "reference" : {
        "reference" : "StructureDefinition/moped-ext-diagnosisRelatedNode"
      },
      "name" : "Abrechnung - Knoten",
      "description" : "Lukriert die Patient:innen über eine reguläre Gruppe Punkte, so ist in diesem Datenfeld die entsprechende Knotenbezeichnung einzutragen.",
      "isExample" : false
    },
    {
      "extension" : [{
        "url" : "http://hl7.org/fhir/tools/StructureDefinition/resource-information",
        "valueString" : "StructureDefinition:extension"
      }],
      "reference" : {
        "reference" : "StructureDefinition/SVAbrechnungsquartal"
      },
      "name" : "Abrechnungsquartal der Sozialversicherung",
      "description" : "Das Abrechnungsquartal ist in der Form Jahr (JJJJ) und Quartal (Q) zu melden.",
      "isExample" : false
    },
    {
      "extension" : [{
        "url" : "http://hl7.org/fhir/tools/StructureDefinition/resource-information",
        "valueString" : "ValueSet"
      }],
      "reference" : {
        "reference" : "ValueSet/moped-AbrechnungsRelevanz-valueset"
      },
      "name" : "Abrechnungsrelevanz der medizinischen Leistung",
      "description" : "Abrechnungsrelevanz der medizinischen Leistung",
      "isExample" : false
    },
    {
      "extension" : [{
        "url" : "http://hl7.org/fhir/tools/StructureDefinition/resource-information",
        "valueString" : "StructureDefinition:extension"
      }],
      "reference" : {
        "reference" : "StructureDefinition/moped-ext-AccountRef"
      },
      "name" : "Account Referenz",
      "description" : "Referenz auf den im Claim abzurechnenden Account",
      "isExample" : false
    },
    {
      "extension" : [{
        "url" : "http://hl7.org/fhir/tools/StructureDefinition/resource-information",
        "valueString" : "StructureDefinition:extension"
      }],
      "reference" : {
        "reference" : "StructureDefinition/moped-ext-AnzahlSonderleistungen"
      },
      "name" : "Anzahl Sonderleistungen",
      "description" : "MOPED Extension für die Anzahl der Sonderleistungen",
      "isExample" : false
    },
    {
      "extension" : [{
        "url" : "http://hl7.org/fhir/tools/StructureDefinition/resource-information",
        "valueString" : "StructureDefinition:extension"
      }],
      "reference" : {
        "reference" : "StructureDefinition/moped-ext-AnzahlVerlegungen"
      },
      "name" : "AnzahlVerlegungen",
      "description" : "MOPED Extension für die Anzahl der Verlegungen",
      "isExample" : false
    },
    {
      "extension" : [{
        "url" : "http://hl7.org/fhir/tools/StructureDefinition/resource-information",
        "valueString" : "ValueSet"
      }],
      "reference" : {
        "reference" : "ValueSet/moped-aufnahmeart-valueset"
      },
      "name" : "Aufnahmeart des Patienten",
      "description" : "ValueSet für die Aufnahmeart des Patienten",
      "isExample" : false
    },
    {
      "extension" : [{
        "url" : "http://hl7.org/fhir/tools/StructureDefinition/resource-information",
        "valueString" : "ValueSet"
      }],
      "reference" : {
        "reference" : "ValueSet/moped-behandlungsart-valueset"
      },
      "name" : "Behandlungsart",
      "description" : "ValueSet für die Behandlungsart",
      "isExample" : false
    },
    {
      "extension" : [{
        "url" : "http://hl7.org/fhir/tools/StructureDefinition/resource-information",
        "valueString" : "StructureDefinition:extension"
      }],
      "reference" : {
        "reference" : "StructureDefinition/moped-ext-Beihilfenaequivalent"
      },
      "name" : "Beihilfenaequivalent",
      "description" : "MOPED Extension für das Beihilfenaequivalent",
      "isExample" : false
    },
    {
      "extension" : [{
        "url" : "http://hl7.org/fhir/tools/StructureDefinition/resource-information",
        "valueString" : "StructureDefinition:extension"
      }],
      "reference" : {
        "reference" : "StructureDefinition/moped-ext-erworben"
      },
      "name" : "Diagnose - im stationären Aufenthalt erworben",
      "description" : "MOPED Extension, um anzugeben, ob die Diagnose während des stationären Aufenthalts erworben wurde.",
      "isExample" : false
    },
    {
      "extension" : [{
        "url" : "http://hl7.org/fhir/tools/StructureDefinition/resource-information",
        "valueString" : "StructureDefinition:extension"
      }],
      "reference" : {
        "reference" : "StructureDefinition/moped-ext-EndOfEligibility"
      },
      "name" : "EndOfEligibility",
      "description" : "Fristende - Befristungen sind in folgenden Fällen vorgesehen:\n- Bei zeitlichen Beschränkungen aufgrund einer zu erwartenden, nachfolgenden medizini-\nschen Hauskrankenpflege\n- Bei Vorhersehbarkeit des Eintritts einer Asylierung\n- Bei unsicherer, versicherungsrechtlicher Entwicklung\nBei den ersten beiden Punkten wird von den Krankenversicherungsträgern das Fristende individuell gesetzt. Beim dritten Punkt wird im Regelfall eine generelle Tagesbeschränkung erfolgen, weil die Versichertenanspruchserklärung in die Zukunft gerichtet ist und der Krankenversicherungsträger seine Zuständigkeit von vornherein nur für einen bestimmten Zeitraum annehmen kann (Ausleis- tungssituation gem. § 122 ASVG).\nDurch die Angabe eines Fristendes wird signalisiert, dass bei einem über das Fristende hinaus dau- ernden Aufenthalt eine Verlängerungsanzeige vorzulegen ist.",
      "isExample" : false
    },
    {
      "extension" : [{
        "url" : "http://hl7.org/fhir/tools/StructureDefinition/resource-information",
        "valueString" : "ValueSet"
      }],
      "reference" : {
        "reference" : "ValueSet/moped-entlassungsart-valueset"
      },
      "name" : "Entlassungsart des Patienten",
      "description" : "ValueSet für die Entlassungsart des Patienten",
      "isExample" : false
    },
    {
      "extension" : [{
        "url" : "http://hl7.org/fhir/tools/StructureDefinition/resource-information",
        "valueString" : "StructureDefinition:extension"
      }],
      "reference" : {
        "reference" : "StructureDefinition/moped-ext-ErrorWarning"
      },
      "name" : "Error/Warning",
      "description" : "MOPED Extension für akzeptierte Errors und Warnings",
      "isExample" : false
    },
    {
      "extension" : [{
        "url" : "http://hl7.org/fhir/tools/StructureDefinition/resource-information",
        "valueString" : "StructureDefinition:extension"
      }],
      "reference" : {
        "reference" : "StructureDefinition/moped-ext-fondsrelevanz"
      },
      "name" : "Fondsrelevanz",
      "description" : "Hier ist anzugeben, ob der stationäre Aufenthalt/ambulante Besuch gegenüber dem Landesgesundheitsfonds/PRIKRAF abzurechnen ist.",
      "isExample" : false
    },
    {
      "extension" : [{
        "url" : "http://hl7.org/fhir/tools/StructureDefinition/resource-information",
        "valueString" : "StructureDefinition:extension"
      }],
      "reference" : {
        "reference" : "StructureDefinition/moped-ext-ForderungsbetragAuslaenderverrechnungRegress"
      },
      "name" : "Forderungsbetrag für Auslaenderverrechnung oder Regress",
      "description" : "MOPED Extension für den Forderungsbetrag für Ausländerverrechnung oder Regress",
      "isExample" : false
    },
    {
      "extension" : [{
        "url" : "http://hl7.org/fhir/tools/StructureDefinition/resource-information",
        "valueString" : "Questionnaire"
      }],
      "reference" : {
        "reference" : "Questionnaire/tiss-a-questionnaire"
      },
      "name" : "I12 Questionnaire für TISS-A-Daten",
      "isExample" : true
    },
    {
      "extension" : [{
        "url" : "http://hl7.org/fhir/tools/StructureDefinition/resource-information",
        "valueString" : "QuestionnaireResponse"
      }],
      "reference" : {
        "reference" : "QuestionnaireResponse/tiss-a-questionnaireresponse"
      },
      "name" : "I12 QuestionnaireResponse für TISS-A-Daten",
      "isExample" : true
    },
    {
      "extension" : [{
        "url" : "http://hl7.org/fhir/tools/StructureDefinition/resource-information",
        "valueString" : "StructureDefinition:extension"
      }],
      "reference" : {
        "reference" : "StructureDefinition/ecard-anspruch-kostenanteilbefreit"
      },
      "name" : "Kostenanteilbefreit laut Versicherungsanspruch",
      "description" : "Kostenanteilbefreiung für den Patienten, die direkt an den Anspruch geknüpft ist. Kostenanteile sind \nentweder laut Gesetz vorgegeben (z.B. Rezeptgebühr) oder sie sind in der Satzung des jeweiligen KV-Trägers \nverankert und werden meistens errechnet (z.B. für Heilbehelfe und Hilfsmittel).",
      "isExample" : false
    },
    {
      "extension" : [{
        "url" : "http://hl7.org/fhir/tools/StructureDefinition/resource-information",
        "valueString" : "StructureDefinition:extension"
      }],
      "reference" : {
        "reference" : "StructureDefinition/moped-ext-KonstenmeldungARK"
      },
      "name" : "Kostenmeldung für (A/R/K)",
      "description" : "MOPED Extension für die Kostenmeldung. Konstenmeldung für A = Ausländerverrechnung, R = Regressangelegenheiten oder K = Kosteninformation",
      "isExample" : false
    },
    {
      "extension" : [{
        "url" : "http://hl7.org/fhir/tools/StructureDefinition/resource-information",
        "valueString" : "ValueSet"
      }],
      "reference" : {
        "reference" : "ValueSet/moped-KostenmeldungARK-valueset"
      },
      "name" : "Kostenmeldung für (A/R/K)",
      "description" : "ValueSet für die Art der Kostenmeldung",
      "isExample" : false
    },
    {
      "extension" : [{
        "url" : "http://hl7.org/fhir/tools/StructureDefinition/resource-information",
        "valueString" : "StructureDefinition:extension"
      }],
      "reference" : {
        "reference" : "StructureDefinition/moped-ext-Kostenstelle"
      },
      "name" : "Kostenstelle",
      "description" : "MOPED Extension für akzeptierte Errors und Warnings",
      "isExample" : false
    },
    {
      "extension" : [{
        "url" : "http://hl7.org/fhir/tools/StructureDefinition/resource-information",
        "valueString" : "OperationDefinition"
      }],
      "reference" : {
        "reference" : "OperationDefinition/MOPED.CoverageEligibilityRequest.CheckStatus"
      },
      "name" : "Kostenübernahme-Anfrage $checkStatus (POC)",
      "description" : "Die Kostenübernahme-Anfrage $checkStatus Operation wird aufgerufen, um zu überprüfen, in welchem Status sich die Bearbeitung seitens SV derzeit befindet. Die Operation wird vom Akteur Krankenhaus (KH) aufgerufen.\n\n1. Suchen des Accounts: Suchen des MOPEDAccounts, der vom MOPEDEncounter mit dem *aufnahmezahl* Parameter als *identifier* im *MOPEDEncounter.account* Feld referenziert wird. \n2. Suchen des Requests: Es geht um jenen Request, der in *MOPEDAccount.coverageEligibilityRequest* Feld referenziert wurde\n3. Suche nach einer CoverageEligibilityResponse die im Feld *CoverageEligibilityResponse.request* den Request aus Schritt 2 referenziert\n  * Sollte es mehrere Responses zu einem Request geben, ist das eine Inkonsistenz die zu einer Fehlermeldung führen soll\n  * Gibt es eine Response, so ist zu prüfen in welchem *CoverageEligibilityResponse.status* die Ressource aufscheint:\n     * *draft*: Draft in Kombination mit dem *outcome*-Wert *queued* heißt, dass die SV den jeweiligen Request bereits ausgeliefert bekommen hat, jedoch die Bearbeitung noch nicht begonnen hat. Ein *draft*-Status in Kombination mit einem anderen *outcome*-Wert ist ungültig und sollte zu einer Fehlermeldung führen.\n     * *active*: Active in Kombination mit dem *outcome*-Wert *queued* bedeutet, dass die SV aktiv gestartet hat, den CoverageEligibilityRequest zu bearbeiten, es jedoch noch kein Resultat gibt. Ist der *outcome* mit dem Wert *completed*, *error* oder *partial* befüllt, ist die SV mit der Response fertig und eine Meldung kann ausgegeben werden, dass die freigegebene CoverageEligibilityResponse vom Krankenhaus abgeholt werden kann.",
      "isExample" : false
    },
    {
      "extension" : [{
        "url" : "http://hl7.org/fhir/tools/StructureDefinition/resource-information",
        "valueString" : "OperationDefinition"
      }],
      "reference" : {
        "reference" : "OperationDefinition/MOPED.CoverageEligibilityRequest.Abholen"
      },
      "name" : "Kostenübernahme-Anfragen $abholen (POC)",
      "description" : "Die Operation wird vom Akteur Sozialversicherung (SV) aufgerufen. Die Kostenübernahme-Anfragen $abholen Operation wird aufgerufen, um alle noch offenen Kostenübernahme-Anfragen, die bisher seitens SV noch nicht bearbeitet wurden, abgeholt werden können.\n1. Suche nach relevanten Requests: Alle CoverageEligibilityRequests, \n  * die im Feld *CoverageEligibilityRequest.insurer* die Organization mit *Organization.identifier* = Operation-Parameter *versicherer* referenziert haben UND\n  * die noch keine gezugehörigen CoverageEligibilityResponse haben (CoverageEligibilityRequest CEReq where not exists CoverageEligibilityResponse with *CoverageEligibilityResponse.request* = CEReq). Der Status der Resposne ist dabei irrelevant.\n2. Zusammenstellen des Return-Bundles:\n   Mit der gleichen Logik wie der *_include* Suchparameter um die relevanten Ressourcen (Patient, Coverage) direkt mitbekommen zu können.\n3. Erstellung eine Draft CoverageEligibilityResponse für jeden der ausgelieferten Requests:\n   * mit Feld *CoverageEligibilityResponse.status* = *draft*\n   * mit Feld *CoverageEligibilityResponse.request* = Referenz auf jeweiligen Request\n   * mit Feld *CoverageEligibilityResponse.outcome* = *queued*",
      "isExample" : false
    },
    {
      "extension" : [{
        "url" : "http://hl7.org/fhir/tools/StructureDefinition/resource-information",
        "valueString" : "Organization"
      }],
      "reference" : {
        "reference" : "Organization/Test2OrganizationKrankenhausRied"
      },
      "name" : "Krankenhaus der Barmherzigen Schwestern vom Hl. Vinzenz von Paul Ried",
      "description" : "Organization resource for Krankenhaus der Barmherzigen Schwestern vom Hl. Vinzenz von Paul Ried",
      "isExample" : true
    },
    {
      "extension" : [{
        "url" : "http://hl7.org/fhir/tools/StructureDefinition/resource-information",
        "valueString" : "StructureDefinition:extension"
      }],
      "reference" : {
        "reference" : "StructureDefinition/moped-ext-LDFBetragNetto"
      },
      "name" : "LDF-Betrag Netto",
      "description" : "MOPED Extension für den LDF-Punktewert Netto. Ergibt sich durch Punkteanzahl mal Punktewert Forderungsbasis ohne Berücksichtigung eines Patientenanteiles f. Angehörige bzw. eines Beihilfenäquivalentes",
      "isExample" : false
    },
    {
      "extension" : [{
        "url" : "http://hl7.org/fhir/tools/StructureDefinition/resource-information",
        "valueString" : "StructureDefinition:extension"
      }],
      "reference" : {
        "reference" : "StructureDefinition/moped-ext-LDFPunktewertNetto"
      },
      "name" : "LDF-Punktewert Netto",
      "description" : "MOPED Extension für den LDF-Punktewert Netto",
      "isExample" : false
    },
    {
      "extension" : [{
        "url" : "http://hl7.org/fhir/tools/StructureDefinition/resource-information",
        "valueString" : "StructureDefinition:extension"
      }],
      "reference" : {
        "reference" : "StructureDefinition/Leistungskomponente-Leistungspunkte"
      },
      "name" : "Leistungskomponente/Leistungspunkte",
      "description" : "In dieses Datenfeld ist – soweit zutreffend – die Leistungskomponente bzw. sind die Leistungspunkte einzutragen.",
      "isExample" : false
    },
    {
      "extension" : [{
        "url" : "http://hl7.org/fhir/tools/StructureDefinition/resource-information",
        "valueString" : "StructureDefinition:extension"
      }],
      "reference" : {
        "reference" : "StructureDefinition/moped-ext-MealCostExcemption"
      },
      "name" : "MealCostExcemption",
      "description" : "VKBEFR – Verpflegskosten-Beitragsbefreiung",
      "isExample" : false
    },
    {
      "extension" : [{
        "url" : "http://hl7.org/fhir/tools/StructureDefinition/resource-information",
        "valueString" : "StructureDefinition:extension"
      }],
      "reference" : {
        "reference" : "StructureDefinition/moped-ext-AbrechnungsRelevanz"
      },
      "name" : "Medizinische Leistung - Abrechnungsrelevanz",
      "description" : "Hier ist anzugeben, ob die medizinische Leistung bei der Bepunktung des ambulanten Besuchs/stationären Aufenthalts (Satzart X01) zu berücksichtigen ist.",
      "isExample" : false
    },
    {
      "extension" : [{
        "url" : "http://hl7.org/fhir/tools/StructureDefinition/resource-information",
        "valueString" : "StructureDefinition:resource"
      }],
      "reference" : {
        "reference" : "StructureDefinition/MOPEDAufnahmeBundle"
      },
      "name" : "MOPED Aufnahme Bundle",
      "description" : "Bundle für die Input-Ressourcen bei Patienten-Aufnahme\n\n* Note 1: Anstelle einer separaten GDA-Organization-Ressource ist angedacht, hier mit einer conditional Reference in der Ressource Encounter mit entsprechendem GDA-identifier zu arbeiten. Somit wird auch vermieden, dass Duplikate einer GDA-Organization-Ressource am Server angelegt/verwendet werden.\n* Note 2: Es wird davon ausgegangen, dass der Patient bereits vor der Bundle-Erstellung mit dem ZPI abgeglichen wurde.\n* Note 3: Es wird davon ausgegangen, dass vor der Bundle-Erstellung eine VDAS-Abfrage gestellt wurde. Die Coverage-Ressourcen in diesem Transaction-Bundle speichern die Ansprüche aufgrund der VDAS-Abfrage in Moped ein.\n* Note 4: In Zukunft wird Moped auch die Datenübermittlung von Selbstzahlern und Privatversicherten unterstützen. Für diese Ansprüche werden separate Coverage-Profile definiert werden und dieses Bundle wird in weiterer Folge unterschiedliche Coverage-Arten unterstützen.\n\n\nTBD: wenn es mehrere Coverages gibt, kann es auch mehrere Hauptversicherte geben. Diese müssen aber einer Coverage zugewiesen sein. Check, wie diese Zuordnung erfolgen kann.",
      "isExample" : false
    },
    {
      "extension" : [{
        "url" : "http://hl7.org/fhir/tools/StructureDefinition/resource-information",
        "valueString" : "OperationDefinition"
      }],
      "reference" : {
        "reference" : "OperationDefinition/MOPED.CoverageEligibilityRequest.Anfragen"
      },
      "name" : "MOPED Kostenuebernahme $anfragen (POC)",
      "description" : "Die Operation wird vom Akteur Krankenhaus (KH) aufgerufen. Die Kostenübernahme $anfragen Operation wird aufgerufen, um die Kostenübernahme-Anfrage an die SV anzustoßen. Diese Operation ist irrelevant für Selbstzahler (das ist wichtig für künftige weiterentwicklung - wenn im Account auf eine Coverage-Ressource für Selbstzahler referenziert wird, darf die Operation $anfragen nicht ausgeführt werden).\n1. Vorbereitung des CoverageEligibilityRequest: Ein CoverageEligibilityRequest mit dem *status* 'active' und *purpose* 'validation' und dem *created* aktuellem Zeitpunkt wird vorbereitet. Die Extension *ExtensionDays* wird mit dem Operation-Parameter *verlaengerungstage* befüllt, die Extension *PremiumClass* mit dem Operation-Parameter *sonderklasse*.\n2. Suchen des Accounts: Suchen des MOPEDAccounts, der vom MOPEDEncounter mit dem *aufnahmezahl* Parameter als *identifier* im *MOPEDEncounter.account* Feld referenziert wird. \n3. Referenzieren des Patienten: Eine Referenz auf den Patienten der als *subject* im MOPEDAccount geführt ist, wird im *CoverageEligibilityRequest.patient* Element referenziert\n4. Referenzieren der Coverage: Die gleiche Referenz wie im *MOPEDAccount.coverage.coverage* wird auch im CoverageEligibilityRequest referenziert. Check erfolgt, ob diese Coverage den gleichen Patienten als *beneficiary* hat wie das *subject* des CoverageEligibilityRequest. Außerdem wird geprüft, ob der *versicherer* an dem der Request gerichtet ist, auch tatsächlich als Coverage.insurer gelistet ist. Sollten im Account mehrere Coverages referenziert sein, so ist nur diejenige mitzusenden, die als *Coverage.insurer* den *versicherer* aus dem Operation-Parameter gespeichert hat.\n4. Referenzieren des Providers: Als *provider* Element wird die Organization referenziert, die als *owner* im MOPEDAccount referenziert ist. \n5. Einfügen des Versicherers: Als *insurer* Element wird die Organization referenziert, deren *identifier* dem Operation-Parameter *versicherer* entspricht.\n6. POSTen des neu erstellten CoverageEligibilityRequest\n7. Referenzierung des CoverageEligibilityRequest im MOPEDAccount im Element *coverageEligibilityRequest*.",
      "isExample" : false
    },
    {
      "extension" : [{
        "url" : "http://hl7.org/fhir/tools/StructureDefinition/resource-information",
        "valueString" : "OperationDefinition"
      }],
      "reference" : {
        "reference" : "OperationDefinition/MOPED.Patient.Aufnehmen"
      },
      "name" : "MOPED Patient $aufnehmen (POC)",
      "description" : "Die Operation wird vom Akteur Krankenhaus (KH) aufgerufen.\n\nDie Patient $aufnehmen Operation wird aufgerufen, wenn ein(e) Patient*in in das Krankenhaus aufgenommen wird.\n\n1. Ressourcen der Transaction erstellen: FHIR Transaction ausführen, wie im Operation-Parameter *falldaten* mitgegeben. Dabei soll geprüft werden, ob bereits ein Patient mit dem jeweiligen identifier (bPK bzw. Sozialversicherungsnummer) vorliegt um Duplikate zu vermeiden.\n2. Account anlegen:\n   * *MOPEDAccount.WorkflowStatus*: lt. Beschreibung der Werte-Ausprägungen des *modus* Parameter (siehe unten)\n   * *MOPEDAccount.VerdachtArbeitsSchuelerunfall* lt. Operation-Parameter\n   * *MOPEDAccount.VerdachtFremdverschulden* lt. Operation-Parameter\n   * *MOPEDAccount.subject* mit der gleichen Referenz befüllen wie *MOPEDEncounter.subjec*\n   * *MOPEDAccount.owner* mit der gleichen Referenz befüllen wie *MOPEDEncounter.serviceProvider*\n   * *MOPEDAccount.VDASID* lt. Operation-Parameter *vdasid* befüllen\n   * *MOPEDAccount.coverage.coverage* mit der Referenz lt. Parameter befüllen und ggf. Hauptversicherter (Patient) anlegen, falls noch nicht am Server. Hinweis: Eine vorangegangene VDAS-Anfrage an die SVC kann mehrere Coverages retournieren, im Input-Bundle *falldaten* wären somit mehrere Coverages die bei der Transaction angelegt werden. In diesem Fall sind *alle* im Account zu referenzieren.\n3. Account im Encounter referenzieren: Den neuen MOPEDAccount im *MOPEDEncounter.account* referenzieren\n\nDie Werte-Ausprägung des *modus* Parameters haben eine Auswirkung auf das Verhalten der Operation:\n* *zwischenspeichern*: Die Patientenaufnahme ist noch nicht vollständig und wird lediglich zwischengespeichert. Hier findet keine Validierung der Encounter Ressource statt. Eine Account-Ressource wird erstellt, die den *WorkflowStatus* 'Aufnahme in Arbeit' hat und im Encounter referenziert.\n* *freigeben*: Die Patientenaufnahme ist vollständig und es ist zu erwarten, dass alle nötigen Felder befüllt sind. Schlägt die Validierung der *falldaten* fehl, kann die Operation nicht erfolgreich durchgeführt werden. Ist die Validierung erfolgreich, wird eine im Encounter referenzierte Account-Ressource erstellt bzw. upgedatet, die den *WorkflowStatus* 'Aufnahme freigegeben' hat. \n\n* Note 1: Es ist nicht nötig, bei dieser Operation den GDA-Identifier als Kontext mitzugeben. Auf den GDA wird im *falldaten*-Bundle als conditional Reference mittels entsprechendem Identifier im MOPEDEncounter verwiesen. Somit wird auch vermieden, dass Duplikate einer GDA-Organization-Ressource am Server angelegt/verwendet werden.\n* Note 2: Im Parameter *falldaten* wird unter Anderem eine Coverage Ressource mitgegeben. Diese Ressource stammt in der Regel aus einer erfolgreichen VDAS-Abfrage. In Zukunft wird Moped auch andere Optionen unterstützen, wie die Verarbeitung von Daten von Selbstzahlern (wofür ein separates Coverage-Profil angelegt wird), oder die Verarbeitung von Fällen mit privater Krankenversicherung (auch hierfür wird ein separates Coverage-Profil angelegt). Im Ersten Schritt liegt der Fokus auf den Standard-Fall, der als Ausgangsbasis eine erfolgreich abgeschlossene VDAS-Abfrage voraussetzt.",
      "isExample" : false
    },
    {
      "extension" : [{
        "url" : "http://hl7.org/fhir/tools/StructureDefinition/resource-information",
        "valueString" : "OperationDefinition"
      }],
      "reference" : {
        "reference" : "OperationDefinition/MOPED.Patient.Beurlauben"
      },
      "name" : "MOPED Patient $beurlauben",
      "description" : "Die Patient $beurlauben Operation wird aufgerufen, wenn ein(e) Patient*in in das Krankenhaus aufgenommen wurde und während eines laufenden Falles beurlaubt wird. Die Operation $verlegen wird aufgerufen mit dem Funktionscode XXX als Parameter, der Abgangsart YYY und ohne physische Anwesenheit. TBD: finde heraus, welcher Funktionscode und welche Abgangsart konkret für Urlaub stehen.\n\nDie Operation wird vom Akteur Krankenhaus (KH) aufgerufen.",
      "isExample" : false
    },
    {
      "extension" : [{
        "url" : "http://hl7.org/fhir/tools/StructureDefinition/resource-information",
        "valueString" : "OperationDefinition"
      }],
      "reference" : {
        "reference" : "OperationDefinition/MOPED.Patient.Entlassen"
      },
      "name" : "MOPED Patient $entlassen (POC)",
      "description" : "Diese Operation wurde noch nicht ausdefiniert - die Kommentare unterhalb dienen lediglich zur Orientierung und müssen noch stark verändert und erweitert werden.\n\nDie Patient $entlassen Operation wird aufgerufen, wenn ein(e) Patient*in aus dem Krankenhaus entlassen wurde.\n\nDie Operation wird vom Akteur Krankenhaus (KH) aufgerufen.\n\n1. Der Encounter erhält ein End-Datum (*MOPEDEncounter.actualPeriod.end*); der *MOPEDEncounter.status* wird auf *discharged* gesetzt\n2. Das Element *MOPEDEncounter.admission.dischargeDisposition* wird mit dem Operation-Parameter *entlassungsart* befüllt.\n3. Der alte MOPEDTransferEncounter der *partOf* des MOPEDEncounters mit der jeweiligen Aufnahmezahl war und noch den Status *in-progress* hat, wird gesucht. Der Status wird auf *completed* gesetzt und die *MOPEDTransferEncounter.actualPeriod.end* mit dem *zeitpunkt* der Entlassung versehen. \n4. Ein MOPEDClaim mit dem Status *draft* wird erstellt und in *MOPEDAccount.claim* referenziert.\n5. Änderungen am Account: der *MOPEDAccount.WorkflowStatus* wird auf *Entlassungs Aviso* gesetzt, oder, falls der *modus*-Parameter auf *freigeben* gesetzt war und die Validierung erfolgreich war, wird *MOPEDAccount.WorkflowStatus* auf *Entlassung vollständig* gesetzt. Ebenso im *MOPEDAccount* im Element *TageOhneKostenbeitrag* wird der gleichnamige Opeartion-Parameter abgespeichert. Dieser ist verpflichtend zu befüllen, wenn der *modus*-Parameter auf *freigeben* gestellt ist.",
      "isExample" : false
    },
    {
      "extension" : [{
        "url" : "http://hl7.org/fhir/tools/StructureDefinition/resource-information",
        "valueString" : "OperationDefinition"
      }],
      "reference" : {
        "reference" : "OperationDefinition/MOPED.Patient.Verlegen"
      },
      "name" : "MOPED Patient $verlegen (POC)",
      "description" : "Die Operation wird vom Akteur Krankenhaus (KH) aufgerufen.\n\nDie Patient $verlegen Operation wird aufgerufen, wenn ein(e) Patient*in auf eine andere Station verlegt wird. \n\n1. Neuer Transfer Encounter: Der MOPEDEncounter mit der jeweiligen Aufnahmezahl wird gesucht, und ein neuer MOPEDTransferEncounter der mit partOf den MOPEDEncounter referenziert wird erstellt. Beim neu erstellten MOPEDTransferEncounter wird der *zeitpunkt* als *MOPEDTransferEncounter.actualPeriod.start* eingefügt und als *MOPEDTransferEncounter.serviceProvider* die Abteilung MOPEDOrganizationAbteilung mit dem jeweiligen *funktionscode* referenziert. \n2. Alter Transfer Encounter: Der alte MOPEDTransferEncounter der partOf des MOPEDEncounters mit der jeweiligen Aufnahmezahl war und noch den Status *in-progress* hat, wird gesucht. Der Status wird auf *completed* gesetzt und die MOPEDTransferEncounter.actualPeriod.end mit dem *zeitpunkt* der Verlegung versehen. Ebenso wird beim alten Encounter die *abgangsart* von diesem Funktionscode dokumentiert. \n3. Fallnummer: Die Fallnummer im zur Aufnahmezahl gehöhrenden Account wird um 1 erhöht.\n4. Validierung: Es kann immer nur einen MOPEDTransferEncounter für den jeweiligen Fall geben der partOf eines MOPEDEncounters mit der *aufnahmezahl* ist und den Status *in-progress* hat.",
      "isExample" : false
    },
    {
      "extension" : [{
        "url" : "http://hl7.org/fhir/tools/StructureDefinition/resource-information",
        "valueString" : "StructureDefinition:resource"
      }],
      "reference" : {
        "reference" : "StructureDefinition/MOPEDAccount"
      },
      "name" : "MOPEDAccount",
      "description" : "MOPED Profil der Account Ressource für die administrative Fallführung und Abrechnung.",
      "isExample" : false
    },
    {
      "extension" : [{
        "url" : "http://hl7.org/fhir/tools/StructureDefinition/resource-information",
        "valueString" : "StructureDefinition:resource"
      }],
      "reference" : {
        "reference" : "StructureDefinition/MOPEDClaim"
      },
      "name" : "MOPEDClaim",
      "description" : "MOPED Profil der Claim Ressource für die Leistungsabrechnungsanfrage.",
      "isExample" : false
    },
    {
      "extension" : [{
        "url" : "http://hl7.org/fhir/tools/StructureDefinition/resource-information",
        "valueString" : "StructureDefinition:resource"
      }],
      "reference" : {
        "reference" : "StructureDefinition/MOPEDClaimResponse"
      },
      "name" : "MOPEDClaimResponse",
      "description" : "MOPED Profil der ClaimResponse Ressource für die Leistungsabrechnungsantwort.",
      "isExample" : false
    },
    {
      "extension" : [{
        "url" : "http://hl7.org/fhir/tools/StructureDefinition/resource-information",
        "valueString" : "StructureDefinition:resource"
      }],
      "reference" : {
        "reference" : "StructureDefinition/MOPEDCoverageEligibilityRequest"
      },
      "name" : "MOPEDCoverageEligibilityRequest",
      "description" : "MOPED Profil der CoverageEligibilityRequest Ressource für die Kostenübernahmeanfrage.",
      "isExample" : false
    },
    {
      "extension" : [{
        "url" : "http://hl7.org/fhir/tools/StructureDefinition/resource-information",
        "valueString" : "StructureDefinition:resource"
      }],
      "reference" : {
        "reference" : "StructureDefinition/MOPEDCoverageEligibilityResponse"
      },
      "name" : "MOPEDCoverageEligibilityResponse",
      "description" : "MOPED Profil der CoverageEligibilityResponse Ressource für die Kostenübernahmeantwort.",
      "isExample" : false
    },
    {
      "extension" : [{
        "url" : "http://hl7.org/fhir/tools/StructureDefinition/resource-information",
        "valueString" : "StructureDefinition:resource"
      }],
      "reference" : {
        "reference" : "StructureDefinition/MOPEDEncounter"
      },
      "name" : "MOPEDEncounter",
      "description" : "MOPED Profil der Encounter Ressource für die Krankenanstaltenaufnahme und Entlassung",
      "isExample" : false
    },
    {
      "extension" : [{
        "url" : "http://hl7.org/fhir/tools/StructureDefinition/resource-information",
        "valueString" : "StructureDefinition:resource"
      }],
      "reference" : {
        "reference" : "StructureDefinition/MOPEDOrganizationAbteilung"
      },
      "name" : "MOPEDOrganizationAbteilung",
      "description" : "MOPED Profil für Abteilungen innerhalb einer Krankenanstalt.",
      "isExample" : false
    },
    {
      "extension" : [{
        "url" : "http://hl7.org/fhir/tools/StructureDefinition/resource-information",
        "valueString" : "StructureDefinition:resource"
      }],
      "reference" : {
        "reference" : "StructureDefinition/MOPEDTransferEncounter"
      },
      "name" : "MOPEDTransferEncounter",
      "description" : "MOPED Profil der Encounter Ressource für die Verlegung innerhalb oder zwischen Krankenanstalten",
      "isExample" : false
    },
    {
      "extension" : [{
        "url" : "http://hl7.org/fhir/tools/StructureDefinition/resource-information",
        "valueString" : "StructureDefinition:extension"
      }],
      "reference" : {
        "reference" : "StructureDefinition/moped-ext-PatientenanteilAngehoerige"
      },
      "name" : "Patientenanteil für Angehoerige",
      "description" : "MOPED Extension für den Patientenanteil für Angehörige (tägl. Satz) netto: Betrag in €, 2 Nachkommastellen",
      "isExample" : false
    },
    {
      "extension" : [{
        "url" : "http://hl7.org/fhir/tools/StructureDefinition/resource-information",
        "valueString" : "StructureDefinition:extension"
      }],
      "reference" : {
        "reference" : "StructureDefinition/moped-ext-Patientenanteil"
      },
      "name" : "Patientenanteil Netto",
      "description" : "MOPED Extension für den Patientenanteil netto: Betrag in €, 2 Nachkommastellen",
      "isExample" : false
    },
    {
      "extension" : [{
        "url" : "http://hl7.org/fhir/tools/StructureDefinition/resource-information",
        "valueString" : "StructureDefinition:extension"
      }],
      "reference" : {
        "reference" : "StructureDefinition/moped-ext-physischeAnwesenheit"
      },
      "name" : "physische Anwesenheit",
      "description" : "Ob der Patient physisch anwesend war.",
      "isExample" : false
    },
    {
      "extension" : [{
        "url" : "http://hl7.org/fhir/tools/StructureDefinition/resource-information",
        "valueString" : "StructureDefinition:extension"
      }],
      "reference" : {
        "reference" : "StructureDefinition/Plausibilitaetskennzeichen"
      },
      "name" : "Plausibilitaetskennzeichen",
      "description" : "Dieses Datenfeld enthält eine Kennzeichnung als Ergebnis der vom Gesundheitsministerium vorgegebenen Plausibilitätsprüfung.",
      "isExample" : false
    },
    {
      "extension" : [{
        "url" : "http://hl7.org/fhir/tools/StructureDefinition/resource-information",
        "valueString" : "StructureDefinition:extension"
      }],
      "reference" : {
        "reference" : "StructureDefinition/moped-ext-PremiumClass"
      },
      "name" : "PremiumClass",
      "description" : "KLAS – Allgemeine Gebührenklasse/Sonderklasse",
      "isExample" : false
    },
    {
      "extension" : [{
        "url" : "http://hl7.org/fhir/tools/StructureDefinition/resource-information",
        "valueString" : "StructureDefinition:extension"
      }],
      "reference" : {
        "reference" : "StructureDefinition/Punkte-Belagsdauerausreisser-unten-Leistungskomponente"
      },
      "name" : "Punkte Belagsdauerausreisser unten - Leistungskomponente",
      "description" : "In dieses Datenfeld ist – soweit zutreffend – die ermittelte Leistungskomponente für jene Patient:innen einzutragen, deren Belagsdauer des akutstationären Krankenhausaufenthalts unter der im LKF-Modell in der jeweiligen LDF-Pauschale festgelegten Belagsdaueruntergrenze liegt.",
      "isExample" : false
    },
    {
      "extension" : [{
        "url" : "http://hl7.org/fhir/tools/StructureDefinition/resource-information",
        "valueString" : "StructureDefinition:extension"
      }],
      "reference" : {
        "reference" : "StructureDefinition/Punkte-Belagsdauerausreisser-unten-Tageskomponente"
      },
      "name" : "Punkte Belagsdauerausreisser unten - Tageskomponente",
      "description" : "In dieses Datenfeld ist – soweit zutreffend – die ermittelte Tageskomponente für jene Patient:innen einzutragen, deren Belagsdauer des akutstationären Krankenhausaufenthalts unter der im LKF-Modell in der jeweiligen LDF-Pauschale festgelegten Belagsdaueruntergrenze liegt.",
      "isExample" : false
    },
    {
      "extension" : [{
        "url" : "http://hl7.org/fhir/tools/StructureDefinition/resource-information",
        "valueString" : "StructureDefinition:extension"
      }],
      "reference" : {
        "reference" : "StructureDefinition/moped-ext-PunkteLDFPauschale"
      },
      "name" : "Punkte LDF Pauschale",
      "description" : "MOPED Extension für die LDF Punkte Pauschale",
      "isExample" : false
    },
    {
      "extension" : [{
        "url" : "http://hl7.org/fhir/tools/StructureDefinition/resource-information",
        "valueString" : "StructureDefinition:extension"
      }],
      "reference" : {
        "reference" : "StructureDefinition/Punkte-spezieller-Bereiche-tageweise"
      },
      "name" : "Punkte spezieller Bereiche (tageweise)",
      "description" : "In dieses Datenfeld ist – soweit zutreffend – die Summe der tageweise ermittelten Punkte für einen stationären Krankenhausaufenthalt in speziellen Leistungsbereichen (z.B. in den Bereichen der Kinder- und Jugendpsychiatrie, der Akut-Nachbehandlung von neuro- logischen Patient:innen, der medizinischen Geriatrie, der Akutgeriatrie/Remobilisation sowie der palliativmedizinischen Einrichtungen) einzutragen.",
      "isExample" : false
    },
    {
      "extension" : [{
        "url" : "http://hl7.org/fhir/tools/StructureDefinition/resource-information",
        "valueString" : "StructureDefinition:extension"
      }],
      "reference" : {
        "reference" : "StructureDefinition/totalPoints"
      },
      "name" : "Punkte total",
      "description" : "In dieses Datenfeld ist die Gesamtsumme der für den stationären Aufenthalt/den ambulanten Besuch ermittelten Punkte einzutragen.",
      "isExample" : false
    },
    {
      "extension" : [{
        "url" : "http://hl7.org/fhir/tools/StructureDefinition/resource-information",
        "valueString" : "StructureDefinition:extension"
      }],
      "reference" : {
        "reference" : "StructureDefinition/moped-ext-RechnungsnummerKHLGF"
      },
      "name" : "Rechnungsnummer der Krankenanstalt bzw. des Landesgesundheitsfonds",
      "description" : "MOPED Extension für die Rechnungsnummer der Krankenanstalt bzw. des Landesgesundheitsfonds",
      "isExample" : false
    },
    {
      "extension" : [{
        "url" : "http://hl7.org/fhir/tools/StructureDefinition/resource-information",
        "valueString" : "StructureDefinition:extension"
      }],
      "reference" : {
        "reference" : "StructureDefinition/ecard-anspruch-rezeptgebbefreit"
      },
      "name" : "Rezeptgebührenbefreit laut Versicherungsanspruch",
      "description" : "Rezeptgebührenbefreiung für den Patienten, die direkt an den Anspruch  geknüpft ist. Der Patient ist von der \nEntrichtung der Rezeptgebühr befreit. Kostenanteile sind entweder laut Gesetz vorgegeben (z.B. Rezeptgebühr) oder sie sind in der Satzung des jeweiligen KV-Trägers \nverankert und werden meistens errechnet (z.B. für Heilbehelfe und Hilfsmittel).",
      "isExample" : false
    },
    {
      "extension" : [{
        "url" : "http://hl7.org/fhir/tools/StructureDefinition/resource-information",
        "valueString" : "Questionnaire"
      }],
      "reference" : {
        "reference" : "Questionnaire/SAPS3Questionnaire"
      },
      "name" : "SAPS3 Questionnaire",
      "description" : "A questionnaire for collecting SAPS3 data",
      "isExample" : true
    },
    {
      "extension" : [{
        "url" : "http://hl7.org/fhir/tools/StructureDefinition/resource-information",
        "valueString" : "Questionnaire"
      }],
      "reference" : {
        "reference" : "Questionnaire/ka-statistik-k03"
      },
      "name" : "Satzart K03 – KA-Statistik (Ressourcen und Inanspruchnahme)",
      "description" : "This questionnaire is used to collect KA-Statistik data for K03 message reporting.",
      "isExample" : true
    },
    {
      "extension" : [{
        "url" : "http://hl7.org/fhir/tools/StructureDefinition/resource-information",
        "valueString" : "Questionnaire"
      }],
      "reference" : {
        "reference" : "Questionnaire/ka-statistik-k05"
      },
      "name" : "Satzart K05 – KA-Statistik (Personal des ärztlichen Dienstes)",
      "description" : "This questionnaire is used to collect KA-Statistik data for K05 message reporting.",
      "isExample" : true
    },
    {
      "extension" : [{
        "url" : "http://hl7.org/fhir/tools/StructureDefinition/resource-information",
        "valueString" : "StructureDefinition:extension"
      }],
      "reference" : {
        "reference" : "StructureDefinition/moped-ext-Sonderleistungsnummer"
      },
      "name" : "Sonderleistungsnummer",
      "description" : "MOPED Extension für die Sonderleistungsnummer",
      "isExample" : false
    },
    {
      "extension" : [{
        "url" : "http://hl7.org/fhir/tools/StructureDefinition/resource-information",
        "valueString" : "StructureDefinition:resource"
      }],
      "reference" : {
        "reference" : "StructureDefinition/SVCCoverage"
      },
      "name" : "SVCCoverage",
      "description" : "MOPED Profil der Coverage Ressource für Versicherungen. Basierend auf dem Profil \"ecardAnspruch\": https://www.chipkarte.at/de/vdas-on-fhir/site/StructureDefinition-ecard-anspruch-profile.html",
      "isExample" : false
    },
    {
      "extension" : [{
        "url" : "http://hl7.org/fhir/tools/StructureDefinition/resource-information",
        "valueString" : "StructureDefinition:extension"
      }],
      "reference" : {
        "reference" : "StructureDefinition/moped-ext-TageOhneKostenbeitrag"
      },
      "name" : "Tage ohne Einhebung des Kostenbeitrags",
      "description" : "Anzahl der Tage, für welche kein Kostenbeitrag seitens der Krankenanstalt eingehoben wurde",
      "isExample" : false
    },
    {
      "extension" : [{
        "url" : "http://hl7.org/fhir/tools/StructureDefinition/resource-information",
        "valueString" : "StructureDefinition:extension"
      }],
      "reference" : {
        "reference" : "StructureDefinition/Tageskomponente-Kontaktpunkte"
      },
      "name" : "Tageskomponente/Kontaktpunkte",
      "description" : "In dieses Datenfeld ist – soweit zutreffend – die Tageskomponente bzw. sind die Kontakt- punkte einzutragen.",
      "isExample" : false
    },
    {
      "extension" : [{
        "url" : "http://hl7.org/fhir/tools/StructureDefinition/resource-information",
        "valueString" : "Account"
      }],
      "reference" : {
        "reference" : "Account/Test1Account"
      },
      "name" : "Test1Account",
      "isExample" : true,
      "profile" : ["http://example.org/StructureDefinition/MOPEDAccount"]
    },
    {
      "extension" : [{
        "url" : "http://hl7.org/fhir/tools/StructureDefinition/resource-information",
        "valueString" : "Condition"
      }],
      "reference" : {
        "reference" : "Condition/Test1Condition1"
      },
      "name" : "Test1Condition1",
      "isExample" : true
    },
    {
      "extension" : [{
        "url" : "http://hl7.org/fhir/tools/StructureDefinition/resource-information",
        "valueString" : "CoverageEligibilityRequest"
      }],
      "reference" : {
        "reference" : "CoverageEligibilityRequest/Test1MOPEDCoverageEligibilityRequest1"
      },
      "name" : "Test1MOPEDCoverageEligibilityRequest1",
      "isExample" : true,
      "profile" : ["http://example.org/StructureDefinition/MOPEDCoverageEligibilityRequest"]
    },
    {
      "extension" : [{
        "url" : "http://hl7.org/fhir/tools/StructureDefinition/resource-information",
        "valueString" : "CoverageEligibilityResponse"
      }],
      "reference" : {
        "reference" : "CoverageEligibilityResponse/Test1MOPEDCoverageEligibilityResponse1"
      },
      "name" : "Test1MOPEDCoverageEligibilityResponse1",
      "isExample" : true,
      "profile" : ["http://example.org/StructureDefinition/MOPEDCoverageEligibilityResponse"]
    },
    {
      "extension" : [{
        "url" : "http://hl7.org/fhir/tools/StructureDefinition/resource-information",
        "valueString" : "Encounter"
      }],
      "reference" : {
        "reference" : "Encounter/Test1MOPEDEncounter1"
      },
      "name" : "Test1MOPEDEncounter1",
      "isExample" : true,
      "profile" : ["http://example.org/StructureDefinition/MOPEDEncounter"]
    },
    {
      "extension" : [{
        "url" : "http://hl7.org/fhir/tools/StructureDefinition/resource-information",
        "valueString" : "Organization"
      }],
      "reference" : {
        "reference" : "Organization/Test1OrganizationAbteilung1"
      },
      "name" : "Test1OrganizationAbteilung1",
      "isExample" : true,
      "profile" : ["http://example.org/StructureDefinition/MOPEDOrganizationAbteilung"]
    },
    {
      "extension" : [{
        "url" : "http://hl7.org/fhir/tools/StructureDefinition/resource-information",
        "valueString" : "Organization"
      }],
      "reference" : {
        "reference" : "Organization/Test1OrganizationHerzJesuKrankenhaus"
      },
      "name" : "Test1OrganizationHerzJesuKrankenhaus",
      "description" : "Organization resource for Herz Jesu-Krankenhaus",
      "isExample" : true
    },
    {
      "extension" : [{
        "url" : "http://hl7.org/fhir/tools/StructureDefinition/resource-information",
        "valueString" : "Organization"
      }],
      "reference" : {
        "reference" : "Organization/Test1OrganizationInsurance1"
      },
      "name" : "Test1OrganizationInsurance1",
      "isExample" : true
    },
    {
      "extension" : [{
        "url" : "http://hl7.org/fhir/tools/StructureDefinition/resource-information",
        "valueString" : "Organization"
      }],
      "reference" : {
        "reference" : "Organization/Test1OrganizationUeberweisendeOrganisation"
      },
      "name" : "Test1OrganizationUeberweisendeOrganisation",
      "isExample" : true
    },
    {
      "extension" : [{
        "url" : "http://hl7.org/fhir/tools/StructureDefinition/resource-information",
        "valueString" : "Patient"
      }],
      "reference" : {
        "reference" : "Patient/Test1Patient"
      },
      "name" : "Test1Patient",
      "isExample" : true
    },
    {
      "extension" : [{
        "url" : "http://hl7.org/fhir/tools/StructureDefinition/resource-information",
        "valueString" : "Coverage"
      }],
      "reference" : {
        "reference" : "Coverage/Test1SVCCoverage"
      },
      "name" : "Test1SVCCoverage",
      "isExample" : true,
      "profile" : ["http://example.org/StructureDefinition/SVCCoverage"]
    },
    {
      "extension" : [{
        "url" : "http://hl7.org/fhir/tools/StructureDefinition/resource-information",
        "valueString" : "Encounter"
      }],
      "reference" : {
        "reference" : "Encounter/Test1TransferEncounter1"
      },
      "name" : "Test1TransferEncounter1",
      "isExample" : true,
      "profile" : ["http://example.org/StructureDefinition/MOPEDTransferEncounter"]
    },
    {
      "extension" : [{
        "url" : "http://hl7.org/fhir/tools/StructureDefinition/resource-information",
        "valueString" : "Account"
      }],
      "reference" : {
        "reference" : "Account/Test2Account"
      },
      "name" : "Test2Account",
      "isExample" : true,
      "profile" : ["http://example.org/StructureDefinition/MOPEDAccount"]
    },
    {
      "extension" : [{
        "url" : "http://hl7.org/fhir/tools/StructureDefinition/resource-information",
        "valueString" : "Condition"
      }],
      "reference" : {
        "reference" : "Condition/Test2Condition1"
      },
      "name" : "Test2Condition1",
      "isExample" : true
    },
    {
      "extension" : [{
        "url" : "http://hl7.org/fhir/tools/StructureDefinition/resource-information",
        "valueString" : "Condition"
      }],
      "reference" : {
        "reference" : "Condition/Test2Condition2"
      },
      "name" : "Test2Condition2",
      "isExample" : true
    },
    {
      "extension" : [{
        "url" : "http://hl7.org/fhir/tools/StructureDefinition/resource-information",
        "valueString" : "CoverageEligibilityRequest"
      }],
      "reference" : {
        "reference" : "CoverageEligibilityRequest/Test2MOPEDCoverageEligibilityRequest1"
      },
      "name" : "Test2MOPEDCoverageEligibilityRequest1",
      "isExample" : true,
      "profile" : ["http://example.org/StructureDefinition/MOPEDCoverageEligibilityRequest"]
    },
    {
      "extension" : [{
        "url" : "http://hl7.org/fhir/tools/StructureDefinition/resource-information",
        "valueString" : "CoverageEligibilityResponse"
      }],
      "reference" : {
        "reference" : "CoverageEligibilityResponse/Test2MOPEDCoverageEligibilityResponse1"
      },
      "name" : "Test2MOPEDCoverageEligibilityResponse1",
      "isExample" : true,
      "profile" : ["http://example.org/StructureDefinition/MOPEDCoverageEligibilityResponse"]
    },
    {
      "extension" : [{
        "url" : "http://hl7.org/fhir/tools/StructureDefinition/resource-information",
        "valueString" : "Encounter"
      }],
      "reference" : {
        "reference" : "Encounter/Test2MOPEDEncounter1"
      },
      "name" : "Test2MOPEDEncounter1",
      "isExample" : true,
      "profile" : ["http://example.org/StructureDefinition/MOPEDEncounter"]
    },
    {
      "extension" : [{
        "url" : "http://hl7.org/fhir/tools/StructureDefinition/resource-information",
        "valueString" : "Organization"
      }],
      "reference" : {
        "reference" : "Organization/Test2OrganizationAbteilung1"
      },
      "name" : "Test2OrganizationAbteilung1",
      "isExample" : true,
      "profile" : ["http://example.org/StructureDefinition/MOPEDOrganizationAbteilung"]
    },
    {
      "extension" : [{
        "url" : "http://hl7.org/fhir/tools/StructureDefinition/resource-information",
        "valueString" : "Organization"
      }],
      "reference" : {
        "reference" : "Organization/Test2OrganizationAbteilung2"
      },
      "name" : "Test2OrganizationAbteilung2",
      "isExample" : true,
      "profile" : ["http://example.org/StructureDefinition/MOPEDOrganizationAbteilung"]
    },
    {
      "extension" : [{
        "url" : "http://hl7.org/fhir/tools/StructureDefinition/resource-information",
        "valueString" : "Organization"
      }],
      "reference" : {
        "reference" : "Organization/Test2OrganizationAbteilung3"
      },
      "name" : "Test2OrganizationAbteilung3",
      "isExample" : true,
      "profile" : ["http://example.org/StructureDefinition/MOPEDOrganizationAbteilung"]
    },
    {
      "extension" : [{
        "url" : "http://hl7.org/fhir/tools/StructureDefinition/resource-information",
        "valueString" : "Organization"
      }],
      "reference" : {
        "reference" : "Organization/Test2OrganizationAbteilung4"
      },
      "name" : "Test2OrganizationAbteilung4",
      "isExample" : true,
      "profile" : ["http://example.org/StructureDefinition/MOPEDOrganizationAbteilung"]
    },
    {
      "extension" : [{
        "url" : "http://hl7.org/fhir/tools/StructureDefinition/resource-information",
        "valueString" : "Organization"
      }],
      "reference" : {
        "reference" : "Organization/Test2OrganizationAbteilung5"
      },
      "name" : "Test2OrganizationAbteilung5",
      "isExample" : true,
      "profile" : ["http://example.org/StructureDefinition/MOPEDOrganizationAbteilung"]
    },
    {
      "extension" : [{
        "url" : "http://hl7.org/fhir/tools/StructureDefinition/resource-information",
        "valueString" : "Organization"
      }],
      "reference" : {
        "reference" : "Organization/Test2OrganizationInsurance1"
      },
      "name" : "Test2OrganizationInsurance1",
      "isExample" : true
    },
    {
      "extension" : [{
        "url" : "http://hl7.org/fhir/tools/StructureDefinition/resource-information",
        "valueString" : "Organization"
      }],
      "reference" : {
        "reference" : "Organization/Test2OrganizationUeberweisendeOrganisation"
      },
      "name" : "Test2OrganizationUeberweisendeOrganisation",
      "isExample" : true
    },
    {
      "extension" : [{
        "url" : "http://hl7.org/fhir/tools/StructureDefinition/resource-information",
        "valueString" : "Patient"
      }],
      "reference" : {
        "reference" : "Patient/Test2Patient"
      },
      "name" : "Test2Patient",
      "isExample" : true
    },
    {
      "extension" : [{
        "url" : "http://hl7.org/fhir/tools/StructureDefinition/resource-information",
        "valueString" : "QuestionnaireResponse"
      }],
      "reference" : {
        "reference" : "QuestionnaireResponse/Test2SAPS3QuestionnaireResponse1"
      },
      "name" : "Test2SAPS3QuestionnaireResponse1",
      "isExample" : true
    },
    {
      "extension" : [{
        "url" : "http://hl7.org/fhir/tools/StructureDefinition/resource-information",
        "valueString" : "Coverage"
      }],
      "reference" : {
        "reference" : "Coverage/Test2SVCCoverage"
      },
      "name" : "Test2SVCCoverage",
      "isExample" : true,
      "profile" : ["http://example.org/StructureDefinition/SVCCoverage"]
    },
    {
      "extension" : [{
        "url" : "http://hl7.org/fhir/tools/StructureDefinition/resource-information",
        "valueString" : "Encounter"
      }],
      "reference" : {
        "reference" : "Encounter/Test2TransferEncounter1"
      },
      "name" : "Test2TransferEncounter1",
      "isExample" : true,
      "profile" : ["http://example.org/StructureDefinition/MOPEDTransferEncounter"]
    },
    {
      "extension" : [{
        "url" : "http://hl7.org/fhir/tools/StructureDefinition/resource-information",
        "valueString" : "Encounter"
      }],
      "reference" : {
        "reference" : "Encounter/Test2TransferEncounter2"
      },
      "name" : "Test2TransferEncounter2",
      "isExample" : true,
      "profile" : ["http://example.org/StructureDefinition/MOPEDTransferEncounter"]
    },
    {
      "extension" : [{
        "url" : "http://hl7.org/fhir/tools/StructureDefinition/resource-information",
        "valueString" : "Encounter"
      }],
      "reference" : {
        "reference" : "Encounter/Test2TransferEncounter3"
      },
      "name" : "Test2TransferEncounter3",
      "isExample" : true,
      "profile" : ["http://example.org/StructureDefinition/MOPEDTransferEncounter"]
    },
    {
      "extension" : [{
        "url" : "http://hl7.org/fhir/tools/StructureDefinition/resource-information",
        "valueString" : "Encounter"
      }],
      "reference" : {
        "reference" : "Encounter/Test2TransferEncounter4"
      },
      "name" : "Test2TransferEncounter4",
      "isExample" : true,
      "profile" : ["http://example.org/StructureDefinition/MOPEDTransferEncounter"]
    },
    {
      "extension" : [{
        "url" : "http://hl7.org/fhir/tools/StructureDefinition/resource-information",
        "valueString" : "Encounter"
      }],
      "reference" : {
        "reference" : "Encounter/Test2TransferEncounter5"
      },
      "name" : "Test2TransferEncounter5",
      "isExample" : true,
      "profile" : ["http://example.org/StructureDefinition/MOPEDTransferEncounter"]
    },
    {
      "extension" : [{
        "url" : "http://hl7.org/fhir/tools/StructureDefinition/resource-information",
        "valueString" : "StructureDefinition:extension"
      }],
      "reference" : {
        "reference" : "StructureDefinition/moped-ext-transportart"
      },
      "name" : "Transportart",
      "description" : "MOPED Extension für die Transportart.",
      "isExample" : false
    },
    {
      "extension" : [{
        "url" : "http://hl7.org/fhir/tools/StructureDefinition/resource-information",
        "valueString" : "ValueSet"
      }],
      "reference" : {
        "reference" : "ValueSet/moped-transportart-valueset"
      },
      "name" : "Transportart",
      "description" : "ValueSet für die Transportart des Patienten",
      "isExample" : false
    },
    {
      "extension" : [{
        "url" : "http://hl7.org/fhir/tools/StructureDefinition/resource-information",
        "valueString" : "StructureDefinition:extension"
      }],
      "reference" : {
        "reference" : "StructureDefinition/moped-ext-unfalldatum"
      },
      "name" : "Unfalldatum",
      "description" : "MOPED Extension für das Ereignis-/Unfalldatum.",
      "isExample" : false
    },
    {
      "extension" : [{
        "url" : "http://hl7.org/fhir/tools/StructureDefinition/resource-information",
        "valueString" : "ValueSet"
      }],
      "reference" : {
        "reference" : "ValueSet/moped-ursache-valueset"
      },
      "name" : "Ursache für Behandlung",
      "description" : "ValueSet für die Ursache der Behandlung laut Ka-Org",
      "isExample" : false
    },
    {
      "extension" : [{
        "url" : "http://hl7.org/fhir/tools/StructureDefinition/resource-information",
        "valueString" : "StructureDefinition:extension"
      }],
      "reference" : {
        "reference" : "StructureDefinition/moped-ext-vaestatus"
      },
      "name" : "VAEStatus",
      "description" : "\"VAEST - Status der Versichertenanspruchserklärung\"",
      "isExample" : false
    },
    {
      "extension" : [{
        "url" : "http://hl7.org/fhir/tools/StructureDefinition/resource-information",
        "valueString" : "StructureDefinition:extension"
      }],
      "reference" : {
        "reference" : "StructureDefinition/moped-ext-vdasid"
      },
      "name" : "VDAS-ID - VersichertenDatenAbfrageService",
      "description" : "Es handelt sich um eine ID, welche bei der VDAS-Abfrage durch die Krankenanstalt vom e-card System vergeben wird und von der Krankenanstalt in der Aufnahme-/Ereignisanzeige mitgeliefert werden kann. Dadurch kann das Abfrageergebnis eindeutig nachvollzogen werden.\nDas Ergebnis der VDAS-Abfrage ist im ambulanten Bereich für den Krankenversicherungsträger verbindlich. Eine Ablehnung aus versicherungsrechtlichen Gründen ist nicht möglich, sofern die Ereignisanzeige jenem Träger aus der VDAS-Abfrage (inkl. VDAS-ID) übermittelt wurde.\nUm eine zwischenstaatliche Verrechnung zu ermöglichen ist bei zwischenstaatlichen Fällen eine Ablehnung zulässig.",
      "isExample" : false
    },
    {
      "extension" : [{
        "url" : "http://hl7.org/fhir/tools/StructureDefinition/resource-information",
        "valueString" : "StructureDefinition:extension"
      }],
      "reference" : {
        "reference" : "StructureDefinition/moped-ext-VerdachtArbeitsSchuelerunfall"
      },
      "name" : "Verdacht auf Arbeits- oder Schuelerunfall",
      "description" : "MOPED Extension für den Verdacht auf einen Arbeits- oder Schuelerunfall.",
      "isExample" : false
    },
    {
      "extension" : [{
        "url" : "http://hl7.org/fhir/tools/StructureDefinition/resource-information",
        "valueString" : "ValueSet"
      }],
      "reference" : {
        "reference" : "ValueSet/moped-VerdachtArbeitsSchuelerunfall-valueset"
      },
      "name" : "Verdacht auf Arbeits- oder Schuelerunfall",
      "description" : "ValueSet für den Verdacht auf einen Arbeits- oder Schuelerunfall",
      "isExample" : false
    },
    {
      "extension" : [{
        "url" : "http://hl7.org/fhir/tools/StructureDefinition/resource-information",
        "valueString" : "StructureDefinition:extension"
      }],
      "reference" : {
        "reference" : "StructureDefinition/moped-ext-VerdachtFremdverschulden"
      },
      "name" : "Verdacht auf Fremdverschulden",
      "description" : "MOPED Extension für den Verdacht auf Fremdverschulden",
      "isExample" : false
    },
    {
      "extension" : [{
        "url" : "http://hl7.org/fhir/tools/StructureDefinition/resource-information",
        "valueString" : "StructureDefinition:extension"
      }],
      "reference" : {
        "reference" : "StructureDefinition/moped-ext-extensionDays"
      },
      "name" : "Verlaengerungstage",
      "description" : "Anzahl der Verlaengerungstage bei Verlängerung",
      "isExample" : false
    },
    {
      "extension" : [{
        "url" : "http://hl7.org/fhir/tools/StructureDefinition/resource-information",
        "valueString" : "StructureDefinition:extension"
      }],
      "reference" : {
        "reference" : "StructureDefinition/moped-ext-NumberOfPreviouslyPaidDays"
      },
      "name" : "Vortageanzahl auf Kostenbeitrag",
      "description" : "Zur Berechnung des Verpflegskostenbeitrags für Versicherte sowie des Kostenbeitrags für Angehörige ist die Angabe der zu berücksichtigenden Vortage erforderlich. Der Krankenversicherungsträger ist auf Grund der ihm zugänglichen Informationen in der Lage, Vorpflegetage zu berücksichtigen. Berücksichtigt werden alle stationären Aufenthalte eines Patienten innerhalb eines Kalenderjahres.\nDer höchste Wert, mit welchem das Feld VTAGE befüllt werden kann, ist jener Wert, für welchen maximal ein Verpflegskostenbeitrag pro Kalenderjahr zu entrichten ist. Der Maximale Höchstwert beträgt somit 28 Tage.",
      "isExample" : false
    },
    {
      "extension" : [{
        "url" : "http://hl7.org/fhir/tools/StructureDefinition/resource-information",
        "valueString" : "StructureDefinition:extension"
      }],
      "reference" : {
        "reference" : "StructureDefinition/moped-ext-workflow-status"
      },
      "name" : "Workflow Status",
      "description" : "MOPED Extension für den Workflowstatus. Dieser beschreibt den Zustand in dem sich der administrative Fall derzeit befindet",
      "isExample" : false
    },
    {
      "extension" : [{
        "url" : "http://hl7.org/fhir/tools/StructureDefinition/resource-information",
        "valueString" : "ValueSet"
      }],
      "reference" : {
        "reference" : "ValueSet/moped-WorkflowStatus-valueset"
      },
      "name" : "Workflow Status eines Falls",
      "description" : "ValueSet für die Statusoptionen in denen sich ein Fall befinden kann.",
      "isExample" : false
    },
    {
      "extension" : [{
        "url" : "http://hl7.org/fhir/tools/StructureDefinition/resource-information",
        "valueString" : "StructureDefinition:extension"
      }],
      "reference" : {
        "reference" : "StructureDefinition/moped-ext-zugangsart"
      },
      "name" : "Zugangsart",
      "description" : "MOPED Extension für die Art des Zugangs.",
      "isExample" : false
    },
    {
      "extension" : [{
        "url" : "http://hl7.org/fhir/tools/StructureDefinition/resource-information",
        "valueString" : "ValueSet"
      }],
      "reference" : {
        "reference" : "ValueSet/moped-zugangsart-valueset"
      },
      "name" : "Zugangsart des Patienten",
      "description" : "ValueSet für die Zugangsart des Patienten (LKF + Ka-Org)",
      "isExample" : false
    },
    {
      "extension" : [{
        "url" : "http://hl7.org/fhir/tools/StructureDefinition/resource-information",
        "valueString" : "StructureDefinition:extension"
      }],
      "reference" : {
        "reference" : "StructureDefinition/moped-ext-Zusatzpunkte-Belagsdauerausreisser-nach-oben"
      },
      "name" : "Zusatzpunkte Belagsdauerausreißer nach oben",
      "description" : "In dieses Datenfeld ist – soweit zutreffend – die Summe der tageweise ermittelten Zusatz- punkte für jene Patient:innen einzutragen, deren Belagsdauer des akut-stationären Krankenhausaufenthaltes über der im LKF-Modell in der jeweiligen LDF-Pauschale fest- gelegten Belagsdauerobergrenze liegt.",
      "isExample" : false
    },
    {
      "extension" : [{
        "url" : "http://hl7.org/fhir/tools/StructureDefinition/resource-information",
        "valueString" : "StructureDefinition:extension"
      }],
      "reference" : {
        "reference" : "StructureDefinition/moped-ext-Zusatzpunkte-Intensiv"
      },
      "name" : "Zusatzpunkte Intensiv",
      "description" : "In dieses Datenfeld ist – soweit zutreffend – die Summe der Zusatzpunkte für während des stationären Krankenhausaufenthalts angefallene Tage auf abrechnungsrelevanten Intensiveinheiten einzutragen.",
      "isExample" : false
    },
    {
      "extension" : [{
        "url" : "http://hl7.org/fhir/tools/StructureDefinition/resource-information",
        "valueString" : "StructureDefinition:extension"
      }],
      "reference" : {
        "reference" : "StructureDefinition/moped-ext-Zusatzpunkte-Mehrfachleistungen"
      },
      "name" : "Zusatzpunkte Mehrfachleistungen",
      "description" : "In dieses Datenfeld ist – soweit zutreffend – die Summe der Zusatzpunkte für zusätzliche Leistungen außerhalb des Punktepauschales der zur Abrechnung gelangenden Gruppe einzutragen.",
      "isExample" : false
    }],
    "page" : {
      "sourceUrl" : "toc.html",
      "name" : "toc.html",
      "title" : "Table of Contents",
      "generation" : "html",
      "page" : [{
        "sourceUrl" : "index.html",
        "name" : "index.html",
        "title" : "Home",
        "generation" : "markdown"
      },
      {
        "sourceUrl" : "use_case_description.html",
        "name" : "use_case_description.html",
        "title" : "Anwendungsfallbeschreibung",
        "generation" : "markdown"
      },
      {
        "sourceUrl" : "actors.html",
        "name" : "actors.html",
        "title" : "Akteure",
        "generation" : "markdown"
      },
      {
        "sourceUrl" : "workflowmanagement.html",
        "name" : "workflowmanagement.html",
        "title" : "Workflowmanagement",
        "generation" : "markdown"
      },
      {
        "sourceUrl" : "poc.html",
        "name" : "poc.html",
        "title" : "Proof of Concept",
        "generation" : "markdown"
      },
      {
        "sourceUrl" : "ka-org_mapping.html",
        "name" : "ka-org_mapping.html",
        "title" : "Ka-Org Mapping",
        "generation" : "markdown"
      },
      {
        "sourceUrl" : "lkf_mapping.html",
        "name" : "lkf_mapping.html",
        "title" : "LKF Mapping",
        "generation" : "markdown"
      }]
    },
    "parameter" : [{
      "code" : {
        "system" : "http://hl7.org/fhir/tools/CodeSystem/ig-parameters",
        "code" : "copyrightyear"
      },
      "value" : "2024+"
    },
    {
      "code" : {
        "system" : "http://hl7.org/fhir/tools/CodeSystem/ig-parameters",
        "code" : "releaselabel"
      },
      "value" : "ci-build"
    },
    {
      "code" : {
        "system" : "http://hl7.org/fhir/tools/CodeSystem/ig-parameters",
        "code" : "autoload-resources"
      },
      "value" : "true"
    },
    {
      "code" : {
        "system" : "http://hl7.org/fhir/guide-parameter-code",
        "code" : "path-resource"
      },
      "value" : "input/capabilities"
    },
    {
      "code" : {
        "system" : "http://hl7.org/fhir/guide-parameter-code",
        "code" : "path-resource"
      },
      "value" : "input/examples"
    },
    {
      "code" : {
        "system" : "http://hl7.org/fhir/guide-parameter-code",
        "code" : "path-resource"
      },
      "value" : "input/extensions"
    },
    {
      "code" : {
        "system" : "http://hl7.org/fhir/guide-parameter-code",
        "code" : "path-resource"
      },
      "value" : "input/models"
    },
    {
      "code" : {
        "system" : "http://hl7.org/fhir/guide-parameter-code",
        "code" : "path-resource"
      },
      "value" : "input/operations"
    },
    {
      "code" : {
        "system" : "http://hl7.org/fhir/guide-parameter-code",
        "code" : "path-resource"
      },
      "value" : "input/profiles"
    },
    {
      "code" : {
        "system" : "http://hl7.org/fhir/guide-parameter-code",
        "code" : "path-resource"
      },
      "value" : "input/resources"
    },
    {
      "code" : {
        "system" : "http://hl7.org/fhir/guide-parameter-code",
        "code" : "path-resource"
      },
      "value" : "input/vocabulary"
    },
    {
      "code" : {
        "system" : "http://hl7.org/fhir/guide-parameter-code",
        "code" : "path-resource"
      },
      "value" : "input/maps"
    },
    {
      "code" : {
        "system" : "http://hl7.org/fhir/guide-parameter-code",
        "code" : "path-resource"
      },
      "value" : "input/testing"
    },
    {
      "code" : {
        "system" : "http://hl7.org/fhir/guide-parameter-code",
        "code" : "path-resource"
      },
      "value" : "input/history"
    },
    {
      "code" : {
        "system" : "http://hl7.org/fhir/guide-parameter-code",
        "code" : "path-resource"
      },
      "value" : "fsh-generated/resources"
    },
    {
      "code" : {
        "system" : "http://hl7.org/fhir/guide-parameter-code",
        "code" : "path-pages"
      },
      "value" : "template/config"
    },
    {
      "code" : {
        "system" : "http://hl7.org/fhir/guide-parameter-code",
        "code" : "path-pages"
      },
      "value" : "input/images"
    },
    {
      "code" : {
        "system" : "http://hl7.org/fhir/tools/CodeSystem/ig-parameters",
        "code" : "path-liquid"
      },
      "value" : "template/liquid"
    },
    {
      "code" : {
        "system" : "http://hl7.org/fhir/tools/CodeSystem/ig-parameters",
        "code" : "path-liquid"
      },
      "value" : "input/liquid"
    },
    {
      "code" : {
        "system" : "http://hl7.org/fhir/tools/CodeSystem/ig-parameters",
        "code" : "path-qa"
      },
      "value" : "temp/qa"
    },
    {
      "code" : {
        "system" : "http://hl7.org/fhir/tools/CodeSystem/ig-parameters",
        "code" : "path-temp"
      },
      "value" : "temp/pages"
    },
    {
      "code" : {
        "system" : "http://hl7.org/fhir/tools/CodeSystem/ig-parameters",
        "code" : "path-output"
      },
      "value" : "output"
    },
    {
      "code" : {
        "system" : "http://hl7.org/fhir/guide-parameter-code",
        "code" : "path-tx-cache"
      },
      "value" : "input-cache/txcache"
    },
    {
      "code" : {
        "system" : "http://hl7.org/fhir/tools/CodeSystem/ig-parameters",
        "code" : "path-suppressed-warnings"
      },
      "value" : "input/ignoreWarnings.txt"
    },
    {
      "code" : {
        "system" : "http://hl7.org/fhir/tools/CodeSystem/ig-parameters",
        "code" : "path-history"
      },
      "value" : "http://example.org/history.html"
    },
    {
      "code" : {
        "system" : "http://hl7.org/fhir/tools/CodeSystem/ig-parameters",
        "code" : "template-html"
      },
      "value" : "template-page.html"
    },
    {
      "code" : {
        "system" : "http://hl7.org/fhir/tools/CodeSystem/ig-parameters",
        "code" : "template-md"
      },
      "value" : "template-page-md.html"
    },
    {
      "code" : {
        "system" : "http://hl7.org/fhir/tools/CodeSystem/ig-parameters",
        "code" : "apply-contact"
      },
      "value" : "true"
    },
    {
      "code" : {
        "system" : "http://hl7.org/fhir/tools/CodeSystem/ig-parameters",
        "code" : "apply-context"
      },
      "value" : "true"
    },
    {
      "code" : {
        "system" : "http://hl7.org/fhir/tools/CodeSystem/ig-parameters",
        "code" : "apply-copyright"
      },
      "value" : "true"
    },
    {
      "code" : {
        "system" : "http://hl7.org/fhir/tools/CodeSystem/ig-parameters",
        "code" : "apply-jurisdiction"
      },
      "value" : "true"
    },
    {
      "code" : {
        "system" : "http://hl7.org/fhir/tools/CodeSystem/ig-parameters",
        "code" : "apply-license"
      },
      "value" : "true"
    },
    {
      "code" : {
        "system" : "http://hl7.org/fhir/tools/CodeSystem/ig-parameters",
        "code" : "apply-publisher"
      },
      "value" : "true"
    },
    {
      "code" : {
        "system" : "http://hl7.org/fhir/tools/CodeSystem/ig-parameters",
        "code" : "apply-version"
      },
      "value" : "true"
    },
    {
      "code" : {
        "system" : "http://hl7.org/fhir/tools/CodeSystem/ig-parameters",
        "code" : "apply-wg"
      },
      "value" : "true"
    },
    {
      "code" : {
        "system" : "http://hl7.org/fhir/tools/CodeSystem/ig-parameters",
        "code" : "active-tables"
      },
      "value" : "true"
    },
    {
      "code" : {
        "system" : "http://hl7.org/fhir/tools/CodeSystem/ig-parameters",
        "code" : "fmm-definition"
      },
      "value" : "http://hl7.org/fhir/versions.html#maturity"
    },
    {
      "code" : {
        "system" : "http://hl7.org/fhir/tools/CodeSystem/ig-parameters",
        "code" : "propagate-status"
      },
      "value" : "true"
    },
    {
      "code" : {
        "system" : "http://hl7.org/fhir/tools/CodeSystem/ig-parameters",
        "code" : "excludelogbinaryformat"
      },
      "value" : "true"
    },
    {
      "code" : {
        "system" : "http://hl7.org/fhir/tools/CodeSystem/ig-parameters",
        "code" : "tabbed-snapshots"
      },
      "value" : "true"
    }]
  }
}