{
  "resourceType" : "OperationDefinition",
  "id" : "MOPED.Patient.Aufnehmen",
  "text" : {
    "status" : "generated",
    "div" : "<div xmlns=\"http://www.w3.org/1999/xhtml\"><p class=\"res-header-id\"><b>Generated Narrative: OperationDefinition MOPED.Patient.Aufnehmen</b></p><a name=\"MOPED.Patient.Aufnehmen\"> </a><a name=\"hcMOPED.Patient.Aufnehmen\"> </a><a name=\"MOPED.Patient.Aufnehmen-en-US\"> </a><p>URL: [base]/Patient/[id]/$aufnehmen</p><h3>Parameters</h3><table class=\"grid\"><tr><td><b>Use</b></td><td><b>Name</b></td><td><b>Scope</b></td><td><b>Cardinality</b></td><td><b>Type</b></td><td><b>Binding</b></td><td><b>Documentation</b></td></tr><tr><td>IN</td><td>falldaten</td><td/><td>1..1</td><td><a href=\"http://hl7.org/fhir/R5/resource.html\">Resource</a> (<a href=\"StructureDefinition-MOPEDAufnahmeBundle.html\" title=\"http://example.org/StructureDefinition/MOPEDAufnahmeBundle\">MOPED Aufnahme Bundle</a>)</td><td/><td><div><p>Der <em>falldaten</em> Parameter beinhält die nötigen Elemente um die Details zum Fall zu beschreiben die bei Patientenaufnahme bekannt sind, inklusive Patient, Encounter und Coverage.</p>\n</div></td></tr><tr><td>IN</td><td>modus</td><td/><td>1..1</td><td><a href=\"http://hl7.org/fhir/R5/datatypes.html#code\">code</a></td><td>hl7.at.test.freigeben.oder.zwischenspeichern (Required)</td><td><div><p>Mit Hilfe des <em>modus</em> Parameters wird angegeben, ob es sich bei der Patienten-Aufnahme um vollständige Daten handelt und somit eine Validierung erfolgen soll, oder ob lediglich unvollständige Daten zwischengespeichert werden (<em>zwischenspeichern</em>).</p>\n</div></td></tr><tr><td>IN</td><td>verdachtArbeitsSchuelerunfall</td><td/><td>0..1</td><td><a href=\"http://hl7.org/fhir/R5/datatypes.html#code\">code</a></td><td><a href=\"ValueSet-moped-VerdachtArbeitsSchuelerunfall-valueset.html\">Verdacht auf Arbeits- oder Schuelerunfall</a> (Required)</td><td><div><p>Mit Hilfe des <em>verdachtArbeitsSchuelerunfall</em> Parameters wird festgehalten, ob es bei der Patienten-Aufnahme einen Verdacht auf einen Schüler- oder Arbeitsunfall gibt. Wird dieser Parameter mitgegeben, ist im Account das entsprechende Feld zu befüllen.</p>\n</div></td></tr><tr><td>IN</td><td>verdachtFremdverschulden</td><td/><td>0..1</td><td><a href=\"http://hl7.org/fhir/R5/datatypes.html#boolean\">boolean</a></td><td/><td><div><p>Mit Hilfe des <em>verdachtFremdverschulden</em> Parameters wird festgehalten, ob es bei der Patienten-Aufnahme einen Verdacht auf Fremdverschulden gibt. Wird dieser Parameter mitgegeben, ist im Account das entsprechende Feld zu befüllen.</p>\n</div></td></tr><tr><td>OUT</td><td>return</td><td/><td>1..1</td><td><a href=\"http://hl7.org/fhir/R5/resource.html\">Resource</a> (<a href=\"http://hl7.org/fhir/R5/operationoutcome.html\" title=\"http://hl7.org/fhir/StructureDefinition/OperationOutcome\">OperationOutcome</a>)</td><td/><td><div><p>Der <em>return</em> Parameter gibt Auskunft über den Erfolg der Operation. Wenn der <em>modus</em> Parameter auf 'freigeben' gesetzt war, ist die Operation erfolgreich, wenn die Daten validiert wurden und abgespeichert werden konnten. Wenn der <em>modus</em> Parameter auf <em>zwischenspeichern</em> gesetzt war, ist für eine erfolgreiche Durchführung der Operation lediglich ein erfolgreiches Speichern vorausgesetzt. Schlägt die Operation fehl, wird eine entsprechende Meldung ausgegeben.</p>\n</div></td></tr></table><div><p>TBD: Klären, auf welchem Endpunkt die Operation aufgerufen werden soll (Encounter, Patient oder Server-Base); Input ggf. ServiceProvider Organization bzw. GDA-OID, und ggf. CoverageID/VDAS ID falls im Prozess schon zuvor die Coverage angelegt wurde; mit welchem Wert/identifier kann die Coverage wiedergefunden werden?</p>\n</div></div>"
  },
  "url" : "http://example.org/OperationDefinition/MOPED.Patient.Aufnehmen",
  "version" : "0.1.0",
  "name" : "MOPED_Patient_Aufnehmen",
  "title" : "MOPED Patient $aufnehmen (POC)",
  "status" : "draft",
  "kind" : "operation",
  "date" : "2024-09-19T12:04:20+00:00",
  "publisher" : "Example Publisher",
  "contact" : [{
    "name" : "Example Publisher",
    "telecom" : [{
      "system" : "url",
      "value" : "http://example.org/example-publisher"
    }]
  }],
  "description" : "Die Patient $aufnehmen Operation wird aufgerufen, wenn ein(e) Patient*in in das Krankenhaus aufgenommen wird.\nDie Operation wird vom Akteur Krankenhaus (KH) aufgerufen.\n\n1. Encounter erstellen: FHIR Transaction ausführen, wie im Operation-Parameter *falldaten* mitgegeben. Dabei soll geprüft werden, ob bereits ein Patient mit dem jeweiligen identifier (bPK bzw. Sozialversicherungsnummer) vorliegt um Duplikate zu vermeiden.\n2. Account anlegen:\n   * *MOPEDAccount.WorkflowStatus*: lt. Beschreibung der Werte-Ausprägungen des *modus* Parameter (siehe unten)\n   * *MOPEDAccount.VerdachtArbeitsSchuelerunfall* lt. Operation Parameter\n   * *MOPEDAccount.VerdachtFremdverschulden* lt. Operation Parameter\n   * *MOPEDAccount.subject* mit der gleichen Referenz befüllen wie *MOPEDEncounter.subjec*\n   * *MOPEDAccount.owner* mit der gleichen Organization befüllen wie *MOPEDEncounter.serviceProvider*\n   * *MOPEDAccount.VDASID* lt. Operation Parameter befüllen (TBD: brauchen wir die VDAS ID oder können wir sie mit Absprache SVC als Identifier in die Coverage geben?)\n   * *MOPEDAccount.coverage.coverage* mit der Referenz lt. Parameter befüllen und ggf. Hauptversicherter (Patient) anlegen, falls noch nicht am Server.\n3. Account im Encounter referenzieren: Den neuen MOPEDAccount im *MOPEDEncounter.account* referenzieren\n\nDie Werte-Ausprägung des *modus* Parameters haben eine Auswirkung auf das Verhalten der Operation:\n* *zwischenspeichern*: Die Patientenaufnahme ist noch nicht vollständig und wird lediglich zwischengespeichert. Hier findet keine Validierung der Encounter Ressource statt. Eine Account-Ressource wird erstellt, die den *WorkflowStatus* 'Aufnahme in Arbeit' hat und im Encounter referenziert.\n* *freigeben*: Die Patientenaufnahme ist vollständig und es ist zu erwarten, dass alle nötigen Felder befüllt sind. Schlägt die Validierung der *falldaten* fehl, kann die Operation nicht erfolgreich durchgeführt werden. Ist die Validierung erfolgreich, wird eine im Encounter referenzierte Account-Ressource erstellt bzw. upgedatet, die den *WorkflowStatus* 'Aufnahme freigegeben' hat. \n",
  "affectsState" : true,
  "code" : "aufnehmen",
  "comment" : "TBD: Klären, auf welchem Endpunkt die Operation aufgerufen werden soll (Encounter, Patient oder Server-Base); Input ggf. ServiceProvider Organization bzw. GDA-OID, und ggf. CoverageID/VDAS ID falls im Prozess schon zuvor die Coverage angelegt wurde; mit welchem Wert/identifier kann die Coverage wiedergefunden werden?",
  "base" : "http://hl7.org/fhir/OperationDefinition/Patient-aufnehmen",
  "resource" : ["Patient"],
  "system" : false,
  "type" : false,
  "instance" : true,
  "parameter" : [{
    "name" : "falldaten",
    "use" : "in",
    "min" : 1,
    "max" : "1",
    "documentation" : "Der *falldaten* Parameter beinhält die nötigen Elemente um die Details zum Fall zu beschreiben die bei Patientenaufnahme bekannt sind, inklusive Patient, Encounter und Coverage.",
    "type" : "Resource",
    "targetProfile" : ["http://example.org/StructureDefinition/MOPEDAufnahmeBundle"]
  },
  {
    "name" : "modus",
    "use" : "in",
    "min" : 1,
    "max" : "1",
    "documentation" : "Mit Hilfe des *modus* Parameters wird angegeben, ob es sich bei der Patienten-Aufnahme um vollständige Daten handelt und somit eine Validierung erfolgen soll, oder ob lediglich unvollständige Daten zwischengespeichert werden (*zwischenspeichern*).",
    "type" : "code",
    "binding" : {
      "strength" : "required",
      "valueSet" : "hl7.at.test.freigeben.oder.zwischenspeichern"
    }
  },
  {
    "name" : "verdachtArbeitsSchuelerunfall",
    "use" : "in",
    "min" : 0,
    "max" : "1",
    "documentation" : "Mit Hilfe des *verdachtArbeitsSchuelerunfall* Parameters wird festgehalten, ob es bei der Patienten-Aufnahme einen Verdacht auf einen Schüler- oder Arbeitsunfall gibt. Wird dieser Parameter mitgegeben, ist im Account das entsprechende Feld zu befüllen.",
    "type" : "code",
    "binding" : {
      "strength" : "required",
      "valueSet" : "moped-VerdachtArbeitsSchuelerunfall-valueset"
    }
  },
  {
    "name" : "verdachtFremdverschulden",
    "use" : "in",
    "min" : 0,
    "max" : "1",
    "documentation" : "Mit Hilfe des *verdachtFremdverschulden* Parameters wird festgehalten, ob es bei der Patienten-Aufnahme einen Verdacht auf Fremdverschulden gibt. Wird dieser Parameter mitgegeben, ist im Account das entsprechende Feld zu befüllen.",
    "type" : "boolean"
  },
  {
    "name" : "return",
    "use" : "out",
    "min" : 1,
    "max" : "1",
    "documentation" : "Der *return* Parameter gibt Auskunft über den Erfolg der Operation. Wenn der *modus* Parameter auf 'freigeben' gesetzt war, ist die Operation erfolgreich, wenn die Daten validiert wurden und abgespeichert werden konnten. Wenn der *modus* Parameter auf *zwischenspeichern* gesetzt war, ist für eine erfolgreiche Durchführung der Operation lediglich ein erfolgreiches Speichern vorausgesetzt. Schlägt die Operation fehl, wird eine entsprechende Meldung ausgegeben.",
    "type" : "Resource",
    "targetProfile" : ["http://hl7.org/fhir/StructureDefinition/OperationOutcome"]
  }]
}