{
  "resourceType" : "OperationDefinition",
  "id" : "MOPED.Patient.Beurlauben",
  "text" : {
    "status" : "generated",
    "div" : "<div xmlns=\"http://www.w3.org/1999/xhtml\"><p class=\"res-header-id\"><b>Generated Narrative: OperationDefinition MOPED.Patient.Beurlauben</b></p><a name=\"MOPED.Patient.Beurlauben\"> </a><a name=\"hcMOPED.Patient.Beurlauben\"> </a><a name=\"MOPED.Patient.Beurlauben-en-US\"> </a><p>URL: [base]/Encounter/$beurlauben</p><h3>Parameters</h3><table class=\"grid\"><tr><td><b>Use</b></td><td><b>Name</b></td><td><b>Scope</b></td><td><b>Cardinality</b></td><td><b>Type</b></td><td><b>Binding</b></td><td><b>Documentation</b></td></tr><tr><td>IN</td><td>aufnahmezahl</td><td/><td>1..1</td><td><a href=\"http://hl7.org/fhir/R5/datatypes.html#Identifier\">Identifier</a></td><td/><td><div><p>Der <em>aufnahmezahl</em> Parameter beinhält den eindeutigen Identifizierer für den relevanten Fall.</p>\n</div></td></tr><tr><td>IN</td><td>zeitpunkt</td><td/><td>1..1</td><td><a href=\"http://hl7.org/fhir/R5/datatypes.html#dateTime\">dateTime</a></td><td/><td><div><p>Der <em>zeitpunkt</em> Parameter definiert zu welchem Zeitpunkt die Beurlaubung startet.</p>\n</div></td></tr><tr><td>OUT</td><td>return</td><td/><td>1..1</td><td><a href=\"http://hl7.org/fhir/R5/resource.html\">Resource</a> (<a href=\"http://hl7.org/fhir/R5/operationoutcome.html\" title=\"http://hl7.org/fhir/StructureDefinition/OperationOutcome\">OperationOutcome</a>)</td><td/><td><div><p>Der <em>return</em> Parameter gibt Auskunft über den Erfolg der Operation.</p>\n</div></td></tr></table></div>"
  },
  "url" : "http://example.org/OperationDefinition/MOPED.Patient.Beurlauben",
  "version" : "0.1.0",
  "name" : "MOPED_Patient_Beurlauben",
  "title" : "MOPED Patient $beurlauben",
  "status" : "draft",
  "kind" : "operation",
  "date" : "2024-10-07T08:22:28+00:00",
  "publisher" : "Example Publisher",
  "contact" : [{
    "name" : "Example Publisher",
    "telecom" : [{
      "system" : "url",
      "value" : "http://example.org/example-publisher"
    }]
  }],
  "description" : "Die Patient $beurlauben Operation wird aufgerufen, wenn ein(e) Patient*in in das Krankenhaus aufgenommen wurde und während eines laufenden Falles beurlaubt wird. Die Operation $verlegen wird aufgerufen mit dem Funktionscode '10000000' als Parameter, der Abgangsart '1' und ohne physische Anwesenheit. \n\nDie Operation wird vom Akteur Krankenhaus (KH) aufgerufen.",
  "affectsState" : true,
  "code" : "beurlauben",
  "base" : "http://hl7.org/fhir/OperationDefinition/Patient-beurlauben",
  "resource" : ["Encounter"],
  "system" : false,
  "type" : true,
  "instance" : false,
  "parameter" : [{
    "name" : "aufnahmezahl",
    "use" : "in",
    "min" : 1,
    "max" : "1",
    "documentation" : "Der *aufnahmezahl* Parameter beinhält den eindeutigen Identifizierer für den relevanten Fall.",
    "type" : "Identifier"
  },
  {
    "name" : "zeitpunkt",
    "use" : "in",
    "min" : 1,
    "max" : "1",
    "documentation" : "Der *zeitpunkt* Parameter definiert zu welchem Zeitpunkt die Beurlaubung startet.",
    "type" : "dateTime"
  },
  {
    "name" : "return",
    "use" : "out",
    "min" : 1,
    "max" : "1",
    "documentation" : "Der *return* Parameter gibt Auskunft über den Erfolg der Operation.",
    "type" : "Resource",
    "targetProfile" : ["http://hl7.org/fhir/StructureDefinition/OperationOutcome"]
  }]
}