{
  "resourceType" : "ValueSet",
  "id" : "moped-behandlungsart-valueset",
  "text" : {
    "status" : "generated",
    "div" : "<div xmlns=\"http://www.w3.org/1999/xhtml\"><p class=\"res-header-id\"><b>Generated Narrative: ValueSet moped-behandlungsart-valueset</b></p><a name=\"moped-behandlungsart-valueset\"> </a><a name=\"hcmoped-behandlungsart-valueset\"> </a><a name=\"moped-behandlungsart-valueset-en-US\"> </a><ul><li>Include these codes as defined in <code>http://tbd.at/MOPED-encounter-behandlungsart</code><table class=\"none\"><tr><td style=\"white-space:nowrap\"><b>Code</b></td><td><b>Display</b></td></tr><tr><td>S</td><td>Stationär</td></tr><tr><td>I</td><td>Spitalsambulant</td></tr><tr><td>E</td><td>Extramural ambulant</td></tr></table></li></ul></div>"
  },
  "url" : "http://example.org/ValueSet/moped-behandlungsart-valueset",
  "version" : "0.1.0",
  "name" : "Behandlungsart",
  "title" : "Behandlungsart",
  "status" : "draft",
  "date" : "2024-09-12T09:13:24+00:00",
  "publisher" : "Example Publisher",
  "contact" : [{
    "name" : "Example Publisher",
    "telecom" : [{
      "system" : "url",
      "value" : "http://example.org/example-publisher"
    }]
  }],
  "description" : "ValueSet für die Behandlungsart",
  "compose" : {
    "include" : [{
      "system" : "http://tbd.at/MOPED-encounter-behandlungsart",
      "concept" : [{
        "code" : "S",
        "display" : "Stationär"
      },
      {
        "code" : "I",
        "display" : "Spitalsambulant"
      },
      {
        "code" : "E",
        "display" : "Extramural ambulant"
      }]
    }]
  }
}