{
  "resourceType" : "ValueSet",
  "id" : "moped-aufnahmeart-valueset",
  "text" : {
    "status" : "generated",
    "div" : "<div xmlns=\"http://www.w3.org/1999/xhtml\"><p class=\"res-header-id\"><b>Generated Narrative: ValueSet moped-aufnahmeart-valueset</b></p><a name=\"moped-aufnahmeart-valueset\"> </a><a name=\"hcmoped-aufnahmeart-valueset\"> </a><a name=\"moped-aufnahmeart-valueset-en-US\"> </a><ul><li>Include these codes as defined in <code>http://tbd.at/moped-ext-diagnose-art</code><table class=\"none\"><tr><td style=\"white-space:nowrap\"><b>Code</b></td><td><b>Display</b></td></tr><tr><td>P</td><td>geplante stationäre Aufnahme/geplanter ambulanter Besuch (mit vorhergehender Terminvereinbarung, Richtwert: mindestens 24 Stunden)</td></tr><tr><td>A</td><td>akute stationäre Aufnahme/akuter ambulanter Besuch (ohne vorhergehende Terminvereinbarung)</td></tr><tr><td>K</td><td>stationäre Aufnahme/ambulanter Besuch aus Kapazitätsgründen zugewiesen</td></tr></table></li></ul></div>"
  },
  "url" : "http://example.org/ValueSet/moped-aufnahmeart-valueset",
  "version" : "0.1.0",
  "name" : "Aufnahmeart",
  "title" : "Aufnahmeart des Patienten",
  "status" : "draft",
  "date" : "2024-07-19T05:43:00+00:00",
  "publisher" : "Example Publisher",
  "contact" : [{
    "name" : "Example Publisher",
    "telecom" : [{
      "system" : "url",
      "value" : "http://example.org/example-publisher"
    }]
  }],
  "description" : "ValueSet für die Aufnahmeart des Patienten",
  "compose" : {
    "include" : [{
      "system" : "http://tbd.at/moped-ext-diagnose-art",
      "concept" : [{
        "code" : "P",
        "display" : "geplante stationäre Aufnahme/geplanter ambulanter Besuch (mit vorhergehender Terminvereinbarung, Richtwert: mindestens 24 Stunden)"
      },
      {
        "code" : "A",
        "display" : "akute stationäre Aufnahme/akuter ambulanter Besuch (ohne vorhergehende Terminvereinbarung)"
      },
      {
        "code" : "K",
        "display" : "stationäre Aufnahme/ambulanter Besuch aus Kapazitätsgründen zugewiesen"
      }]
    }]
  }
}