{
  "resourceType" : "ValueSet",
  "id" : "moped-AbrechnungsRelevanz-valueset",
  "text" : {
    "status" : "generated",
    "div" : "<div xmlns=\"http://www.w3.org/1999/xhtml\"><p class=\"res-header-id\"><b>Generated Narrative: ValueSet moped-AbrechnungsRelevanz-valueset</b></p><a name=\"moped-AbrechnungsRelevanz-valueset\"> </a><a name=\"hcmoped-AbrechnungsRelevanz-valueset\"> </a><a name=\"moped-AbrechnungsRelevanz-valueset-en-US\"> </a><ul><li>Include these codes as defined in <code>http://tbd.at/MOPED-LKFAbrechnungsRelevanz</code><table class=\"none\"><tr><td style=\"white-space:nowrap\"><b>Code</b></td><td><b>Display</b></td></tr><tr><td>J</td><td>Ja (Die Leistung ist bei der Bepunktung zu berücksichtigen.)</td></tr><tr><td>N</td><td>Nein (Die Leistung ist bei der Bepunktung nicht zu berücksichtigen.)</td></tr><tr><td>K</td><td>Nein (Die Leistung ist bei der Bepunktung nicht zu berücksichtigen, wird aber von einem Sozialversicherungsträger vergütet.)</td></tr></table></li></ul></div>"
  },
  "url" : "http://example.org/ValueSet/moped-AbrechnungsRelevanz-valueset",
  "version" : "0.1.0",
  "name" : "AbrechnungsRelevanz",
  "title" : "Abrechnungsrelevanz der medizinischen Leistung",
  "status" : "draft",
  "date" : "2024-09-17T14:02:22+00:00",
  "publisher" : "Example Publisher",
  "contact" : [{
    "name" : "Example Publisher",
    "telecom" : [{
      "system" : "url",
      "value" : "http://example.org/example-publisher"
    }]
  }],
  "description" : "Abrechnungsrelevanz der medizinischen Leistung",
  "compose" : {
    "include" : [{
      "system" : "http://tbd.at/MOPED-LKFAbrechnungsRelevanz",
      "concept" : [{
        "code" : "J",
        "display" : "Ja (Die Leistung ist bei der Bepunktung zu berücksichtigen.)"
      },
      {
        "code" : "N",
        "display" : "Nein (Die Leistung ist bei der Bepunktung nicht zu berücksichtigen.)"
      },
      {
        "code" : "K",
        "display" : "Nein (Die Leistung ist bei der Bepunktung nicht zu berücksichtigen, wird aber von einem Sozialversicherungsträger vergütet.)"
      }]
    }]
  }
}