<?xml version="1.0" encoding="UTF-8"?>

<ValueSet xmlns="http://hl7.org/fhir">
  <id value="moped-VerpflegskostenBeitragsbefreiung-valueset"/>
  <text>
    <status value="generated"/><div xmlns="http://www.w3.org/1999/xhtml"><p class="res-header-id"><b>Generated Narrative: ValueSet moped-VerpflegskostenBeitragsbefreiung-valueset</b></p><a name="moped-VerpflegskostenBeitragsbefreiung-valueset"> </a><a name="hcmoped-VerpflegskostenBeitragsbefreiung-valueset"> </a><a name="moped-VerpflegskostenBeitragsbefreiung-valueset-en-US"> </a><ul><li>Include these codes as defined in <code>http://tbd.at/MOPED-Verpflegskosten-Beitragsbefreiung</code><table class="none"><tr><td style="white-space:nowrap"><b>Code</b></td><td><b>Display</b></td></tr><tr><td>J</td><td>Es liegt eine Befreiung vom Verpflegskostenbeitrag aufgrund einer bundes- oder landesgesetzlichen Gesetzesbestimmung bzw. eines Arbeitsunfalls oder einer Rezeptgebührenbefreiung vor.</td></tr><tr><td>N</td><td>Es liegt keine Befreiung vom Verpflegskostenbeitrag vor.</td></tr><tr><td>S</td><td>Es liegt eine Befreiung vom Verpflegskostenbeitrag aufgrund eines gemeldeten Aufenthaltes von
Patienten in der Sonderklasse vor (BVAEB-EB, SVS-GW, BVAEB-OEB).</td></tr></table></li></ul></div>
  </text>
  <url value="http://example.org/ValueSet/moped-VerpflegskostenBeitragsbefreiung-valueset"/>
  <version value="0.1.0"/>
  <name value="VerpflegskostenBeitragsbefreiung"/>
  <title value="Befreiung für den Verpflegskostenbeitrag"/>
  <status value="draft"/>
  <date value="2024-10-24T14:50:34+00:00"/>
  <publisher value="Example Publisher"/>
  <contact>
    <name value="Example Publisher"/>
    <telecom>
      <system value="url"/>
      <value value="http://example.org/example-publisher"/>
    </telecom>
  </contact>
  <description value="Befreiung für den Verpflegskostenbeitrag"/>
  <compose>
    <include>
      <system value="http://tbd.at/MOPED-Verpflegskosten-Beitragsbefreiung"/>
      <concept>
        <code value="J"/>
        <display value="Es liegt eine Befreiung vom Verpflegskostenbeitrag aufgrund einer bundes- oder landesgesetzlichen Gesetzesbestimmung bzw. eines Arbeitsunfalls oder einer Rezeptgebührenbefreiung vor."/>
      </concept>
      <concept>
        <code value="N"/>
        <display value="Es liegt keine Befreiung vom Verpflegskostenbeitrag vor."/>
      </concept>
      <concept>
        <code value="S"/>
        <display value="Es liegt eine Befreiung vom Verpflegskostenbeitrag aufgrund eines gemeldeten Aufenthaltes von&#xA;Patienten in der Sonderklasse vor (BVAEB-EB, SVS-GW, BVAEB-OEB)."/>
      </concept>
    </include>
  </compose>
</ValueSet>