{
  "resourceType" : "ValueSet",
  "id" : "pharmaceuticalDoseFormVs",
  "text" : {
    "status" : "generated",
    "div" : "<div xmlns=\"http://www.w3.org/1999/xhtml\"><ul><li>Include all codes defined in <a href=\"CodeSystem-200000000004.html\"><code>https://spor.ema.europa.eu/v1/lists/200000000004</code></a></li></ul></div>"
  },
  "url" : "https://ema.europa.eu/fhir/vs/pharmaceuticalDoseForm",
  "version" : "0.1.0",
  "name" : "PharmaceuticalDoseFormVs",
  "title" : "The Pharmaceutical Dose Form Value Set",
  "status" : "active",
  "date" : "2024-05-23T06:15:20+00:00",
  "publisher" : "AGES",
  "contact" : [{
    "name" : "AGES",
    "telecom" : [{
      "system" : "url",
      "value" : "https://www.ages.at/"
    }]
  }],
  "compose" : {
    "include" : [{
      "system" : "https://spor.ema.europa.eu/v1/lists/200000000004"
    }]
  }
}