{
  "resourceType" : "ValueSet",
  "id" : "unitsOfPresentationVs",
  "text" : {
    "status" : "generated",
    "div" : "<div xmlns=\"http://www.w3.org/1999/xhtml\"><ul><li>Include all codes defined in <a href=\"CodeSystem-200000000014.html\"><code>https://spor.ema.europa.eu/v1/lists/200000000014</code></a></li></ul></div>"
  },
  "url" : "https://ema.europa.eu/fhir/vs/unitsOfPresentation",
  "version" : "0.1.0",
  "name" : "UnitsOfPresentationVs",
  "title" : "The Units of Presentation Value Set",
  "status" : "active",
  "date" : "2024-05-21T07:48:00+00:00",
  "publisher" : "AGES",
  "contact" : [{
    "name" : "AGES",
    "telecom" : [{
      "system" : "url",
      "value" : "https://www.ages.at/"
    }]
  }],
  "compose" : {
    "include" : [{
      "system" : "https://spor.ema.europa.eu/v1/lists/200000000014"
    }]
  }
}