{
  "resourceType" : "ValueSet",
  "id" : "ingredientRoleVs",
  "text" : {
    "status" : "generated",
    "div" : "<div xmlns=\"http://www.w3.org/1999/xhtml\"><ul><li>Include all codes defined in <a href=\"CodeSystem-100000072050.html\"><code>https://spor.ema.europa.eu/v1/lists/100000072050</code></a></li></ul></div>"
  },
  "url" : "https://ema.europa.eu/fhir/vs/ingredientRole",
  "version" : "0.1.0",
  "name" : "IngredientRoleVs",
  "title" : "The Ingredient Role Value Set",
  "status" : "active",
  "date" : "2024-05-24T10:20:13+00:00",
  "publisher" : "AGES",
  "contact" : [{
    "name" : "AGES",
    "telecom" : [{
      "system" : "url",
      "value" : "https://www.ages.at/"
    }]
  }],
  "compose" : {
    "include" : [{
      "system" : "https://spor.ema.europa.eu/v1/lists/100000072050"
    }]
  }
}