<?xml version="1.0" encoding="UTF-8"?><ValueSet xmlns="http://hl7.org/fhir"><id value="schulung"/><text><status value="generated"/><div xmlns="http://www.w3.org/1999/xhtml"><ul><li>Include these codes as defined in <a href="http://www.snomed.org/"><code>http://snomed.info/sct</code></a><table class="none"><tr><td style="white-space:nowrap"><b>Code</b></td><td><b>Display</b></td><td><b>Deutsch (Österreich) (German (Austria), de)</b></td></tr><tr><td><a href="http://snomed.info/id/385658003">385658003</a></td><td>Done</td><td>Nicht erforderlich</td></tr><tr><td><a href="http://snomed.info/id/385660001">385660001</a></td><td>Not done</td><td></td></tr><tr><td><a href="http://snomed.info/id/410529002">410529002</a></td><td>Not needed</td><td></td></tr></table></li></ul></div></text><url value="https://hi.iv.elga.gv.at/ValueSet/schulung"/><version value="0.1.0"/><name value="Schulung"/><title value="Schulung"/><status value="draft"/><date value="2024-05-28T08:58:35+00:00"/><publisher value="ELGA GmbH"/><contact><name value="ELGA GmbH"/><telecom><system value="url"/><value value="https://www.elga.gv.at/"/></telecom></contact><description value="Erhebung der absolvierten Schulungen"/><compose><include><system value="http://snomed.info/sct"/><concept><code value="385658003"/><display value="Done"/><designation><language value="de-AT"/><value value="Nicht erforderlich"/></designation></concept><concept><code value="385660001"/><display value="Not done"/></concept><concept><code value="410529002"/><display value="Not needed"/></concept></include></compose></ValueSet>