{
  "resourceType" : "ValueSet",
  "id" : "moped-sonderleistungsnummern-valueset",
  "text" : {
    "status" : "generated",
    "div" : "<div xmlns=\"http://www.w3.org/1999/xhtml\"><p class=\"res-header-id\"><b>Generated Narrative: ValueSet moped-sonderleistungsnummern-valueset</b></p><a name=\"moped-sonderleistungsnummern-valueset\"> </a><a name=\"hcmoped-sonderleistungsnummern-valueset\"> </a><a name=\"moped-sonderleistungsnummern-valueset-en-US\"> </a><ul><li>Include these codes as defined in <code>http://tbd.at/MOPED-Sonderleistungsnummern</code><table class=\"none\"><tr><td style=\"white-space:nowrap\"><b>Code</b></td><td><b>Display</b></td></tr><tr><td>00</td><td>orthopädisches Hilfsmittel (Körperersatzstücke), die nicht therapeutische Behelfe darstellen</td></tr><tr><td>01</td><td>Ersatz der Kosten für den fallweisen Beistand durch eine nicht in der Anstalt angestellte Hebamme</td></tr></table></li></ul></div>"
  },
  "url" : "http://example.org/ValueSet/moped-sonderleistungsnummern-valueset",
  "version" : "0.1.0",
  "name" : "Sonderleistungsnummern",
  "title" : "Nummer für Sonderleistung",
  "status" : "draft",
  "date" : "2024-10-21T06:07:01+00:00",
  "publisher" : "Example Publisher",
  "contact" : [{
    "name" : "Example Publisher",
    "telecom" : [{
      "system" : "url",
      "value" : "http://example.org/example-publisher"
    }]
  }],
  "description" : "Nummer für Sonderleistung",
  "compose" : {
    "include" : [{
      "system" : "http://tbd.at/MOPED-Sonderleistungsnummern",
      "concept" : [{
        "code" : "00",
        "display" : "orthopädisches Hilfsmittel (Körperersatzstücke), die nicht therapeutische Behelfe darstellen"
      },
      {
        "code" : "01",
        "display" : "Ersatz der Kosten für den fallweisen Beistand durch eine nicht in der Anstalt angestellte Hebamme"
      }]
    }]
  }
}