{
  "resourceType" : "ValueSet",
  "id" : "moped-abgangsart-valueset",
  "text" : {
    "status" : "generated",
    "div" : "<div xmlns=\"http://www.w3.org/1999/xhtml\"><p class=\"res-header-id\"><b>Generated Narrative: ValueSet moped-abgangsart-valueset</b></p><a name=\"moped-abgangsart-valueset\"> </a><a name=\"hcmoped-abgangsart-valueset\"> </a><a name=\"moped-abgangsart-valueset-en-US\"> </a><ul><li>Include these codes as defined in <code>http://tbd.at/MOPED-encounter-abgangsart</code><table class=\"none\"><tr><td style=\"white-space:nowrap\"><b>Code</b></td><td><b>Display</b></td></tr><tr><td>1</td><td>Lebend</td></tr><tr><td>2</td><td>Lebend mit Therapiereduktion</td></tr><tr><td>3</td><td>Gestorben</td></tr><tr><td>4</td><td>Gestorben mit Therapiereduktion</td></tr></table></li></ul></div>"
  },
  "url" : "http://example.org/ValueSet/moped-abgangsart-valueset",
  "version" : "0.1.0",
  "name" : "Abgangsart",
  "title" : "Abgangsart des Patienten",
  "status" : "draft",
  "date" : "2024-10-21T06:07:01+00:00",
  "publisher" : "Example Publisher",
  "contact" : [{
    "name" : "Example Publisher",
    "telecom" : [{
      "system" : "url",
      "value" : "http://example.org/example-publisher"
    }]
  }],
  "description" : "ValueSet für die Abgangsart des Patienten",
  "compose" : {
    "include" : [{
      "system" : "http://tbd.at/MOPED-encounter-abgangsart",
      "concept" : [{
        "code" : "1",
        "display" : "Lebend"
      },
      {
        "code" : "2",
        "display" : "Lebend mit Therapiereduktion"
      },
      {
        "code" : "3",
        "display" : "Gestorben"
      },
      {
        "code" : "4",
        "display" : "Gestorben mit Therapiereduktion"
      }]
    }]
  }
}