{
  "resourceType" : "ValueSet",
  "id" : "moped-VAEStatus-valueset",
  "text" : {
    "status" : "generated",
    "div" : "<div xmlns=\"http://www.w3.org/1999/xhtml\"><p class=\"res-header-id\"><b>Generated Narrative: ValueSet moped-VAEStatus-valueset</b></p><a name=\"moped-VAEStatus-valueset\"> </a><a name=\"hcmoped-VAEStatus-valueset\"> </a><a name=\"moped-VAEStatus-valueset-en-US\"> </a><ul><li>Include these codes as defined in <code>http://tbd.at/MOPED-VAEStatus</code><table class=\"none\"><tr><td style=\"white-space:nowrap\"><b>Code</b></td><td><b>Display</b></td></tr><tr><td>00</td><td>bewilligt (nur für stationären Bereich)</td></tr><tr><td>01</td><td>Versicherung nicht festgestellt</td></tr><tr><td>02</td><td>Wartezeit für Schutzfrist nicht gegeben</td></tr><tr><td>03</td><td>nicht leistungszuständig</td></tr><tr><td>04</td><td>Angehörigeneigenschaft nicht nachgewiesen</td></tr><tr><td>05</td><td>Änderung der Zuständigkeit</td></tr><tr><td>08</td><td>Anstaltspflege ohne Notwendigkeit ärztlicher Behandlung</td></tr><tr><td>10</td><td>Leistungszuständigkeit durch Nichtbeantwortung einer Anfrage nicht geklärt</td></tr><tr><td>11</td><td>notwendige Unterlagen fehlen</td></tr><tr><td>12</td><td>direkte Verrechnung mit dem Versicherten</td></tr><tr><td>14</td><td>Nichterfüllung der Wartezeit bei Selbstversicherten</td></tr><tr><td>16</td><td>Kostenübernahme vom Chef(Kontroll)arzt abgelehnt</td></tr><tr><td>17</td><td>die weitere Kostenübernahme vom Chef(Kontroll)arzt abgelehnt</td></tr><tr><td>18</td><td>Bearbeitung/Verlängerung erst nach Vorlage der Krankengeschichte möglich</td></tr><tr><td>19</td><td>Versicherung festgestellt (nur für Ambulanzverrechnung inkl. tageschirurgischer Versorgung)</td></tr><tr><td>21</td><td>Pflicht anerkannt, aber zahlungsunfähig X</td></tr><tr><td>22</td><td>Pflicht anerkannt, Kostenübernahme abgelehnt X</td></tr><tr><td>40</td><td>Voraussetzung für Angehörigeneigenschaft nicht mehr gegeben</td></tr><tr><td>42</td><td>Angehöriger ist selber versichert oder anderweitig mitversichert</td></tr><tr><td>49</td><td>Ablehnungsgrund steht im Kommentarsatz (sonstige Ablehnung)</td></tr><tr><td>97</td><td>Urgenz für Entlassungsnachricht (K05)</td></tr><tr><td>98</td><td>in Bearbeitung</td></tr><tr><td>99</td><td>kasseninterne Berichtigung</td></tr></table></li></ul></div>"
  },
  "url" : "http://example.org/ValueSet/moped-VAEStatus-valueset",
  "version" : "0.1.0",
  "name" : "VAEStatus",
  "title" : "Status der Versichertenanspruchserklärung",
  "status" : "draft",
  "date" : "2024-10-16T09:30:10+00:00",
  "publisher" : "Example Publisher",
  "contact" : [{
    "name" : "Example Publisher",
    "telecom" : [{
      "system" : "url",
      "value" : "http://example.org/example-publisher"
    }]
  }],
  "description" : "Status der Versichertenanspruchserklärung",
  "compose" : {
    "include" : [{
      "system" : "http://tbd.at/MOPED-VAEStatus",
      "concept" : [{
        "code" : "00",
        "display" : "bewilligt (nur für stationären Bereich)"
      },
      {
        "code" : "01",
        "display" : "Versicherung nicht festgestellt"
      },
      {
        "code" : "02",
        "display" : "Wartezeit für Schutzfrist nicht gegeben"
      },
      {
        "code" : "03",
        "display" : "nicht leistungszuständig"
      },
      {
        "code" : "04",
        "display" : "Angehörigeneigenschaft nicht nachgewiesen"
      },
      {
        "code" : "05",
        "display" : "Änderung der Zuständigkeit"
      },
      {
        "code" : "08",
        "display" : "Anstaltspflege ohne Notwendigkeit ärztlicher Behandlung"
      },
      {
        "code" : "10",
        "display" : "Leistungszuständigkeit durch Nichtbeantwortung einer Anfrage nicht geklärt"
      },
      {
        "code" : "11",
        "display" : "notwendige Unterlagen fehlen"
      },
      {
        "code" : "12",
        "display" : "direkte Verrechnung mit dem Versicherten"
      },
      {
        "code" : "14",
        "display" : "Nichterfüllung der Wartezeit bei Selbstversicherten"
      },
      {
        "code" : "16",
        "display" : "Kostenübernahme vom Chef(Kontroll)arzt abgelehnt"
      },
      {
        "code" : "17",
        "display" : "die weitere Kostenübernahme vom Chef(Kontroll)arzt abgelehnt"
      },
      {
        "code" : "18",
        "display" : "Bearbeitung/Verlängerung erst nach Vorlage der Krankengeschichte möglich"
      },
      {
        "code" : "19",
        "display" : "Versicherung festgestellt (nur für Ambulanzverrechnung inkl. tageschirurgischer Versorgung)"
      },
      {
        "code" : "21",
        "display" : "Pflicht anerkannt, aber zahlungsunfähig X"
      },
      {
        "code" : "22",
        "display" : "Pflicht anerkannt, Kostenübernahme abgelehnt X"
      },
      {
        "code" : "40",
        "display" : "Voraussetzung für Angehörigeneigenschaft nicht mehr gegeben"
      },
      {
        "code" : "42",
        "display" : "Angehöriger ist selber versichert oder anderweitig mitversichert"
      },
      {
        "code" : "49",
        "display" : "Ablehnungsgrund steht im Kommentarsatz (sonstige Ablehnung)"
      },
      {
        "code" : "97",
        "display" : "Urgenz für Entlassungsnachricht (K05)"
      },
      {
        "code" : "98",
        "display" : "in Bearbeitung"
      },
      {
        "code" : "99",
        "display" : "kasseninterne Berichtigung"
      }]
    }]
  }
}