<?xml version="1.0" encoding="UTF-8"?>

<Bundle xmlns="http://hl7.org/fhir">
  <id value="80dbc399-62fb-454f-b4a6-e59fc37d8fc9"/>
  <meta>
    <lastUpdated value="2024-09-25T12:57:21.700+00:00"/>
  </meta>
  <type value="collection"/>
  <entry>
    <fullUrl value="http://example.org/ValueSet/moped-WorkflowStatus-valueset"/>
    <resource>
      <ValueSet>
        <text>
          <status value="generated"/>
          <div xmlns="http://www.w3.org/1999/xhtml">
            <p class="res-header-id">
              <b>Generated Narrative: ValueSet </b>
            </p>
            <p>This value set contains 0 concepts</p>
            <table class="codes">
              <tr>
                <td style="white-space:nowrap">
                  <b>Code</b>
                </td>
                <td>
                  <b>System</b>
                </td>
                <td>
                  <b>Display</b>
                </td>
              </tr>
            </table>
          </div>
        </text>
        <url value="http://example.org/ValueSet/moped-WorkflowStatus-valueset"/>
        <version value="0.1.0"/>
        <name value="WorkflowStatus"/>
        <title value="Workflow Status eines Falls"/>
        <status value="draft"/>
        <date value="2024-09-25T12:57:21+00:00"/>
        <expansion>
          <identifier value="urn:uuid:c2d02ba2-c78b-4235-867d-83ef7f1837a9"/>
          <timestamp value="2024-09-25T12:58:16+00:00"/>
          <total value="0"/>
          <offset value="0"/>
          <parameter>
            <name value="count"/>
            <valueInteger value="1000"/>
          </parameter>
          <parameter>
            <name value="offset"/>
            <valueInteger value="0"/>
          </parameter>
          <parameter>
            <name value="excludeNested"/>
            <valueBoolean value="false"/>
          </parameter>
        </expansion>
      </ValueSet>
    </resource>
  </entry>
  <entry>
    <fullUrl value="http://example.org/ValueSet/moped-abgangsart-valueset"/>
    <resource>
      <ValueSet>
        <text>
          <status value="generated"/>
          <div xmlns="http://www.w3.org/1999/xhtml">
            <p class="res-header-id">
              <b>Generated Narrative: ValueSet </b>
            </p>
            <p>This value set contains 0 concepts</p>
            <table class="codes">
              <tr>
                <td style="white-space:nowrap">
                  <b>Code</b>
                </td>
                <td>
                  <b>System</b>
                </td>
                <td>
                  <b>Display</b>
                </td>
              </tr>
            </table>
          </div>
        </text>
        <url value="http://example.org/ValueSet/moped-abgangsart-valueset"/>
        <version value="0.1.0"/>
        <name value="Abgangsart"/>
        <title value="Abgangsart des Patienten"/>
        <status value="draft"/>
        <date value="2024-09-25T12:57:21+00:00"/>
        <expansion>
          <identifier value="urn:uuid:8d4da690-d787-4925-9f6e-820ccb0eae32"/>
          <timestamp value="2024-09-25T12:58:16+00:00"/>
          <total value="0"/>
          <offset value="0"/>
          <parameter>
            <name value="count"/>
            <valueInteger value="1000"/>
          </parameter>
          <parameter>
            <name value="offset"/>
            <valueInteger value="0"/>
          </parameter>
          <parameter>
            <name value="excludeNested"/>
            <valueBoolean value="false"/>
          </parameter>
        </expansion>
      </ValueSet>
    </resource>
  </entry>
</Bundle>