<?xml version="1.0" encoding="UTF-8"?>

<Bundle xmlns="http://hl7.org/fhir">
  <id value="ef5b483a-9ebb-4291-af0f-13db86f3e1ae"/>
  <meta>
    <lastUpdated value="2024-09-23T07:19:12.532+00:00"/>
  </meta>
  <type value="collection"/>
  <entry>
    <fullUrl value="http://example.org/ValueSet/moped-WorkflowStatus-valueset"/>
    <resource>
      <ValueSet>
        <text>
          <status value="generated"/>
          <div xmlns="http://www.w3.org/1999/xhtml">
            <p class="res-header-id">
              <b>Generated Narrative: ValueSet </b>
            </p>
            <p>This value set contains 0 concepts</p>
            <table class="codes">
              <tr>
                <td style="white-space:nowrap">
                  <b>Code</b>
                </td>
                <td>
                  <b>System</b>
                </td>
                <td>
                  <b>Display</b>
                </td>
              </tr>
            </table>
          </div>
        </text>
        <url value="http://example.org/ValueSet/moped-WorkflowStatus-valueset"/>
        <version value="0.1.0"/>
        <name value="WorkflowStatus"/>
        <title value="Workflow Status eines Falls"/>
        <status value="draft"/>
        <date value="2024-09-23T07:19:12+00:00"/>
        <expansion>
          <identifier value="urn:uuid:9c094920-f47b-47b9-98c5-ff266636d82f"/>
          <timestamp value="2024-09-23T07:20:06+00:00"/>
          <total value="0"/>
          <offset value="0"/>
          <parameter>
            <name value="count"/>
            <valueInteger value="1000"/>
          </parameter>
          <parameter>
            <name value="offset"/>
            <valueInteger value="0"/>
          </parameter>
          <parameter>
            <name value="excludeNested"/>
            <valueBoolean value="false"/>
          </parameter>
        </expansion>
      </ValueSet>
    </resource>
  </entry>
  <entry>
    <fullUrl value="http://example.org/ValueSet/moped-abgangsart-valueset"/>
    <resource>
      <ValueSet>
        <text>
          <status value="generated"/>
          <div xmlns="http://www.w3.org/1999/xhtml">
            <p class="res-header-id">
              <b>Generated Narrative: ValueSet </b>
            </p>
            <p>This value set contains 0 concepts</p>
            <table class="codes">
              <tr>
                <td style="white-space:nowrap">
                  <b>Code</b>
                </td>
                <td>
                  <b>System</b>
                </td>
                <td>
                  <b>Display</b>
                </td>
              </tr>
            </table>
          </div>
        </text>
        <url value="http://example.org/ValueSet/moped-abgangsart-valueset"/>
        <version value="0.1.0"/>
        <name value="Abgangsart"/>
        <title value="Abgangsart des Patienten"/>
        <status value="draft"/>
        <date value="2024-09-23T07:19:12+00:00"/>
        <expansion>
          <identifier value="urn:uuid:36faddf2-39c9-4827-acc5-a3ed29253237"/>
          <timestamp value="2024-09-23T07:20:06+00:00"/>
          <total value="0"/>
          <offset value="0"/>
          <parameter>
            <name value="count"/>
            <valueInteger value="1000"/>
          </parameter>
          <parameter>
            <name value="offset"/>
            <valueInteger value="0"/>
          </parameter>
          <parameter>
            <name value="excludeNested"/>
            <valueBoolean value="false"/>
          </parameter>
        </expansion>
      </ValueSet>
    </resource>
  </entry>
</Bundle>