URL,Version,Status,OIDs,Name,Title,Description,Uses,Used,Sources
http://hl7.org/fhir/ValueSet/body-site,4.0.1,draft,"2.16.840.1.113883.4.642.3.141",SNOMEDCTBodyStructures,SNOMED CT Body Structures,"This value set includes all codes from [SNOMED CT](http://snomed.info/sct) where concept is-a 442083009 (Anatomical or acquired body site (body structure)).","StructureDefinition/at-prenudge-alcoholuse-observation,StructureDefinition/at-prenudge-stepcount-observation,StructureDefinition/at-prenudge-observation-other-quantities,StructureDefinition/at-prenudge-observation,StructureDefinition/at-prenudge-observation-other-not-quantities,StructureDefinition/at-prenudge-smokingstatus-observation,StructureDefinition/at-prenudge-whoqol-bref-score-observation,StructureDefinition/at-prenudge-bloodglucose-observation,StructureDefinition/at-prenudge-sleep-duration-observation,StructureDefinition/at-prenudge-sleep-quality-observation","SCT"
http://hl7.org/fhir/ValueSet/data-absent-reason,4.0.1,active,"2.16.840.1.113883.4.642.3.5",DataAbsentReason,DataAbsentReason,"Used to specify why the normally expected content of the data element is missing.","StructureDefinition/at-prenudge-alcoholuse-observation,StructureDefinition/at-prenudge-stepcount-observation,StructureDefinition/at-prenudge-observation-other-quantities,StructureDefinition/at-prenudge-observation,StructureDefinition/at-prenudge-observation-other-not-quantities,StructureDefinition/at-prenudge-smokingstatus-observation,StructureDefinition/at-prenudge-whoqol-bref-score-observation,StructureDefinition/at-prenudge-bloodglucose-observation,StructureDefinition/at-prenudge-sleep-duration-observation,StructureDefinition/at-prenudge-sleep-quality-observation","THO"
http://hl7.org/fhir/ValueSet/identifier-type,4.0.1,active,"2.16.840.1.113883.4.642.3.45",Identifier Type Codes,IdentifierType,"A coded type for an identifier that can be used to determine which identifier to use for a specific purpose.","StructureDefinition/at-prenudge-stepcount-observation,StructureDefinition/at-prenudge-observation-other-quantities,StructureDefinition/at-prenudge-observation,StructureDefinition/at-prenudge-observation-other-not-quantities,StructureDefinition/at-prenudge-smokingstatus-observation,StructureDefinition/at-prenudge-whoqol-bref-score-observation,StructureDefinition/at-prenudge-bloodglucose-observation,StructureDefinition/at-prenudge-sleep-duration-observation,StructureDefinition/at-prenudge-questionnaireresponse,StructureDefinition/at-prenudge-sleep-quality-observation","THO (V2)"
http://hl7.org/fhir/ValueSet/identifier-use,4.0.1,active,"2.16.840.1.113883.4.642.3.57",IdentifierUse,IdentifierUse,"Identifies the purpose for this identifier, if known .","StructureDefinition/at-prenudge-stepcount-observation,StructureDefinition/at-prenudge-observation-other-quantities,StructureDefinition/at-prenudge-observation,StructureDefinition/at-prenudge-observation-other-not-quantities,StructureDefinition/at-prenudge-smokingstatus-observation,StructureDefinition/at-prenudge-whoqol-bref-score-observation,StructureDefinition/at-prenudge-bloodglucose-observation,StructureDefinition/at-prenudge-sleep-duration-observation,StructureDefinition/at-prenudge-questionnaireresponse,StructureDefinition/at-prenudge-sleep-quality-observation","hl7.fhir.r4.core"
http://hl7.org/fhir/ValueSet/item-type,4.0.1,draft,"2.16.840.1.113883.4.642.3.444",QuestionnaireItemType,QuestionnaireItemType,"Distinguishes groups from questions and display text and indicates data type for questions.","StructureDefinition/at-prenudge-questionnaire","hl7.fhir.r4.core"
http://hl7.org/fhir/ValueSet/jurisdiction,4.0.1,active,"2.16.840.1.113883.4.642.3.48",Jurisdiction ValueSet,Jurisdiction,"This value set defines a base set of codes for country, country subdivision and region    for indicating where a resource is intended to be used.             Note: The codes for countries and country subdivisions are taken from    [ISO 3166](https://www.iso.org/iso-3166-country-codes.html)    while the codes for ""supra-national"" regions are from    [UN Standard country or area codes for statistical use (M49)](http://unstats.un.org/unsd/methods/m49/m49.htm).","StructureDefinition/at-prenudge-questionnaire","hl7.terminology.r4,Other"
http://hl7.org/fhir/ValueSet/languages,4.0.1,draft,"2.16.840.1.113883.4.642.3.20",CommonLanguages,Common Languages,"This value set includes common codes from BCP-47 (http://tools.ietf.org/html/bcp47)","StructureDefinition/at-prenudge-alcoholuse-observation,StructureDefinition/at-prenudge-stepcount-observation,StructureDefinition/at-prenudge-observation-other-quantities,StructureDefinition/at-prenudge-observation,StructureDefinition/at-prenudge-questionnaire,StructureDefinition/at-prenudge-observation-other-not-quantities,StructureDefinition/at-prenudge-smokingstatus-observation,StructureDefinition/at-prenudge-whoqol-bref-score-observation,StructureDefinition/at-prenudge-bloodglucose-observation,StructureDefinition/at-prenudge-sleep-duration-observation,StructureDefinition/at-prenudge-questionnaireresponse,StructureDefinition/at-prenudge-sleep-quality-observation","hl7.terminology.r4"
http://hl7.org/fhir/ValueSet/observation-category,4.0.1,draft,"2.16.840.1.113883.4.642.3.403",ObservationCategoryCodes,Observation Category Codes,"Observation Category codes.","StructureDefinition/at-prenudge-alcoholuse-observation,StructureDefinition/at-prenudge-stepcount-observation,StructureDefinition/at-prenudge-observation-other-quantities,StructureDefinition/at-prenudge-observation,StructureDefinition/at-prenudge-observation-other-not-quantities,StructureDefinition/at-prenudge-smokingstatus-observation,StructureDefinition/at-prenudge-whoqol-bref-score-observation,StructureDefinition/at-prenudge-bloodglucose-observation,StructureDefinition/at-prenudge-sleep-duration-observation,StructureDefinition/at-prenudge-sleep-quality-observation","THO"
http://hl7.org/fhir/ValueSet/observation-codes,4.0.1,draft,"2.16.840.1.113883.4.642.3.396",LOINCCodes,LOINC Codes,"This value set includes all LOINC codes","StructureDefinition/at-prenudge-alcoholuse-observation,StructureDefinition/at-prenudge-stepcount-observation,StructureDefinition/at-prenudge-observation-other-quantities,StructureDefinition/at-prenudge-observation,StructureDefinition/at-prenudge-observation-other-not-quantities,StructureDefinition/at-prenudge-smokingstatus-observation,StructureDefinition/at-prenudge-whoqol-bref-score-observation,StructureDefinition/at-prenudge-bloodglucose-observation,StructureDefinition/at-prenudge-sleep-duration-observation,StructureDefinition/at-prenudge-sleep-quality-observation","LOINC"
http://hl7.org/fhir/ValueSet/observation-interpretation,4.0.1,active,"2.16.840.1.113883.4.642.3.399",ObservationInterpretationCodes,Observation Interpretation Codes,"A categorical assessment, providing a rough qualitative interpretation of the observation value,    such as “normal”/ “abnormal”,”low” / “high”, “better” / “worse”, “susceptible” / “resistant”, “expected”/ “not expected”.    The value set is intended to be for ANY use where coded representation of an interpretation is needed.             Notes:          This is being communicated in v2.x in OBX-8 (Observation Interpretation), in v3 in ObservationInterpretation (CWE) in R1 (Representative Realm) and in FHIR in    Observation.interpretation. Historically these values come from the laboratory domain, and these codes are extensively    used. The value set binding is extensible, so codes outside the value set that are needed for interpretation concepts    (i.e. particular meanings) that are not included in the value set can be used, and these new codes may also be added to    the value set and published in a future version.","StructureDefinition/at-prenudge-alcoholuse-observation,StructureDefinition/at-prenudge-stepcount-observation,StructureDefinition/at-prenudge-observation-other-quantities,StructureDefinition/at-prenudge-observation,StructureDefinition/at-prenudge-observation-other-not-quantities,StructureDefinition/at-prenudge-smokingstatus-observation,StructureDefinition/at-prenudge-whoqol-bref-score-observation,StructureDefinition/at-prenudge-bloodglucose-observation,StructureDefinition/at-prenudge-sleep-duration-observation,StructureDefinition/at-prenudge-sleep-quality-observation","THO (V3)"
http://hl7.org/fhir/ValueSet/observation-methods,4.0.1,draft,"2.16.840.1.113883.4.642.3.395",ObservationMethods,Observation Methods,"Observation Method codes from [SNOMED CT](http://snomed.info/sct) where concept is-a 272394005 (Technique (qualifier value)) or is-a 129264002 (Action (qualifier value)) or is-a 386053000 (Evaluation procedure(procedure))","StructureDefinition/at-prenudge-alcoholuse-observation","SCT"
http://hl7.org/fhir/ValueSet/observation-status,4.0.1,active,"2.16.840.1.113883.4.642.3.400",ObservationStatus,ObservationStatus,"Codes providing the status of an observation.","StructureDefinition/at-prenudge-alcoholuse-observation,StructureDefinition/at-prenudge-stepcount-observation,StructureDefinition/at-prenudge-observation-other-quantities,StructureDefinition/at-prenudge-observation,StructureDefinition/at-prenudge-observation-other-not-quantities,StructureDefinition/at-prenudge-smokingstatus-observation,StructureDefinition/at-prenudge-whoqol-bref-score-observation,StructureDefinition/at-prenudge-bloodglucose-observation,StructureDefinition/at-prenudge-sleep-duration-observation,StructureDefinition/at-prenudge-sleep-quality-observation","hl7.fhir.r4.core"
http://hl7.org/fhir/ValueSet/publication-status,4.0.1,active,"2.16.840.1.113883.4.642.3.3",PublicationStatus,PublicationStatus,"The lifecycle status of an artifact.","StructureDefinition/at-prenudge-questionnaire","hl7.fhir.r4.core"
http://hl7.org/fhir/ValueSet/quantity-comparator,4.0.1,active,"2.16.840.1.113883.4.642.3.59",QuantityComparator,QuantityComparator,"How the Quantity should be understood and represented.","StructureDefinition/at-prenudge-stepcount-observation,StructureDefinition/at-prenudge-observation-other-quantities,StructureDefinition/at-prenudge-whoqol-bref-score-observation,StructureDefinition/at-prenudge-bloodglucose-observation,StructureDefinition/at-prenudge-sleep-duration-observation","hl7.fhir.r4.core"
http://hl7.org/fhir/ValueSet/questionnaire-answers,4.0.1,draft,"2.16.840.1.113883.4.642.3.446",QuestionnaireAnswerCodes,Questionnaire Answer Codes,"Example list of codes for answers to questions. (Not complete or necessarily appropriate.)","StructureDefinition/at-prenudge-questionnaire,StructureDefinition/at-prenudge-questionnaireresponse","SCT"
http://hl7.org/fhir/ValueSet/questionnaire-answers-status,4.0.1,draft,"required",QuestionnaireResponseStatus,QuestionnaireResponseStatus,"Lifecycle status of the questionnaire response.","StructureDefinition/at-prenudge-questionnaireresponse","hl7.fhir.r4.core"
http://hl7.org/fhir/ValueSet/questionnaire-enable-behavior,4.0.1,draft,"2.16.840.1.113883.4.642.3.1007",EnableWhenBehavior,EnableWhenBehavior,"Controls how multiple enableWhen values are interpreted -  whether all or any must be true.","StructureDefinition/at-prenudge-questionnaire","hl7.fhir.r4.core"
http://hl7.org/fhir/ValueSet/questionnaire-enable-operator,4.0.1,draft,"2.16.840.1.113883.4.642.3.1005",QuestionnaireItemOperator,QuestionnaireItemOperator,"The criteria by which a question is enabled.","StructureDefinition/at-prenudge-questionnaire","hl7.fhir.r4.core"
http://hl7.org/fhir/ValueSet/questionnaire-questions,4.0.1,draft,"2.16.840.1.113883.4.642.3.443",QuestionnaireQuestionCodes,Questionnaire Question Codes,"Example list of codes for questions and groups of questions. (Not necessarily complete or appropriate.)","StructureDefinition/at-prenudge-questionnaire","LOINC"
http://hl7.org/fhir/ValueSet/referencerange-appliesto,4.0.1,draft,"2.16.840.1.113883.4.642.3.407",ObservationReferenceRangeAppliesToCodes,Observation Reference Range Applies To Codes,"This value set defines a set of codes that can be used to indicate the particular target population the reference range applies to.","StructureDefinition/at-prenudge-alcoholuse-observation,StructureDefinition/at-prenudge-stepcount-observation,StructureDefinition/at-prenudge-observation-other-quantities,StructureDefinition/at-prenudge-observation,StructureDefinition/at-prenudge-observation-other-not-quantities,StructureDefinition/at-prenudge-smokingstatus-observation,StructureDefinition/at-prenudge-whoqol-bref-score-observation,StructureDefinition/at-prenudge-bloodglucose-observation,StructureDefinition/at-prenudge-sleep-duration-observation,StructureDefinition/at-prenudge-sleep-quality-observation","SCT"
http://hl7.org/fhir/ValueSet/referencerange-meaning,4.0.1,draft,"2.16.840.1.113883.4.642.3.397",ObservationReferenceRangeMeaningCodes,Observation Reference Range Meaning Codes,"This value set defines a set of codes that can be used to indicate the meaning/use of a reference range for a particular target population.","StructureDefinition/at-prenudge-alcoholuse-observation,StructureDefinition/at-prenudge-stepcount-observation,StructureDefinition/at-prenudge-observation-other-quantities,StructureDefinition/at-prenudge-observation,StructureDefinition/at-prenudge-observation-other-not-quantities,StructureDefinition/at-prenudge-smokingstatus-observation,StructureDefinition/at-prenudge-whoqol-bref-score-observation,StructureDefinition/at-prenudge-bloodglucose-observation,StructureDefinition/at-prenudge-sleep-duration-observation,StructureDefinition/at-prenudge-sleep-quality-observation","THO"
http://hl7.org/fhir/ValueSet/resource-types,4.0.1,active,"2.16.840.1.113883.4.642.3.27",ResourceType,ResourceType,"One of the resource types defined as part of this version of FHIR.","StructureDefinition/at-prenudge-questionnaire","hl7.fhir.r4.core"
https://fhir.hl7.at/prenudge/appdata/r4/ValueSet/prenudge-alcoholuse-frequency,0.1.0,active,,AtPrenudgeValueSetAlcoholUseFrequencySnomedVS,AT PreNUDGE Alcohol Use Frequency,"Frequencies used in the PreNUDGE alcoholuse questionnaire.","Questionnaire/AlcoholUseQuestionnaire","SCT"
https://fhir.hl7.at/prenudge/appdata/r4/ValueSet/prenudge-bloodglucose-mealcontext,0.1.0,active,,AtPrenudgeValueSetBloodglucoseMealcontextSnomedVS,AT PreNUDGE Blood Glucose Meal Context,"Meal context used in the PreNUDGE Blood Glucose questionnaire and observation.","StructureDefinition/at-prenudge-bloodglucose-observation,Questionnaire/BloodGlucoseQuestionnaire","SCT"
https://fhir.hl7.at/prenudge/appdata/r4/ValueSet/prenudge-observation-method,0.1.0,active,,AtPrenudgeValueSetMethodManualAutomated,AT PreNUDGE Observation Methods,"ValueSet containing SNOMED CT codes for differentiating methods used in the PreNUDGE observation.","StructureDefinition/at-prenudge-stepcount-observation,StructureDefinition/at-prenudge-observation-other-quantities,StructureDefinition/at-prenudge-observation,StructureDefinition/at-prenudge-observation-other-not-quantities,StructureDefinition/at-prenudge-smokingstatus-observation,StructureDefinition/at-prenudge-whoqol-bref-score-observation,StructureDefinition/at-prenudge-bloodglucose-observation,StructureDefinition/at-prenudge-sleep-duration-observation,StructureDefinition/at-prenudge-sleep-quality-observation","SCT"
https://fhir.hl7.at/prenudge/appdata/r4/ValueSet/prenudge-other-observations-codes,0.1.0,active,,AtPrenudgeValueSetOtherObservationsCodes,AT PreNUDGE Other Observations Codes,"Allowed observation codes for the 'Other' observation profile.","StructureDefinition/at-prenudge-observation-other-quantities,StructureDefinition/at-prenudge-observation-other-not-quantities,ConceptMap/AtPrenudgeCodeUnitMap","SCT,LOINC"
https://fhir.hl7.at/prenudge/appdata/r4/ValueSet/prenudge-other-observations-units,0.1.0,active,,AtPrenudgeValueSetOtherObservationsUnits,AT PreNUDGE Other Observations Units,"Allowed UCUM units for the 'Other' observation profile.","StructureDefinition/at-prenudge-observation-other-quantities,ConceptMap/AtPrenudgeCodeUnitMap","UCUM"
https://fhir.hl7.at/prenudge/appdata/r4/ValueSet/prenudge-whoqol-bref-score-type,0.1.0,active,,AtPrenudgeValueSetQolWHOQOLBrefScoreTypeVS,AT PreNUDGE WHOQOL-BREF Score Type ValueSet,"ValueSet containing SNOMED CT codes for differentiating WHOQOL-BREF overall and domain scores.",,"SCT"
