"Id","Path","Slice Name","Alias(s)","Label","Min","Max","Must Support?","Is Modifier?","Is Summary?","Type(s)","Short","Definition","Comments","Requirements","Default Value","Meaning When Missing","Fixed Value","Pattern","Example","Minimum Value","Maximum Value","Maximum Length","Binding Strength","Binding Description","Binding Value Set","Code","Slicing Discriminator","Slicing Description","Slicing Ordered","Slicing Rules","Base Path","Base Min","Base Max","Condition(s)","Constraint(s)"
"QuestionnaireResponse","QuestionnaireResponse","","Form
QuestionnaireAnswers","",0,*,"","","","null {[]} {[]}
","A structured set of questions and their answers","A structured set of questions and their answers. The questions are ordered and grouped into coherent subsets, corresponding to the structure of the grouping of the questionnaire being responded to.","The QuestionnaireResponse contains enough information about the questions asked and their organization that it can be interpreted somewhat independently from the Questionnaire it is based on.  I.e. You don't need access to the Questionnaire in order to extract basic information from a QuestionnaireResponse.","","","","","","","","",,,,,"",,,,"QuestionnaireResponse",0,*,"","dom-2:If the resource is contained in another resource, it SHALL NOT contain nested Resources {contained.contained.empty()}
dom-3:If the resource is contained in another resource, it SHALL be referred to from elsewhere in the resource or SHALL refer to the containing resource {contained.where((('#'+id in (%resource.descendants().reference | %resource.descendants().ofType(canonical) | %resource.descendants().ofType(uri) | %resource.descendants().ofType(url))) or descendants().where(reference = '#').exists() or descendants().where(ofType(canonical) = '#').exists() or descendants().where(ofType(canonical) = '#').exists()).not()).trace('unmatched', id).empty()}dom-4:If a resource is contained in another resource, it SHALL NOT have a meta.versionId or a meta.lastUpdated {contained.meta.versionId.empty() and contained.meta.lastUpdated.empty()}dom-5:If a resource is contained in another resource, it SHALL NOT have a security label {contained.meta.security.empty()}dom-6:A resource should have narrative for robust management {text.`div`.exists()}"
"QuestionnaireResponse.id","QuestionnaireResponse.id","","","",0,1,"","","Y","id {[]} {[]}
","Logical id of this artifact","The logical id of the resource, as used in the URL for the resource. Once assigned, this value never changes.","Within the context of the FHIR RESTful interactions, the resource has an id except for cases like the create and conditional update. Otherwise, the use of the resouce id depends on the given use case.","","","","","","","","",,,,,"",,,,"Resource.id",0,1,"",""
"QuestionnaireResponse.meta","QuestionnaireResponse.meta","","","",0,1,"","","Y","Meta {[]} {[]}
","Metadata about the resource","The metadata about the resource. This is content that is maintained by the infrastructure. Changes to the content might not always be associated with version changes to the resource.","","","","","","","","","",,,,,"",,,,"Resource.meta",0,1,"","ele-1:All FHIR elements must have a @value or children {hasValue() or (children().count() > id.count())}
"
"QuestionnaireResponse.implicitRules","QuestionnaireResponse.implicitRules","","","",0,1,"","Y","Y","uri {[]} {[]}
","A set of rules under which this content was created","A reference to a set of rules that were followed when the resource was constructed, and which must be understood when processing the content. Often, this is a reference to an implementation guide that defines the special rules along with other profiles etc.","Asserting this rule set restricts the content to be only understood by a limited set of trading partners. This inherently limits the usefulness of the data in the long term. However, the existing health eco-system is highly fractured, and not yet ready to define, collect, and exchange data in a generally computable sense. Wherever possible, implementers and/or specification writers should avoid using this element. Often, when used, the URL is a reference to an implementation guide that defines these special rules as part of its narrative along with other profiles, value sets, etc.","","","","","","","","",,,,,"",,,,"Resource.implicitRules",0,1,"","ele-1:All FHIR elements must have a @value or children {hasValue() or (children().count() > id.count())}
"
"QuestionnaireResponse.language","QuestionnaireResponse.language","","","",0,1,"","","","code {[]} {[]}
","Language of the resource content","The base language in which the resource is written.","Language is provided to support indexing and accessibility (typically, services such as text to speech use the language tag). The html language tag in the narrative applies  to the narrative. The language tag on the resource may be used to specify the language of other presentations generated from the data in the resource. Not all the content has to be in the base language. The Resource.language should not be assumed to apply to the narrative automatically. If a language is specified, it should it also be specified on the div element in the html (see rules in HTML5 for information about the relationship between xml:lang and the html lang attribute).","","","","","","","","",,"required","IETF language tag for a human language","http://hl7.org/fhir/ValueSet/all-languages|5.0.0","",,,,"Resource.language",0,1,"","ele-1:All FHIR elements must have a @value or children {hasValue() or (children().count() > id.count())}
"
"QuestionnaireResponse.text","QuestionnaireResponse.text","","narrative
htmlxhtmldisplay","",0,1,"","","","Narrative {[]} {[]}
","Text summary of the resource, for human interpretation","A human-readable narrative that contains a summary of the resource and can be used to represent the content of the resource to a human. The narrative need not encode all the structured data, but is required to contain sufficient detail to make it ""clinically safe"" for a human to just read the narrative. Resource definitions may define what content should be represented in the narrative to ensure clinical safety.","Contained resources do not have a narrative. Resources that are not contained SHOULD have a narrative. In some cases, a resource may only have text with little or no additional discrete data (as long as all minOccurs=1 elements are satisfied).  This may be necessary for data from legacy systems where information is captured as a ""text blob"" or where text is additionally entered raw or narrated and encoded information is added later.","","","","","","","","",,,,,"",,,,"DomainResource.text",0,1,"dom-6
","ele-1:All FHIR elements must have a @value or children {hasValue() or (children().count() > id.count())}
"
"QuestionnaireResponse.contained","QuestionnaireResponse.contained","","inline resources
anonymous resourcescontained resources","",0,*,"","","","Resource {[]} {[]}
","Contained, inline Resources","These resources do not have an independent existence apart from the resource that contains them - they cannot be identified independently, nor can they have their own independent transaction scope. This is allowed to be a Parameters resource if and only if it is referenced by a resource that provides context/meaning.","This should never be done when the content can be identified properly, as once identification is lost, it is extremely difficult (and context dependent) to restore it again. Contained resources may have profiles and tags in their meta elements, but SHALL NOT have security labels.","","","","","","","","",,,,,"",,,,"DomainResource.contained",0,*,"dom-2
dom-4dom-3dom-5",""
"QuestionnaireResponse.extension","QuestionnaireResponse.extension","","extensions
user content","",0,*,"","","","Extension {[]} {[]}
","Additional content defined by implementations","May be used to represent additional information that is not part of the basic definition of the resource. To make the use of extensions safe and managable, there is a strict set of governance applied to the definition and use of extensions. Though any implementer can define an extension, there is a set of requirements that SHALL be met as part of the definition of the extension.","There can be no stigma associated with the use of extensions by any application, project, or standard - regardless of the institution or jurisdiction that uses or defines the extensions.  The use of extensions is what allows the FHIR specification to retain a core level of simplicity for everyone.","","","","","","","","",,,,,"",,,,"DomainResource.extension",0,*,"","ele-1:All FHIR elements must have a @value or children {hasValue() or (children().count() > id.count())}
ext-1:Must have either extensions or value[x], not both {extension.exists() != value.exists()}"
"QuestionnaireResponse.modifierExtension","QuestionnaireResponse.modifierExtension","","extensions
user content","",0,*,"","Y","Y","Extension {[]} {[]}
","Extensions that cannot be ignored","May be used to represent additional information that is not part of the basic definition of the resource and that modifies the understanding of the element that contains it and/or the understanding of the containing element's descendants. Usually modifier elements provide negation or qualification. To make the use of extensions safe and managable, there is a strict set of governance applied to the definition and use of extensions. Though any implementer is allowed to define an extension, there is a set of requirements that SHALL be met as part of the definition of the extension. Applications processing a resource are required to check for modifier extensions.

Modifier extensions SHALL NOT change the meaning of any elements on Resource or DomainResource (including cannot change the meaning of modifierExtension itself).","There can be no stigma associated with the use of extensions by any application, project, or standard - regardless of the institution or jurisdiction that uses or defines the extensions.  The use of extensions is what allows the FHIR specification to retain a core level of simplicity for everyone.","Modifier extensions allow for extensions that *cannot* be safely ignored to be clearly distinguished from the vast majority of extensions which can be safely ignored.  This promotes interoperability by eliminating the need for implementers to prohibit the presence of extensions. For further information, see the [definition of modifier extensions](http://hl7.org/fhir/R5/extensibility.html#modifierExtension).","","","","","","","",,,,,"",,,,"DomainResource.modifierExtension",0,*,"","ele-1:All FHIR elements must have a @value or children {hasValue() or (children().count() > id.count())}
ext-1:Must have either extensions or value[x], not both {extension.exists() != value.exists()}"
"QuestionnaireResponse.identifier","QuestionnaireResponse.identifier","","","",0,*,"","","Y","Identifier {[]} {[]}
","Business identifier for this set of answers","Business identifiers assigned to this questionnaire response by the performer and/or other systems.  These identifiers remain constant as the resource is updated and propagates from server to server.","Note: This is a business identifier, not a resource identifier (see [discussion](http://hl7.org/fhir/R5/resource.html#identifiers)).","Allows identification of the questionnaire response as it is known by various participating systems and in a way that remains consistent across servers.","","","","","","","",,,,,"",,,,"QuestionnaireResponse.identifier",0,*,"","ele-1:All FHIR elements must have a @value or children {hasValue() or (children().count() > id.count())}
"
"QuestionnaireResponse.basedOn","QuestionnaireResponse.basedOn","","order
","",0,*,"","","Y","Reference {[]} {[CanonicalType[http://hl7.org/fhir/StructureDefinition/CarePlan|5.0.0], CanonicalType[http://hl7.org/fhir/StructureDefinition/ServiceRequest|5.0.0]]}
","Request fulfilled by this QuestionnaireResponse","A plan, proposal or order that is fulfilled in whole or in part by this questionnaire response.  For example, a ServiceRequest seeking an intake assessment or a decision support recommendation to assess for post-partum depression.","","Supports traceability of responsibility for the questionnaire response and allows linkage of the response to the proposals/recommendations acted upon.","","","","","","","",,,,,"",,,,"QuestionnaireResponse.basedOn",0,*,"","ele-1:All FHIR elements must have a @value or children {hasValue() or (children().count() > id.count())}
"
"QuestionnaireResponse.partOf","QuestionnaireResponse.partOf","","","",0,*,"","","Y","Reference {[]} {[CanonicalType[http://hl7.org/fhir/StructureDefinition/Observation|5.0.0], CanonicalType[http://hl7.org/fhir/StructureDefinition/Procedure|5.0.0]]}
","Part of referenced event","A procedure or observation that this questionnaire was performed as part of the execution of.  For example, the surgery a checklist was executed as part of.","Not to be used to link an questionnaire response to an Encounter - use 'context' for that.

Composition of questionnaire responses will be handled using the Assemble operation defined in the SDC IG.  For relationships to referrals, and other types of requests, use basedOn.","","","","","","","","",,,,,"",,,,"QuestionnaireResponse.partOf",0,*,"","ele-1:All FHIR elements must have a @value or children {hasValue() or (children().count() > id.count())}
"
"QuestionnaireResponse.questionnaire","QuestionnaireResponse.questionnaire","","Form
","",1,1,"","","Y","canonical {[]} {[CanonicalType[http://hl7.org/fhir/StructureDefinition/Questionnaire|5.0.0]]}
","Canonical URL of Questionnaire being answered","The Questionnaire that defines and organizes the questions for which answers are being provided.","If a QuestionnaireResponse references a Questionnaire that can be resolved, then the QuestionnaireResponse structure must be consistent with the Questionnaire (i.e. questions must be organized into the same groups, nested questions must still be nested, etc.).  It is possible to have a QuestionnaireResponse whose 'questionnaire' element does not resolve.  It is also possible for the questionnaire element to not have a value but only extensions (e.g. conveying the title or identifier for the questionnaire).  This may happen for legacy data.  If there is no formally defined Questionnaire, it is undefined what the 'correct' values for the linkId elements should be and it is possible that linkIds might be inconsistent for QuestionnaireResponses for the same form if captured by distinct systems.","Needed to allow editing of the questionnaire response in a manner that enforces the constraints of the original form.","","","","","","","",,,,,"",,,,"QuestionnaireResponse.questionnaire",1,1,"","ele-1:All FHIR elements must have a @value or children {hasValue() or (children().count() > id.count())}
"
"QuestionnaireResponse.status","QuestionnaireResponse.status","","","",1,1,"","Y","Y","code {[]} {[]}
","in-progress | completed | amended | entered-in-error | stopped","The current state of the questionnaire response.","Unknown does not represent ""other"" - one of the defined statuses must apply.  Unknown is used when the authoring system is not sure what the current status is.","The information on Questionnaire resources  may possibly be gathered during multiple sessions and altered after considered being finished.","","","","","","","",,"required","Lifecycle status of the questionnaire response.","http://hl7.org/fhir/ValueSet/questionnaire-answers-status|5.0.0","",,,,"QuestionnaireResponse.status",1,1,"","ele-1:All FHIR elements must have a @value or children {hasValue() or (children().count() > id.count())}
"
"QuestionnaireResponse.subject","QuestionnaireResponse.subject","","Patient
Focus","",1,1,"","","Y","Reference {[]} {[CanonicalType[https://elga.moped.at/StructureDefinition/MopedBasisPatientvbPK], CanonicalType[https://elga.moped.at/StructureDefinition/MopedBasisPatientKlarname]]}
","The subject of the questions","The subject of the questionnaire response.  This could be a patient, organization, practitioner, device, etc.  This is who/what the answers apply to, but is not necessarily the source of information.","If the Questionnaire declared a subjectType, the resource pointed to by this element must be an instance of one of the listed types.","Links the questionnaire response to the Patient context.  May also affect access control.","","","","","","","",,,,,"",,,,"QuestionnaireResponse.subject",0,1,"","ele-1:All FHIR elements must have a @value or children {hasValue() or (children().count() > id.count())}
"
"QuestionnaireResponse.encounter","QuestionnaireResponse.encounter","","","",1,1,"","","Y","Reference {[]} {[CanonicalType[https://elga.moped.at/StructureDefinition/MopedEncounter]]}
","Encounter the questionnaire response is part of","The Encounter during which this questionnaire response was created or to which the creation of this record is tightly associated.","This will typically be the encounter the questionnaire response was created during, but some questionnaire responses may be initiated prior to or after the official completion of an encounter but still be tied to the context of the encounter (e.g. pre-admission forms).  A questionnaire that was initiated during an encounter but not fully completed during the encounter would still generally be associated with the encounter.","Links the questionnaire response to the Encounter context.  May also affect access control.","","","","","","","",,,,,"",,,,"QuestionnaireResponse.encounter",0,1,"","ele-1:All FHIR elements must have a @value or children {hasValue() or (children().count() > id.count())}
"
"QuestionnaireResponse.authored","QuestionnaireResponse.authored","","Date Created
Date publishedDate IssuedDate updated","",1,1,"","","Y","dateTime {[]} {[]}
","Date the answers were gathered","The date and/or time that this questionnaire response was last modified by the user - e.g. changing answers or revising status.","May be different from the lastUpdateTime of the resource itself, because that reflects when the data was known to the server, not when the data was captured.

This element is optional to allow for systems that might not know the value, however it SHOULD be populated if possible.","Clinicians need to be able to check the date that the information in the questionnaire was collected, to derive the context of the answers.","","","","","","","",,,,,"",,,,"QuestionnaireResponse.authored",0,1,"","ele-1:All FHIR elements must have a @value or children {hasValue() or (children().count() > id.count())}
"
"QuestionnaireResponse.author","QuestionnaireResponse.author","","Laboratory
ServicePractitionerDepartmentCompanyPerformer","",1,1,"","","Y","Reference {[]} {[CanonicalType[https://elga.moped.at/StructureDefinition/KAOrganization]]}
","The individual or device that received and recorded the answers","The individual or device that received the answers to the questions in the QuestionnaireResponse and recorded them in the system.","Mapping a subject's answers to multiple choice options and determining what to put in the textual answer is a matter of interpretation. Authoring by device would indicate that some portion of the questionnaire had been auto-populated. Device should only be used if it directly determined the answers, not if it was merely used as a capture tool to record answers provided by others. In the latter case, information about the physical device, software, etc. would be captured using Provenance.","Need to know who interpreted the subject's answers to the questions in the questionnaire, and selected the appropriate options for answers.","","","","","","","",,,,,"",,,,"QuestionnaireResponse.author",0,1,"","ele-1:All FHIR elements must have a @value or children {hasValue() or (children().count() > id.count())}
"
"QuestionnaireResponse.source","QuestionnaireResponse.source","","","",0,1,"","","Y","Reference {[]} {[CanonicalType[http://hl7.org/fhir/StructureDefinition/Device|5.0.0], CanonicalType[http://hl7.org/fhir/StructureDefinition/Organization|5.0.0], CanonicalType[http://hl7.org/fhir/StructureDefinition/Patient|5.0.0], CanonicalType[http://hl7.org/fhir/StructureDefinition/Practitioner|5.0.0], CanonicalType[http://hl7.org/fhir/StructureDefinition/PractitionerRole|5.0.0], CanonicalType[http://hl7.org/fhir/StructureDefinition/RelatedPerson|5.0.0]]}
","The individual or device that answered the questions","The individual or device that answered the questions about the subject.","If not specified, no inference can be made about who provided the data. Device should only be used if it directly determined the answers, not if it was merely used as a capture tool to record answers provided by others. In the latter case, information about the physical device, software, etc. would be captured using Provenance.","When answering questions about a subject that is minor, incapable of answering or an animal, another human source may answer the questions.","","","","","","","",,,,,"",,,,"QuestionnaireResponse.source",0,1,"","ele-1:All FHIR elements must have a @value or children {hasValue() or (children().count() > id.count())}
"
"QuestionnaireResponse.item","QuestionnaireResponse.item","","","",1,*,"","","","BackboneElement {[]} {[]}
","Groups and questions","A group or question item from the original questionnaire for which answers are provided.","Groups cannot have answers and therefore must nest directly within item. When dealing with questions, nesting must occur within each answer because some questions may have multiple answers (and the nesting occurs for each answer).\nWhen dealing with repeating items, each group repetition will be handled by a separate item.  However, repeating questions are handled with a single question item and potentially multiple answers.","","","","","","","","",,,,,"",,,,"QuestionnaireResponse.item",0,*,"","ele-1:All FHIR elements must have a @value or children {hasValue() or (children().count() > id.count())}
qrs-1:Item cannot contain both item and answer {(answer.exists() and item.exists()).not()}qrs-2:Repeated answers are combined in the answers array of a single item {repeat(answer|item).select(item.where(answer.value.exists()).linkId.isDistinct()).allTrue()}"
"QuestionnaireResponse.item.id","QuestionnaireResponse.item.id","","","",0,1,"","","","string {[]} {[]}
","Unique id for inter-element referencing","Unique id for the element within a resource (for internal references). This may be any string value that does not contain spaces.","","","","","","","","","",,,,,"",,,,"Element.id",0,1,"ele-1
",""
"QuestionnaireResponse.item.extension","QuestionnaireResponse.item.extension","","extensions
user content","",0,*,"","","","Extension {[]} {[]}
","Additional content defined by implementations","May be used to represent additional information that is not part of the basic definition of the element. To make the use of extensions safe and managable, there is a strict set of governance applied to the definition and use of extensions. Though any implementer can define an extension, there is a set of requirements that SHALL be met as part of the definition of the extension.","There can be no stigma associated with the use of extensions by any application, project, or standard - regardless of the institution or jurisdiction that uses or defines the extensions.  The use of extensions is what allows the FHIR specification to retain a core level of simplicity for everyone.","","","","","","","","",,,,,"",,,,"Element.extension",0,*,"","ele-1:All FHIR elements must have a @value or children {hasValue() or (children().count() > id.count())}
ext-1:Must have either extensions or value[x], not both {extension.exists() != value.exists()}"
"QuestionnaireResponse.item.modifierExtension","QuestionnaireResponse.item.modifierExtension","","extensions
user contentmodifiers","",0,*,"","Y","Y","Extension {[]} {[]}
","Extensions that cannot be ignored even if unrecognized","May be used to represent additional information that is not part of the basic definition of the element and that modifies the understanding of the element in which it is contained and/or the understanding of the containing element's descendants. Usually modifier elements provide negation or qualification. To make the use of extensions safe and managable, there is a strict set of governance applied to the definition and use of extensions. Though any implementer can define an extension, there is a set of requirements that SHALL be met as part of the definition of the extension. Applications processing a resource are required to check for modifier extensions.

Modifier extensions SHALL NOT change the meaning of any elements on Resource or DomainResource (including cannot change the meaning of modifierExtension itself).","There can be no stigma associated with the use of extensions by any application, project, or standard - regardless of the institution or jurisdiction that uses or defines the extensions.  The use of extensions is what allows the FHIR specification to retain a core level of simplicity for everyone.","Modifier extensions allow for extensions that *cannot* be safely ignored to be clearly distinguished from the vast majority of extensions which can be safely ignored.  This promotes interoperability by eliminating the need for implementers to prohibit the presence of extensions. For further information, see the [definition of modifier extensions](http://hl7.org/fhir/R5/extensibility.html#modifierExtension).","","","","","","","",,,,,"",,,,"BackboneElement.modifierExtension",0,*,"","ele-1:All FHIR elements must have a @value or children {hasValue() or (children().count() > id.count())}
ext-1:Must have either extensions or value[x], not both {extension.exists() != value.exists()}"
"QuestionnaireResponse.item.linkId","QuestionnaireResponse.item.linkId","","","",1,1,"","","","string {[]} {[]}
","Pointer to specific item from Questionnaire","The item from the Questionnaire that corresponds to this item in the QuestionnaireResponse resource.","","Items can repeat in the answers, so a direct 1..1 correspondence by position might not exist - requiring correspondence by identifier.","","","","","","","",,,,,"",,,,"QuestionnaireResponse.item.linkId",1,1,"qrs-2
","ele-1:All FHIR elements must have a @value or children {hasValue() or (children().count() > id.count())}
"
"QuestionnaireResponse.item.definition","QuestionnaireResponse.item.definition","","","",0,1,"","","","uri {[]} {[]}
","ElementDefinition - details for the item","A reference to an [ElementDefinition](http://hl7.org/fhir/R5/elementdefinition.html) that provides the details for the item.","The ElementDefinition must be in a [StructureDefinition](http://hl7.org/fhir/R5/structuredefinition.html#), and must have a fragment identifier that identifies the specific data element by its id (Element.id). E.g. http://hl7.org/fhir/StructureDefinition/Observation#Observation.value[x].

There is no need for this element if the item pointed to by the linkId has a definition listed.","A common pattern is to define a set of data elements, and then build multiple different questionnaires for different circumstances to gather the data. This element provides traceability to the common definition.","","","","","","","",,,,,"",,,,"QuestionnaireResponse.item.definition",0,1,"","ele-1:All FHIR elements must have a @value or children {hasValue() or (children().count() > id.count())}
"
"QuestionnaireResponse.item.text","QuestionnaireResponse.item.text","","","",0,1,"","","","string {[]} {[]}
","Name for group or question text","Text that is displayed above the contents of the group or as the text of the question being answered.","The text for an item SHOULD be identical to the text from the corresponding Questionnaire.item. This can't be strictly enforced because it's possible for the Questionnaire to be updated subsequent to the QuestionnaireResponse having been created, however the intention is that the text in the QuestionnaireResponse reflects what the user saw when completing the Questionnaire.","Allows the questionnaire response to be read without access to the questionnaire.","","","","","","","",,,,,"",,,,"QuestionnaireResponse.item.text",0,1,"","ele-1:All FHIR elements must have a @value or children {hasValue() or (children().count() > id.count())}
"
"QuestionnaireResponse.item.answer","QuestionnaireResponse.item.answer","","","",0,*,"","","","BackboneElement {[]} {[]}
","The response(s) to the question","The respondent's answer(s) to the question.","The value is nested because we cannot have a repeating structure that has variable type.","","","","","","","","",,,,,"",,,,"QuestionnaireResponse.item.answer",0,*,"qrs-1
qrs-2","ele-1:All FHIR elements must have a @value or children {hasValue() or (children().count() > id.count())}
"
"QuestionnaireResponse.item.answer.id","QuestionnaireResponse.item.answer.id","","","",0,1,"","","","string {[]} {[]}
","Unique id for inter-element referencing","Unique id for the element within a resource (for internal references). This may be any string value that does not contain spaces.","","","","","","","","","",,,,,"",,,,"Element.id",0,1,"ele-1
",""
"QuestionnaireResponse.item.answer.extension","QuestionnaireResponse.item.answer.extension","","extensions
user content","",0,*,"","","","Extension {[]} {[]}
","Additional content defined by implementations","May be used to represent additional information that is not part of the basic definition of the element. To make the use of extensions safe and managable, there is a strict set of governance applied to the definition and use of extensions. Though any implementer can define an extension, there is a set of requirements that SHALL be met as part of the definition of the extension.","There can be no stigma associated with the use of extensions by any application, project, or standard - regardless of the institution or jurisdiction that uses or defines the extensions.  The use of extensions is what allows the FHIR specification to retain a core level of simplicity for everyone.","","","","","","","","",,,,,"",,,,"Element.extension",0,*,"","ele-1:All FHIR elements must have a @value or children {hasValue() or (children().count() > id.count())}
ext-1:Must have either extensions or value[x], not both {extension.exists() != value.exists()}"
"QuestionnaireResponse.item.answer.modifierExtension","QuestionnaireResponse.item.answer.modifierExtension","","extensions
user contentmodifiers","",0,*,"","Y","Y","Extension {[]} {[]}
","Extensions that cannot be ignored even if unrecognized","May be used to represent additional information that is not part of the basic definition of the element and that modifies the understanding of the element in which it is contained and/or the understanding of the containing element's descendants. Usually modifier elements provide negation or qualification. To make the use of extensions safe and managable, there is a strict set of governance applied to the definition and use of extensions. Though any implementer can define an extension, there is a set of requirements that SHALL be met as part of the definition of the extension. Applications processing a resource are required to check for modifier extensions.

Modifier extensions SHALL NOT change the meaning of any elements on Resource or DomainResource (including cannot change the meaning of modifierExtension itself).","There can be no stigma associated with the use of extensions by any application, project, or standard - regardless of the institution or jurisdiction that uses or defines the extensions.  The use of extensions is what allows the FHIR specification to retain a core level of simplicity for everyone.","Modifier extensions allow for extensions that *cannot* be safely ignored to be clearly distinguished from the vast majority of extensions which can be safely ignored.  This promotes interoperability by eliminating the need for implementers to prohibit the presence of extensions. For further information, see the [definition of modifier extensions](http://hl7.org/fhir/R5/extensibility.html#modifierExtension).","","","","","","","",,,,,"",,,,"BackboneElement.modifierExtension",0,*,"","ele-1:All FHIR elements must have a @value or children {hasValue() or (children().count() > id.count())}
ext-1:Must have either extensions or value[x], not both {extension.exists() != value.exists()}"
"QuestionnaireResponse.item.answer.value[x]","QuestionnaireResponse.item.answer.value[x]","","","",1,1,"","","","boolean {[]} {[]}
decimal {[]} {[]}integer {[]} {[]}date {[]} {[]}dateTime {[]} {[]}time {[]} {[]}string {[]} {[]}uri {[]} {[]}Attachment {[]} {[]}Coding {[]} {[]}Quantity {[CanonicalType[http://hl7.org/fhir/StructureDefinition/SimpleQuantity|5.0.0]]} {[]}Reference {[]} {[CanonicalType[http://hl7.org/fhir/StructureDefinition/Resource|5.0.0]]}","Single-valued answer to the question","The answer (or one of the answers) provided by the respondent to the question.","More complex structures (Attachment, Resource and Quantity) will typically be limited to electronic forms that can expose an appropriate user interface to capture the components and enforce the constraints of a complex data type.  Additional complex types can be introduced through extensions. Must match the datatype specified by Questionnaire.item.type in the corresponding Questionnaire.     Note that a question is answered using one of the possible choices defined with answerOption, answerValueSet or some other means and the answer has a complex data type, all elements within the answer in the QuestionnaireResponse **SHOULD** match the elements defined corresponding choice value in the Questionnaire.  However, it is possible that not all elements will be propagated.  Also, some systems might use language translations resulting in different displays.  Comparison of value to the values defined in the Questionnaire (whether by answerOption, answerValueSet or answerExpression) **SHALL NOT** pay attention to Coding.display, Reference.display, Quantity.unit unless those are the only elements present.  As well, systems are not required to check for a match on any extensions (e.g. ordinal values, translations, etc.).  Systems **MAY** enforce that if extensions such as ordinal values are present in both Questionnaire and QuestionnaireResponse, they match.","Ability to retain a single-valued answer to a question.","","","","","","","",,"example","Binding this is problematic because one value set can't apply to both codes and quantities.","http://hl7.org/fhir/ValueSet/questionnaire-answers|5.0.0","",,,,"QuestionnaireResponse.item.answer.value[x]",1,1,"qrs-2
","ele-1:All FHIR elements must have a @value or children {hasValue() or (children().count() > id.count())}
"
"QuestionnaireResponse.item.answer.item","QuestionnaireResponse.item.answer.item","","","",0,*,"","","","null {[]} {[]}
","Child items of question","Nested groups and/or questions found within this particular answer.","Only used when nesting beneath a question - see item.item for nesting beneath groups","It is useful to have ""sub-questions"", questions which normally appear when certain answers are given and which collect additional details.","","","","","","","",,,,,"",,,,"QuestionnaireResponse.item.answer.item",0,*,"","ele-1:All FHIR elements must have a @value or children {hasValue() or (children().count() > id.count())}
"
"QuestionnaireResponse.item.item","QuestionnaireResponse.item.item","","","",0,*,"","","","null {[]} {[]}
","Child items of group item","Sub-questions, sub-groups or display items nested beneath a group.","Only used when nesting beneath a group - see item.answer.item for nesting beneath questions","Reports can consist of complex nested groups.","","","","","","","",,,,,"",,,,"QuestionnaireResponse.item.item",0,*,"","ele-1:All FHIR elements must have a @value or children {hasValue() or (children().count() > id.count())}
"
