"Id","Path","Slice Name","Alias(s)","Label","Min","Max","Must Support?","Is Modifier?","Is Summary?","Type(s)","Short","Definition","Comments","Requirements","Default Value","Meaning When Missing","Fixed Value","Pattern","Example","Minimum Value","Maximum Value","Maximum Length","Binding Strength","Binding Description","Binding Value Set","Code","Slicing Discriminator","Slicing Description","Slicing Ordered","Slicing Rules","Base Path","Base Min","Base Max","Condition(s)","Constraint(s)","Mapping: LKF","Mapping: KaOrg"
"Encounter","Encounter","","Visit
","",0,*,"","","","null {[]} {[]}
","An interaction during which services are provided to the patient","An interaction between a patient and healthcare provider(s) for the purpose of providing healthcare service(s) or assessing the health status of a patient.  Encounter is primarily used to record information about the actual activities that occurred, where Appointment is used to record planned activities.","","","","","","","","","",,,,,"",,,,"Encounter",0,*,"","dom-2:If the resource is contained in another resource, it SHALL NOT contain nested Resources {contained.contained.empty()}
dom-3:If the resource is contained in another resource, it SHALL be referred to from elsewhere in the resource or SHALL refer to the containing resource {contained.where((('#'+id in (%resource.descendants().reference | %resource.descendants().ofType(canonical) | %resource.descendants().ofType(uri) | %resource.descendants().ofType(url))) or descendants().where(reference = '#').exists() or descendants().where(ofType(canonical) = '#').exists() or descendants().where(ofType(canonical) = '#').exists()).not()).trace('unmatched', id).empty()}dom-4:If a resource is contained in another resource, it SHALL NOT have a meta.versionId or a meta.lastUpdated {contained.meta.versionId.empty() and contained.meta.lastUpdated.empty()}dom-5:If a resource is contained in another resource, it SHALL NOT have a security label {contained.meta.security.empty()}dom-6:A resource should have narrative for robust management {text.`div`.exists()}"
"Encounter.id","Encounter.id","","","",0,1,"","","Y","id {[]} {[]}
","Logical id of this artifact","The logical id of the resource, as used in the URL for the resource. Once assigned, this value never changes.","Within the context of the FHIR RESTful interactions, the resource has an id except for cases like the create and conditional update. Otherwise, the use of the resouce id depends on the given use case.","","","","","","","","",,,,,"",,,,"Resource.id",0,1,"",""
"Encounter.meta","Encounter.meta","","","",0,1,"","","Y","Meta {[]} {[]}
","Metadata about the resource","The metadata about the resource. This is content that is maintained by the infrastructure. Changes to the content might not always be associated with version changes to the resource.","","","","","","","","","",,,,,"",,,,"Resource.meta",0,1,"","ele-1:All FHIR elements must have a @value or children {hasValue() or (children().count() > id.count())}
"
"Encounter.implicitRules","Encounter.implicitRules","","","",0,1,"","Y","Y","uri {[]} {[]}
","A set of rules under which this content was created","A reference to a set of rules that were followed when the resource was constructed, and which must be understood when processing the content. Often, this is a reference to an implementation guide that defines the special rules along with other profiles etc.","Asserting this rule set restricts the content to be only understood by a limited set of trading partners. This inherently limits the usefulness of the data in the long term. However, the existing health eco-system is highly fractured, and not yet ready to define, collect, and exchange data in a generally computable sense. Wherever possible, implementers and/or specification writers should avoid using this element. Often, when used, the URL is a reference to an implementation guide that defines these special rules as part of its narrative along with other profiles, value sets, etc.","","","","","","","","",,,,,"",,,,"Resource.implicitRules",0,1,"","ele-1:All FHIR elements must have a @value or children {hasValue() or (children().count() > id.count())}
"
"Encounter.language","Encounter.language","","","",0,1,"","","","code {[]} {[]}
","Language of the resource content","The base language in which the resource is written.","Language is provided to support indexing and accessibility (typically, services such as text to speech use the language tag). The html language tag in the narrative applies  to the narrative. The language tag on the resource may be used to specify the language of other presentations generated from the data in the resource. Not all the content has to be in the base language. The Resource.language should not be assumed to apply to the narrative automatically. If a language is specified, it should it also be specified on the div element in the html (see rules in HTML5 for information about the relationship between xml:lang and the html lang attribute).","","","","","","","","",,"required","IETF language tag for a human language","http://hl7.org/fhir/ValueSet/all-languages|5.0.0","",,,,"Resource.language",0,1,"","ele-1:All FHIR elements must have a @value or children {hasValue() or (children().count() > id.count())}
"
"Encounter.text","Encounter.text","","narrative
htmlxhtmldisplay","",0,1,"","","","Narrative {[]} {[]}
","Text summary of the resource, for human interpretation","A human-readable narrative that contains a summary of the resource and can be used to represent the content of the resource to a human. The narrative need not encode all the structured data, but is required to contain sufficient detail to make it ""clinically safe"" for a human to just read the narrative. Resource definitions may define what content should be represented in the narrative to ensure clinical safety.","Contained resources do not have a narrative. Resources that are not contained SHOULD have a narrative. In some cases, a resource may only have text with little or no additional discrete data (as long as all minOccurs=1 elements are satisfied).  This may be necessary for data from legacy systems where information is captured as a ""text blob"" or where text is additionally entered raw or narrated and encoded information is added later.","","","","","","","","",,,,,"",,,,"DomainResource.text",0,1,"dom-6
","ele-1:All FHIR elements must have a @value or children {hasValue() or (children().count() > id.count())}
"
"Encounter.contained","Encounter.contained","","inline resources
anonymous resourcescontained resources","",0,*,"","","","Resource {[]} {[]}
","Contained, inline Resources","These resources do not have an independent existence apart from the resource that contains them - they cannot be identified independently, nor can they have their own independent transaction scope. This is allowed to be a Parameters resource if and only if it is referenced by a resource that provides context/meaning.","This should never be done when the content can be identified properly, as once identification is lost, it is extremely difficult (and context dependent) to restore it again. Contained resources may have profiles and tags in their meta elements, but SHALL NOT have security labels.","","","","","","","","",,,,,"",,,,"DomainResource.contained",0,*,"dom-2
dom-4dom-3dom-5",""
"Encounter.extension","Encounter.extension","","extensions
user content","",0,*,"","","","Extension {[]} {[]}
","Additional content defined by implementations","May be used to represent additional information that is not part of the basic definition of the resource. To make the use of extensions safe and managable, there is a strict set of governance applied to the definition and use of extensions. Though any implementer can define an extension, there is a set of requirements that SHALL be met as part of the definition of the extension.","There can be no stigma associated with the use of extensions by any application, project, or standard - regardless of the institution or jurisdiction that uses or defines the extensions.  The use of extensions is what allows the FHIR specification to retain a core level of simplicity for everyone.","","","","","","","","",,,,,"",,,,"DomainResource.extension",0,*,"","ele-1:All FHIR elements must have a @value or children {hasValue() or (children().count() > id.count())}
ext-1:Must have either extensions or value[x], not both {extension.exists() != value.exists()}"
"Encounter.modifierExtension","Encounter.modifierExtension","","extensions
user content","",0,*,"","Y","Y","Extension {[]} {[]}
","Extensions that cannot be ignored","May be used to represent additional information that is not part of the basic definition of the resource and that modifies the understanding of the element that contains it and/or the understanding of the containing element's descendants. Usually modifier elements provide negation or qualification. To make the use of extensions safe and managable, there is a strict set of governance applied to the definition and use of extensions. Though any implementer is allowed to define an extension, there is a set of requirements that SHALL be met as part of the definition of the extension. Applications processing a resource are required to check for modifier extensions.

Modifier extensions SHALL NOT change the meaning of any elements on Resource or DomainResource (including cannot change the meaning of modifierExtension itself).","There can be no stigma associated with the use of extensions by any application, project, or standard - regardless of the institution or jurisdiction that uses or defines the extensions.  The use of extensions is what allows the FHIR specification to retain a core level of simplicity for everyone.","Modifier extensions allow for extensions that *cannot* be safely ignored to be clearly distinguished from the vast majority of extensions which can be safely ignored.  This promotes interoperability by eliminating the need for implementers to prohibit the presence of extensions. For further information, see the [definition of modifier extensions](http://hl7.org/fhir/R5/extensibility.html#modifierExtension).","","","","","","","",,,,,"",,,,"DomainResource.modifierExtension",0,*,"","ele-1:All FHIR elements must have a @value or children {hasValue() or (children().count() > id.count())}
ext-1:Must have either extensions or value[x], not both {extension.exists() != value.exists()}"
"Encounter.identifier","Encounter.identifier","","","",0,*,"","","Y","Identifier {[]} {[]}
","Identifier(s) by which this encounter is known","Identifier(s) by which this encounter is known.","","","","","","","","","",,,,,"",,,,"Encounter.identifier",0,*,"","ele-1:All FHIR elements must have a @value or children {hasValue() or (children().count() > id.count())}
"
"Encounter.status","Encounter.status","","","",1,1,"","Y","Y","code {[]} {[]}
","planned | in-progress | on-hold | discharged | completed | cancelled | discontinued | entered-in-error | unknown","The current state of the encounter (not the state of the patient within the encounter - that is subjectState).","Note that internal business rules will determine the appropriate transitions that may occur between statuses (and also classes).","","","","","","","","",,"required","Current state of the encounter.","http://hl7.org/fhir/ValueSet/encounter-status|5.0.0","",,,,"Encounter.status",1,1,"","ele-1:All FHIR elements must have a @value or children {hasValue() or (children().count() > id.count())}
"
"Encounter.class","Encounter.class","","","",0,*,"","","Y","CodeableConcept {[]} {[]}
","Classification of patient encounter context - e.g. Inpatient, outpatient","Concepts representing classification of patient encounter such as ambulatory (outpatient), inpatient, emergency, home health or others due to local variations.","","","","","","","","","",,"preferred","Classification of the encounter.","http://terminology.hl7.org/ValueSet/encounter-class","",,,,"Encounter.class",0,*,"","ele-1:All FHIR elements must have a @value or children {hasValue() or (children().count() > id.count())}
"
"Encounter.priority","Encounter.priority","","","",0,1,"","","","CodeableConcept {[]} {[]}
","Indicates the urgency of the encounter","Indicates the urgency of the encounter.","","","","","","","","","",,"example","Indicates the urgency of the encounter.","http://terminology.hl7.org/ValueSet/v3-ActPriority","",,,,"Encounter.priority",0,1,"","ele-1:All FHIR elements must have a @value or children {hasValue() or (children().count() > id.count())}
"
"Encounter.type","Encounter.type","","","",1,*,"","","Y","CodeableConcept {[]} {[]}
","Specific type of encounter (e.g. e-mail consultation, surgical day-care, ...)","Specific type of encounter (e.g. e-mail consultation, surgical day-care, skilled nursing, rehabilitation).","Since there are many ways to further classify encounters, this element is 0..*.","","","","","<valueCodeableConcept xmlns=""http://hl7.org/fhir"">
  <coding>
    <system value=""https://elga.moped.at/CodeSystem/MopedEncounterTypesCS""/>
    <code value=""TENC""/>
  </coding>
</valueCodeableConcept>","","","",,"example","A specific code indicating type of service provided","http://hl7.org/fhir/ValueSet/encounter-type|5.0.0","",,,,"Encounter.type",0,*,"","ele-1:All FHIR elements must have a @value or children {hasValue() or (children().count() > id.count())}
"
"Encounter.serviceType","Encounter.serviceType","","","",1,*,"","","Y","CodeableReference {[]} {[CanonicalType[http://hl7.org/fhir/StructureDefinition/HealthcareService|5.0.0]]}
","Specific type of service","Broad categorization of the service that is to be provided (e.g. cardiology).","","","","","","","","","",,"example","Broad categorization of the service that is to be provided.","http://hl7.org/fhir/ValueSet/service-type|5.0.0","","profile:reference.resolve()}
","",,"open","Encounter.serviceType",0,*,"","ele-1:All FHIR elements must have a @value or children {hasValue() or (children().count() > id.count())}
"
"Encounter.serviceType:MopedServiceType","Encounter.serviceType","MopedServiceType","","",1,1,"","","Y","CodeableReference {[]} {[CanonicalType[https://elga.moped.at/StructureDefinition/MopedKHOrganisationseinheit]]}
","LKF: Hauptkostenstelle – Funktionscode/Fachgebiet; KaOrg: Funktionscode der Abteilung lt. LKF; KaOrg: Funktionssubcode der Abteilung lt. LKF; KaOrg: Abteilung - Funktionscode der Ambulanz; KaOrg: Abteilung - Funktionssubcode der Ambulanz","Broad categorization of the service that is to be provided (e.g. cardiology).","","","","","","","","","",,"example","Broad categorization of the service that is to be provided.","http://hl7.org/fhir/ValueSet/service-type|5.0.0","",,,,"Encounter.serviceType",0,*,"","ele-1:All FHIR elements must have a @value or children {hasValue() or (children().count() > id.count())}
"
"Encounter.serviceType:MopedServiceType.id","Encounter.serviceType.id","","","",0,1,"","","","id {[]} {[]}
","Unique id for inter-element referencing","Unique id for the element within a resource (for internal references). This may be any string value that does not contain spaces.","","","","","","","","","",,,,,"",,,,"Element.id",0,1,"ele-1
",""
"Encounter.serviceType:MopedServiceType.extension","Encounter.serviceType.extension","","extensions
user content","",0,*,"","","","Extension {[]} {[]}
","Additional content defined by implementations","May be used to represent additional information that is not part of the basic definition of the element. To make the use of extensions safe and managable, there is a strict set of governance applied to the definition and use of extensions. Though any implementer can define an extension, there is a set of requirements that SHALL be met as part of the definition of the extension.","There can be no stigma associated with the use of extensions by any application, project, or standard - regardless of the institution or jurisdiction that uses or defines the extensions.  The use of extensions is what allows the FHIR specification to retain a core level of simplicity for everyone.","","","","","","","","",,,,,"","value:url}
","Extensions are always sliced by (at least) url",,"open","Element.extension",0,*,"","ele-1:All FHIR elements must have a @value or children {hasValue() or (children().count() > id.count())}
ext-1:Must have either extensions or value[x], not both {extension.exists() != value.exists()}"
"Encounter.serviceType:MopedServiceType.concept","Encounter.serviceType.concept","","","",0,1,"","","Y","CodeableConcept {[]} {[]}
","Reference to a concept (by class)","A reference to a concept - e.g. the information is identified by its general class to the degree of precision found in the terminology.","","","","","","","","","",,,,,"",,,,"CodeableReference.concept",0,1,"","ele-1:All FHIR elements must have a @value or children {hasValue() or (children().count() > id.count())}
"
"Encounter.serviceType:MopedServiceType.reference","Encounter.serviceType.reference","","","",0,1,"","","Y","Reference {[]} {[]}
","Reference to a resource (by instance)","A reference to a resource the provides exact details about the information being referenced.","","","","","","","","","",,,,,"",,,,"CodeableReference.reference",0,1,"","ele-1:All FHIR elements must have a @value or children {hasValue() or (children().count() > id.count())}
","Hauptkostenstelle – Funktionscode/Fachgebiet","Funktionscode der Abteilung lt. LKF,Funktionssubcode der Abteilung lt. LKF,Abteilung - Funktionscode der Ambulanz,Abteilung - Subcode,Abteilung - Funktionssubcode der Ambulanz"
"Encounter.subject","Encounter.subject","","patient
","",1,1,"","","Y","Reference {[]} {[CanonicalType[https://elga.moped.at/StructureDefinition/MopedPatient]]}
","The patient or group related to this encounter","The patient or group related to this encounter. In some use-cases the patient MAY not be present, such as a case meeting about a patient between several practitioners or a careteam.","While the encounter is always about the patient, the patient might not actually be known in all contexts of use, and there may be a group of patients that could be anonymous (such as in a group therapy for Alcoholics Anonymous - where the recording of the encounter could be used for billing on the number of people/staff and not important to the context of the specific patients) or alternately in veterinary care a herd of sheep receiving treatment (where the animals are not individually tracked).","","","","","","","","",,,,,"",,,,"Encounter.subject",0,1,"","ele-1:All FHIR elements must have a @value or children {hasValue() or (children().count() > id.count())}
"
"Encounter.subjectStatus","Encounter.subjectStatus","","","",0,1,"","","","CodeableConcept {[]} {[]}
","LKF: Physische Anwesenheit","The subjectStatus value can be used to track the patient's status within the encounter. It details whether the patient has arrived or departed, has been triaged or is currently in a waiting status.","Different use-cases are likely to have different permitted transitions between states, such as an Emergency department could use `arrived` when the patient first presents, then `triaged` once has been assessed by a nurse, then `receiving-care` once treatment begins, however other sectors may use a different set of these values, or their own custom set in place of this example valueset provided.","","","","","","","","",,"example","Current status of the subject  within the encounter.","http://hl7.org/fhir/ValueSet/encounter-subject-status|5.0.0","",,,,"Encounter.subjectStatus",0,1,"","ele-1:All FHIR elements must have a @value or children {hasValue() or (children().count() > id.count())}
","Physische Anwesenheit"
"Encounter.episodeOfCare","Encounter.episodeOfCare","","","",0,*,"","","Y","Reference {[]} {[CanonicalType[http://hl7.org/fhir/StructureDefinition/EpisodeOfCare|5.0.0]]}
","Episode(s) of care that this encounter should be recorded against","Where a specific encounter should be classified as a part of a specific episode(s) of care this field should be used. This association can facilitate grouping of related encounters together for a specific purpose, such as government reporting, issue tracking, association via a common problem.  The association is recorded on the encounter as these are typically created after the episode of care and grouped on entry rather than editing the episode of care to append another encounter to it (the episode of care could span years).","","","","","","","","","",,,,,"",,,,"Encounter.episodeOfCare",0,*,"","ele-1:All FHIR elements must have a @value or children {hasValue() or (children().count() > id.count())}
"
"Encounter.basedOn","Encounter.basedOn","","incomingReferral
","",0,*,"","","","Reference {[]} {[CanonicalType[http://hl7.org/fhir/StructureDefinition/CarePlan|5.0.0], CanonicalType[http://hl7.org/fhir/StructureDefinition/DeviceRequest|5.0.0], CanonicalType[http://hl7.org/fhir/StructureDefinition/MedicationRequest|5.0.0], CanonicalType[http://hl7.org/fhir/StructureDefinition/ServiceRequest|5.0.0]]}
","The request that initiated this encounter","The request this encounter satisfies (e.g. incoming referral or procedure request).","","","","","","","","","",,,,,"",,,,"Encounter.basedOn",0,*,"","ele-1:All FHIR elements must have a @value or children {hasValue() or (children().count() > id.count())}
"
"Encounter.careTeam","Encounter.careTeam","","","",0,*,"","","","Reference {[]} {[CanonicalType[http://hl7.org/fhir/StructureDefinition/CareTeam|5.0.0]]}
","The group(s) that are allocated to participate in this encounter","The group(s) of individuals, organizations that are allocated to participate in this encounter. The participants backbone will record the actuals of when these individuals participated during the encounter.","","","","","","","","","",,,,,"",,,,"Encounter.careTeam",0,*,"","ele-1:All FHIR elements must have a @value or children {hasValue() or (children().count() > id.count())}
"
"Encounter.partOf","Encounter.partOf","","","",1,1,"","","","Reference {[]} {[CanonicalType[https://elga.moped.at/StructureDefinition/MopedEncounter]]}
","Another Encounter this encounter is part of","Another Encounter of which this encounter is a part of (administratively or in time).","This is also used for associating a child's encounter back to the mother's encounter.Refer to the Notes section in the Patient resource for further details.","","","","","","","","",,,,,"",,,,"Encounter.partOf",0,1,"","ele-1:All FHIR elements must have a @value or children {hasValue() or (children().count() > id.count())}
"
"Encounter.serviceProvider","Encounter.serviceProvider","","","",0,1,"","","","Reference {[]} {[CanonicalType[http://hl7.org/fhir/StructureDefinition/Organization|5.0.0]]}
","The organization (facility) responsible for this encounter","The organization that is primarily responsible for this Encounter's services. This MAY be the same as the organization on the Patient record, however it could be different, such as if the actor performing the services was from an external organization (which may be billed seperately) for an external consultation.  Refer to the colonoscopy example on the Encounter examples tab.","","","","","","","","","",,,,,"",,,,"Encounter.serviceProvider",0,1,"","ele-1:All FHIR elements must have a @value or children {hasValue() or (children().count() > id.count())}
"
"Encounter.participant","Encounter.participant","","","",0,*,"","","Y","BackboneElement {[]} {[]}
","List of participants involved in the encounter","The list of people responsible for providing the service.","Any Patient or Group present in the participation.actor must also be the subject, though the subject may be absent from the participation.actor for cases where the patient (or group) is not present, such as during a case review conference.","","","","","","","","",,,,,"","value:type}
","",,"open","Encounter.participant",0,*,"","ele-1:All FHIR elements must have a @value or children {hasValue() or (children().count() > id.count())}
enc-1:A type must be provided when no explicit actor is specified {actor.exists() or type.exists()}enc-2:A type cannot be provided for a patient or group participant {actor.exists(resolve() is Patient or resolve() is Group) implies type.exists().not()}"
"Encounter.participant.id","Encounter.participant.id","","","",0,1,"","","","string {[]} {[]}
","Unique id for inter-element referencing","Unique id for the element within a resource (for internal references). This may be any string value that does not contain spaces.","","","","","","","","","",,,,,"",,,,"Element.id",0,1,"ele-1
",""
"Encounter.participant.extension","Encounter.participant.extension","","extensions
user content","",0,*,"","","","Extension {[]} {[]}
","Additional content defined by implementations","May be used to represent additional information that is not part of the basic definition of the element. To make the use of extensions safe and managable, there is a strict set of governance applied to the definition and use of extensions. Though any implementer can define an extension, there is a set of requirements that SHALL be met as part of the definition of the extension.","There can be no stigma associated with the use of extensions by any application, project, or standard - regardless of the institution or jurisdiction that uses or defines the extensions.  The use of extensions is what allows the FHIR specification to retain a core level of simplicity for everyone.","","","","","","","","",,,,,"",,,,"Element.extension",0,*,"","ele-1:All FHIR elements must have a @value or children {hasValue() or (children().count() > id.count())}
ext-1:Must have either extensions or value[x], not both {extension.exists() != value.exists()}"
"Encounter.participant.modifierExtension","Encounter.participant.modifierExtension","","extensions
user contentmodifiers","",0,*,"","Y","Y","Extension {[]} {[]}
","Extensions that cannot be ignored even if unrecognized","May be used to represent additional information that is not part of the basic definition of the element and that modifies the understanding of the element in which it is contained and/or the understanding of the containing element's descendants. Usually modifier elements provide negation or qualification. To make the use of extensions safe and managable, there is a strict set of governance applied to the definition and use of extensions. Though any implementer can define an extension, there is a set of requirements that SHALL be met as part of the definition of the extension. Applications processing a resource are required to check for modifier extensions.

Modifier extensions SHALL NOT change the meaning of any elements on Resource or DomainResource (including cannot change the meaning of modifierExtension itself).","There can be no stigma associated with the use of extensions by any application, project, or standard - regardless of the institution or jurisdiction that uses or defines the extensions.  The use of extensions is what allows the FHIR specification to retain a core level of simplicity for everyone.","Modifier extensions allow for extensions that *cannot* be safely ignored to be clearly distinguished from the vast majority of extensions which can be safely ignored.  This promotes interoperability by eliminating the need for implementers to prohibit the presence of extensions. For further information, see the [definition of modifier extensions](http://hl7.org/fhir/R5/extensibility.html#modifierExtension).","","","","","","","",,,,,"",,,,"BackboneElement.modifierExtension",0,*,"","ele-1:All FHIR elements must have a @value or children {hasValue() or (children().count() > id.count())}
ext-1:Must have either extensions or value[x], not both {extension.exists() != value.exists()}"
"Encounter.participant.type","Encounter.participant.type","","","",0,*,"","","Y","CodeableConcept {[]} {[]}
","Role of participant in encounter","Role of participant in encounter.","The participant type indicates how an individual actor participates in an encounter. It includes non-practitioner participants, and for practitioners this is to describe the action type in the context of this encounter (e.g. Admitting Dr, Attending Dr, Translator, Consulting Dr). This is different to the practitioner roles which are functional roles, derived from terms of employment, education, licensing, etc.","","","","","","","","",,"extensible","Role of participant in encounter.","http://hl7.org/fhir/ValueSet/encounter-participant-type|5.0.0","",,,,"Encounter.participant.type",0,*,"enc-1
enc-2","ele-1:All FHIR elements must have a @value or children {hasValue() or (children().count() > id.count())}
"
"Encounter.participant.period","Encounter.participant.period","","","",0,1,"","","","Period {[]} {[]}
","Period of time during the encounter that the participant participated","The period of time that the specified participant participated in the encounter. These can overlap or be sub-sets of the overall encounter's period.","","","","","","","","","",,,,,"",,,,"Encounter.participant.period",0,1,"","ele-1:All FHIR elements must have a @value or children {hasValue() or (children().count() > id.count())}
"
"Encounter.participant.actor","Encounter.participant.actor","","","",0,1,"","","Y","Reference {[]} {[CanonicalType[http://hl7.org/fhir/StructureDefinition/Patient|5.0.0], CanonicalType[http://hl7.org/fhir/StructureDefinition/Group|5.0.0], CanonicalType[http://hl7.org/fhir/StructureDefinition/RelatedPerson|5.0.0], CanonicalType[http://hl7.org/fhir/StructureDefinition/Practitioner|5.0.0], CanonicalType[http://hl7.org/fhir/StructureDefinition/PractitionerRole|5.0.0], CanonicalType[http://hl7.org/fhir/StructureDefinition/Device|5.0.0], CanonicalType[http://hl7.org/fhir/StructureDefinition/HealthcareService|5.0.0]]}
","The individual, device, or service participating in the encounter","Person involved in the encounter, the patient/group is also included here to indicate that the patient was actually participating in the encounter. Not including the patient here covers use cases such as a case meeting between practitioners about a patient - non contact times.","For planning purposes, Appointments may include a CareTeam participant to indicate that one specific person from the CareTeam will be assigned, but that assignment might not happen until the Encounter begins. Hence CareTeam is not included in Encounter.participant, as the specific individual should be assigned and represented as a Practitioner or other person resource.Similarly, Location can be included in Appointment.participant to assist with planning.  However, the patient location is tracked on the Encounter in the Encounter.location property to allow for additional metadata and history to be recorded.The role of the participant can be used to declare what the actor will be doing in the scope of this encounter participation.If the individual is not specified during planning, then it is expected that the individual will be filled in at a later stage prior to the encounter commencing.","","","","","","","","",,,,,"",,,,"Encounter.participant.actor",0,1,"enc-1
enc-2","ele-1:All FHIR elements must have a @value or children {hasValue() or (children().count() > id.count())}
"
"Encounter.participant:FachlichZustaendigeOrganisationseinheit","Encounter.participant","FachlichZustaendigeOrganisationseinheit","","",0,1,"","","Y","BackboneElement {[]} {[]}
","LKF: Hauptkostenstelle – Fachlicher Funktionscode","The list of people responsible for providing the service.","Any Patient or Group present in the participation.actor must also be the subject, though the subject may be absent from the participation.actor for cases where the patient (or group) is not present, such as during a case review conference.","","","","","","","","",,,,,"",,,,"Encounter.participant",0,*,"","ele-1:All FHIR elements must have a @value or children {hasValue() or (children().count() > id.count())}
enc-1:A type must be provided when no explicit actor is specified {actor.exists() or type.exists()}enc-2:A type cannot be provided for a patient or group participant {actor.exists(resolve() is Patient or resolve() is Group) implies type.exists().not()}"
"Encounter.participant:FachlichZustaendigeOrganisationseinheit.id","Encounter.participant.id","","","",0,1,"","","","string {[]} {[]}
","Unique id for inter-element referencing","Unique id for the element within a resource (for internal references). This may be any string value that does not contain spaces.","","","","","","","","","",,,,,"",,,,"Element.id",0,1,"ele-1
",""
"Encounter.participant:FachlichZustaendigeOrganisationseinheit.extension","Encounter.participant.extension","","extensions
user content","",0,*,"","","","Extension {[]} {[]}
","Additional content defined by implementations","May be used to represent additional information that is not part of the basic definition of the element. To make the use of extensions safe and managable, there is a strict set of governance applied to the definition and use of extensions. Though any implementer can define an extension, there is a set of requirements that SHALL be met as part of the definition of the extension.","There can be no stigma associated with the use of extensions by any application, project, or standard - regardless of the institution or jurisdiction that uses or defines the extensions.  The use of extensions is what allows the FHIR specification to retain a core level of simplicity for everyone.","","","","","","","","",,,,,"",,,,"Element.extension",0,*,"","ele-1:All FHIR elements must have a @value or children {hasValue() or (children().count() > id.count())}
ext-1:Must have either extensions or value[x], not both {extension.exists() != value.exists()}"
"Encounter.participant:FachlichZustaendigeOrganisationseinheit.modifierExtension","Encounter.participant.modifierExtension","","extensions
user contentmodifiers","",0,*,"","Y","Y","Extension {[]} {[]}
","Extensions that cannot be ignored even if unrecognized","May be used to represent additional information that is not part of the basic definition of the element and that modifies the understanding of the element in which it is contained and/or the understanding of the containing element's descendants. Usually modifier elements provide negation or qualification. To make the use of extensions safe and managable, there is a strict set of governance applied to the definition and use of extensions. Though any implementer can define an extension, there is a set of requirements that SHALL be met as part of the definition of the extension. Applications processing a resource are required to check for modifier extensions.

Modifier extensions SHALL NOT change the meaning of any elements on Resource or DomainResource (including cannot change the meaning of modifierExtension itself).","There can be no stigma associated with the use of extensions by any application, project, or standard - regardless of the institution or jurisdiction that uses or defines the extensions.  The use of extensions is what allows the FHIR specification to retain a core level of simplicity for everyone.","Modifier extensions allow for extensions that *cannot* be safely ignored to be clearly distinguished from the vast majority of extensions which can be safely ignored.  This promotes interoperability by eliminating the need for implementers to prohibit the presence of extensions. For further information, see the [definition of modifier extensions](http://hl7.org/fhir/R5/extensibility.html#modifierExtension).","","","","","","","",,,,,"",,,,"BackboneElement.modifierExtension",0,*,"","ele-1:All FHIR elements must have a @value or children {hasValue() or (children().count() > id.count())}
ext-1:Must have either extensions or value[x], not both {extension.exists() != value.exists()}"
"Encounter.participant:FachlichZustaendigeOrganisationseinheit.type","Encounter.participant.type","","","",1,*,"","","Y","CodeableConcept {[]} {[]}
","Role of participant in encounter","Role of participant in encounter.","The participant type indicates how an individual actor participates in an encounter. It includes non-practitioner participants, and for practitioners this is to describe the action type in the context of this encounter (e.g. Admitting Dr, Attending Dr, Translator, Consulting Dr). This is different to the practitioner roles which are functional roles, derived from terms of employment, education, licensing, etc.","","","","","<valueCodeableConcept xmlns=""http://hl7.org/fhir"">
  <coding>
    <system value=""https://elga.moped.at/CodeSystem/MopedEncounterParticipantTypesCS""/>
    <code value=""fachlich""/>
  </coding>
</valueCodeableConcept>","","","",,"extensible","Role of participant in encounter.","http://hl7.org/fhir/ValueSet/encounter-participant-type|5.0.0","",,,,"Encounter.participant.type",0,*,"enc-1
enc-2","ele-1:All FHIR elements must have a @value or children {hasValue() or (children().count() > id.count())}
"
"Encounter.participant:FachlichZustaendigeOrganisationseinheit.period","Encounter.participant.period","","","",0,1,"","","","Period {[]} {[]}
","Period of time during the encounter that the participant participated","The period of time that the specified participant participated in the encounter. These can overlap or be sub-sets of the overall encounter's period.","","","","","","","","","",,,,,"",,,,"Encounter.participant.period",0,1,"","ele-1:All FHIR elements must have a @value or children {hasValue() or (children().count() > id.count())}
"
"Encounter.participant:FachlichZustaendigeOrganisationseinheit.actor","Encounter.participant.actor","","","",0,1,"","","Y","Reference {[]} {[CanonicalType[https://elga.moped.at/StructureDefinition/MopedKHOrganisationseinheit]]}
","The individual, device, or service participating in the encounter","Person involved in the encounter, the patient/group is also included here to indicate that the patient was actually participating in the encounter. Not including the patient here covers use cases such as a case meeting between practitioners about a patient - non contact times.","For planning purposes, Appointments may include a CareTeam participant to indicate that one specific person from the CareTeam will be assigned, but that assignment might not happen until the Encounter begins. Hence CareTeam is not included in Encounter.participant, as the specific individual should be assigned and represented as a Practitioner or other person resource.Similarly, Location can be included in Appointment.participant to assist with planning.  However, the patient location is tracked on the Encounter in the Encounter.location property to allow for additional metadata and history to be recorded.The role of the participant can be used to declare what the actor will be doing in the scope of this encounter participation.If the individual is not specified during planning, then it is expected that the individual will be filled in at a later stage prior to the encounter commencing.","","","","","","","","",,,,,"",,,,"Encounter.participant.actor",0,1,"enc-1
enc-2","ele-1:All FHIR elements must have a @value or children {hasValue() or (children().count() > id.count())}
","Hauptkostenstelle – Fachlicher Funktionscode"
"Encounter.participant:PflegerischZustaendigeOrganisationseinheit","Encounter.participant","PflegerischZustaendigeOrganisationseinheit","","",0,1,"","","Y","BackboneElement {[]} {[]}
","LKF: Hauptkostenstelle – Pflegerischer Funktionscode","The list of people responsible for providing the service.","Any Patient or Group present in the participation.actor must also be the subject, though the subject may be absent from the participation.actor for cases where the patient (or group) is not present, such as during a case review conference.","","","","","","","","",,,,,"",,,,"Encounter.participant",0,*,"","ele-1:All FHIR elements must have a @value or children {hasValue() or (children().count() > id.count())}
enc-1:A type must be provided when no explicit actor is specified {actor.exists() or type.exists()}enc-2:A type cannot be provided for a patient or group participant {actor.exists(resolve() is Patient or resolve() is Group) implies type.exists().not()}"
"Encounter.participant:PflegerischZustaendigeOrganisationseinheit.id","Encounter.participant.id","","","",0,1,"","","","string {[]} {[]}
","Unique id for inter-element referencing","Unique id for the element within a resource (for internal references). This may be any string value that does not contain spaces.","","","","","","","","","",,,,,"",,,,"Element.id",0,1,"ele-1
",""
"Encounter.participant:PflegerischZustaendigeOrganisationseinheit.extension","Encounter.participant.extension","","extensions
user content","",0,*,"","","","Extension {[]} {[]}
","Additional content defined by implementations","May be used to represent additional information that is not part of the basic definition of the element. To make the use of extensions safe and managable, there is a strict set of governance applied to the definition and use of extensions. Though any implementer can define an extension, there is a set of requirements that SHALL be met as part of the definition of the extension.","There can be no stigma associated with the use of extensions by any application, project, or standard - regardless of the institution or jurisdiction that uses or defines the extensions.  The use of extensions is what allows the FHIR specification to retain a core level of simplicity for everyone.","","","","","","","","",,,,,"",,,,"Element.extension",0,*,"","ele-1:All FHIR elements must have a @value or children {hasValue() or (children().count() > id.count())}
ext-1:Must have either extensions or value[x], not both {extension.exists() != value.exists()}"
"Encounter.participant:PflegerischZustaendigeOrganisationseinheit.modifierExtension","Encounter.participant.modifierExtension","","extensions
user contentmodifiers","",0,*,"","Y","Y","Extension {[]} {[]}
","Extensions that cannot be ignored even if unrecognized","May be used to represent additional information that is not part of the basic definition of the element and that modifies the understanding of the element in which it is contained and/or the understanding of the containing element's descendants. Usually modifier elements provide negation or qualification. To make the use of extensions safe and managable, there is a strict set of governance applied to the definition and use of extensions. Though any implementer can define an extension, there is a set of requirements that SHALL be met as part of the definition of the extension. Applications processing a resource are required to check for modifier extensions.

Modifier extensions SHALL NOT change the meaning of any elements on Resource or DomainResource (including cannot change the meaning of modifierExtension itself).","There can be no stigma associated with the use of extensions by any application, project, or standard - regardless of the institution or jurisdiction that uses or defines the extensions.  The use of extensions is what allows the FHIR specification to retain a core level of simplicity for everyone.","Modifier extensions allow for extensions that *cannot* be safely ignored to be clearly distinguished from the vast majority of extensions which can be safely ignored.  This promotes interoperability by eliminating the need for implementers to prohibit the presence of extensions. For further information, see the [definition of modifier extensions](http://hl7.org/fhir/R5/extensibility.html#modifierExtension).","","","","","","","",,,,,"",,,,"BackboneElement.modifierExtension",0,*,"","ele-1:All FHIR elements must have a @value or children {hasValue() or (children().count() > id.count())}
ext-1:Must have either extensions or value[x], not both {extension.exists() != value.exists()}"
"Encounter.participant:PflegerischZustaendigeOrganisationseinheit.type","Encounter.participant.type","","","",1,*,"","","Y","CodeableConcept {[]} {[]}
","Role of participant in encounter","Role of participant in encounter.","The participant type indicates how an individual actor participates in an encounter. It includes non-practitioner participants, and for practitioners this is to describe the action type in the context of this encounter (e.g. Admitting Dr, Attending Dr, Translator, Consulting Dr). This is different to the practitioner roles which are functional roles, derived from terms of employment, education, licensing, etc.","","","","","<valueCodeableConcept xmlns=""http://hl7.org/fhir"">
  <coding>
    <system value=""https://elga.moped.at/CodeSystem/MopedEncounterParticipantTypesCS""/>
    <code value=""pflegerisch""/>
  </coding>
</valueCodeableConcept>","","","",,"extensible","Role of participant in encounter.","http://hl7.org/fhir/ValueSet/encounter-participant-type|5.0.0","",,,,"Encounter.participant.type",0,*,"enc-1
enc-2","ele-1:All FHIR elements must have a @value or children {hasValue() or (children().count() > id.count())}
"
"Encounter.participant:PflegerischZustaendigeOrganisationseinheit.period","Encounter.participant.period","","","",0,1,"","","","Period {[]} {[]}
","Period of time during the encounter that the participant participated","The period of time that the specified participant participated in the encounter. These can overlap or be sub-sets of the overall encounter's period.","","","","","","","","","",,,,,"",,,,"Encounter.participant.period",0,1,"","ele-1:All FHIR elements must have a @value or children {hasValue() or (children().count() > id.count())}
"
"Encounter.participant:PflegerischZustaendigeOrganisationseinheit.actor","Encounter.participant.actor","","","",0,1,"","","Y","Reference {[]} {[CanonicalType[https://elga.moped.at/StructureDefinition/MopedKHOrganisationseinheit]]}
","The individual, device, or service participating in the encounter","Person involved in the encounter, the patient/group is also included here to indicate that the patient was actually participating in the encounter. Not including the patient here covers use cases such as a case meeting between practitioners about a patient - non contact times.","For planning purposes, Appointments may include a CareTeam participant to indicate that one specific person from the CareTeam will be assigned, but that assignment might not happen until the Encounter begins. Hence CareTeam is not included in Encounter.participant, as the specific individual should be assigned and represented as a Practitioner or other person resource.Similarly, Location can be included in Appointment.participant to assist with planning.  However, the patient location is tracked on the Encounter in the Encounter.location property to allow for additional metadata and history to be recorded.The role of the participant can be used to declare what the actor will be doing in the scope of this encounter participation.If the individual is not specified during planning, then it is expected that the individual will be filled in at a later stage prior to the encounter commencing.","","","","","","","","",,,,,"",,,,"Encounter.participant.actor",0,1,"enc-1
enc-2","ele-1:All FHIR elements must have a @value or children {hasValue() or (children().count() > id.count())}
","Hauptkostenstelle – Pflegerischer Funktionscode"
"Encounter.appointment","Encounter.appointment","","","",0,*,"","","Y","Reference {[]} {[CanonicalType[http://hl7.org/fhir/StructureDefinition/Appointment|5.0.0]]}
","The appointment that scheduled this encounter","The appointment that scheduled this encounter.","","","","","","","","","",,,,,"",,,,"Encounter.appointment",0,*,"","ele-1:All FHIR elements must have a @value or children {hasValue() or (children().count() > id.count())}
"
"Encounter.virtualService","Encounter.virtualService","","","",0,*,"","","","VirtualServiceDetail {[]} {[]}
","Connection details of a virtual service (e.g. conference call)","Connection details of a virtual service (e.g. conference call).","There are two types of virtual meetings that often exist:* a persistent, virtual meeting room that can only be used for a single purpose at a time, * and a dynamic virtual meeting room that is generated on demand for a specific purpose.Implementers may consider using Location.virtualService for persistent meeting rooms.If each participant would have a different meeting link, an extension using the VirtualServiceContactDetail  can be applied to the Encounter.participant BackboneElement.","","","","","","","","",,,,,"",,,,"Encounter.virtualService",0,*,"","ele-1:All FHIR elements must have a @value or children {hasValue() or (children().count() > id.count())}
"
"Encounter.actualPeriod","Encounter.actualPeriod","","","",0,1,"","","","Period {[]} {[]}
","LKF: Zugangs- und Abgangsdatum","The actual start and end time of the encounter.","If not (yet) known, the end of the Period may be omitted.","","","","","","","","",,,,,"",,,,"Encounter.actualPeriod",0,1,"","ele-1:All FHIR elements must have a @value or children {hasValue() or (children().count() > id.count())}
"
"Encounter.actualPeriod.id","Encounter.actualPeriod.id","","","",0,1,"","","","id {[]} {[]}
","Unique id for inter-element referencing","Unique id for the element within a resource (for internal references). This may be any string value that does not contain spaces.","","","","","","","","","",,,,,"",,,,"Element.id",0,1,"ele-1
",""
"Encounter.actualPeriod.extension","Encounter.actualPeriod.extension","","extensions
user content","",0,*,"","","","Extension {[]} {[]}
","Additional content defined by implementations","May be used to represent additional information that is not part of the basic definition of the element. To make the use of extensions safe and managable, there is a strict set of governance applied to the definition and use of extensions. Though any implementer can define an extension, there is a set of requirements that SHALL be met as part of the definition of the extension.","There can be no stigma associated with the use of extensions by any application, project, or standard - regardless of the institution or jurisdiction that uses or defines the extensions.  The use of extensions is what allows the FHIR specification to retain a core level of simplicity for everyone.","","","","","","","","",,,,,"","value:url}
","Extensions are always sliced by (at least) url",,"open","Element.extension",0,*,"","ele-1:All FHIR elements must have a @value or children {hasValue() or (children().count() > id.count())}
ext-1:Must have either extensions or value[x], not both {extension.exists() != value.exists()}"
"Encounter.actualPeriod.start","Encounter.actualPeriod.start","","","",1,1,"","","Y","dateTime {[]} {[]}
","LKF: Hauptkostenstelle/Fachgebiet – Zugangsdatum/Kontaktdatum; LKF: Hauptkostenstelle/Fachgebiet – Zugangsuhrzeit/Kontaktuhrzeit","The start of the period. The boundary is inclusive.","If the low element is missing, the meaning is that the low boundary is not known.","","","","","","","","",,,,,"",,,,"Period.start",0,1,"per-1
","ele-1:All FHIR elements must have a @value or children {hasValue() or (children().count() > id.count())}
","Hauptkostenstelle/Fachgebiet – Zugangsdatum/Kontaktdatum,Hauptkostenstelle/Fachgebiet – Zugangsuhrzeit/Kontaktuhrzeit"
"Encounter.actualPeriod.end","Encounter.actualPeriod.end","","","",0,1,"","","Y","dateTime {[]} {[]}
","LKF: Hauptkostenstelle – Abgangsdatum; LKF: Hauptkostenstelle – Abgangsuhrzeit","The end of the period. If the end of the period is missing, it means no end was known or planned at the time the instance was created. The start may be in the past, and the end date in the future, which means that period is expected/planned to end at that time.","The end value includes any matching date/time. i.e. 2012-02-03T10:00:00 is in a period that has an end value of 2012-02-03.","","","If the end of the period is missing, it means that the period is ongoing","","","","","",,,,,"",,,,"Period.end",0,1,"per-1
","ele-1:All FHIR elements must have a @value or children {hasValue() or (children().count() > id.count())}
","Hauptkostenstelle – Abgangsdatum,Hauptkostenstelle – Abgangsuhrzeit"
"Encounter.plannedStartDate","Encounter.plannedStartDate","","","",0,1,"","","","dateTime {[]} {[]}
","The planned start date/time (or admission date) of the encounter","The planned start date/time (or admission date) of the encounter.","","","","","","","","","",,,,,"",,,,"Encounter.plannedStartDate",0,1,"","ele-1:All FHIR elements must have a @value or children {hasValue() or (children().count() > id.count())}
"
"Encounter.plannedEndDate","Encounter.plannedEndDate","","","",0,1,"","","","dateTime {[]} {[]}
","The planned end date/time (or discharge date) of the encounter","The planned end date/time (or discharge date) of the encounter.","","","","","","","","","",,,,,"",,,,"Encounter.plannedEndDate",0,1,"","ele-1:All FHIR elements must have a @value or children {hasValue() or (children().count() > id.count())}
"
"Encounter.length","Encounter.length","","","",0,1,"","","","Duration {[]} {[]}
","Actual quantity of time the encounter lasted (less time absent)","Actual quantity of time the encounter lasted. This excludes the time during leaves of absence.When missing it is the time in between the start and end values.","If the precision on these values is low (e.g. to the day only) then this may be considered was an all day (or multi-day) encounter, unless the duration is included, where that amount of time occurred sometime during the interval.May differ from the time in `Encounter.period` due to leave of absence(s).","","","","","","","","",,,,,"",,,,"Encounter.length",0,1,"","ele-1:All FHIR elements must have a @value or children {hasValue() or (children().count() > id.count())}
"
"Encounter.reason","Encounter.reason","","","",0,*,"","","Y","BackboneElement {[]} {[]}
","The list of medical reasons that are expected to be addressed during the episode of care","The list of medical reasons that are expected to be addressed during the episode of care.","The reason communicates what medical problem the patient has that should be addressed during the episode of care.  This reason could be patient reported complaint, a clinical indication that was determined in a previous encounter or episode of care, or some planned care such as an immunization recommendation.  In the case where you have a primary reason, but are expecting to also address other problems, you can list the primary reason with a use code of 'Chief Complaint', while the other problems being addressed would have a use code of 'Reason for Visit'.Examples: * pregnancy would use HealthcareService or a coding as the reason * patient home monitoring could use Condition as the reason","","","","","","","","",,,,,"",,,,"Encounter.reason",0,*,"","ele-1:All FHIR elements must have a @value or children {hasValue() or (children().count() > id.count())}
"
"Encounter.reason.id","Encounter.reason.id","","","",0,1,"","","","string {[]} {[]}
","Unique id for inter-element referencing","Unique id for the element within a resource (for internal references). This may be any string value that does not contain spaces.","","","","","","","","","",,,,,"",,,,"Element.id",0,1,"ele-1
",""
"Encounter.reason.extension","Encounter.reason.extension","","extensions
user content","",0,*,"","","","Extension {[]} {[]}
","Additional content defined by implementations","May be used to represent additional information that is not part of the basic definition of the element. To make the use of extensions safe and managable, there is a strict set of governance applied to the definition and use of extensions. Though any implementer can define an extension, there is a set of requirements that SHALL be met as part of the definition of the extension.","There can be no stigma associated with the use of extensions by any application, project, or standard - regardless of the institution or jurisdiction that uses or defines the extensions.  The use of extensions is what allows the FHIR specification to retain a core level of simplicity for everyone.","","","","","","","","",,,,,"",,,,"Element.extension",0,*,"","ele-1:All FHIR elements must have a @value or children {hasValue() or (children().count() > id.count())}
ext-1:Must have either extensions or value[x], not both {extension.exists() != value.exists()}"
"Encounter.reason.modifierExtension","Encounter.reason.modifierExtension","","extensions
user contentmodifiers","",0,*,"","Y","Y","Extension {[]} {[]}
","Extensions that cannot be ignored even if unrecognized","May be used to represent additional information that is not part of the basic definition of the element and that modifies the understanding of the element in which it is contained and/or the understanding of the containing element's descendants. Usually modifier elements provide negation or qualification. To make the use of extensions safe and managable, there is a strict set of governance applied to the definition and use of extensions. Though any implementer can define an extension, there is a set of requirements that SHALL be met as part of the definition of the extension. Applications processing a resource are required to check for modifier extensions.

Modifier extensions SHALL NOT change the meaning of any elements on Resource or DomainResource (including cannot change the meaning of modifierExtension itself).","There can be no stigma associated with the use of extensions by any application, project, or standard - regardless of the institution or jurisdiction that uses or defines the extensions.  The use of extensions is what allows the FHIR specification to retain a core level of simplicity for everyone.","Modifier extensions allow for extensions that *cannot* be safely ignored to be clearly distinguished from the vast majority of extensions which can be safely ignored.  This promotes interoperability by eliminating the need for implementers to prohibit the presence of extensions. For further information, see the [definition of modifier extensions](http://hl7.org/fhir/R5/extensibility.html#modifierExtension).","","","","","","","",,,,,"",,,,"BackboneElement.modifierExtension",0,*,"","ele-1:All FHIR elements must have a @value or children {hasValue() or (children().count() > id.count())}
ext-1:Must have either extensions or value[x], not both {extension.exists() != value.exists()}"
"Encounter.reason.use","Encounter.reason.use","","","",0,*,"","","Y","CodeableConcept {[]} {[]}
","What the reason value should be used for/as","What the reason value should be used as e.g. Chief Complaint, Health Concern, Health Maintenance (including screening).","","","","","","","","","",,"example","","http://hl7.org/fhir/ValueSet/encounter-reason-use|5.0.0","",,,,"Encounter.reason.use",0,*,"","ele-1:All FHIR elements must have a @value or children {hasValue() or (children().count() > id.count())}
"
"Encounter.reason.value","Encounter.reason.value","","Indication
Admission diagnosis","",0,*,"","","Y","CodeableReference {[]} {[CanonicalType[http://hl7.org/fhir/StructureDefinition/Condition|5.0.0], CanonicalType[http://hl7.org/fhir/StructureDefinition/DiagnosticReport|5.0.0], CanonicalType[http://hl7.org/fhir/StructureDefinition/Observation|5.0.0], CanonicalType[http://hl7.org/fhir/StructureDefinition/ImmunizationRecommendation|5.0.0], CanonicalType[http://hl7.org/fhir/StructureDefinition/Procedure|5.0.0]]}
","Reason the encounter takes place (core or reference)","Reason the encounter takes place, expressed as a code or a reference to another resource. For admissions, this can be used for a coded admission diagnosis.","","","","","","","","","",,"preferred","Reason why the encounter takes place.","http://hl7.org/fhir/ValueSet/encounter-reason|5.0.0","",,,,"Encounter.reason.value",0,*,"","ele-1:All FHIR elements must have a @value or children {hasValue() or (children().count() > id.count())}
"
"Encounter.diagnosis","Encounter.diagnosis","","","",0,*,"","","Y","BackboneElement {[]} {[]}
","The list of diagnosis relevant to this encounter","The list of diagnosis relevant to this encounter.","Also note that for the purpose of billing, the diagnoses are recorded in the account where they can be ranked appropriately for how the invoicing/claiming documentation needs to be prepared.","","","","","","","","",,,,,"",,,,"Encounter.diagnosis",0,*,"","ele-1:All FHIR elements must have a @value or children {hasValue() or (children().count() > id.count())}
"
"Encounter.diagnosis.id","Encounter.diagnosis.id","","","",0,1,"","","","string {[]} {[]}
","Unique id for inter-element referencing","Unique id for the element within a resource (for internal references). This may be any string value that does not contain spaces.","","","","","","","","","",,,,,"",,,,"Element.id",0,1,"ele-1
",""
"Encounter.diagnosis.extension","Encounter.diagnosis.extension","","extensions
user content","",0,*,"","","","Extension {[]} {[]}
","Additional content defined by implementations","May be used to represent additional information that is not part of the basic definition of the element. To make the use of extensions safe and managable, there is a strict set of governance applied to the definition and use of extensions. Though any implementer can define an extension, there is a set of requirements that SHALL be met as part of the definition of the extension.","There can be no stigma associated with the use of extensions by any application, project, or standard - regardless of the institution or jurisdiction that uses or defines the extensions.  The use of extensions is what allows the FHIR specification to retain a core level of simplicity for everyone.","","","","","","","","",,,,,"",,,,"Element.extension",0,*,"","ele-1:All FHIR elements must have a @value or children {hasValue() or (children().count() > id.count())}
ext-1:Must have either extensions or value[x], not both {extension.exists() != value.exists()}"
"Encounter.diagnosis.modifierExtension","Encounter.diagnosis.modifierExtension","","extensions
user contentmodifiers","",0,*,"","Y","Y","Extension {[]} {[]}
","Extensions that cannot be ignored even if unrecognized","May be used to represent additional information that is not part of the basic definition of the element and that modifies the understanding of the element in which it is contained and/or the understanding of the containing element's descendants. Usually modifier elements provide negation or qualification. To make the use of extensions safe and managable, there is a strict set of governance applied to the definition and use of extensions. Though any implementer can define an extension, there is a set of requirements that SHALL be met as part of the definition of the extension. Applications processing a resource are required to check for modifier extensions.

Modifier extensions SHALL NOT change the meaning of any elements on Resource or DomainResource (including cannot change the meaning of modifierExtension itself).","There can be no stigma associated with the use of extensions by any application, project, or standard - regardless of the institution or jurisdiction that uses or defines the extensions.  The use of extensions is what allows the FHIR specification to retain a core level of simplicity for everyone.","Modifier extensions allow for extensions that *cannot* be safely ignored to be clearly distinguished from the vast majority of extensions which can be safely ignored.  This promotes interoperability by eliminating the need for implementers to prohibit the presence of extensions. For further information, see the [definition of modifier extensions](http://hl7.org/fhir/R5/extensibility.html#modifierExtension).","","","","","","","",,,,,"",,,,"BackboneElement.modifierExtension",0,*,"","ele-1:All FHIR elements must have a @value or children {hasValue() or (children().count() > id.count())}
ext-1:Must have either extensions or value[x], not both {extension.exists() != value.exists()}"
"Encounter.diagnosis.condition","Encounter.diagnosis.condition","","Admission diagnosis
discharge diagnosisindication","",0,*,"","","Y","CodeableReference {[]} {[CanonicalType[http://hl7.org/fhir/StructureDefinition/Condition|5.0.0]]}
","The diagnosis relevant to the encounter","The coded diagnosis or a reference to a Condition (with other resources referenced in the evidence.detail), the use property will indicate the purpose of this specific diagnosis.","","","","","","","","","",,"example","","http://hl7.org/fhir/ValueSet/condition-code|5.0.0","",,,,"Encounter.diagnosis.condition",0,*,"","ele-1:All FHIR elements must have a @value or children {hasValue() or (children().count() > id.count())}
"
"Encounter.diagnosis.use","Encounter.diagnosis.use","","","",0,*,"","","","CodeableConcept {[]} {[]}
","Role that this diagnosis has within the encounter (e.g. admission, billing, discharge …)","Role that this diagnosis has within the encounter (e.g. admission, billing, discharge …).","","","","","","","","","",,"preferred","The type of diagnosis this condition represents.","http://hl7.org/fhir/ValueSet/encounter-diagnosis-use|5.0.0","",,,,"Encounter.diagnosis.use",0,*,"","ele-1:All FHIR elements must have a @value or children {hasValue() or (children().count() > id.count())}
"
"Encounter.account","Encounter.account","","","",0,*,"","","","Reference {[]} {[CanonicalType[http://hl7.org/fhir/StructureDefinition/Account|5.0.0]]}
","The set of accounts that may be used for billing for this Encounter","The set of accounts that may be used for billing for this Encounter.","The billing system may choose to allocate billable items associated with the Encounter to different referenced Accounts based on internal business rules.","","","","","","","","",,,,,"",,,,"Encounter.account",0,*,"","ele-1:All FHIR elements must have a @value or children {hasValue() or (children().count() > id.count())}
"
"Encounter.dietPreference","Encounter.dietPreference","","","",0,*,"","","","CodeableConcept {[]} {[]}
","Diet preferences reported by the patient","Diet preferences reported by the patient.","For example, a patient may request both a dairy-free and nut-free diet preference (not mutually exclusive).","Used to track patient's diet restrictions and/or preference. For a complete description of the nutrition needs of a patient during their stay, one should use the nutritionOrder resource which links to Encounter.","","","","","","","",,"example","Medical, cultural or ethical food preferences to help with catering requirements.","http://hl7.org/fhir/ValueSet/encounter-diet|5.0.0","",,,,"Encounter.dietPreference",0,*,"","ele-1:All FHIR elements must have a @value or children {hasValue() or (children().count() > id.count())}
"
"Encounter.specialArrangement","Encounter.specialArrangement","","","",0,*,"","","","CodeableConcept {[]} {[]}
","Wheelchair, translator, stretcher, etc","Any special requests that have been made for this encounter, such as the provision of specific equipment or other things.","","","","","","","","","",,"preferred","Special arrangements.","http://hl7.org/fhir/ValueSet/encounter-special-arrangements|5.0.0","",,,,"Encounter.specialArrangement",0,*,"","ele-1:All FHIR elements must have a @value or children {hasValue() or (children().count() > id.count())}
"
"Encounter.specialCourtesy","Encounter.specialCourtesy","","","",0,*,"","","","CodeableConcept {[]} {[]}
","Special courtesies (VIP, board member)","Special courtesies that may be provided to the patient during the encounter (VIP, board member, professional courtesy).","Although the specialCourtesy property can contain values like VIP, the purpose of this field is intended to be used for flagging additional `benefits` that might occur for the patient during the encounter.It could include things like the patient is to have a private room, special room features, receive a friendly visit from hospital adminisitration, or should be briefed on treatment by senior staff during the stay.It is not specifically intended to be used for securing the specific record - that is the purpose of the security meta tag, and where appropriate, both fields could be used.","","","","","","","","",,"preferred","Special courtesies.","http://hl7.org/fhir/ValueSet/encounter-special-courtesy|5.0.0","",,,,"Encounter.specialCourtesy",0,*,"","ele-1:All FHIR elements must have a @value or children {hasValue() or (children().count() > id.count())}
"
"Encounter.admission","Encounter.admission","","","",0,1,"","","","BackboneElement {[]} {[]}
","Details about the admission to a healthcare service","Details about the stay during which a healthcare service is provided.This does not describe the event of admitting the patient, but rather any information that is relevant from the time of admittance until the time of discharge.","An Encounter may cover more than just the inpatient stay. Contexts such as outpatients, community clinics, and aged care facilities are also included.The duration recorded in the period of this encounter covers the entire scope of this admission record.","","","","","","","","",,,,,"",,,,"Encounter.admission",0,1,"","ele-1:All FHIR elements must have a @value or children {hasValue() or (children().count() > id.count())}
"
"Encounter.admission.id","Encounter.admission.id","","","",0,1,"","","","string {[]} {[]}
","Unique id for inter-element referencing","Unique id for the element within a resource (for internal references). This may be any string value that does not contain spaces.","","","","","","","","","",,,,,"",,,,"Element.id",0,1,"ele-1
",""
"Encounter.admission.extension","Encounter.admission.extension","","","",1,*,"","","","Extension {[]} {[]}
","Extension","An Extension","","","","","","","","","",,,,,"","value:url}
","",,"open","Element.extension",0,*,"","ele-1:All FHIR elements must have a @value or children {hasValue() or (children().count() > id.count())}
ext-1:Must have either extensions or value[x], not both {extension.exists() != value.exists()}"
"Encounter.admission.extension:Altersgruppe","Encounter.admission.extension","Altersgruppe","","",1,1,"Y","","","Extension {[CanonicalType[https://elga.moped.at/StructureDefinition/moped-ext-altersgruppe]]} {[]}
","Altersgruppe","In Gruppen eingeteilt, wobei vollendete Lebensjahre ausschlaggebend sind.","","","","","","","","","",,,,,"",,,,"Element.extension",0,*,"","ele-1:All FHIR elements must have a @value or children {hasValue() or (children().count() > id.count())}
ext-1:Must have either extensions or value[x], not both {extension.exists() != value.exists()}moped-inv-Altersgruppe-1:If 'neugeborenes' is true then 'beiZugang' must be age group 0. {(extension.where(url = 'neugeborenes').exists() and extension.where(url = 'neugeborenes').value = true) implies (extension.where(url = 'beiZugang').value = '0')}"
"Encounter.admission.extension:Altersgruppe.id","Encounter.admission.extension.id","","","",0,1,"","","","id {[]} {[]}
","Unique id for inter-element referencing","Unique id for the element within a resource (for internal references). This may be any string value that does not contain spaces.","","","","","","","","","",,,,,"",,,,"Element.id",0,1,"ele-1
",""
"Encounter.admission.extension:Altersgruppe.extension","Encounter.admission.extension.extension","","","",2,*,"","","","Extension {[]} {[]}
","Extension","An Extension","","","","","","","","","",,,,,"","value:url}
","Extensions are always sliced by (at least) url",,"open","Element.extension",0,*,"","ele-1:All FHIR elements must have a @value or children {hasValue() or (children().count() > id.count())}
ext-1:Must have either extensions or value[x], not both {extension.exists() != value.exists()}"
"Encounter.admission.extension:Altersgruppe.extension:beiZugang","Encounter.admission.extension.extension","beiZugang","","",1,1,"Y","","","Extension {[]} {[]}
","Extension","An Extension","","","","","","","","","",,,,,"",,,,"Element.extension",0,*,"","ele-1:All FHIR elements must have a @value or children {hasValue() or (children().count() > id.count())}
ext-1:Must have either extensions or value[x], not both {extension.exists() != value.exists()}"
"Encounter.admission.extension:Altersgruppe.extension:beiZugang.id","Encounter.admission.extension.extension.id","","","",0,1,"","","","id {[]} {[]}
","Unique id for inter-element referencing","Unique id for the element within a resource (for internal references). This may be any string value that does not contain spaces.","","","","","","","","","",,,,,"",,,,"Element.id",0,1,"ele-1
",""
"Encounter.admission.extension:Altersgruppe.extension:beiZugang.extension","Encounter.admission.extension.extension.extension","","","",0,0,"","","","Extension {[]} {[]}
","Extension","An Extension","","","","","","","","","",,,,,"","value:url}
","Extensions are always sliced by (at least) url",,"open","Element.extension",0,*,"","ele-1:All FHIR elements must have a @value or children {hasValue() or (children().count() > id.count())}
ext-1:Must have either extensions or value[x], not both {extension.exists() != value.exists()}"
"Encounter.admission.extension:Altersgruppe.extension:beiZugang.url","Encounter.admission.extension.extension.url","","","",1,1,"","","","uri {[]} {[]}
","identifies the meaning of the extension","Source of the definition for the extension code - a logical name or a URL.","The definition may point directly to a computable or human-readable definition of the extensibility codes, or it may be a logical URI as declared in some other specification. The definition SHALL be a URI for the Structure Definition defining the extension.","","","","<valueUri xmlns=""http://hl7.org/fhir"" value=""beiZugang""/>","","","","",,,,,"",,,,"Extension.url",1,1,"",""
"Encounter.admission.extension:Altersgruppe.extension:beiZugang.value[x]","Encounter.admission.extension.extension.value[x]","","","",1,1,"","","","CodeableConcept {[]} {[]}
","LKF: Altersgruppe bei Zugang/Kontakt","Value of extension - must be one of a constrained set of the data types (see [Extensibility](http://hl7.org/fhir/R5/extensibility.html) for a list).","","","","","","","","","",,"required","","https://elga.moped.at/ValueSet/AltersgruppeVS","",,,,"Extension.value[x]",0,1,"ext-1
","ele-1:All FHIR elements must have a @value or children {hasValue() or (children().count() > id.count())}
","Altersgruppe bei Zugang/Kontakt"
"Encounter.admission.extension:Altersgruppe.extension:beiEntlassung","Encounter.admission.extension.extension","beiEntlassung","","",0,1,"Y","","","Extension {[]} {[]}
","Altersgruppe bei Entlassung/Kontakt","Nach dem Alter in Gruppen eingeteilt, wobei vollendete Lebensjahre ausschlaggebend sind.","","","","","","","","","",,,,,"",,,,"Element.extension",0,*,"","ele-1:All FHIR elements must have a @value or children {hasValue() or (children().count() > id.count())}
ext-1:Must have either extensions or value[x], not both {extension.exists() != value.exists()}"
"Encounter.admission.extension:Altersgruppe.extension:beiEntlassung.id","Encounter.admission.extension.extension.id","","","",0,1,"","","","id {[]} {[]}
","Unique id for inter-element referencing","Unique id for the element within a resource (for internal references). This may be any string value that does not contain spaces.","","","","","","","","","",,,,,"",,,,"Element.id",0,1,"ele-1
",""
"Encounter.admission.extension:Altersgruppe.extension:beiEntlassung.extension","Encounter.admission.extension.extension.extension","","","",0,0,"","","","Extension {[]} {[]}
","Extension","An Extension","","","","","","","","","",,,,,"","value:url}
","Extensions are always sliced by (at least) url",,"open","Element.extension",0,*,"","ele-1:All FHIR elements must have a @value or children {hasValue() or (children().count() > id.count())}
ext-1:Must have either extensions or value[x], not both {extension.exists() != value.exists()}"
"Encounter.admission.extension:Altersgruppe.extension:beiEntlassung.url","Encounter.admission.extension.extension.url","","","",1,1,"","","","uri {[]} {[]}
","identifies the meaning of the extension","Source of the definition for the extension code - a logical name or a URL.","The definition may point directly to a computable or human-readable definition of the extensibility codes, or it may be a logical URI as declared in some other specification. The definition SHALL be a URI for the Structure Definition defining the extension.","","","","<valueUri xmlns=""http://hl7.org/fhir"" value=""beiEntlassung""/>","","","","",,,,,"",,,,"Extension.url",1,1,"",""
"Encounter.admission.extension:Altersgruppe.extension:beiEntlassung.value[x]","Encounter.admission.extension.extension.value[x]","","","",0,1,"","","","CodeableConcept {[]} {[]}
","Value of extension","Value of extension - must be one of a constrained set of the data types (see [Extensibility](http://hl7.org/fhir/R5/extensibility.html) for a list).","","","","","","","","","",,"required","","https://elga.moped.at/ValueSet/AltersgruppeVS","",,,,"Extension.value[x]",0,1,"ext-1
","ele-1:All FHIR elements must have a @value or children {hasValue() or (children().count() > id.count())}
"
"Encounter.admission.extension:Altersgruppe.extension:neugeborenes","Encounter.admission.extension.extension","neugeborenes","","",1,1,"Y","","","Extension {[]} {[]}
","Extension","An Extension","","","","","","","","","",,,,,"",,,,"Element.extension",0,*,"","ele-1:All FHIR elements must have a @value or children {hasValue() or (children().count() > id.count())}
ext-1:Must have either extensions or value[x], not both {extension.exists() != value.exists()}"
"Encounter.admission.extension:Altersgruppe.extension:neugeborenes.id","Encounter.admission.extension.extension.id","","","",0,1,"","","","id {[]} {[]}
","Unique id for inter-element referencing","Unique id for the element within a resource (for internal references). This may be any string value that does not contain spaces.","","","","","","","","","",,,,,"",,,,"Element.id",0,1,"ele-1
",""
"Encounter.admission.extension:Altersgruppe.extension:neugeborenes.extension","Encounter.admission.extension.extension.extension","","","",0,0,"","","","Extension {[]} {[]}
","Extension","An Extension","","","","","","","","","",,,,,"","value:url}
","Extensions are always sliced by (at least) url",,"open","Element.extension",0,*,"","ele-1:All FHIR elements must have a @value or children {hasValue() or (children().count() > id.count())}
ext-1:Must have either extensions or value[x], not both {extension.exists() != value.exists()}"
"Encounter.admission.extension:Altersgruppe.extension:neugeborenes.url","Encounter.admission.extension.extension.url","","","",1,1,"","","","uri {[]} {[]}
","identifies the meaning of the extension","Source of the definition for the extension code - a logical name or a URL.","The definition may point directly to a computable or human-readable definition of the extensibility codes, or it may be a logical URI as declared in some other specification. The definition SHALL be a URI for the Structure Definition defining the extension.","","","","<valueUri xmlns=""http://hl7.org/fhir"" value=""neugeborenes""/>","","","","",,,,,"",,,,"Extension.url",1,1,"",""
"Encounter.admission.extension:Altersgruppe.extension:neugeborenes.value[x]","Encounter.admission.extension.extension.value[x]","","","",1,1,"","","","boolean {[]} {[]}
","LKF: Neugeborenes","Value of extension - must be one of a constrained set of the data types (see [Extensibility](http://hl7.org/fhir/R5/extensibility.html) for a list).","","","","","","","","","",,,,,"",,,,"Extension.value[x]",0,1,"ext-1
","ele-1:All FHIR elements must have a @value or children {hasValue() or (children().count() > id.count())}
","Neugeborenes"
"Encounter.admission.extension:Altersgruppe.url","Encounter.admission.extension.url","","","",1,1,"","","","uri {[]} {[]}
","identifies the meaning of the extension","Source of the definition for the extension code - a logical name or a URL.","The definition may point directly to a computable or human-readable definition of the extensibility codes, or it may be a logical URI as declared in some other specification. The definition SHALL be a URI for the Structure Definition defining the extension.","","","","<valueUri xmlns=""http://hl7.org/fhir"" value=""https://elga.moped.at/StructureDefinition/moped-ext-altersgruppe""/>","","","","",,,,,"",,,,"Extension.url",1,1,"",""
"Encounter.admission.extension:Altersgruppe.value[x]","Encounter.admission.extension.value[x]","","","",0,0,"","","","base64Binary {[]} {[]}
boolean {[]} {[]}canonical {[]} {[]}code {[]} {[]}date {[]} {[]}dateTime {[]} {[]}decimal {[]} {[]}id {[]} {[]}instant {[]} {[]}integer {[]} {[]}integer64 {[]} {[]}markdown {[]} {[]}oid {[]} {[]}positiveInt {[]} {[]}string {[]} {[]}time {[]} {[]}unsignedInt {[]} {[]}uri {[]} {[]}url {[]} {[]}uuid {[]} {[]}Address {[]} {[]}Age {[]} {[]}Annotation {[]} {[]}Attachment {[]} {[]}CodeableConcept {[]} {[]}CodeableReference {[]} {[]}Coding {[]} {[]}ContactPoint {[]} {[]}Count {[]} {[]}Distance {[]} {[]}Duration {[]} {[]}HumanName {[]} {[]}Identifier {[]} {[]}Money {[]} {[]}Period {[]} {[]}Quantity {[]} {[]}Range {[]} {[]}Ratio {[]} {[]}RatioRange {[]} {[]}Reference {[]} {[]}SampledData {[]} {[]}Signature {[]} {[]}Timing {[]} {[]}ContactDetail {[]} {[]}DataRequirement {[]} {[]}Expression {[]} {[]}ParameterDefinition {[]} {[]}RelatedArtifact {[]} {[]}TriggerDefinition {[]} {[]}UsageContext {[]} {[]}Availability {[]} {[]}ExtendedContactDetail {[]} {[]}Dosage {[]} {[]}Meta {[]} {[]}","Value of extension","Value of extension - must be one of a constrained set of the data types (see [Extensibility](http://hl7.org/fhir/R5/extensibility.html) for a list).","","","","","","","","","",,,,,"",,,,"Extension.value[x]",0,1,"ext-1
","ele-1:All FHIR elements must have a @value or children {hasValue() or (children().count() > id.count())}
"
"Encounter.admission.modifierExtension","Encounter.admission.modifierExtension","","extensions
user contentmodifiers","",0,*,"","Y","Y","Extension {[]} {[]}
","Extensions that cannot be ignored even if unrecognized","May be used to represent additional information that is not part of the basic definition of the element and that modifies the understanding of the element in which it is contained and/or the understanding of the containing element's descendants. Usually modifier elements provide negation or qualification. To make the use of extensions safe and managable, there is a strict set of governance applied to the definition and use of extensions. Though any implementer can define an extension, there is a set of requirements that SHALL be met as part of the definition of the extension. Applications processing a resource are required to check for modifier extensions.

Modifier extensions SHALL NOT change the meaning of any elements on Resource or DomainResource (including cannot change the meaning of modifierExtension itself).","There can be no stigma associated with the use of extensions by any application, project, or standard - regardless of the institution or jurisdiction that uses or defines the extensions.  The use of extensions is what allows the FHIR specification to retain a core level of simplicity for everyone.","Modifier extensions allow for extensions that *cannot* be safely ignored to be clearly distinguished from the vast majority of extensions which can be safely ignored.  This promotes interoperability by eliminating the need for implementers to prohibit the presence of extensions. For further information, see the [definition of modifier extensions](http://hl7.org/fhir/R5/extensibility.html#modifierExtension).","","","","","","","",,,,,"",,,,"BackboneElement.modifierExtension",0,*,"","ele-1:All FHIR elements must have a @value or children {hasValue() or (children().count() > id.count())}
ext-1:Must have either extensions or value[x], not both {extension.exists() != value.exists()}"
"Encounter.admission.preAdmissionIdentifier","Encounter.admission.preAdmissionIdentifier","","","",0,1,"","","","Identifier {[]} {[]}
","Pre-admission identifier","Pre-admission identifier.","","","","","","","","","",,,,,"",,,,"Encounter.admission.preAdmissionIdentifier",0,1,"","ele-1:All FHIR elements must have a @value or children {hasValue() or (children().count() > id.count())}
"
"Encounter.admission.origin","Encounter.admission.origin","","","",0,1,"","","","Reference {[]} {[CanonicalType[http://hl7.org/fhir/StructureDefinition/Location|5.0.0], CanonicalType[http://hl7.org/fhir/StructureDefinition/Organization|5.0.0]]}
","The location/organization from which the patient came before admission","The location/organization from which the patient came before admission.","","","","","","","","","",,,,,"",,,,"Encounter.admission.origin",0,1,"","ele-1:All FHIR elements must have a @value or children {hasValue() or (children().count() > id.count())}
"
"Encounter.admission.admitSource","Encounter.admission.admitSource","","","",0,1,"","","","CodeableConcept {[]} {[]}
","From where patient was admitted (physician referral, transfer)","From where patient was admitted (physician referral, transfer).","","","","","","","","","",,"preferred","From where the patient was admitted.","http://hl7.org/fhir/ValueSet/encounter-admit-source|5.0.0","",,,,"Encounter.admission.admitSource",0,1,"","ele-1:All FHIR elements must have a @value or children {hasValue() or (children().count() > id.count())}
"
"Encounter.admission.reAdmission","Encounter.admission.reAdmission","","","",0,1,"","","","CodeableConcept {[]} {[]}
","Indicates that the patient is being re-admitted","Indicates that this encounter is directly related to a prior admission, often because the conditions addressed in the prior admission were not fully addressed.","","","","","","","","","",,"example","The reason for re-admission of this admission encounter.","http://terminology.hl7.org/ValueSet/v2-0092","",,,,"Encounter.admission.reAdmission",0,1,"","ele-1:All FHIR elements must have a @value or children {hasValue() or (children().count() > id.count())}
"
"Encounter.admission.destination","Encounter.admission.destination","","","",0,1,"","","","Reference {[]} {[CanonicalType[http://hl7.org/fhir/StructureDefinition/Location|5.0.0], CanonicalType[http://hl7.org/fhir/StructureDefinition/Organization|5.0.0]]}
","Location/organization to which the patient is discharged","Location/organization to which the patient is discharged.","","","","","","","","","",,,,,"",,,,"Encounter.admission.destination",0,1,"","ele-1:All FHIR elements must have a @value or children {hasValue() or (children().count() > id.count())}
"
"Encounter.admission.dischargeDisposition","Encounter.admission.dischargeDisposition","","","",0,1,"","","","CodeableConcept {[]} {[]}
","LKF: Hauptkostenstelle – Abgangsart","Category or kind of location after discharge.","","","","","","","","","",,"example","Discharge Disposition.","http://hl7.org/fhir/ValueSet/encounter-discharge-disposition|5.0.0","",,,,"Encounter.admission.dischargeDisposition",0,1,"","ele-1:All FHIR elements must have a @value or children {hasValue() or (children().count() > id.count())}
","Hauptkostenstelle – Abgangsart"
"Encounter.location","Encounter.location","","","",0,*,"","","","BackboneElement {[]} {[]}
","List of locations where the patient has been","List of locations where  the patient has been during this encounter.","Virtual encounters can be recorded in the Encounter by specifying a location reference to a location of type ""kind"" such as ""client's home"" and an encounter.class = ""virtual"".","","","","","","","","",,,,,"",,,,"Encounter.location",0,*,"","ele-1:All FHIR elements must have a @value or children {hasValue() or (children().count() > id.count())}
"
"Encounter.location.id","Encounter.location.id","","","",0,1,"","","","string {[]} {[]}
","Unique id for inter-element referencing","Unique id for the element within a resource (for internal references). This may be any string value that does not contain spaces.","","","","","","","","","",,,,,"",,,,"Element.id",0,1,"ele-1
",""
"Encounter.location.extension","Encounter.location.extension","","extensions
user content","",0,*,"","","","Extension {[]} {[]}
","Additional content defined by implementations","May be used to represent additional information that is not part of the basic definition of the element. To make the use of extensions safe and managable, there is a strict set of governance applied to the definition and use of extensions. Though any implementer can define an extension, there is a set of requirements that SHALL be met as part of the definition of the extension.","There can be no stigma associated with the use of extensions by any application, project, or standard - regardless of the institution or jurisdiction that uses or defines the extensions.  The use of extensions is what allows the FHIR specification to retain a core level of simplicity for everyone.","","","","","","","","",,,,,"",,,,"Element.extension",0,*,"","ele-1:All FHIR elements must have a @value or children {hasValue() or (children().count() > id.count())}
ext-1:Must have either extensions or value[x], not both {extension.exists() != value.exists()}"
"Encounter.location.modifierExtension","Encounter.location.modifierExtension","","extensions
user contentmodifiers","",0,*,"","Y","Y","Extension {[]} {[]}
","Extensions that cannot be ignored even if unrecognized","May be used to represent additional information that is not part of the basic definition of the element and that modifies the understanding of the element in which it is contained and/or the understanding of the containing element's descendants. Usually modifier elements provide negation or qualification. To make the use of extensions safe and managable, there is a strict set of governance applied to the definition and use of extensions. Though any implementer can define an extension, there is a set of requirements that SHALL be met as part of the definition of the extension. Applications processing a resource are required to check for modifier extensions.

Modifier extensions SHALL NOT change the meaning of any elements on Resource or DomainResource (including cannot change the meaning of modifierExtension itself).","There can be no stigma associated with the use of extensions by any application, project, or standard - regardless of the institution or jurisdiction that uses or defines the extensions.  The use of extensions is what allows the FHIR specification to retain a core level of simplicity for everyone.","Modifier extensions allow for extensions that *cannot* be safely ignored to be clearly distinguished from the vast majority of extensions which can be safely ignored.  This promotes interoperability by eliminating the need for implementers to prohibit the presence of extensions. For further information, see the [definition of modifier extensions](http://hl7.org/fhir/R5/extensibility.html#modifierExtension).","","","","","","","",,,,,"",,,,"BackboneElement.modifierExtension",0,*,"","ele-1:All FHIR elements must have a @value or children {hasValue() or (children().count() > id.count())}
ext-1:Must have either extensions or value[x], not both {extension.exists() != value.exists()}"
"Encounter.location.location","Encounter.location.location","","","",1,1,"","","","Reference {[]} {[CanonicalType[http://hl7.org/fhir/StructureDefinition/Location|5.0.0]]}
","Location the encounter takes place","The location where the encounter takes place.","","","","","","","","","",,,,,"",,,,"Encounter.location.location",1,1,"","ele-1:All FHIR elements must have a @value or children {hasValue() or (children().count() > id.count())}
"
"Encounter.location.status","Encounter.location.status","","","",0,1,"","","","code {[]} {[]}
","planned | active | reserved | completed","The status of the participants' presence at the specified location during the period specified. If the participant is no longer at the location, then the period will have an end date/time.","When the patient is no longer active at a location, then the period end date is entered, and the status may be changed to completed.","","","","","","","","",,"required","The status of the location.","http://hl7.org/fhir/ValueSet/encounter-location-status|5.0.0","",,,,"Encounter.location.status",0,1,"","ele-1:All FHIR elements must have a @value or children {hasValue() or (children().count() > id.count())}
"
"Encounter.location.form","Encounter.location.form","","","",0,1,"","","","CodeableConcept {[]} {[]}
","The physical type of the location (usually the level in the location hierarchy - bed, room, ward, virtual etc.)","This will be used to specify the required levels (bed/ward/room/etc.) desired to be recorded to simplify either messaging or query.","This information is de-normalized from the Location resource to support the easier understanding of the encounter resource and processing in messaging or query.

There may be many levels in the hierachy, and this may only pic specific levels that are required for a specific usage scenario.","","","","","","","","",,"example","Physical form of the location.","http://hl7.org/fhir/ValueSet/location-form|5.0.0","",,,,"Encounter.location.form",0,1,"","ele-1:All FHIR elements must have a @value or children {hasValue() or (children().count() > id.count())}
"
"Encounter.location.period","Encounter.location.period","","","",0,1,"","","","Period {[]} {[]}
","Time period during which the patient was present at the location","Time period during which the patient was present at the location.","","","","","","","","","",,,,,"",,,,"Encounter.location.period",0,1,"","ele-1:All FHIR elements must have a @value or children {hasValue() or (children().count() > id.count())}
"
