<?xml version="1.0" encoding="UTF-8"?><ImplementationGuide xmlns="http://hl7.org/fhir"><id value="linkedcare.hl7.at"/><text><status value="extensions"/><div xmlns="http://www.w3.org/1999/xhtml"><h2>LinkedCareIGR5</h2><p>The official URL for this implementation guide is: </p><pre>http://fhir.hl7.at/linkedcare/ImplementationGuide/linkedcare.hl7.at</pre><div><p>The Implementation Guide for the Linked Care platform. Authored by the Linked Care Consortium.</p>
</div></div></text><url value="http://fhir.hl7.at/linkedcare/ImplementationGuide/linkedcare.hl7.at"/><version value="0.9.1"/><name value="LinkedCareIGR5"/><title value="Linked Care Implementation Guide"/><status value="draft"/><date value="2023-12-06T16:27:50+00:00"/><publisher value="The Linked Care Consortium"/><contact><name value="The Linked Care Consortium"/><telecom><system value="url"/><value value="https://www.linkedcare.at/"/></telecom></contact><description value="The Implementation Guide for the Linked Care platform. Authored by the Linked Care Consortium."/><packageId value="linkedcare.hl7.at"/><license value="CC0-1.0"/><fhirVersion value="5.0.0"/><dependsOn id="hl7tx"><extension url="http://hl7.org/fhir/tools/StructureDefinition/implementationguide-dependency-comment"><valueMarkdown value="Automatically added as a dependency - all IGs depend on HL7 Terminology"/></extension><uri value="http://terminology.hl7.org/ImplementationGuide/hl7.terminology"/><packageId value="hl7.terminology.r5"/><version value="5.3.0"/></dependsOn><dependsOn id="hl7ext"><extension url="http://hl7.org/fhir/tools/StructureDefinition/implementationguide-dependency-comment"><valueMarkdown value="Automatically added as a dependency - all IGs depend on the HL7 Extension Pack"/></extension><uri value="http://hl7.org/fhir/extensions/ImplementationGuide/hl7.fhir.uv.extensions"/><packageId value="hl7.fhir.uv.extensions.r5"/><version value="1.0.0"/></dependsOn><definition><extension url="http://hl7.org/fhir/tools/StructureDefinition/ig-internal-dependency"><valueCode value="hl7.fhir.uv.tools#current"/></extension><grouping id="-str-profile"><name value="Structures: Resource Profiles"/><description value="These define constraints on FHIR resources for systems conforming to this implementation guide."/></grouping><grouping id="-str-datatype"><name value="Structures: Data Type Profiles"/><description value="These define constraints on FHIR data types for systems conforming to this implementation guide."/></grouping><grouping id="-str-extension"><name value="Structures: Extension Definitions"/><description value="These define constraints on FHIR data types for systems conforming to this implementation guide."/></grouping><grouping id="-term-valueset"><name value="Terminology: Value Sets"/><description value="These define sets of codes used by systems conforming to this implementation guide."/></grouping><grouping id="-term-codesystem"><name value="Terminology: Code Systems"/><description value="These define new code systems used by systems conforming to this implementation guide."/></grouping><grouping id="-ex-example"><name value="Example: Example Instances"/><description value="These are example instances that show what data produced and consumed by systems conforming with this implementation guide might look like."/></grouping><resource><extension url="http://hl7.org/fhir/tools/StructureDefinition/resource-sort"><valueInteger value="999999999"/></extension><extension url="http://hl7.org/fhir/StructureDefinition/implementationguide-page"><valueUri value="StructureDefinition-at-core-patient.html"/></extension><reference><reference value="StructureDefinition/at-core-patient"/></reference><name value="HL7® AT Core Patient Profile"/><description value="HL7® Austria FHIR® Core Profile for patient data in Austria.&#xA;The HL7® AT Core Patient is based upon the core FHIR® Patient Resource and designed to meet the applicable patient demographic data elements in Austria. It identifies which core elements, extensions, vocabularies and value sets SHALL be present in the resource when using this profile. Note, this extension represents the common structure of Patient information within Austrian information systems."/><isExample value="false"/><groupingId value="-str-profile"/></resource><resource><extension url="http://hl7.org/fhir/tools/StructureDefinition/resource-sort"><valueInteger value="999999999"/></extension><extension url="http://hl7.org/fhir/StructureDefinition/implementationguide-page"><valueUri value="StructureDefinition-at-core-valueset.html"/></extension><reference><reference value="StructureDefinition/at-core-valueset"/></reference><name value="HL7® AT Core ValueSet Profile"/><description value="HL7® Austria FHIR® Core Profile for valuesets in Austria.&#xA;The HL7® AT Core ValueSet is based upon the core FHIR® ValueSet Resource and defines the use of the OID extension."/><isExample value="false"/><groupingId value="-str-profile"/></resource><resource><extension url="http://hl7.org/fhir/tools/StructureDefinition/resource-sort"><valueInteger value="999999999"/></extension><extension url="http://hl7.org/fhir/StructureDefinition/implementationguide-page"><valueUri value="StructureDefinition-linca-dipsense-documentation.html"/></extension><reference><reference value="StructureDefinition/linca-dipsense-documentation"/></reference><name value="LINCA Dispense (LINCAMedicationDispense)"/><description value="Linked Care  Profile for dispense documentation. The dispense must be documented by the dispensing pharmacist and specify if an order was fulfilled completly or partially. The LINCA Dispense must have an LINCA Prescription as authorizingPrescription."/><isExample value="false"/><groupingId value="-str-profile"/></resource><resource><extension url="http://hl7.org/fhir/tools/StructureDefinition/resource-sort"><valueInteger value="999999999"/></extension><extension url="http://hl7.org/fhir/StructureDefinition/implementationguide-page"><valueUri value="StructureDefinition-linca-medication.html"/></extension><reference><reference value="StructureDefinition/linca-medication"/></reference><name value="LINCA Medication (LINCAMeds)"/><description value="Linked Care profile for Medication Resource to ensure ELGA compliant representation. Bind code to ELGA CodeSystem ('asp-liste') and doseForm to ELGA ValueSet ('elga-medikationdarreichungsform')."/><isExample value="false"/><groupingId value="-str-profile"/></resource><resource><extension url="http://hl7.org/fhir/tools/StructureDefinition/resource-sort"><valueInteger value="999999999"/></extension><extension url="http://hl7.org/fhir/StructureDefinition/implementationguide-page"><valueUri value="StructureDefinition-linca-prescription-medication-request.html"/></extension><reference><reference value="StructureDefinition/linca-prescription-medication-request"/></reference><name value="LINCA Prescription (LINCAPrescriptionMedicationRequest)"/><description value="Linked Care Profile for prescriptions. The prescriptions are created by the practicioner software but must be basedOn an assigned LINCA Proposal Item. The assigned practicioners can view, modify or cancel all of their assigned proposal items."/><isExample value="false"/><groupingId value="-str-profile"/></resource><resource><extension url="http://hl7.org/fhir/tools/StructureDefinition/resource-sort"><valueInteger value="999999999"/></extension><extension url="http://hl7.org/fhir/StructureDefinition/implementationguide-page"><valueUri value="StructureDefinition-linca-proposal-medication-request.html"/></extension><reference><reference value="StructureDefinition/linca-proposal-medication-request"/></reference><name value="LINCA Proposal Item (LINCAProposalMedicationRequest)"/><description value="Linked Care profile for individual proposal positions. A list of proposal positions is first received as contained resources in a LINCA Proposal. Then the Linked Care FHIR server creates an instance for each contained item. These instances are send to the assigned practicioner(s) for authorization."/><isExample value="false"/><groupingId value="-str-profile"/></resource><resource><extension url="http://hl7.org/fhir/tools/StructureDefinition/resource-sort"><valueInteger value="999999999"/></extension><extension url="http://hl7.org/fhir/StructureDefinition/implementationguide-page"><valueUri value="StructureDefinition-linca-full-proposal-list.html"/></extension><reference><reference value="StructureDefinition/linca-full-proposal-list"/></reference><name value="LINCA Proposal List (LINCARequestOrchestration)"/><description value="Linked Care Profile for the overall proposal. The LINCA Proposal List serves as container for the individual placements. The placer's software creates the RequestOrchestration when (re)ordering medication."/><isExample value="false"/><groupingId value="-str-profile"/></resource><resource><extension url="http://hl7.org/fhir/tools/StructureDefinition/resource-sort"><valueInteger value="999999999"/></extension><extension url="http://hl7.org/fhir/StructureDefinition/implementationguide-page"><valueUri value="StructureDefinition-at-core-address.html"/></extension><reference><reference value="StructureDefinition/at-core-address"/></reference><name value="HL7® AT Core Address Profile"/><description value="HL7® Austria FHIR® Core Profile for address data in Austria. Note, this extension represents the common structure of address information within Austrian information systems. This extension does not restrict the documented information to Austrian adresses. Address information that does not fit into the given structure may be captured by [Address Additional Information](StructureDefinition-at-core-ext-address-additionalInformation.html)."/><isExample value="false"/><groupingId value="-str-datatype"/></resource><resource><extension url="http://hl7.org/fhir/tools/StructureDefinition/resource-sort"><valueInteger value="999999999"/></extension><extension url="http://hl7.org/fhir/StructureDefinition/implementationguide-page"><valueUri value="StructureDefinition-at-core-ext-address-additionalInformation.html"/></extension><reference><reference value="StructureDefinition/at-core-ext-address-additionalInformation"/></reference><name value="Address Additional Information"/><description value="HL7® Austria FHIR® Core Extension for the additional information part of the Austrian address."/><isExample value="false"/><groupingId value="-str-extension"/></resource><resource><extension url="http://hl7.org/fhir/tools/StructureDefinition/resource-sort"><valueInteger value="999999999"/></extension><extension url="http://hl7.org/fhir/StructureDefinition/implementationguide-page"><valueUri value="StructureDefinition-at-core-ext-patient-religion.html"/></extension><reference><reference value="StructureDefinition/at-core-ext-patient-religion"/></reference><name value="Patient Religion"/><description value="HL7® Austria FHIR® Core Extension for the religion (registered in Austria) of a patient.&#xA;The extension is used to encode the religious confession of a patient (only confessions registered in Austria). Furthermore, it uses the official [HL7 AT CodeSystem](https://termpub.gesundheit.gv.at:443/TermBrowser/gui/main/main.zul?loadType=CodeSystem&amp;loadName=HL7 AT ReligionAustria) for religion and is therefore aligned with the ELGA ValueSet, respectively."/><isExample value="false"/><groupingId value="-str-extension"/></resource><resource><extension url="http://hl7.org/fhir/tools/StructureDefinition/resource-sort"><valueInteger value="999999999"/></extension><extension url="http://hl7.org/fhir/StructureDefinition/implementationguide-page"><valueUri value="StructureDefinition-at-core-ext-valueset-systemoid.html"/></extension><reference><reference value="StructureDefinition/at-core-ext-valueset-systemoid"/></reference><name value="System OID"/><description value="HL7® Austria FHIR® Core Extension for the capturing of OID in ValueSets to reference the CodeSystem they come from.&#xA;The extension is used to document the OID of the system of a code referenced in a ValueSet, to align FHIR with the HL7 Austria CDA document guidelines."/><isExample value="false"/><groupingId value="-str-extension"/></resource><resource><extension url="http://hl7.org/fhir/tools/StructureDefinition/resource-sort"><valueInteger value="999999999"/></extension><extension url="http://hl7.org/fhir/StructureDefinition/implementationguide-page"><valueUri value="ValueSet-at-elga-vs-countryCodes.html"/></extension><reference><reference value="ValueSet/at-elga-vs-countryCodes"/></reference><name value="ELGA Country Code Value Set"/><description value="Value Set for ISO 3166-1 alpha 3 used in ELGA. Also accessible on [Termpub - ValueSet - ELGA Ländercodes](https://termpub.gesundheit.gv.at:443/TermBrowser/gui/main/main.zul?loadType=ValueSet&amp;loadName=ELGA_Laendercodes)."/><isExample value="false"/><groupingId value="-term-valueset"/></resource><resource><extension url="http://hl7.org/fhir/tools/StructureDefinition/resource-sort"><valueInteger value="999999999"/></extension><extension url="http://hl7.org/fhir/StructureDefinition/implementationguide-page"><valueUri value="ValueSet-at-elga-vs-religion.html"/></extension><reference><reference value="ValueSet/at-elga-vs-religion"/></reference><name value="ELGA Religion Value Set"/><description value="Set of religious affiliations to be used in ELGA. It is preferred to use entries of the first level hierachy (1-L). Also accessible on [Termpub - ValueSet - ELGA ReligiousAffiliation](https://termpub.gesundheit.gv.at:443/TermBrowser/gui/main/main.zul?loadType=ValueSet&amp;loadName=ELGA_ReligiousAffiliation)."/><isExample value="false"/><groupingId value="-term-valueset"/></resource><resource><extension url="http://hl7.org/fhir/tools/StructureDefinition/resource-sort"><valueInteger value="999999999"/></extension><extension url="http://hl7.org/fhir/StructureDefinition/implementationguide-page"><valueUri value="CodeSystem-at-core-cs-religion.html"/></extension><reference><reference value="CodeSystem/at-core-cs-religion"/></reference><name value="HL7 AT Core Religion Code System"/><description value="Code system for the religions and faith communities in Austria. Also accessible on [Termpub - CodeSystem - HL7 AT ReligionAustria](https://termpub.gesundheit.gv.at:443/TermBrowser/gui/main/main.zul?loadType=CodeSystem&amp;loadName=HL7.AT:ReligionAustria)."/><isExample value="false"/><groupingId value="-term-codesystem"/></resource><resource><extension url="http://hl7.org/fhir/tools/StructureDefinition/resource-sort"><valueInteger value="999999999"/></extension><extension url="http://hl7.org/fhir/StructureDefinition/implementationguide-page"><valueUri value="CodeSystem-at-core-cs-iso-3166-1-alpha-3.html"/></extension><reference><reference value="CodeSystem/at-core-cs-iso-3166-1-alpha-3"/></reference><name value="HL7® AT® Core ISO 3166-1 alpha 3 Code System"/><description value="ISO code system for country codes with 3 letters. Also accessible on [Termpub - CodeSystem - ISO 3166-1 alpha 3](https://termpub.gesundheit.gv.at/TermBrowser/gui/main/main.zul?loadType=CodeSystem&amp;loadName=ISO%203166-1%20alpha%203%202016)."/><isExample value="false"/><groupingId value="-term-codesystem"/></resource><resource><extension url="http://hl7.org/fhir/tools/StructureDefinition/resource-sort"><valueInteger value="999999999"/></extension><extension url="http://hl7.org/fhir/StructureDefinition/implementationguide-page"><valueUri value="RequestOrchestration-bfa0d45270674e0794b694f2892cb1c0.html"/></extension><reference><reference value="RequestOrchestration/bfa0d45270674e0794b694f2892cb1c0"/></reference><name value="Ex0100 US001 LINCARequestOrchestration: Single medication without pharmacy"/><description value="LINCARequestOrchestration created by DGKP Susanne Allzeits. It contains the single medication proposal for her client Renate Rüssel-Olifant without a specified pharmacy for pickup."/><profile value="http://fhir.hl7.at/linkedcare/StructureDefinition/linca-full-proposal-list"/><groupingId value="-ex-example"/></resource><resource><extension url="http://hl7.org/fhir/tools/StructureDefinition/resource-sort"><valueInteger value="999999999"/></extension><extension url="http://hl7.org/fhir/StructureDefinition/implementationguide-page"><valueUri value="MedicationRequest-b8aad49741e74c36aeab76cada3ad1bc.html"/></extension><reference><reference value="MedicationRequest/b8aad49741e74c36aeab76cada3ad1bc"/></reference><name value="Ex0102 US001 LINCAProposalMedicationRequest: Systeminstance"/><description value="The Linked Care FHIR server, creates an instance from DGKP Susanne Allzeit's single medication proposal."/><profile value="http://fhir.hl7.at/linkedcare/StructureDefinition/linca-proposal-medication-request"/><groupingId value="-ex-example"/></resource><resource><extension url="http://hl7.org/fhir/tools/StructureDefinition/resource-sort"><valueInteger value="999999999"/></extension><extension url="http://hl7.org/fhir/StructureDefinition/implementationguide-page"><valueUri value="MedicationRequest-331c530a6377444a9e78a8a27a2ec35c.html"/></extension><reference><reference value="MedicationRequest/331c530a6377444a9e78a8a27a2ec35c"/></reference><name value="Ex0103 US010 LINCAPrescriptionMedicationRequest: Prescribe as proposed"/><description value="Practitioner Dr. Wibke Würm is designated practicioner for Renate Rüssel-Olifant.  They decide that the received proposal is ok and issue a prescription for the medication."/><profile value="http://fhir.hl7.at/linkedcare/StructureDefinition/linca-prescription-medication-request"/><groupingId value="-ex-example"/></resource><resource><extension url="http://hl7.org/fhir/tools/StructureDefinition/resource-sort"><valueInteger value="999999999"/></extension><extension url="http://hl7.org/fhir/StructureDefinition/implementationguide-page"><valueUri value="MedicationDispense-d6a2f68cd3f74c28b9dd9fa4ec014cc4.html"/></extension><reference><reference value="MedicationDispense/d6a2f68cd3f74c28b9dd9fa4ec014cc4"/></reference><name value="Ex0104 US016 LINCAMedicationDispense: Full Dispense"/><description value="Pharmacist Mag. Andreas Amsel, owner of the pharmacy Apotheke 'Zum frühen Vogel' has access to and permission in a pharmacist role in the LINCA system. When he is expected to fullfil medication orders for a customer Renate Rüssel-Olifant, and he has a LINCA order Id to go with a purchase her care giver Susanne Allzeit just made for her, then Mag. Andreas Amsel submits a dispense record for the order position in question."/><profile value="http://fhir.hl7.at/linkedcare/StructureDefinition/linca-dipsense-documentation"/><groupingId value="-ex-example"/></resource><resource><extension url="http://hl7.org/fhir/tools/StructureDefinition/resource-sort"><valueInteger value="999999999"/></extension><extension url="http://hl7.org/fhir/StructureDefinition/implementationguide-page"><valueUri value="RequestOrchestration-c13972d2294549c7bd29e924cbf0ce41.html"/></extension><reference><reference value="RequestOrchestration/c13972d2294549c7bd29e924cbf0ce41"/></reference><name value="Ex0200 US003 LINCARequestOrchestration: Minimalistic Inpatient"/><description value="DGKP Walter Specht submits LINCARequestOrchestration containing individual proposal items and specifies a pharmacy for pickup. Each item consists of 1 medication for a single patient. Hence, if one patient needs multiple medications, each must be an individual proposal item."/><profile value="http://fhir.hl7.at/linkedcare/StructureDefinition/linca-full-proposal-list"/><groupingId value="-ex-example"/></resource><resource><extension url="http://hl7.org/fhir/tools/StructureDefinition/resource-sort"><valueInteger value="999999999"/></extension><extension url="http://hl7.org/fhir/StructureDefinition/implementationguide-page"><valueUri value="MedicationRequest-4ca9d9bf9936427c926118e9c627fc3a.html"/></extension><reference><reference value="MedicationRequest/4ca9d9bf9936427c926118e9c627fc3a"/></reference><name value="Ex0203 US003 LINCAProposalMedicationRequest: Systeminstance 01"/><description value="The proposal was successfully posted to the Linked Care FHIR server and an instance of the inline LINCAProposalMedicationRequest was created."/><profile value="http://fhir.hl7.at/linkedcare/StructureDefinition/linca-proposal-medication-request"/><groupingId value="-ex-example"/></resource><resource><extension url="http://hl7.org/fhir/tools/StructureDefinition/resource-sort"><valueInteger value="999999999"/></extension><extension url="http://hl7.org/fhir/StructureDefinition/implementationguide-page"><valueUri value="MedicationRequest-1762e9b8e2c84b01824f101db887593c.html"/></extension><reference><reference value="MedicationRequest/1762e9b8e2c84b01824f101db887593c"/></reference><name value="Ex0204 US003 LINCAProposalMedicationRequest: Systeminstance 02"/><description value="Second proposal item of DGKP Walte Specht's proposal. Instance is for another patient in 'Haus Vogelsang'"/><profile value="http://fhir.hl7.at/linkedcare/StructureDefinition/linca-proposal-medication-request"/><groupingId value="-ex-example"/></resource><resource><extension url="http://hl7.org/fhir/tools/StructureDefinition/resource-sort"><valueInteger value="999999999"/></extension><extension url="http://hl7.org/fhir/StructureDefinition/implementationguide-page"><valueUri value="MedicationRequest-3249246cd3774134abeafdfe6189e8e7.html"/></extension><reference><reference value="MedicationRequest/3249246cd3774134abeafdfe6189e8e7"/></reference><name value="Ex0205 US004 LINCAProposalMedicationRequest: Update basedOn"/><description value="DGKP Walter Specht needs to modify details of his proposal. He wants to update one individual proposal item for his client Günter Gürtelthier."/><profile value="http://fhir.hl7.at/linkedcare/StructureDefinition/linca-proposal-medication-request"/><groupingId value="-ex-example"/></resource><resource><extension url="http://hl7.org/fhir/tools/StructureDefinition/resource-sort"><valueInteger value="999999999"/></extension><extension url="http://hl7.org/fhir/StructureDefinition/implementationguide-page"><valueUri value="MedicationRequest-ab0ad2904cd14d36af23de4edc332ea3.html"/></extension><reference><reference value="MedicationRequest/ab0ad2904cd14d36af23de4edc332ea3"/></reference><name value="Ex0206 US005 LINCAProposalMedicationRequest: Cancel basedOn"/><description value="DGKP Walter Specht needs to cancel individual proposal positions for his client Patrizia Platypus. He submits updates on those positions, providing a reason for cancellation, such as a medical reason, and sets their status to 'cancelled'."/><profile value="http://fhir.hl7.at/linkedcare/StructureDefinition/linca-proposal-medication-request"/><groupingId value="-ex-example"/></resource><resource><extension url="http://hl7.org/fhir/tools/StructureDefinition/resource-sort"><valueInteger value="999999999"/></extension><extension url="http://hl7.org/fhir/StructureDefinition/implementationguide-page"><valueUri value="MedicationRequest-091f1a9d0d64415c91f67caccc3f3848.html"/></extension><reference><reference value="MedicationRequest/091f1a9d0d64415c91f67caccc3f3848"/></reference><name value="Ex0207 US011 LINCAPrescriptionMedicationRequest: Change medication in prescription"/><description value="Dr. Silvia Spitzmaus does not agree with the proposed medication for Patient Walter Gürtelthier, hence she issues a prescription for a different medication."/><profile value="http://fhir.hl7.at/linkedcare/StructureDefinition/linca-prescription-medication-request"/><groupingId value="-ex-example"/></resource><resource><extension url="http://hl7.org/fhir/tools/StructureDefinition/resource-sort"><valueInteger value="999999999"/></extension><extension url="http://hl7.org/fhir/StructureDefinition/implementationguide-page"><valueUri value="MedicationRequest-2f9de5b899a54392b9b39c440aca0887.html"/></extension><reference><reference value="MedicationRequest/2f9de5b899a54392b9b39c440aca0887"/></reference><name value="Ex0208 US012 LINCAPrescriptionMedicationRequest: Modify Dosage"/><description value="After issuing the prescription for Walter Gürtelthier, Dr. Silvia Spitzmaus realizes the dosage needs adjustment. ence, she submits an update to that prescription with new dosage instructions."/><profile value="http://fhir.hl7.at/linkedcare/StructureDefinition/linca-prescription-medication-request"/><groupingId value="-ex-example"/></resource><resource><extension url="http://hl7.org/fhir/tools/StructureDefinition/resource-sort"><valueInteger value="999999999"/></extension><extension url="http://hl7.org/fhir/StructureDefinition/implementationguide-page"><valueUri value="RequestOrchestration-RequestOrchestration-Dosage-Example.html"/></extension><reference><reference value="RequestOrchestration/RequestOrchestration-Dosage-Example"/></reference><name value="Example LINCARequestOrchestration: Dosage Variation"/><description value="LINCA Proposal with different dummy data as in the user stories. Shows all ELGA conform encodeing of dosage instructions used by the other examples."/><profile value="http://fhir.hl7.at/linkedcare/StructureDefinition/linca-full-proposal-list"/><groupingId value="-ex-example"/></resource><resource><extension url="http://hl7.org/fhir/tools/StructureDefinition/resource-sort"><valueInteger value="999999999"/></extension><extension url="http://hl7.org/fhir/StructureDefinition/implementationguide-page"><valueUri value="Patient-6800bda462034a9a8123e3dc48c61d53.html"/></extension><reference><reference value="Patient/6800bda462034a9a8123e3dc48c61d53"/></reference><name value="Registered Patient 01: 'Günter Gürtelthier'"/><description value="Instance of fictitious patient, who is an inpatient at Haus Vogelsang"/><profile value="http://fhir.hl7.at/linkedcare/StructureDefinition/at-core-patient"/><groupingId value="-ex-example"/></resource><resource><extension url="http://hl7.org/fhir/tools/StructureDefinition/resource-sort"><valueInteger value="999999999"/></extension><extension url="http://hl7.org/fhir/StructureDefinition/implementationguide-page"><valueUri value="Patient-d14e6251b3c545828f7e44cdc6faf2fb.html"/></extension><reference><reference value="Patient/d14e6251b3c545828f7e44cdc6faf2fb"/></reference><name value="Registered Patient 02: 'Patrizia Platypus' "/><description value="Instance of fictitious patient, who is inpatient at Haus Vogelsang"/><profile value="http://fhir.hl7.at/linkedcare/StructureDefinition/at-core-patient"/><groupingId value="-ex-example"/></resource><resource><extension url="http://hl7.org/fhir/tools/StructureDefinition/resource-sort"><valueInteger value="999999999"/></extension><extension url="http://hl7.org/fhir/StructureDefinition/implementationguide-page"><valueUri value="Patient-ee8d340312484aaca84774b2a0d53533.html"/></extension><reference><reference value="Patient/ee8d340312484aaca84774b2a0d53533"/></reference><name value="Registered Patient 03: Renate Rüssel-Olifant"/><description value="Instance of fictitious patient, who is a client at Pflegedienst Immerdar"/><profile value="http://fhir.hl7.at/linkedcare/StructureDefinition/at-core-patient"/><groupingId value="-ex-example"/></resource><page><sourceUrl value="toc.html"/><name value="toc.html"/><title value="Table of Contents"/><generation value="html"/><page><sourceUrl value="index.html"/><name value="index.html"/><title value="Linked Care Implementation Guide Overview"/><generation value="markdown"/></page><page><sourceUrl value="user_stories_noscroll.html"/><name value="user_stories_noscroll.html"/><title value="Linked Care Medication Ordering Process User Stories"/><generation value="markdown"/></page><page><sourceUrl value="technical_information.html"/><name value="technical_information.html"/><title value="Linked Care Technical Information for Implementers"/><generation value="markdown"/></page><page><sourceUrl value="artifacts.html"/><name value="artifacts.html"/><title value="Artifacts Summary"/><generation value="html"/><page><sourceUrl value="StructureDefinition-at-core-patient.html"/><name value="StructureDefinition-at-core-patient.html"/><title value="HL7® AT Core Patient Profile"/><generation value="generated"/></page><page><sourceUrl value="StructureDefinition-at-core-valueset.html"/><name value="StructureDefinition-at-core-valueset.html"/><title value="HL7® AT Core ValueSet Profile"/><generation value="generated"/></page><page><sourceUrl value="StructureDefinition-linca-dipsense-documentation.html"/><name value="StructureDefinition-linca-dipsense-documentation.html"/><title value="LINCA Dispense (LINCAMedicationDispense)"/><generation value="generated"/></page><page><sourceUrl value="StructureDefinition-linca-medication.html"/><name value="StructureDefinition-linca-medication.html"/><title value="LINCA Medication (LINCAMeds)"/><generation value="generated"/></page><page><sourceUrl value="StructureDefinition-linca-prescription-medication-request.html"/><name value="StructureDefinition-linca-prescription-medication-request.html"/><title value="LINCA Prescription (LINCAPrescriptionMedicationRequest)"/><generation value="generated"/></page><page><sourceUrl value="StructureDefinition-linca-proposal-medication-request.html"/><name value="StructureDefinition-linca-proposal-medication-request.html"/><title value="LINCA Proposal Item (LINCAProposalMedicationRequest)"/><generation value="generated"/></page><page><sourceUrl value="StructureDefinition-linca-full-proposal-list.html"/><name value="StructureDefinition-linca-full-proposal-list.html"/><title value="LINCA Proposal List (LINCARequestOrchestration)"/><generation value="generated"/></page><page><sourceUrl value="StructureDefinition-at-core-address.html"/><name value="StructureDefinition-at-core-address.html"/><title value="HL7® AT Core Address Profile"/><generation value="generated"/></page><page><sourceUrl value="StructureDefinition-at-core-ext-address-additionalInformation.html"/><name value="StructureDefinition-at-core-ext-address-additionalInformation.html"/><title value="Address Additional Information"/><generation value="generated"/></page><page><sourceUrl value="StructureDefinition-at-core-ext-patient-religion.html"/><name value="StructureDefinition-at-core-ext-patient-religion.html"/><title value="Patient Religion"/><generation value="generated"/></page><page><sourceUrl value="StructureDefinition-at-core-ext-valueset-systemoid.html"/><name value="StructureDefinition-at-core-ext-valueset-systemoid.html"/><title value="System OID"/><generation value="generated"/></page><page><sourceUrl value="ValueSet-at-elga-vs-countryCodes.html"/><name value="ValueSet-at-elga-vs-countryCodes.html"/><title value="ELGA Country Code Value Set"/><generation value="generated"/></page><page><sourceUrl value="ValueSet-at-elga-vs-religion.html"/><name value="ValueSet-at-elga-vs-religion.html"/><title value="ELGA Religion Value Set"/><generation value="generated"/></page><page><sourceUrl value="CodeSystem-at-core-cs-religion.html"/><name value="CodeSystem-at-core-cs-religion.html"/><title value="HL7 AT Core Religion Code System"/><generation value="generated"/></page><page><sourceUrl value="CodeSystem-at-core-cs-iso-3166-1-alpha-3.html"/><name value="CodeSystem-at-core-cs-iso-3166-1-alpha-3.html"/><title value="HL7® AT® Core ISO 3166-1 alpha 3 Code System"/><generation value="generated"/></page><page><sourceUrl value="RequestOrchestration-bfa0d45270674e0794b694f2892cb1c0.html"/><name value="RequestOrchestration-bfa0d45270674e0794b694f2892cb1c0.html"/><title value="Ex0100 US001 LINCARequestOrchestration: Single medication without pharmacy"/><generation value="generated"/></page><page><sourceUrl value="MedicationRequest-b8aad49741e74c36aeab76cada3ad1bc.html"/><name value="MedicationRequest-b8aad49741e74c36aeab76cada3ad1bc.html"/><title value="Ex0102 US001 LINCAProposalMedicationRequest: Systeminstance"/><generation value="generated"/></page><page><sourceUrl value="MedicationRequest-331c530a6377444a9e78a8a27a2ec35c.html"/><name value="MedicationRequest-331c530a6377444a9e78a8a27a2ec35c.html"/><title value="Ex0103 US010 LINCAPrescriptionMedicationRequest: Prescribe as proposed"/><generation value="generated"/></page><page><sourceUrl value="MedicationDispense-d6a2f68cd3f74c28b9dd9fa4ec014cc4.html"/><name value="MedicationDispense-d6a2f68cd3f74c28b9dd9fa4ec014cc4.html"/><title value="Ex0104 US016 LINCAMedicationDispense: Full Dispense"/><generation value="generated"/></page><page><sourceUrl value="RequestOrchestration-c13972d2294549c7bd29e924cbf0ce41.html"/><name value="RequestOrchestration-c13972d2294549c7bd29e924cbf0ce41.html"/><title value="Ex0200 US003 LINCARequestOrchestration: Minimalistic Inpatient"/><generation value="generated"/></page><page><sourceUrl value="MedicationRequest-4ca9d9bf9936427c926118e9c627fc3a.html"/><name value="MedicationRequest-4ca9d9bf9936427c926118e9c627fc3a.html"/><title value="Ex0203 US003 LINCAProposalMedicationRequest: Systeminstance 01"/><generation value="generated"/></page><page><sourceUrl value="MedicationRequest-1762e9b8e2c84b01824f101db887593c.html"/><name value="MedicationRequest-1762e9b8e2c84b01824f101db887593c.html"/><title value="Ex0204 US003 LINCAProposalMedicationRequest: Systeminstance 02"/><generation value="generated"/></page><page><sourceUrl value="MedicationRequest-3249246cd3774134abeafdfe6189e8e7.html"/><name value="MedicationRequest-3249246cd3774134abeafdfe6189e8e7.html"/><title value="Ex0205 US004 LINCAProposalMedicationRequest: Update basedOn"/><generation value="generated"/></page><page><sourceUrl value="MedicationRequest-ab0ad2904cd14d36af23de4edc332ea3.html"/><name value="MedicationRequest-ab0ad2904cd14d36af23de4edc332ea3.html"/><title value="Ex0206 US005 LINCAProposalMedicationRequest: Cancel basedOn"/><generation value="generated"/></page><page><sourceUrl value="MedicationRequest-091f1a9d0d64415c91f67caccc3f3848.html"/><name value="MedicationRequest-091f1a9d0d64415c91f67caccc3f3848.html"/><title value="Ex0207 US011 LINCAPrescriptionMedicationRequest: Change medication in prescription"/><generation value="generated"/></page><page><sourceUrl value="MedicationRequest-2f9de5b899a54392b9b39c440aca0887.html"/><name value="MedicationRequest-2f9de5b899a54392b9b39c440aca0887.html"/><title value="Ex0208 US012 LINCAPrescriptionMedicationRequest: Modify Dosage"/><generation value="generated"/></page><page><sourceUrl value="RequestOrchestration-RequestOrchestration-Dosage-Example.html"/><name value="RequestOrchestration-RequestOrchestration-Dosage-Example.html"/><title value="Example LINCARequestOrchestration: Dosage Variation"/><generation value="generated"/></page><page><sourceUrl value="Patient-6800bda462034a9a8123e3dc48c61d53.html"/><name value="Patient-6800bda462034a9a8123e3dc48c61d53.html"/><title value="Registered Patient 01: 'Günter Gürtelthier'"/><generation value="generated"/></page><page><sourceUrl value="Patient-d14e6251b3c545828f7e44cdc6faf2fb.html"/><name value="Patient-d14e6251b3c545828f7e44cdc6faf2fb.html"/><title value="Registered Patient 02: 'Patrizia Platypus' "/><generation value="generated"/></page><page><sourceUrl value="Patient-ee8d340312484aaca84774b2a0d53533.html"/><name value="Patient-ee8d340312484aaca84774b2a0d53533.html"/><title value="Registered Patient 03: Renate Rüssel-Olifant"/><generation value="generated"/></page></page></page><parameter><code><system value="http://hl7.org/fhir/tools/CodeSystem/ig-parameters"/><code value="copyrightyear"/></code><value value="2023+"/></parameter><parameter><code><system value="http://hl7.org/fhir/tools/CodeSystem/ig-parameters"/><code value="releaselabel"/></code><value value="ci-build"/></parameter><parameter><code><system value="http://hl7.org/fhir/tools/CodeSystem/ig-parameters"/><code value="autoload-resources"/></code><value value="true"/></parameter><parameter><code><system value="http://hl7.org/fhir/guide-parameter-code"/><code value="path-resource"/></code><value value="input/capabilities"/></parameter><parameter><code><system value="http://hl7.org/fhir/guide-parameter-code"/><code value="path-resource"/></code><value value="input/examples"/></parameter><parameter><code><system value="http://hl7.org/fhir/guide-parameter-code"/><code value="path-resource"/></code><value value="input/extensions"/></parameter><parameter><code><system value="http://hl7.org/fhir/guide-parameter-code"/><code value="path-resource"/></code><value value="input/models"/></parameter><parameter><code><system value="http://hl7.org/fhir/guide-parameter-code"/><code value="path-resource"/></code><value value="input/operations"/></parameter><parameter><code><system value="http://hl7.org/fhir/guide-parameter-code"/><code value="path-resource"/></code><value value="input/profiles"/></parameter><parameter><code><system value="http://hl7.org/fhir/guide-parameter-code"/><code value="path-resource"/></code><value value="input/resources"/></parameter><parameter><code><system value="http://hl7.org/fhir/guide-parameter-code"/><code value="path-resource"/></code><value value="input/vocabulary"/></parameter><parameter><code><system value="http://hl7.org/fhir/guide-parameter-code"/><code value="path-resource"/></code><value value="input/maps"/></parameter><parameter><code><system value="http://hl7.org/fhir/guide-parameter-code"/><code value="path-resource"/></code><value value="input/testing"/></parameter><parameter><code><system value="http://hl7.org/fhir/guide-parameter-code"/><code value="path-resource"/></code><value value="input/history"/></parameter><parameter><code><system value="http://hl7.org/fhir/guide-parameter-code"/><code value="path-resource"/></code><value value="fsh-generated/resources"/></parameter><parameter><code><system value="http://hl7.org/fhir/guide-parameter-code"/><code value="path-pages"/></code><value value="template/config"/></parameter><parameter><code><system value="http://hl7.org/fhir/guide-parameter-code"/><code value="path-pages"/></code><value value="input/images"/></parameter><parameter><code><system value="http://hl7.org/fhir/tools/CodeSystem/ig-parameters"/><code value="path-liquid"/></code><value value="template/liquid"/></parameter><parameter><code><system value="http://hl7.org/fhir/tools/CodeSystem/ig-parameters"/><code value="path-liquid"/></code><value value="input/liquid"/></parameter><parameter><code><system value="http://hl7.org/fhir/tools/CodeSystem/ig-parameters"/><code value="path-qa"/></code><value value="temp/qa"/></parameter><parameter><code><system value="http://hl7.org/fhir/tools/CodeSystem/ig-parameters"/><code value="path-temp"/></code><value value="temp/pages"/></parameter><parameter><code><system value="http://hl7.org/fhir/tools/CodeSystem/ig-parameters"/><code value="path-output"/></code><value value="output"/></parameter><parameter><code><system value="http://hl7.org/fhir/guide-parameter-code"/><code value="path-tx-cache"/></code><value value="input-cache/txcache"/></parameter><parameter><code><system value="http://hl7.org/fhir/tools/CodeSystem/ig-parameters"/><code value="path-suppressed-warnings"/></code><value value="input/ignoreWarnings.txt"/></parameter><parameter><code><system value="http://hl7.org/fhir/tools/CodeSystem/ig-parameters"/><code value="path-history"/></code><value value="http://fhir.hl7.at/linkedcare/history.html"/></parameter><parameter><code><system value="http://hl7.org/fhir/tools/CodeSystem/ig-parameters"/><code value="template-html"/></code><value value="template-page.html"/></parameter><parameter><code><system value="http://hl7.org/fhir/tools/CodeSystem/ig-parameters"/><code value="template-md"/></code><value value="template-page-md.html"/></parameter><parameter><code><system value="http://hl7.org/fhir/tools/CodeSystem/ig-parameters"/><code value="apply-contact"/></code><value value="true"/></parameter><parameter><code><system value="http://hl7.org/fhir/tools/CodeSystem/ig-parameters"/><code value="apply-context"/></code><value value="true"/></parameter><parameter><code><system value="http://hl7.org/fhir/tools/CodeSystem/ig-parameters"/><code value="apply-copyright"/></code><value value="true"/></parameter><parameter><code><system value="http://hl7.org/fhir/tools/CodeSystem/ig-parameters"/><code value="apply-jurisdiction"/></code><value value="true"/></parameter><parameter><code><system value="http://hl7.org/fhir/tools/CodeSystem/ig-parameters"/><code value="apply-license"/></code><value value="true"/></parameter><parameter><code><system value="http://hl7.org/fhir/tools/CodeSystem/ig-parameters"/><code value="apply-publisher"/></code><value value="true"/></parameter><parameter><code><system value="http://hl7.org/fhir/tools/CodeSystem/ig-parameters"/><code value="apply-version"/></code><value value="true"/></parameter><parameter><code><system value="http://hl7.org/fhir/tools/CodeSystem/ig-parameters"/><code value="apply-wg"/></code><value value="true"/></parameter><parameter><code><system value="http://hl7.org/fhir/tools/CodeSystem/ig-parameters"/><code value="active-tables"/></code><value value="true"/></parameter><parameter><code><system value="http://hl7.org/fhir/tools/CodeSystem/ig-parameters"/><code value="fmm-definition"/></code><value value="http://hl7.org/fhir/versions.html#maturity"/></parameter><parameter><code><system value="http://hl7.org/fhir/tools/CodeSystem/ig-parameters"/><code value="propagate-status"/></code><value value="true"/></parameter><parameter><code><system value="http://hl7.org/fhir/tools/CodeSystem/ig-parameters"/><code value="excludelogbinaryformat"/></code><value value="true"/></parameter><parameter><code><system value="http://hl7.org/fhir/tools/CodeSystem/ig-parameters"/><code value="tabbed-snapshots"/></code><value value="true"/></parameter></definition></ImplementationGuide>