{"resourceType":"ValueSet","id":"KIOLABoolean","text":{"status":"generated","div":"<div xmlns=\"http://www.w3.org/1999/xhtml\"><ul><li>Import all the codes that are contained in <a href=\"CodeSystem-kiola-boolean-cs.html\">https://fhir.ehealth-systems.at/kiola/boolean</a></li></ul></div>"},"url":"https://fhir.ehealth-systems.at/artifacts/ValueSet/KIOLABoolean","version":"0.1.0","name":"KIOLABoolean","title":"KIOLA Boolean","status":"active","date":"2024-03-11T08:55:33+00:00","contact":[{"name":"AIT Austrian Institute of Technology","telecom":[{"system":"email","value":"mailto:office@ait.ac.at"}]}],"compose":{"include":[{"valueSet":["https://fhir.ehealth-systems.at/kiola/boolean"]}]}}