{"resourceType":"ValueSet","id":"KIOLAMeasurementDeviceTypes","text":{"status":"extensions","div":"<div xmlns=\"http://www.w3.org/1999/xhtml\"><p>This value set includes codes based on the following rules:</p><ul><li>Include these codes as defined in <a href=\"CodeSystem-kiola-device-cs.html\"><code>https://fhir.ehealth-systems.at/kiola/device</code></a><table class=\"none\"><tr><td style=\"white-space:nowrap\"><b>Code</b></td><td><b>Display</b></td><td><b>Definition</b></td></tr><tr><td><a href=\"CodeSystem-kiola-device-cs.html#kiola-device-cs-SDC\">SDC</a></td><td style=\"color: #cccccc\">Structured Data Capture</td><td>A device to manually enter vital data using a questionnaire.</td></tr></table></li><li>Import all the codes that are contained in <a href=\"ValueSet-KIOLAMeasurementAutomaticTransmissionDeviceTypes.html\">KIOLA Automatic Transmission Measurement Device Types</a></li></ul></div>"},"url":"https://fhir.ehealth-systems.at/artifacts/ValueSet/KIOLAMeasurementDeviceTypes","version":"0.1.0","name":"KIOLAMeasurementDeviceTypes","title":"KIOLA Measurement Device Types","status":"active","date":"2024-04-27T13:32:49+00:00","contact":[{"name":"AIT Austrian Institute of Technology","telecom":[{"system":"email","value":"mailto:office@ait.ac.at"}]}],"description":"Types of devices that might transmit vital data measurements to a KIOLA system.","compose":{"include":[{"system":"https://fhir.ehealth-systems.at/kiola/device","concept":[{"code":"SDC"}]},{"valueSet":["https://fhir.ehealth-systems.at/artifacts/ValueSet/KIOLAMeasurementAutomaticTransmissionDeviceTypes"]}]}}