<?xml version="1.0" encoding="UTF-8"?><ValueSet xmlns="http://hl7.org/fhir"><id value="diagnose"/><text><status value="generated"/><div xmlns="http://www.w3.org/1999/xhtml"><ul><li>Include these codes as defined in <a href="http://www.snomed.org/"><code>http://snomed.info/sct</code></a><table class="none"><tr><td style="white-space:nowrap"><b>Code</b></td><td><b>Display</b></td><td><b>Deutsch (Österreich) (German (Austria), de)</b></td></tr><tr><td><a href="http://snomed.info/id/703272007">703272007</a></td><td>HFrEF - heart failure with reduced ejection fraction</td><td>HFrEF</td></tr><tr><td><a href="http://snomed.info/id/788950000">788950000</a></td><td>HFmEF - heart failure with mid range ejection fraction</td><td>HFmrEF</td></tr><tr><td><a href="http://snomed.info/id/446221000">446221000</a></td><td>HFpEF - heart failure with preserved ejection fraction</td><td>HFpEF</td></tr></table></li></ul></div></text><url value="https://diab.iv.elga.gv.at/ValueSet/diagnose"/><version value="0.1.0"/><name value="Diagnose"/><title value="Diagnose"/><status value="draft"/><date value="2024-05-28T14:25:49+00:00"/><publisher value="ELGA GmbH"/><contact><name value="ELGA GmbH"/><telecom><system value="url"/><value value="https://www.elga.gv.at/"/></telecom></contact><description value="Klassifikation der Herzinsuffizienz auf Basis der LVEF"/><compose><include><system value="http://snomed.info/sct"/><concept><code value="703272007"/><display value="HFrEF - heart failure with reduced ejection fraction"/><designation><language value="de-AT"/><value value="HFrEF"/></designation></concept><concept><code value="788950000"/><display value="HFmEF - heart failure with mid range ejection fraction"/><designation><language value="de-AT"/><value value="HFmrEF"/></designation></concept><concept><code value="446221000"/><display value="HFpEF - heart failure with preserved ejection fraction"/><designation><language value="de-AT"/><value value="HFpEF"/></designation></concept></include></compose></ValueSet>