<?xml version="1.0" encoding="UTF-8"?><CodeSystem xmlns="http://hl7.org/fhir"><id value="100000000008"/><text><status value="generated"/><div xmlns="http://www.w3.org/1999/xhtml"><p>This case-sensitive code system <code>https://spor.ema.europa.eu/v1/lists/100000000008</code> defines the following codes:</p><table class="codes"><tr><td style="white-space:nowrap"><b>Code</b></td><td><b>Display</b></td></tr><tr><td style="white-space:nowrap">100000000049<a name="100000000008-100000000049"> </a></td><td>equal to</td></tr><tr><td style="white-space:nowrap">100000000050<a name="100000000008-100000000050"> </a></td><td>less than</td></tr><tr><td style="white-space:nowrap">100000000051<a name="100000000008-100000000051"> </a></td><td>more than</td></tr><tr><td style="white-space:nowrap">100000000052<a name="100000000008-100000000052"> </a></td><td>less than or equal to</td></tr><tr><td style="white-space:nowrap">100000000053<a name="100000000008-100000000053"> </a></td><td>more than or equal to</td></tr><tr><td style="white-space:nowrap">100000000054<a name="100000000008-100000000054"> </a></td><td>equivalent to</td></tr><tr><td style="white-space:nowrap">100000000055<a name="100000000008-100000000055"> </a></td><td>approximately equal to</td></tr><tr><td style="white-space:nowrap">100000000056<a name="100000000008-100000000056"> </a></td><td>range</td></tr><tr><td style="white-space:nowrap">200000024024<a name="100000000008-200000024024"> </a></td><td>average</td></tr></table></div></text><url value="https://spor.ema.europa.eu/v1/lists/100000000008"/><version value="0.1.0"/><name value="QuantityOperatorCs"/><title value="Quantity Operator"/><status value="active"/><experimental value="false"/><date value="2024-05-17T13:17:34+00:00"/><publisher value="AGES"/><contact><name value="AGES"/><telecom><system value="url"/><value value="https://www.ages.at/"/></telecom></contact><description value="Quantity Operator"/><jurisdiction><text value="European Union"/></jurisdiction><caseSensitive value="true"/><content value="complete"/><count value="9"/><concept><code value="100000000049"/><display value="equal to"/></concept><concept><code value="100000000050"/><display value="less than"/></concept><concept><code value="100000000051"/><display value="more than"/></concept><concept><code value="100000000052"/><display value="less than or equal to"/></concept><concept><code value="100000000053"/><display value="more than or equal to"/></concept><concept><code value="100000000054"/><display value="equivalent to"/></concept><concept><code value="100000000055"/><display value="approximately equal to"/></concept><concept><code value="100000000056"/><display value="range"/></concept><concept><code value="200000024024"/><display value="average"/></concept></CodeSystem>