[
  {
    "id": "HL7ATBaseProfiles",
    "type": "ImplementationGuide",
    "url": "http://hl7.at/fhir/4.0/HL7ATBaseProfiles/ImplementationGuide/HL7ATBaseProfiles",
    "version": "0.1.0",
    "name": "HL7AustriaImplementationGuide"
  },
  {
    "id": "AustrianRepresentationOfAddress",
    "type": "StructureDefinition",
    "url": "http://hl7.at/fhir/4.0/HL7ATBaseProfiles/StructureDefinition/AustrianRepresentationOfAddress",
    "version": "0.1.0",
    "name": "AustrianAddress"
  },
  {
    "id": "austrian-patient",
    "type": "StructureDefinition",
    "url": "http://hl7.at/fhir/4.0/HL7ATBaseProfiles/StructureDefinition/austrian-patient",
    "version": "0.1.0",
    "name": "AustrianPatient"
  },
  {
    "id": "patientReligion",
    "type": "StructureDefinition",
    "url": "http://hl7.at/fhir/4.0/HL7ATBaseProfiles/StructureDefinition/patientReligion",
    "version": "0.1.0",
    "name": "PatientReligion"
  }
]