{
  "resourceType": "Patient",
  "id": "AustrianPatientExample01",
  "meta": {
    "profile": [
      "http://hl7.at/fhir/HL7ATCoreProfiles/4.0.1/StructureDefinition/austrian-patient"
    ]
  },
  "text": {
    "status": "extensions",
    "div": "<div xmlns=\"http://www.w3.org/1999/xhtml\"><p><b>Generated Narrative</b></p><h3>Ids</h3><table class=\"grid\"><tr><td>-</td></tr><tr><td>*</td></tr></table><h3>Meta</h3><table class=\"grid\"><tr><td>-</td></tr><tr><td>*</td></tr></table><blockquote><p><b>Patient Religion</b></p><h3>Urls</h3><table class=\"grid\"><tr><td>-</td></tr><tr><td>*</td></tr></table><p><b>value</b>: <span title=\"Codes: {urn:oid:2.16.840.1.113883.2.16.1.4.1 162}\">Pastafarianismus</span></p></blockquote><blockquote><p><b>citizenship</b></p><h3>Urls</h3><table class=\"grid\"><tr><td>-</td></tr><tr><td>*</td></tr></table><p><b>value</b>: <span title=\"Codes: {urn:oid:1.0.3166.1.2.3 AUT}\">Österreich</span></p></blockquote><p><b>identifier</b>: Social Security Number: 1234010100, National unique individual identifier: GH:oeLdSEb0l+8kSdJWjOYyYmnYki0=, Patient internal identifier: 0815</p><p><b>name</b>: Max Mustermann </p><p><b>telecom</b>: <a href=\"mailto:office@hl7.at\">office@hl7.at</a>, <a href=\"tel:+436501234567890\">+436501234567890</a></p><p><b>gender</b>: male</p><p><b>birthDate</b>: 1900-01-01</p><p><b>address</b>: Landstrasse 1 Stock 9 Tür 42 Linz Oberösterreich 4020 AUT (HOME)</p></div>"
  },
  "extension": [
    {
      "extension": [
        {
          "url": "code",
          "valueCodeableConcept": {
            "coding": [
              {
                "system": "urn:oid:2.16.840.1.113883.2.16.1.4.1",
                "code": "162",
                "display": "Pastafarianismus"
              }
            ]
          }
        }
      ],
      "url": "http://hl7.at/fhir/HL7ATCoreProfiles/4.0.1/StructureDefinition/patientReligion"
    },
    {
      "extension": [
        {
          "url": "code",
          "valueCodeableConcept": {
            "coding": [
              {
                "system": "urn:oid:1.0.3166.1.2.3",
                "code": "AUT",
                "display": "Österreich"
              }
            ]
          }
        }
      ],
      "url": "http://hl7.org/fhir/StructureDefinition/patient-citizenship"
    }
  ],
  "identifier": [
    {
      "type": {
        "coding": [
          {
            "system": "http://terminology.hl7.org/CodeSystem/v2-0203",
            "code": "SS",
            "display": "Social Security Number"
          }
        ]
      },
      "system": "urn:oid:1.2.40.0.10.1.4.3.1",
      "value": "1234010100",
      "assigner": {
        "display": "Dachverband der österreichischen Sozialversicherungsträger"
      }
    },
    {
      "type": {
        "coding": [
          {
            "system": "http://terminology.hl7.org/CodeSystem/v2-0203",
            "code": "NI",
            "display": "National unique individual identifier"
          }
        ]
      },
      "system": "urn:oid:1.2.40.0.10.2.1.1.149",
      "value": "GH:oeLdSEb0l+8kSdJWjOYyYmnYki0=",
      "assigner": {
        "display": "Bundesministerium für Inneres"
      }
    },
    {
      "type": {
        "coding": [
          {
            "system": "http://terminology.hl7.org/CodeSystem/v2-0203",
            "code": "PI",
            "display": "Patient internal identifier"
          }
        ]
      },
      "system": "urn:oid:1.2.3.4.5",
      "value": "0815",
      "assigner": {
        "display": "Ein GDA in Österreich"
      }
    }
  ],
  "name": [
    {
      "family": "Mustermann",
      "given": [
        "Max"
      ],
      "prefix": [
        "DI"
      ]
    }
  ],
  "telecom": [
    {
      "system": "email",
      "value": "office@hl7.at",
      "use": "work"
    },
    {
      "system": "phone",
      "value": "+436501234567890",
      "use": "home"
    }
  ],
  "gender": "male",
  "birthDate": "1900-01-01",
  "address": [
    {
      "use": "home",
      "type": "both",
      "line": [
        "Landstrasse 1 Stock 9 Tür 42"
      ],
      "_line": [
        {
          "extension": [
            {
              "url": "http://hl7.org/fhir/StructureDefinition/iso21090-ADXP-streetName",
              "valueString": "Landstrasse"
            },
            {
              "url": "http://hl7.org/fhir/StructureDefinition/iso21090-ADXP-houseNumber",
              "valueString": "1"
            },
            {
              "url": "http://hl7.org/fhir/StructureDefinition/iso21090-ADXP-additionalLocator",
              "valueString": "Stock 9 Tür 42"
            },
            {
              "url": "http://hl7.at/fhir/HL7ATCoreProfiles/4.0.1/StructureDefinition/AustrianAddressAdditionalInformation",
              "valueString": "Lift vorhanden"
            }
          ]
        }
      ],
      "city": "Linz",
      "state": "Oberösterreich",
      "postalCode": "4020",
      "country": "AUT"
    }
  ]
}