{
  "codeSystems" : [
    {
      "url" : "http://hl7.org/fhir/ValueSet/address-type",
      "version" : "5.0.0",
      "status" : "active",
      "name" : "AddressType",
      "title" : "AddressType",
      "description" : "The type of an address (physical / postal).",
      "systems" : ["http://hl7.org/fhir/address-type"],
      "oids" : ["2.16.840.1.113883.4.642.3.69"],
      "sources" : ["2.16.840.1.113883.4.642.3.69"],
      "uses" : {
      },
      "StructureDefinition-at-core-address.html" : "HL7® AT Core Address Profile",
      "StructureDefinition-at-core-patient.html" : "HL7® AT Core Patient Profile"
    },
    {
      "url" : "http://hl7.org/fhir/ValueSet/address-use",
      "version" : "5.0.0",
      "status" : "active",
      "name" : "AddressUse",
      "title" : "AddressUse",
      "description" : "The use of an address.",
      "systems" : ["http://hl7.org/fhir/address-use"],
      "oids" : ["2.16.840.1.113883.4.642.3.67"],
      "sources" : ["2.16.840.1.113883.4.642.3.67"],
      "uses" : {
      },
      "StructureDefinition-at-core-address.html" : "HL7® AT Core Address Profile",
      "StructureDefinition-at-core-patient.html" : "HL7® AT Core Patient Profile"
    },
    {
      "url" : "http://hl7.org/fhir/ValueSet/administrative-gender",
      "version" : "5.0.0",
      "status" : "active",
      "name" : "AdministrativeGender",
      "title" : "AdministrativeGender",
      "description" : "The gender of a person used for administrative purposes.",
      "systems" : ["http://hl7.org/fhir/administrative-gender"],
      "oids" : ["2.16.840.1.113883.4.642.3.1"],
      "sources" : ["2.16.840.1.113883.4.642.3.1"],
      "uses" : {
      },
      "StructureDefinition-at-core-practitioner.html" : "HL7® AT Core Practitioner Profile",
      "StructureDefinition-at-core-patient.html" : "HL7® AT Core Patient Profile"
    },
    {
      "url" : "http://hl7.org/fhir/ValueSet/all-languages",
      "version" : "5.0.0",
      "status" : "active",
      "name" : "AllLanguages",
      "title" : "All Languages",
      "description" : "This value set includes all possible codes from BCP-47 (see http://tools.ietf.org/html/bcp47)",
      "systems" : ["urn:ietf:bcp:47"],
      "oids" : ["2.16.840.1.113883.4.642.3.21"],
      "sources" : ["2.16.840.1.113883.4.642.3.21"],
      "uses" : {
      },
      "StructureDefinition-at-core-practitionerRole.html" : "HL7® AT Core PractitionerRole Profile",
      "StructureDefinition-at-core-organization.html" : "HL7® AT Core Organization Profile",
      "StructureDefinition-at-core-valueset.html" : "HL7® AT Core ValueSet Profile",
      "StructureDefinition-at-core-practitioner.html" : "HL7® AT Core Practitioner Profile",
      "StructureDefinition-at-core-patient.html" : "HL7® AT Core Patient Profile"
    },
    {
      "url" : "http://hl7.org/fhir/ValueSet/c80-practice-codes",
      "version" : "5.0.0",
      "status" : "active",
      "name" : "PracticeSettingCodeValueSet",
      "title" : "Practice Setting Code Value Set",
      "description" : "This is the code representing the clinical specialty of the clinician or provider who    interacted with, treated, or provided a service to/for the patient. The value set used    for clinical specialty has been limited by HITSP to the value set reproduced from HITSP    C80 Table 2-149 Clinical Specialty Value Set Definition.",
      "systems" : ["http://snomed.info/sct"],
      "oids" : [
        "2.16.840.1.113883.4.642.2.134",
        "2.16.840.1.113883.3.88.12.80.72"
      ],
      "sources" : [
        "2.16.840.1.113883.4.642.2.134",
        "2.16.840.1.113883.3.88.12.80.72"
      ],
      "uses" : {
      },
      "StructureDefinition-at-core-practitionerRole.html" : "HL7® AT Core PractitionerRole Profile"
    },
    {
      "url" : "http://hl7.org/fhir/ValueSet/contact-point-system",
      "version" : "5.0.0",
      "status" : "active",
      "name" : "ContactPointSystem",
      "title" : "ContactPointSystem",
      "description" : "Telecommunications form for contact point.",
      "systems" : ["http://hl7.org/fhir/contact-point-system"],
      "oids" : ["2.16.840.1.113883.4.642.3.71"],
      "sources" : ["2.16.840.1.113883.4.642.3.71"],
      "uses" : {
      },
      "StructureDefinition-at-core-patient.html" : "HL7® AT Core Patient Profile"
    },
    {
      "url" : "http://hl7.org/fhir/ValueSet/contact-point-use",
      "version" : "5.0.0",
      "status" : "active",
      "name" : "ContactPointUse",
      "title" : "ContactPointUse",
      "description" : "Use of contact point.",
      "systems" : ["http://hl7.org/fhir/contact-point-use"],
      "oids" : ["2.16.840.1.113883.4.642.3.73"],
      "sources" : ["2.16.840.1.113883.4.642.3.73"],
      "uses" : {
      },
      "StructureDefinition-at-core-patient.html" : "HL7® AT Core Patient Profile"
    },
    {
      "url" : "http://hl7.org/fhir/ValueSet/definition-topic",
      "version" : "5.0.0",
      "status" : "draft",
      "name" : "DefinitionTopic",
      "title" : "Definition Topic",
      "description" : "High-level categorization of the definition, used for searching, sorting, and filtering.",
      "systems" : [
        "http://terminology.hl7.org/CodeSystem/definition-use",
        "http://terminology.hl7.org/CodeSystem/definition-topic"
      ],
      "oids" : [
        "2.16.840.1.113883.4.642.3.794",
        "2.16.840.1.113883.4.642.3.777"
      ],
      "sources" : [
        "2.16.840.1.113883.4.642.3.794",
        "2.16.840.1.113883.4.642.3.777"
      ],
      "uses" : {
      },
      "StructureDefinition-at-core-valueset.html" : "HL7® AT Core ValueSet Profile"
    },
    {
      "url" : "http://hl7.org/fhir/ValueSet/designation-use",
      "version" : "5.0.0",
      "status" : "active",
      "name" : "DesignationUse",
      "title" : "Designation Use",
      "description" : "Details of how a designation would be used",
      "systems" : ["http://snomed.info/sct"],
      "oids" : [
        "2.16.840.1.113883.4.642.3.259",
        "2.16.840.1.113883.4.642.3.264",
        "2.16.840.1.113883.4.642.2.281"
      ],
      "sources" : [
        "2.16.840.1.113883.4.642.3.259",
        "2.16.840.1.113883.4.642.3.264",
        "2.16.840.1.113883.4.642.2.281"
      ],
      "uses" : {
      },
      "StructureDefinition-at-core-valueset.html" : "HL7® AT Core ValueSet Profile"
    },
    {
      "url" : "http://hl7.org/fhir/ValueSet/filter-operator",
      "version" : "5.0.0",
      "status" : "active",
      "name" : "FilterOperator",
      "title" : "Filter Operator",
      "description" : "The kind of operation to perform as a part of a property based filter.",
      "systems" : ["http://hl7.org/fhir/filter-operator"],
      "oids" : [
        "2.16.840.1.113883.4.642.3.478",
        "2.16.840.1.113883.4.642.2.280",
        "2.16.840.1.113883.4.642.3.471"
      ],
      "sources" : [
        "2.16.840.1.113883.4.642.3.478",
        "2.16.840.1.113883.4.642.2.280",
        "2.16.840.1.113883.4.642.3.471"
      ],
      "uses" : {
      },
      "StructureDefinition-at-core-valueset.html" : "HL7® AT Core ValueSet Profile"
    },
    {
      "url" : "http://hl7.org/fhir/ValueSet/identifier-type",
      "version" : "5.0.0",
      "status" : "active",
      "name" : "IdentifierTypeCodes",
      "title" : "Identifier Type Codes",
      "description" : "A coded type for an identifier that can be used to determine which identifier to use for a specific purpose.",
      "systems" : ["http://terminology.hl7.org/CodeSystem/v2-0203"],
      "oids" : ["2.16.840.1.113883.4.642.3.45"],
      "sources" : ["2.16.840.1.113883.4.642.3.45"],
      "uses" : {
      },
      "StructureDefinition-at-core-organization.html" : "HL7® AT Core Organization Profile",
      "StructureDefinition-at-core-practitioner.html" : "HL7® AT Core Practitioner Profile"
    },
    {
      "url" : "http://hl7.org/fhir/ValueSet/identifier-use",
      "version" : "5.0.0",
      "status" : "active",
      "name" : "IdentifierUse",
      "title" : "IdentifierUse",
      "description" : "Identifies the purpose for this identifier, if known .",
      "systems" : ["http://hl7.org/fhir/identifier-use"],
      "oids" : ["2.16.840.1.113883.4.642.3.57"],
      "sources" : ["2.16.840.1.113883.4.642.3.57"],
      "uses" : {
      },
      "StructureDefinition-at-core-organization.html" : "HL7® AT Core Organization Profile",
      "StructureDefinition-at-core-practitioner.html" : "HL7® AT Core Practitioner Profile",
      "StructureDefinition-at-core-patient.html" : "HL7® AT Core Patient Profile"
    },
    {
      "url" : "http://hl7.org/fhir/ValueSet/jurisdiction",
      "version" : "5.0.0",
      "status" : "draft",
      "name" : "JurisdictionValueSet",
      "title" : "Jurisdiction ValueSet",
      "description" : "This value set defines a base set of codes for country, country subdivision and region    for indicating where a resource is intended to be used.   \r\n   \r\n   Note: The codes for countries and country subdivisions are taken from    [ISO 3166](https://www.iso.org/iso-3166-country-codes.html)    while the codes for \"supra-national\" regions are from    [UN Standard country or area codes for statistical use (M49)](http://unstats.un.org/unsd/methods/m49/m49.htm).",
      "systems" : [
        "http://unstats.un.org/unsd/methods/m49/m49.htm",
        "urn:iso:std:iso:3166",
        "urn:iso:std:iso:3166:-2"
      ],
      "oids" : ["2.16.840.1.113883.4.642.3.48"],
      "sources" : ["2.16.840.1.113883.4.642.3.48"],
      "uses" : {
      },
      "StructureDefinition-at-core-valueset.html" : "HL7® AT Core ValueSet Profile"
    },
    {
      "url" : "http://hl7.org/fhir/ValueSet/languages",
      "version" : "5.0.0",
      "status" : "active",
      "name" : "CommonLanguages",
      "title" : "Common Languages",
      "description" : "This value set includes common codes from BCP-47 (see http://tools.ietf.org/html/bcp47)",
      "systems" : ["urn:ietf:bcp:47"],
      "oids" : [
        "2.16.840.1.113883.4.642.3.891",
        "2.16.840.1.113883.4.642.3.20"
      ],
      "sources" : [
        "2.16.840.1.113883.4.642.3.891",
        "2.16.840.1.113883.4.642.3.20"
      ],
      "uses" : {
      },
      "StructureDefinition-at-core-practitionerRole.html" : "HL7® AT Core PractitionerRole Profile",
      "StructureDefinition-at-core-organization.html" : "HL7® AT Core Organization Profile",
      "StructureDefinition-at-core-valueset.html" : "HL7® AT Core ValueSet Profile",
      "StructureDefinition-at-core-practitioner.html" : "HL7® AT Core Practitioner Profile",
      "StructureDefinition-at-core-patient.html" : "HL7® AT Core Patient Profile"
    },
    {
      "url" : "http://hl7.org/fhir/ValueSet/link-type",
      "version" : "5.0.0",
      "status" : "active",
      "name" : "LinkType",
      "title" : "Link Type",
      "description" : "The type of link between this Patient resource and another Patient/RelatedPerson resource.",
      "systems" : ["http://hl7.org/fhir/link-type"],
      "oids" : [
        "2.16.840.1.113883.4.642.2.234",
        "2.16.840.1.113883.4.642.3.423",
        "2.16.840.1.113883.4.642.3.412"
      ],
      "sources" : [
        "2.16.840.1.113883.4.642.2.234",
        "2.16.840.1.113883.4.642.3.423",
        "2.16.840.1.113883.4.642.3.412"
      ],
      "uses" : {
      },
      "StructureDefinition-at-core-patient.html" : "HL7® AT Core Patient Profile"
    },
    {
      "url" : "http://hl7.org/fhir/ValueSet/marital-status",
      "version" : "5.0.0",
      "status" : "active",
      "name" : "MaritalStatusCodes",
      "title" : "Marital Status Codes",
      "description" : "This value set defines the set of codes that can be used to indicate the marital status of a person.",
      "systems" : [
        "http://terminology.hl7.org/CodeSystem/v3-MaritalStatus",
        "http://terminology.hl7.org/CodeSystem/v3-NullFlavor"
      ],
      "oids" : ["2.16.840.1.113883.4.642.3.29"],
      "sources" : ["2.16.840.1.113883.4.642.3.29"],
      "uses" : {
      },
      "StructureDefinition-at-core-patient.html" : "HL7® AT Core Patient Profile"
    },
    {
      "url" : "http://hl7.org/fhir/ValueSet/name-use",
      "version" : "5.0.0",
      "status" : "active",
      "name" : "NameUse",
      "title" : "NameUse",
      "description" : "The use of a human name.",
      "systems" : ["http://hl7.org/fhir/name-use"],
      "oids" : ["2.16.840.1.113883.4.642.3.65"],
      "sources" : ["2.16.840.1.113883.4.642.3.65"],
      "uses" : {
      },
      "StructureDefinition-at-core-patient.html" : "HL7® AT Core Patient Profile"
    },
    {
      "url" : "http://hl7.org/fhir/ValueSet/patient-contactrelationship",
      "version" : "5.0.0",
      "status" : "active",
      "name" : "PatientContactRelationship",
      "title" : "Patient Contact Relationship ",
      "description" : "The nature of the relationship between the patient and the contact person.",
      "systems" : ["http://terminology.hl7.org/CodeSystem/v2-0131"],
      "oids" : ["2.16.840.1.113883.4.642.3.1130"],
      "sources" : ["2.16.840.1.113883.4.642.3.1130"],
      "uses" : {
      },
      "StructureDefinition-at-core-patient.html" : "HL7® AT Core Patient Profile"
    },
    {
      "url" : "http://hl7.org/fhir/ValueSet/publication-status",
      "version" : "5.0.0",
      "status" : "active",
      "name" : "PublicationStatus",
      "title" : "PublicationStatus",
      "description" : "The lifecycle status of an artifact.",
      "systems" : ["http://hl7.org/fhir/publication-status"],
      "oids" : ["2.16.840.1.113883.4.642.3.3"],
      "sources" : ["2.16.840.1.113883.4.642.3.3"],
      "uses" : {
      },
      "StructureDefinition-at-core-valueset.html" : "HL7® AT Core ValueSet Profile"
    },
    {
      "url" : "http://hl7.org/fhir/ValueSet/resource-types",
      "version" : "5.0.0",
      "status" : "active",
      "name" : "ResourceType",
      "title" : "Resource Types",
      "description" : "Concrete FHIR Resource Types",
      "systems" : ["http://hl7.org/fhir/fhir-types"],
      "oids" : ["2.16.840.1.113883.4.642.3.27"],
      "sources" : ["2.16.840.1.113883.4.642.3.27"],
      "uses" : {
      },
      "StructureDefinition-at-core-organization.html" : "HL7® AT Core Organization Profile",
      "StructureDefinition-at-core-practitioner.html" : "HL7® AT Core Practitioner Profile",
      "StructureDefinition-at-core-patient.html" : "HL7® AT Core Patient Profile"
    },
    {
      "url" : "http://hl7.org/fhir/ValueSet/service-mode",
      "version" : "5.0.0",
      "status" : "draft",
      "name" : "ServiceMode",
      "title" : "Service Mode",
      "description" : "An example set of Service Modes that could be applicable to use to characterize HealthcareServices or PractitionerRoles while searching",
      "systems" : ["http://hl7.org/fhir/service-mode"],
      "oids" : ["2.16.840.1.113883.4.642.4.3322"],
      "sources" : ["2.16.840.1.113883.4.642.4.3322"],
      "uses" : {
      },
      "StructureDefinition-at-core-practitionerRole.html" : "HL7® AT Core PractitionerRole Profile"
    },
    {
      "url" : "http://hl7.org/fhir/ValueSet/version-algorithm",
      "version" : "5.0.0",
      "status" : "draft",
      "name" : "VersionAlgorithm",
      "title" : "Version Algorithm",
      "description" : "Indicates the mechanism used to compare versions to determine which is more current.",
      "systems" : ["http://hl7.org/fhir/version-algorithm"],
      "oids" : ["2.16.840.1.113883.4.642.3.3103"],
      "sources" : ["2.16.840.1.113883.4.642.3.3103"],
      "uses" : {
      },
      "StructureDefinition-at-core-valueset.html" : "HL7® AT Core ValueSet Profile"
    },
    {
      "url" : "http://terminology.hl7.org/ValueSet/contactentity-type",
      "version" : "1.0.0",
      "status" : "draft",
      "name" : "ContactEntityType",
      "title" : "Contact entity type",
      "description" : "This example value set defines a set of codes that can be used to indicate the purpose for which you would contact a contact party.",
      "systems" : ["http://terminology.hl7.org/CodeSystem/contactentity-type"],
      "oids" : ["2.16.840.1.113883.4.642.3.416"],
      "sources" : ["2.16.840.1.113883.4.642.3.416"],
      "uses" : {
      },
      "StructureDefinition-at-core-extendedContactDetail.html" : "HL7® AT Core ExtendedContactDetail Profile"
    },
    {
      "url" : "http://terminology.hl7.org/ValueSet/v2-0360",
      "version" : "2.0.0",
      "status" : "active",
      "name" : "Hl7VSDegreeLicenseCertificate",
      "title" : "hl7VS-degreeLicenseCertificate",
      "description" : "Concepts specifying an educational degree (e.g., MD).  Used in the CNN datatype (names and identifiers of clinicians) in Version 2 messaging.  Used in Version 2 messaging; note that in releases of HL7 prior to 2.3.1, was also used in person names (XPN), but this use was deprecated, then withdrawn in 2.7.",
      "systems" : ["http://terminology.hl7.org/CodeSystem/v2-0360"],
      "oids" : ["2.16.840.1.113883.21.236"],
      "sources" : ["2.16.840.1.113883.21.236"],
      "uses" : {
      },
      "StructureDefinition-at-core-practitioner.html" : "HL7® AT Core Practitioner Profile"
    }
  ]
}
