[
  {
    "id" : "hl7.at.fhir.elga.ips",
    "type" : "ImplementationGuide",
    "url" : "https://fhir.hl7.at/elga-austrianpatientsummary-r4/ImplementationGuide/hl7.at.fhir.elga.ips",
    "version" : "0.1.0",
    "name" : "ELGAAustrianPatientSummaryR4"
  },
  {
    "id" : "at-ips-MediaObservation",
    "type" : "StructureDefinition",
    "url" : "https://fhir.hl7.at/elga-austrianpatientsummary-r4/StructureDefinition/at-ips-MediaObservation",
    "version" : "0.1.0",
    "name" : "AtIpsMediaObservation"
  },
  {
    "id" : "at-ips-Procedure",
    "type" : "StructureDefinition",
    "url" : "https://fhir.hl7.at/elga-austrianpatientsummary-r4/StructureDefinition/at-ips-Procedure",
    "version" : "0.1.0",
    "name" : "AtIpsProcedure"
  },
  {
    "id" : "at-ips-allergyintolerance",
    "type" : "StructureDefinition",
    "url" : "https://fhir.hl7.at/elga-austrianpatientsummary-r4/StructureDefinition/at-ips-allergyintolerance",
    "version" : "0.1.0",
    "name" : "AtIpsAllergyIntolerance"
  },
  {
    "id" : "at-ips-bundle",
    "type" : "StructureDefinition",
    "url" : "https://fhir.hl7.at/elga-austrianpatientsummary-r4/StructureDefinition/at-ips-bundle",
    "version" : "0.1.0",
    "name" : "AtIpsBundle"
  },
  {
    "id" : "at-ips-composition",
    "type" : "StructureDefinition",
    "url" : "https://fhir.hl7.at/elga-austrianpatientsummary-r4/StructureDefinition/at-ips-composition",
    "version" : "0.1.0",
    "name" : "AtIpsComposition"
  },
  {
    "id" : "at-ips-condition",
    "type" : "StructureDefinition",
    "url" : "https://fhir.hl7.at/elga-austrianpatientsummary-r4/StructureDefinition/at-ips-condition",
    "version" : "0.1.0",
    "name" : "AtIpsCondition"
  },
  {
    "id" : "at-ips-device",
    "type" : "StructureDefinition",
    "url" : "https://fhir.hl7.at/elga-austrianpatientsummary-r4/StructureDefinition/at-ips-device",
    "version" : "0.1.0",
    "name" : "AtIpsDevice"
  },
  {
    "id" : "at-ips-deviceusestatement",
    "type" : "StructureDefinition",
    "url" : "https://fhir.hl7.at/elga-austrianpatientsummary-r4/StructureDefinition/at-ips-deviceusestatement",
    "version" : "0.1.0",
    "name" : "AtIpsDeviceUseStatement"
  },
  {
    "id" : "at-ips-diagnosticreport",
    "type" : "StructureDefinition",
    "url" : "https://fhir.hl7.at/elga-austrianpatientsummary-r4/StructureDefinition/at-ips-diagnosticreport",
    "version" : "0.1.0",
    "name" : "AtIpsDiagnosticReport"
  },
  {
    "id" : "at-ips-imagingstudy",
    "type" : "StructureDefinition",
    "url" : "https://fhir.hl7.at/elga-austrianpatientsummary-r4/StructureDefinition/at-ips-imagingstudy",
    "version" : "0.1.0",
    "name" : "AtIpsImagingStudy"
  },
  {
    "id" : "at-ips-immunization",
    "type" : "StructureDefinition",
    "url" : "https://fhir.hl7.at/elga-austrianpatientsummary-r4/StructureDefinition/at-ips-immunization",
    "version" : "0.1.0",
    "name" : "AtIpsImmunization"
  },
  {
    "id" : "at-ips-medication",
    "type" : "StructureDefinition",
    "url" : "https://fhir.hl7.at/elga-austrianpatientsummary-r4/StructureDefinition/at-ips-medication",
    "version" : "0.1.0",
    "name" : "AtIpsMedication"
  },
  {
    "id" : "at-ips-medicationrequest",
    "type" : "StructureDefinition",
    "url" : "https://fhir.hl7.at/elga-austrianpatientsummary-r4/StructureDefinition/at-ips-medicationrequest",
    "version" : "0.1.0",
    "name" : "AtIpsMedicationRequest"
  },
  {
    "id" : "at-ips-medicationstatement",
    "type" : "StructureDefinition",
    "url" : "https://fhir.hl7.at/elga-austrianpatientsummary-r4/StructureDefinition/at-ips-medicationstatement",
    "version" : "0.1.0",
    "name" : "AtIpsMedicationStatement"
  },
  {
    "id" : "at-ips-observationalcoholuse",
    "type" : "StructureDefinition",
    "url" : "https://fhir.hl7.at/elga-austrianpatientsummary-r4/StructureDefinition/at-ips-observationalcoholuse",
    "version" : "0.1.0",
    "name" : "AtIpsObservationAlcoholUse"
  },
  {
    "id" : "at-ips-observationpregnancyedd",
    "type" : "StructureDefinition",
    "url" : "https://fhir.hl7.at/elga-austrianpatientsummary-r4/StructureDefinition/at-ips-observationpregnancyedd",
    "version" : "0.1.0",
    "name" : "AtIpsObservationPregnancyEdd"
  },
  {
    "id" : "at-ips-observationpregnancyoutcome",
    "type" : "StructureDefinition",
    "url" : "https://fhir.hl7.at/elga-austrianpatientsummary-r4/StructureDefinition/at-ips-observationpregnancyoutcome",
    "version" : "0.1.0",
    "name" : "AtIpsObservationPregnancyOutcome"
  },
  {
    "id" : "at-ips-observationpregnancystatus",
    "type" : "StructureDefinition",
    "url" : "https://fhir.hl7.at/elga-austrianpatientsummary-r4/StructureDefinition/at-ips-observationpregnancystatus",
    "version" : "0.1.0",
    "name" : "AtIpsObservationPregnancyStatus"
  },
  {
    "id" : "at-ips-observationresults",
    "type" : "StructureDefinition",
    "url" : "https://fhir.hl7.at/elga-austrianpatientsummary-r4/StructureDefinition/at-ips-observationresults",
    "version" : "0.1.0",
    "name" : "AtIpsObservationResults"
  },
  {
    "id" : "at-ips-observationresultslaboratory",
    "type" : "StructureDefinition",
    "url" : "https://fhir.hl7.at/elga-austrianpatientsummary-r4/StructureDefinition/at-ips-observationresultslaboratory",
    "version" : "0.1.0",
    "name" : "AtIpsObservationResultsLaboratory"
  },
  {
    "id" : "at-ips-observationresultspathology",
    "type" : "StructureDefinition",
    "url" : "https://fhir.hl7.at/elga-austrianpatientsummary-r4/StructureDefinition/at-ips-observationresultspathology",
    "version" : "0.1.0",
    "name" : "AtIpsObservationResultsPathology"
  },
  {
    "id" : "at-ips-observationresultsradiology",
    "type" : "StructureDefinition",
    "url" : "https://fhir.hl7.at/elga-austrianpatientsummary-r4/StructureDefinition/at-ips-observationresultsradiology",
    "version" : "0.1.0",
    "name" : "AtIpsObservationResultsRadiology"
  },
  {
    "id" : "at-ips-observationtobaccouse",
    "type" : "StructureDefinition",
    "url" : "https://fhir.hl7.at/elga-austrianpatientsummary-r4/StructureDefinition/at-ips-observationtobaccouse",
    "version" : "0.1.0",
    "name" : "AtIpsObservationTobaccoUse"
  },
  {
    "id" : "at-ips-observationvitalsigns",
    "type" : "StructureDefinition",
    "url" : "https://fhir.hl7.at/elga-austrianpatientsummary-r4/StructureDefinition/at-ips-observationvitalsigns",
    "version" : "0.1.0",
    "name" : "AtIpsObservationVitalSigns"
  },
  {
    "id" : "at-ips-organization",
    "type" : "StructureDefinition",
    "url" : "https://fhir.hl7.at/elga-austrianpatientsummary-r4/StructureDefinition/at-ips-organization",
    "version" : "0.1.0",
    "name" : "AtIpsOrganization"
  },
  {
    "id" : "at-ips-patient",
    "type" : "StructureDefinition",
    "url" : "https://fhir.hl7.at/elga-austrianpatientsummary-r4/StructureDefinition/at-ips-patient",
    "version" : "0.1.0",
    "name" : "AtIpsPatient"
  },
  {
    "id" : "at-ips-practitioner",
    "type" : "StructureDefinition",
    "url" : "https://fhir.hl7.at/elga-austrianpatientsummary-r4/StructureDefinition/at-ips-practitioner",
    "version" : "0.1.0",
    "name" : "AtIpsPractitioner"
  },
  {
    "id" : "at-ips-practitionerrole",
    "type" : "StructureDefinition",
    "url" : "https://fhir.hl7.at/elga-austrianpatientsummary-r4/StructureDefinition/at-ips-practitionerrole",
    "version" : "0.1.0",
    "name" : "AtIpsPractitionerRole"
  },
  {
    "id" : "at-ips-specimen",
    "type" : "StructureDefinition",
    "url" : "https://fhir.hl7.at/elga-austrianpatientsummary-r4/StructureDefinition/at-ips-specimen",
    "version" : "0.1.0",
    "name" : "AtIpsSpecimen"
  }
]
