<?xml version="1.0" encoding="UTF-8"?><PlanDefinition xmlns="http://hl7.org/fhir"><id value="kiola-standard-treatment-plan-participant-example"/><meta><profile value="https://fhir.ehealth-systems.at/artifacts/StructureDefinition/kiola-standard-treatment-plan"/></meta><url value="https://fhir.ehealth-systems.at/artifacts/PlanDefinition/ParticipantExample"/><version value="0.1.0"/><name value="ParticipantExample"/><title value="Participant Example"/><status value="active"/><date value="2024-03-11T08:55:33+00:00"/><contact><name value="AIT Austrian Institute of Technology"/><telecom><system value="email"/><value value="mailto:office@ait.ac.at"/></telecom></contact><action><title value="Measurement Blood Pressure"/><participant><extension url="https://fhir.ehealth-systems.at/extensions/ParticipantDeviceDefinition"><valueReference><reference value="https://fhir.ehealth-systems.at/artifacts/ActivityDefinition/mdc-dev-spec-profile-bp#dev-bp"/></valueReference></extension><type value="device"/></participant><definitionCanonical value="https://fhir.ehealth-systems.at/artifacts/ActivityDefinition/mdc-dev-spec-profile-bp"/></action></PlanDefinition>