{
  "resourceType" : "ValueSet",
  "id" : "moped-LKFHauptdiagnosegruppen-valueset",
  "text" : {
    "status" : "generated",
    "div" : "<div xmlns=\"http://www.w3.org/1999/xhtml\"><p class=\"res-header-id\"><b>Generated Narrative: ValueSet moped-LKFHauptdiagnosegruppen-valueset</b></p><a name=\"moped-LKFHauptdiagnosegruppen-valueset\"> </a><a name=\"hcmoped-LKFHauptdiagnosegruppen-valueset\"> </a><a name=\"moped-LKFHauptdiagnosegruppen-valueset-en-US\"> </a><ul><li>Include these codes as defined in <code>http://tbd.at/MOPED-LKFHauptdiagnosegruppen</code><table class=\"none\"><tr><td style=\"white-space:nowrap\"><b>Code</b></td><td><b>Display</b></td></tr><tr><td>HDG24.01</td><td>HDG24.01</td></tr><tr><td>HDG24.02</td><td>HDG24.02</td></tr><tr><td>HDG24.03</td><td>HDG24.03</td></tr></table></li></ul></div>"
  },
  "url" : "http://example.org/ValueSet/moped-LKFHauptdiagnosegruppen-valueset",
  "version" : "0.1.0",
  "name" : "LKFHauptdiagnosegruppen",
  "title" : "LKF Hauptdiagnosegruppen",
  "status" : "draft",
  "date" : "2024-10-24T10:48:10+00:00",
  "publisher" : "Example Publisher",
  "contact" : [{
    "name" : "Example Publisher",
    "telecom" : [{
      "system" : "url",
      "value" : "http://example.org/example-publisher"
    }]
  }],
  "description" : "LKF Hauptdiagnosegruppen",
  "compose" : {
    "include" : [{
      "system" : "http://tbd.at/MOPED-LKFHauptdiagnosegruppen",
      "concept" : [{
        "code" : "HDG24.01",
        "display" : "HDG24.01"
      },
      {
        "code" : "HDG24.02",
        "display" : "HDG24.02"
      },
      {
        "code" : "HDG24.03",
        "display" : "HDG24.03"
      }]
    }]
  }
}