<?xml version="1.0" encoding="UTF-8"?>

<ValueSet xmlns="http://hl7.org/fhir">
  <id value="moped-Fondsrelevanz-valueset"/>
  <text>
    <status value="generated"/><div xmlns="http://www.w3.org/1999/xhtml"><p class="res-header-id"><b>Generated Narrative: ValueSet moped-Fondsrelevanz-valueset</b></p><a name="moped-Fondsrelevanz-valueset"> </a><a name="hcmoped-Fondsrelevanz-valueset"> </a><a name="moped-Fondsrelevanz-valueset-en-US"> </a><ul><li>Include these codes as defined in <code>http://tbd.at/moped-ext-transportart</code><table class="none"><tr><td style="white-space:nowrap"><b>Code</b></td><td><b>Display</b></td></tr><tr><td>J</td><td>Ja (Abrechnung des stationären Aufenthalts/ambulanten Besuchs erfolgt über den Landesgesundheitsfonds/PRIKRAF)</td></tr><tr><td>K</td><td>Nein (Abrechnung des stationären Aufenthalts/ambulanten Besuchs erfolgt über den Sozialversicherungsträger)</td></tr><tr><td>N</td><td>Nein (Abrechnung des stationären Aufenthalts/ambulanten Besuchs erfolgt weder über den Landesgesundheitsfonds/PRIKRAF noch über den Sozialversicherungsträger)</td></tr></table></li></ul></div>
  </text>
  <url value="http://example.org/ValueSet/moped-Fondsrelevanz-valueset"/>
  <version value="0.1.0"/>
  <name value="Fondsrelevanz"/>
  <title value="Fondsrelevanz"/>
  <status value="draft"/>
  <date value="2024-09-26T09:34:58+00:00"/>
  <publisher value="Example Publisher"/>
  <contact>
    <name value="Example Publisher"/>
    <telecom>
      <system value="url"/>
      <value value="http://example.org/example-publisher"/>
    </telecom>
  </contact>
  <description value="ValueSet für die Fondsrelevanz"/>
  <compose>
    <include>
      <system value="http://tbd.at/moped-ext-transportart"/>
      <concept>
        <code value="J"/>
        <display value="Ja (Abrechnung des stationären Aufenthalts/ambulanten Besuchs erfolgt über den Landesgesundheitsfonds/PRIKRAF)"/>
      </concept>
      <concept>
        <code value="K"/>
        <display value="Nein (Abrechnung des stationären Aufenthalts/ambulanten Besuchs erfolgt über den Sozialversicherungsträger)"/>
      </concept>
      <concept>
        <code value="N"/>
        <display value="Nein (Abrechnung des stationären Aufenthalts/ambulanten Besuchs erfolgt weder über den Landesgesundheitsfonds/PRIKRAF noch über den Sozialversicherungsträger)"/>
      </concept>
    </include>
  </compose>
</ValueSet>