"Id","Path","Slice Name","Alias(s)","Label","Min","Max","Must Support?","Is Modifier?","Is Summary?","Type(s)","Short","Definition","Comments","Requirements","Default Value","Meaning When Missing","Fixed Value","Pattern","Example","Minimum Value","Maximum Value","Maximum Length","Binding Strength","Binding Description","Binding Value Set","Code","Slicing Discriminator","Slicing Description","Slicing Ordered","Slicing Rules","Base Path","Base Min","Base Max","Condition(s)","Constraint(s)","Mapping: Workflow Pattern","Mapping: FiveWs Pattern Mapping","Mapping: RIM Mapping"
"RequestGroup","RequestGroup","","","",0,*,"","","","null {[]} {[]}
","KIOLA treatment plan, eventually adapted for the patient","A group of related requests that can be used to capture intended activities that have inter-dependencies such as ""give this medication after that one"".","","","","","","","","","",,,,,"",,,,"RequestGroup",0,*,"","dom-2:If the resource is contained in another resource, it SHALL NOT contain nested Resources {contained.contained.empty()}
dom-3:If the resource is contained in another resource, it SHALL be referred to from elsewhere in the resource or SHALL refer to the containing resource {contained.where(((id.exists() and ('#'+id in (%resource.descendants().reference | %resource.descendants().as(canonical) | %resource.descendants().as(uri) | %resource.descendants().as(url)))) or descendants().where(reference = '#').exists() or descendants().where(as(canonical) = '#').exists() or descendants().where(as(uri) = '#').exists()).not()).trace('unmatched', id).empty()}dom-4:If a resource is contained in another resource, it SHALL NOT have a meta.versionId or a meta.lastUpdated {contained.meta.versionId.empty() and contained.meta.lastUpdated.empty()}dom-5:If a resource is contained in another resource, it SHALL NOT have a security label {contained.meta.security.empty()}dom-6:A resource should have narrative for robust management {text.`div`.exists()}","Request","clinical.general","Entity. Role, or Act"
"RequestGroup.id","RequestGroup.id","","","",0,1,"","","Y","id {[]} {[]}
","Logical id of this artifact","The logical id of the resource, as used in the URL for the resource. Once assigned, this value never changes.","The only time that a resource does not have an id is when it is being submitted to the server using a create operation.","","","","","","","","",,,,,"",,,,"Resource.id",0,1,"",""
"RequestGroup.meta","RequestGroup.meta","","","",0,1,"","","Y","Meta {[]} {[]}
","Metadata about the resource","The metadata about the resource. This is content that is maintained by the infrastructure. Changes to the content might not always be associated with version changes to the resource.","","","","","","","","","",,,,,"",,,,"Resource.meta",0,1,"","ele-1:All FHIR elements must have a @value or children {hasValue() or (children().count() > id.count())}
"
"RequestGroup.implicitRules","RequestGroup.implicitRules","","","",0,1,"","Y","Y","uri {[]} {[]}
","A set of rules under which this content was created","A reference to a set of rules that were followed when the resource was constructed, and which must be understood when processing the content. Often, this is a reference to an implementation guide that defines the special rules along with other profiles etc.","Asserting this rule set restricts the content to be only understood by a limited set of trading partners. This inherently limits the usefulness of the data in the long term. However, the existing health eco-system is highly fractured, and not yet ready to define, collect, and exchange data in a generally computable sense. Wherever possible, implementers and/or specification writers should avoid using this element. Often, when used, the URL is a reference to an implementation guide that defines these special rules as part of it's narrative along with other profiles, value sets, etc.","","","","","","","","",,,,,"",,,,"Resource.implicitRules",0,1,"","ele-1:All FHIR elements must have a @value or children {hasValue() or (children().count() > id.count())}
"
"RequestGroup.language","RequestGroup.language","","","",0,1,"","","","code {[]} {[]}
","Language of the resource content","The base language in which the resource is written.","Language is provided to support indexing and accessibility (typically, services such as text to speech use the language tag). The html language tag in the narrative applies  to the narrative. The language tag on the resource may be used to specify the language of other presentations generated from the data in the resource. Not all the content has to be in the base language. The Resource.language should not be assumed to apply to the narrative automatically. If a language is specified, it should it also be specified on the div element in the html (see rules in HTML5 for information about the relationship between xml:lang and the html lang attribute).","","","","","","","","",,"preferred","IETF language tag","http://hl7.org/fhir/ValueSet/languages","",,,,"Resource.language",0,1,"","ele-1:All FHIR elements must have a @value or children {hasValue() or (children().count() > id.count())}
"
"RequestGroup.text","RequestGroup.text","","narrative
htmlxhtmldisplay","",0,1,"","","","Narrative {[]} {[]}
","Text summary of the resource, for human interpretation","A human-readable narrative that contains a summary of the resource and can be used to represent the content of the resource to a human. The narrative need not encode all the structured data, but is required to contain sufficient detail to make it ""clinically safe"" for a human to just read the narrative. Resource definitions may define what content should be represented in the narrative to ensure clinical safety.","Contained resources do not have narrative. Resources that are not contained SHOULD have a narrative. In some cases, a resource may only have text with little or no additional discrete data (as long as all minOccurs=1 elements are satisfied).  This may be necessary for data from legacy systems where information is captured as a ""text blob"" or where text is additionally entered raw or narrated and encoded information is added later.","","","","","","","","",,,,,"",,,,"DomainResource.text",0,1,"","ele-1:All FHIR elements must have a @value or children {hasValue() or (children().count() > id.count())}
","Act.text?"
"RequestGroup.contained","RequestGroup.contained","","inline resources
anonymous resourcescontained resources","",0,*,"","","","Resource {[]} {[]}
","Contained, inline Resources","These resources do not have an independent existence apart from the resource that contains them - they cannot be identified independently, and nor can they have their own independent transaction scope.","This should never be done when the content can be identified properly, as once identification is lost, it is extremely difficult (and context dependent) to restore it again. Contained resources may have profiles and tags In their meta elements, but SHALL NOT have security labels.","","","","","","","","",,,,,"",,,,"DomainResource.contained",0,*,"","dom-r4b:Containing new R4B resources within R4 resources may cause interoperability issues if instances are shared with R4 systems {($this is Citation or $this is Evidence or $this is EvidenceReport or $this is EvidenceVariable or $this is MedicinalProductDefinition or $this is PackagedProductDefinition or $this is AdministrableProductDefinition or $this is Ingredient or $this is ClinicalUseDefinition or $this is RegulatedAuthorization or $this is SubstanceDefinition or $this is SubscriptionStatus or $this is SubscriptionTopic) implies (%resource is Citation or %resource is Evidence or %resource is EvidenceReport or %resource is EvidenceVariable or %resource is MedicinalProductDefinition or %resource is PackagedProductDefinition or %resource is AdministrableProductDefinition or %resource is Ingredient or %resource is ClinicalUseDefinition or %resource is RegulatedAuthorization or %resource is SubstanceDefinition or %resource is SubscriptionStatus or %resource is SubscriptionTopic)}
","N/A"
"RequestGroup.extension","RequestGroup.extension","","extensions
user content","",0,*,"","","","Extension {[]} {[]}
","Additional content defined by implementations","May be used to represent additional information that is not part of the basic definition of the resource. To make the use of extensions safe and manageable, there is a strict set of governance  applied to the definition and use of extensions. Though any implementer can define an extension, there is a set of requirements that SHALL be met as part of the definition of the extension.","There can be no stigma associated with the use of extensions by any application, project, or standard - regardless of the institution or jurisdiction that uses or defines the extensions.  The use of extensions is what allows the FHIR specification to retain a core level of simplicity for everyone.","","","","","","","","",,,,,"",,,,"DomainResource.extension",0,*,"","ele-1:All FHIR elements must have a @value or children {hasValue() or (children().count() > id.count())}
ext-1:Must have either extensions or value[x], not both {extension.exists() != value.exists()}","N/A"
"RequestGroup.modifierExtension","RequestGroup.modifierExtension","","extensions
user content","",0,*,"","Y","","Extension {[]} {[]}
","Extensions that cannot be ignored","May be used to represent additional information that is not part of the basic definition of the resource and that modifies the understanding of the element that contains it and/or the understanding of the containing element's descendants. Usually modifier elements provide negation or qualification. To make the use of extensions safe and manageable, there is a strict set of governance applied to the definition and use of extensions. Though any implementer is allowed to define an extension, there is a set of requirements that SHALL be met as part of the definition of the extension. Applications processing a resource are required to check for modifier extensions.

Modifier extensions SHALL NOT change the meaning of any elements on Resource or DomainResource (including cannot change the meaning of modifierExtension itself).","There can be no stigma associated with the use of extensions by any application, project, or standard - regardless of the institution or jurisdiction that uses or defines the extensions.  The use of extensions is what allows the FHIR specification to retain a core level of simplicity for everyone.","Modifier extensions allow for extensions that *cannot* be safely ignored to be clearly distinguished from the vast majority of extensions which can be safely ignored.  This promotes interoperability by eliminating the need for implementers to prohibit the presence of extensions. For further information, see the [definition of modifier extensions](http://hl7.org/fhir/R4B/extensibility.html#modifierExtension).","","","","","","","",,,,,"",,,,"DomainResource.modifierExtension",0,*,"","ele-1:All FHIR elements must have a @value or children {hasValue() or (children().count() > id.count())}
ext-1:Must have either extensions or value[x], not both {extension.exists() != value.exists()}","N/A"
"RequestGroup.identifier","RequestGroup.identifier","","","",0,*,"","","Y","Identifier {[]} {[]}
","Business identifier","Allows a service to provide a unique, business identifier for the request.","","Allows identification of the request as it is known by various participating systems and in a way that remains consistent across servers.","","","","","","","",,,,,"",,,,"RequestGroup.identifier",0,*,"","ele-1:All FHIR elements must have a @value or children {hasValue() or (children().count() > id.count())}
","Request.identifier","FiveWs.identifier"
"RequestGroup.instantiatesCanonical","RequestGroup.instantiatesCanonical","","","",1,*,"","","Y","canonical {[]} {[]}
","Instantiates FHIR protocol or definition","A canonical URL referencing a FHIR-defined protocol, guideline, orderset or other definition that is adhered to in whole or in part by this request.","","","","","","","","","",,,,,"","profile:resolve()}
","",,"open","RequestGroup.instantiatesCanonical",0,*,"","ele-1:All FHIR elements must have a @value or children {hasValue() or (children().count() > id.count())}
","Request.instantiatesCanonical"
"RequestGroup.instantiatesCanonical:kiolaStandardTreatmentPlan","RequestGroup.instantiatesCanonical","kiolaStandardTreatmentPlan","","",1,1,"","","Y","canonical {[]} {[CanonicalType[https://fhir.ehealth-systems.at/artifacts/StructureDefinition/kiola-standard-treatment-plan]]}
","Standard treatment plan, this treatment plan is based on.","A canonical URL referencing a FHIR-defined protocol, guideline, orderset or other definition that is adhered to in whole or in part by this request.","","","","","","","","","",,,,,"",,,,"RequestGroup.instantiatesCanonical",0,*,"","ele-1:All FHIR elements must have a @value or children {hasValue() or (children().count() > id.count())}
","Request.instantiatesCanonical"
"RequestGroup.instantiatesUri","RequestGroup.instantiatesUri","","","",0,*,"","","Y","uri {[]} {[]}
","Instantiates external protocol or definition","A URL referencing an externally defined protocol, guideline, orderset or other definition that is adhered to in whole or in part by this request.","","","","","","","","","",,,,,"",,,,"RequestGroup.instantiatesUri",0,*,"","ele-1:All FHIR elements must have a @value or children {hasValue() or (children().count() > id.count())}
","Request.instantiatesUri"
"RequestGroup.basedOn","RequestGroup.basedOn","","fulfills
","",0,*,"","","","Reference {[]} {[CanonicalType[http://hl7.org/fhir/StructureDefinition/Resource]]}
","Fulfills plan, proposal, or order","A plan, proposal or order that is fulfilled in whole or in part by this request.","","Allows tracing of authorization for the request and tracking whether proposals/recommendations were acted upon.","","","","","","","",,,,,"",,,,"RequestGroup.basedOn",0,*,"","ele-1:All FHIR elements must have a @value or children {hasValue() or (children().count() > id.count())}
","Request.basedOn"
"RequestGroup.replaces","RequestGroup.replaces","","supersedes
priorrenewed order","",0,*,"","","","Reference {[]} {[CanonicalType[http://hl7.org/fhir/StructureDefinition/Resource]]}
","Request(s) replaced by this request","Completed or terminated request(s) whose function is taken by this new request.","The replacement could be because the initial request was immediately rejected (due to an issue) or because the previous request was completed, but the need for the action described by the request remains ongoing.","Allows tracing the continuation of a therapy or administrative process instantiated through multiple requests.","","","","","","","",,,,,"",,,,"RequestGroup.replaces",0,*,"","ele-1:All FHIR elements must have a @value or children {hasValue() or (children().count() > id.count())}
","Request.replaces"
"RequestGroup.groupIdentifier","RequestGroup.groupIdentifier","","grouperid
requisition","",0,1,"","","Y","Identifier {[]} {[]}
","Composite request this is part of","A shared identifier common to all requests that were authorized more or less simultaneously by a single author, representing the identifier of the requisition, prescription or similar form.","Requests are linked either by a ""basedOn"" relationship (i.e. one request is fulfilling another) or by having a common requisition.  Requests that are part of the same requisition are generally treated independently from the perspective of changing their state or maintaining them after initial creation.","Some business processes need to know if multiple items were ordered as part of the same ""prescription"" or ""requisition"" for billing or other purposes.","","","","","","","",,,,,"",,,,"RequestGroup.groupIdentifier",0,1,"","ele-1:All FHIR elements must have a @value or children {hasValue() or (children().count() > id.count())}
","Request.groupIdentifier"
"RequestGroup.status","RequestGroup.status","","","",1,1,"Y","Y","Y","code {[]} {[]}
","draft | active | on-hold | revoked | completed | entered-in-error | unknown","The current state of the request. For request groups, the status reflects the status of all the requests in the group.","","","","","","","","","",,"required","Codes identifying the lifecycle stage of a request.","http://hl7.org/fhir/ValueSet/request-status|4.3.0","",,,,"RequestGroup.status",1,1,"","ele-1:All FHIR elements must have a @value or children {hasValue() or (children().count() > id.count())}
","Request.status","FiveWs.status"
"RequestGroup.intent","RequestGroup.intent","","category
","",1,1,"Y","Y","Y","code {[]} {[]}
","proposal | plan | directive | order | original-order | reflex-order | filler-order | instance-order | option","Indicates the level of authority/intentionality associated with the request and where the request fits into the workflow chain.","","Proposals/recommendations, plans and orders all use the same structure and can exist in the same fulfillment chain.","","","","","","","",,"required","Codes indicating the degree of authority/intentionality associated with a request.","http://hl7.org/fhir/ValueSet/request-intent|4.3.0","",,,,"RequestGroup.intent",1,1,"","ele-1:All FHIR elements must have a @value or children {hasValue() or (children().count() > id.count())}
","Request.intent","FiveWs.class"
"RequestGroup.priority","RequestGroup.priority","","","",0,1,"","","Y","code {[]} {[]}
","routine | urgent | asap | stat","Indicates how quickly the request should be addressed with respect to other requests.","","","","If missing, this request should be performed with normal priority","","","","","",,"required","Identifies the level of importance to be assigned to actioning the request.","http://hl7.org/fhir/ValueSet/request-priority|4.3.0","",,,,"RequestGroup.priority",0,1,"","ele-1:All FHIR elements must have a @value or children {hasValue() or (children().count() > id.count())}
","Request.priority","FiveWs.grade"
"RequestGroup.code","RequestGroup.code","","","",0,1,"","","Y","CodeableConcept {[]} {[]}
","What's being requested/ordered","A code that identifies what the overall request group is.","This element can be used to provide a code that captures the meaning of the request group as a whole, as opposed to the code of the action element, which captures the meaning of the individual actions within the request group.","","","","","","","","",,,,,"",,,,"RequestGroup.code",0,1,"","ele-1:All FHIR elements must have a @value or children {hasValue() or (children().count() > id.count())}
","Request.code","FiveWs.what[x]"
"RequestGroup.subject","RequestGroup.subject","","","",0,1,"","","","Reference {[]} {[CanonicalType[http://hl7.org/fhir/StructureDefinition/Patient]]}
","Reference to a KIOLA subject, either via reference or identifier. If present, shall conform to the subject of the care plan that this treatment plan is part of.","The subject for which the request group was created.","","","","","","","","","",,,,,"",,,,"RequestGroup.subject",0,1,"","ele-1:All FHIR elements must have a @value or children {hasValue() or (children().count() > id.count())}
","Request.subject","FiveWs.subject[x]","FiveWs.subject"
"RequestGroup.subject.id","RequestGroup.subject.id","","","",0,1,"","","","id {[]} {[]}
","Unique id for inter-element referencing","Unique id for the element within a resource (for internal references). This may be any string value that does not contain spaces.","","","","","","","","","",,,,,"",,,,"Element.id",0,1,"","","n/a"
"RequestGroup.subject.extension","RequestGroup.subject.extension","","extensions
user content","",0,*,"","","","Extension {[]} {[]}
","Additional content defined by implementations","May be used to represent additional information that is not part of the basic definition of the element. To make the use of extensions safe and manageable, there is a strict set of governance  applied to the definition and use of extensions. Though any implementer can define an extension, there is a set of requirements that SHALL be met as part of the definition of the extension.","There can be no stigma associated with the use of extensions by any application, project, or standard - regardless of the institution or jurisdiction that uses or defines the extensions.  The use of extensions is what allows the FHIR specification to retain a core level of simplicity for everyone.","","","","","","","","",,,,,"","value:url}
","Extensions are always sliced by (at least) url",,"open","Element.extension",0,*,"","ele-1:All FHIR elements must have a @value or children {hasValue() or (children().count() > id.count())}
ext-1:Must have either extensions or value[x], not both {extension.exists() != value.exists()}","n/a"
"RequestGroup.subject.reference","RequestGroup.subject.reference","","","",0,1,"","","Y","string {[]} {[]}
","Reference to a patient resource linked to a KIOLA subject","A reference to a location at which the other resource is found. The reference may be a relative reference, in which case it is relative to the service base URL, or an absolute URL that resolves to the location where the resource is found. The reference may be version specific or not. If the reference is not to a FHIR RESTful server, then it should be assumed to be version specific. Internal fragment references (start with '#') refer to contained resources.","Using absolute URLs provides a stable scalable approach suitable for a cloud/web context, while using relative/logical references provides a flexible approach suitable for use when trading across closed eco-system boundaries.   Absolute URLs do not need to point to a FHIR RESTful server, though this is the preferred approach. If the URL conforms to the structure ""/[type]/[id]"" then it should be assumed that the reference is to a FHIR RESTful server.","","","","","","","","",,,,,"",,,,"Reference.reference",0,1,"ref-1
","ele-1:All FHIR elements must have a @value or children {hasValue() or (children().count() > id.count())}
","N/A"
"RequestGroup.subject.type","RequestGroup.subject.type","","","",0,1,"","","Y","uri {[]} {[]}
","Type the reference refers to (e.g. ""Patient"")","The expected type of the target of the reference. If both Reference.type and Reference.reference are populated and Reference.reference is a FHIR URL, both SHALL be consistent.

The type is the Canonical URL of Resource Definition that is the type this reference refers to. References are URLs that are relative to http://hl7.org/fhir/StructureDefinition/ e.g. ""Patient"" is a reference to http://hl7.org/fhir/StructureDefinition/Patient. Absolute URLs are only allowed for logical models (and can only be used in references in logical models, not resources).","This element is used to indicate the type of  the target of the reference. This may be used which ever of the other elements are populated (or not). In some cases, the type of the target may be determined by inspection of the reference (e.g. a RESTful URL) or by resolving the target of the reference; if both the type and a reference is provided, the reference SHALL resolve to a resource of the same type as that specified.","","","","","","","","",,"extensible","","http://hl7.org/fhir/ValueSet/resource-types","",,,,"Reference.type",0,1,"","ele-1:All FHIR elements must have a @value or children {hasValue() or (children().count() > id.count())}
","N/A"
"RequestGroup.subject.identifier","RequestGroup.subject.identifier","","","",0,1,"Y","","","Identifier {[CanonicalType[https://fhir.ehealth-systems.at/artifacts/StructureDefinition/kiola-subject-uuid-identifier]]} {[]}
","KIOLA Subject UUID","An identifier - identifies some entity uniquely and unambiguously. Typically this is used for business identifiers.","When an identifier is provided in place of a reference, any system processing the reference will only be able to resolve the identifier to a reference if it understands the business context in which the identifier is used. Sometimes this is global (e.g. a national identifier) but often it is not. For this reason, none of the useful mechanisms described for working with references (e.g. chaining, includes) are possible, nor should servers be expected to be able resolve the reference. Servers may accept an identifier based reference untouched, resolve it, and/or reject it - see CapabilityStatement.rest.resource.referencePolicy. 

When both an identifier and a literal reference are provided, the literal reference is preferred. Applications processing the resource are allowed - but not required - to check that the identifier matches the literal reference

Applications converting a logical reference to a literal reference may choose to leave the logical reference present, or remove it.

Reference is intended to point to a structure that can potentially be expressed as a FHIR resource, though there is no need for it to exist as an actual FHIR resource instance - except in as much as an application wishes to actual find the target of the reference. The content referred to be the identifier must meet the logical constraints implied by any limitations on what resource types are permitted for the reference.  For example, it would not be legitimate to send the identifier for a drug prescription if the type were Reference(Observation|DiagnosticReport).  One of the use-cases for Reference.identifier is the situation where no FHIR representation exists (where the type is Reference (Any).","","","","","","","","",,,,,"",,,,"Reference.identifier",0,1,"ele-1
","ele-1:All FHIR elements must have a @value or children unless an empty Parameters resource {hasValue() or (children().count() > id.count()) or $this is Parameters}
","n/a","II - The Identifier class is a little looser than the v3 type II because it allows URIs as well as registered OIDs or GUIDs.  Also maps to Role[classCode=IDENT]"
"RequestGroup.subject.display","RequestGroup.subject.display","","","",0,1,"","","Y","string {[]} {[]}
","Text alternative for the resource","Plain text narrative that identifies the resource in addition to the resource reference.","This is generally not the same as the Resource.text of the referenced resource.  The purpose is to identify what's being referenced, not to fully describe it.","","","","","","","","",,,,,"",,,,"Reference.display",0,1,"","ele-1:All FHIR elements must have a @value or children {hasValue() or (children().count() > id.count())}
","N/A"
"RequestGroup.encounter","RequestGroup.encounter","","","",0,1,"","","","Reference {[]} {[CanonicalType[http://hl7.org/fhir/StructureDefinition/Encounter]]}
","Created as part of","Describes the context of the request group, if any.","","","","","","","","","",,,,,"",,,,"RequestGroup.encounter",0,1,"","ele-1:All FHIR elements must have a @value or children {hasValue() or (children().count() > id.count())}
","Request.encounter","FiveWs.context"
"RequestGroup.authoredOn","RequestGroup.authoredOn","","","",0,1,"","","","dateTime {[]} {[]}
","When the request group was authored","Indicates when the request group was created.","","","","","","","","","",,,,,"",,,,"RequestGroup.authoredOn",0,1,"","ele-1:All FHIR elements must have a @value or children {hasValue() or (children().count() > id.count())}
","Request.authoredOn","FiveWs.recorded"
"RequestGroup.author","RequestGroup.author","","","",0,1,"","","","Reference {[]} {[CanonicalType[http://hl7.org/fhir/StructureDefinition/Device], CanonicalType[http://hl7.org/fhir/StructureDefinition/Practitioner], CanonicalType[http://hl7.org/fhir/StructureDefinition/PractitionerRole]]}
","Device or practitioner that authored the request group","Provides a reference to the author of the request group.","","","","","","","","","",,,,,"",,,,"RequestGroup.author",0,1,"","ele-1:All FHIR elements must have a @value or children {hasValue() or (children().count() > id.count())}
","Request.requester","FiveWs.author"
"RequestGroup.reasonCode","RequestGroup.reasonCode","","","",0,*,"","","","CodeableConcept {[]} {[]}
","Why the request group is needed","Describes the reason for the request group in coded or textual form.","","","","","","","","","",,,,,"",,,,"RequestGroup.reasonCode",0,*,"","ele-1:All FHIR elements must have a @value or children {hasValue() or (children().count() > id.count())}
","Request.reasonCode","FiveWs.why[x]"
"RequestGroup.reasonReference","RequestGroup.reasonReference","","","",0,*,"","","","Reference {[]} {[CanonicalType[http://hl7.org/fhir/StructureDefinition/Condition], CanonicalType[http://hl7.org/fhir/StructureDefinition/Observation], CanonicalType[http://hl7.org/fhir/StructureDefinition/DiagnosticReport], CanonicalType[http://hl7.org/fhir/StructureDefinition/DocumentReference]]}
","Why the request group is needed","Indicates another resource whose existence justifies this request group.","","","","","","","","","",,,,,"",,,,"RequestGroup.reasonReference",0,*,"","ele-1:All FHIR elements must have a @value or children {hasValue() or (children().count() > id.count())}
","Request.reasonReference","FiveWs.why[x]"
"RequestGroup.note","RequestGroup.note","","","",0,*,"","","","Annotation {[]} {[]}
","Additional notes about the response","Provides a mechanism to communicate additional information about the response.","","","","","","","","","",,,,,"",,,,"RequestGroup.note",0,*,"","ele-1:All FHIR elements must have a @value or children {hasValue() or (children().count() > id.count())}
","Request.note"
"RequestGroup.action","RequestGroup.action","","","",0,*,"Y","","","BackboneElement {[]} {[]}
","Proposed actions, if any","The actions, if any, produced by the evaluation of the artifact.","","","","","","","","","",,,,,"","profile:resource.resolve()}
","foo",,"open","RequestGroup.action",0,*,"","ele-1:All FHIR elements must have a @value or children unless an empty Parameters resource {hasValue() or (children().count() > id.count()) or $this is Parameters}
rqg-1:Must have resource or action but not both {resource.exists() != action.exists()}"
"RequestGroup.action.id","RequestGroup.action.id","","","",0,1,"","","","string {[]} {[]}
","Unique id for inter-element referencing","Unique id for the element within a resource (for internal references). This may be any string value that does not contain spaces.","","","","","","","","","",,,,,"",,,,"Element.id",0,1,"","","n/a"
"RequestGroup.action.extension","RequestGroup.action.extension","","extensions
user content","",0,*,"","","","Extension {[]} {[]}
","Additional content defined by implementations","May be used to represent additional information that is not part of the basic definition of the element. To make the use of extensions safe and manageable, there is a strict set of governance  applied to the definition and use of extensions. Though any implementer can define an extension, there is a set of requirements that SHALL be met as part of the definition of the extension.","There can be no stigma associated with the use of extensions by any application, project, or standard - regardless of the institution or jurisdiction that uses or defines the extensions.  The use of extensions is what allows the FHIR specification to retain a core level of simplicity for everyone.","","","","","","","","",,,,,"",,,,"Element.extension",0,*,"","ele-1:All FHIR elements must have a @value or children {hasValue() or (children().count() > id.count())}
ext-1:Must have either extensions or value[x], not both {extension.exists() != value.exists()}","n/a"
"RequestGroup.action.modifierExtension","RequestGroup.action.modifierExtension","","extensions
user contentmodifiers","",0,*,"","Y","Y","Extension {[]} {[]}
","Extensions that cannot be ignored even if unrecognized","May be used to represent additional information that is not part of the basic definition of the element and that modifies the understanding of the element in which it is contained and/or the understanding of the containing element's descendants. Usually modifier elements provide negation or qualification. To make the use of extensions safe and manageable, there is a strict set of governance applied to the definition and use of extensions. Though any implementer can define an extension, there is a set of requirements that SHALL be met as part of the definition of the extension. Applications processing a resource are required to check for modifier extensions.

Modifier extensions SHALL NOT change the meaning of any elements on Resource or DomainResource (including cannot change the meaning of modifierExtension itself).","There can be no stigma associated with the use of extensions by any application, project, or standard - regardless of the institution or jurisdiction that uses or defines the extensions.  The use of extensions is what allows the FHIR specification to retain a core level of simplicity for everyone.","Modifier extensions allow for extensions that *cannot* be safely ignored to be clearly distinguished from the vast majority of extensions which can be safely ignored.  This promotes interoperability by eliminating the need for implementers to prohibit the presence of extensions. For further information, see the [definition of modifier extensions](http://hl7.org/fhir/R4B/extensibility.html#modifierExtension).","","","","","","","",,,,,"",,,,"BackboneElement.modifierExtension",0,*,"","ele-1:All FHIR elements must have a @value or children {hasValue() or (children().count() > id.count())}
ext-1:Must have either extensions or value[x], not both {extension.exists() != value.exists()}","N/A"
"RequestGroup.action.prefix","RequestGroup.action.prefix","","","",0,1,"","","","string {[]} {[]}
","User-visible prefix for the action (e.g. 1. or A.)","A user-visible prefix for the action.","","","","","","","","","",,,,,"",,,,"RequestGroup.action.prefix",0,1,"","ele-1:All FHIR elements must have a @value or children {hasValue() or (children().count() > id.count())}
"
"RequestGroup.action.title","RequestGroup.action.title","","","",0,1,"","","","string {[]} {[]}
","User-visible title","The title of the action displayed to a user.","","","","","","","","","",,,,,"",,,,"RequestGroup.action.title",0,1,"","ele-1:All FHIR elements must have a @value or children {hasValue() or (children().count() > id.count())}
"
"RequestGroup.action.description","RequestGroup.action.description","","","",0,1,"","","Y","string {[]} {[]}
","Short description of the action","A short description of the action used to provide a summary to display to the user.","","","","","","","","","",,,,,"",,,,"RequestGroup.action.description",0,1,"","ele-1:All FHIR elements must have a @value or children {hasValue() or (children().count() > id.count())}
"
"RequestGroup.action.textEquivalent","RequestGroup.action.textEquivalent","","","",0,1,"","","Y","string {[]} {[]}
","Static text equivalent of the action, used if the dynamic aspects cannot be interpreted by the receiving system","A text equivalent of the action to be performed. This provides a human-interpretable description of the action when the definition is consumed by a system that might not be capable of interpreting it dynamically.","","","","","","","","","",,,,,"",,,,"RequestGroup.action.textEquivalent",0,1,"","ele-1:All FHIR elements must have a @value or children {hasValue() or (children().count() > id.count())}
"
"RequestGroup.action.priority","RequestGroup.action.priority","","","",0,1,"","","","code {[]} {[]}
","routine | urgent | asap | stat","Indicates how quickly the action should be addressed with respect to other actions.","","","","","","","","","",,"required","Identifies the level of importance to be assigned to actioning the request.","http://hl7.org/fhir/ValueSet/request-priority|4.3.0","",,,,"RequestGroup.action.priority",0,1,"","ele-1:All FHIR elements must have a @value or children {hasValue() or (children().count() > id.count())}
","Request.priority"
"RequestGroup.action.code","RequestGroup.action.code","","","",0,*,"","","","CodeableConcept {[]} {[]}
","Code representing the meaning of the action or sub-actions","A code that provides meaning for the action or action group. For example, a section may have a LOINC code for a section of a documentation template.","","","","","","","","","",,,,,"",,,,"RequestGroup.action.code",0,*,"","ele-1:All FHIR elements must have a @value or children {hasValue() or (children().count() > id.count())}
","Request.code"
"RequestGroup.action.documentation","RequestGroup.action.documentation","","","",0,*,"","","","RelatedArtifact {[]} {[]}
","Supporting documentation for the intended performer of the action","Didactic or other informational resources associated with the action that can be provided to the CDS recipient. Information resources can include inline text commentary and links to web resources.","","","","","","","","","",,,,,"",,,,"RequestGroup.action.documentation",0,*,"","ele-1:All FHIR elements must have a @value or children {hasValue() or (children().count() > id.count())}
","Request.supportingInfo"
"RequestGroup.action.condition","RequestGroup.action.condition","","","",0,*,"","","","BackboneElement {[]} {[]}
","Whether or not the action is applicable","An expression that describes applicability criteria, or start/stop conditions for the action.","When multiple conditions of the same kind are present, the effects are combined using AND semantics, so the overall condition is true only if all of the conditions are true.","","","","","","","","",,,,,"",,,,"RequestGroup.action.condition",0,*,"","ele-1:All FHIR elements must have a @value or children unless an empty Parameters resource {hasValue() or (children().count() > id.count()) or $this is Parameters}
"
"RequestGroup.action.condition.id","RequestGroup.action.condition.id","","","",0,1,"","","","string {[]} {[]}
","Unique id for inter-element referencing","Unique id for the element within a resource (for internal references). This may be any string value that does not contain spaces.","","","","","","","","","",,,,,"",,,,"Element.id",0,1,"","","n/a"
"RequestGroup.action.condition.extension","RequestGroup.action.condition.extension","","extensions
user content","",0,*,"","","","Extension {[]} {[]}
","Additional content defined by implementations","May be used to represent additional information that is not part of the basic definition of the element. To make the use of extensions safe and manageable, there is a strict set of governance  applied to the definition and use of extensions. Though any implementer can define an extension, there is a set of requirements that SHALL be met as part of the definition of the extension.","There can be no stigma associated with the use of extensions by any application, project, or standard - regardless of the institution or jurisdiction that uses or defines the extensions.  The use of extensions is what allows the FHIR specification to retain a core level of simplicity for everyone.","","","","","","","","",,,,,"",,,,"Element.extension",0,*,"","ele-1:All FHIR elements must have a @value or children {hasValue() or (children().count() > id.count())}
ext-1:Must have either extensions or value[x], not both {extension.exists() != value.exists()}","n/a"
"RequestGroup.action.condition.modifierExtension","RequestGroup.action.condition.modifierExtension","","extensions
user contentmodifiers","",0,*,"","Y","Y","Extension {[]} {[]}
","Extensions that cannot be ignored even if unrecognized","May be used to represent additional information that is not part of the basic definition of the element and that modifies the understanding of the element in which it is contained and/or the understanding of the containing element's descendants. Usually modifier elements provide negation or qualification. To make the use of extensions safe and manageable, there is a strict set of governance applied to the definition and use of extensions. Though any implementer can define an extension, there is a set of requirements that SHALL be met as part of the definition of the extension. Applications processing a resource are required to check for modifier extensions.

Modifier extensions SHALL NOT change the meaning of any elements on Resource or DomainResource (including cannot change the meaning of modifierExtension itself).","There can be no stigma associated with the use of extensions by any application, project, or standard - regardless of the institution or jurisdiction that uses or defines the extensions.  The use of extensions is what allows the FHIR specification to retain a core level of simplicity for everyone.","Modifier extensions allow for extensions that *cannot* be safely ignored to be clearly distinguished from the vast majority of extensions which can be safely ignored.  This promotes interoperability by eliminating the need for implementers to prohibit the presence of extensions. For further information, see the [definition of modifier extensions](http://hl7.org/fhir/R4B/extensibility.html#modifierExtension).","","","","","","","",,,,,"",,,,"BackboneElement.modifierExtension",0,*,"","ele-1:All FHIR elements must have a @value or children {hasValue() or (children().count() > id.count())}
ext-1:Must have either extensions or value[x], not both {extension.exists() != value.exists()}","N/A"
"RequestGroup.action.condition.kind","RequestGroup.action.condition.kind","","","",1,1,"","","","code {[]} {[]}
","applicability | start | stop","The kind of condition.","Applicability criteria are used to determine immediate applicability when a plan definition is applied to a given context. Start and stop criteria are carried through application and used to describe enter/exit criteria for an action.","","","","","","","","",,"required","The kind of condition for the action.","http://hl7.org/fhir/ValueSet/action-condition-kind|4.3.0","",,,,"RequestGroup.action.condition.kind",1,1,"","ele-1:All FHIR elements must have a @value or children {hasValue() or (children().count() > id.count())}
"
"RequestGroup.action.condition.expression","RequestGroup.action.condition.expression","","","",0,1,"","","","Expression {[]} {[]}
","Boolean-valued expression","An expression that returns true or false, indicating whether or not the condition is satisfied.","The expression may be inlined, or may be a reference to a named expression within a logic library referenced by the library element.","","","","","","","","",,,,,"",,,,"RequestGroup.action.condition.expression",0,1,"","ele-1:All FHIR elements must have a @value or children {hasValue() or (children().count() > id.count())}
"
"RequestGroup.action.relatedAction","RequestGroup.action.relatedAction","","","",0,*,"","","","BackboneElement {[]} {[]}
","Relationship to another action","A relationship to another action such as ""before"" or ""30-60 minutes after start of"".","","","","","","","","","",,,,,"",,,,"RequestGroup.action.relatedAction",0,*,"","ele-1:All FHIR elements must have a @value or children unless an empty Parameters resource {hasValue() or (children().count() > id.count()) or $this is Parameters}
"
"RequestGroup.action.relatedAction.id","RequestGroup.action.relatedAction.id","","","",0,1,"","","","string {[]} {[]}
","Unique id for inter-element referencing","Unique id for the element within a resource (for internal references). This may be any string value that does not contain spaces.","","","","","","","","","",,,,,"",,,,"Element.id",0,1,"","","n/a"
"RequestGroup.action.relatedAction.extension","RequestGroup.action.relatedAction.extension","","extensions
user content","",0,*,"","","","Extension {[]} {[]}
","Additional content defined by implementations","May be used to represent additional information that is not part of the basic definition of the element. To make the use of extensions safe and manageable, there is a strict set of governance  applied to the definition and use of extensions. Though any implementer can define an extension, there is a set of requirements that SHALL be met as part of the definition of the extension.","There can be no stigma associated with the use of extensions by any application, project, or standard - regardless of the institution or jurisdiction that uses or defines the extensions.  The use of extensions is what allows the FHIR specification to retain a core level of simplicity for everyone.","","","","","","","","",,,,,"",,,,"Element.extension",0,*,"","ele-1:All FHIR elements must have a @value or children {hasValue() or (children().count() > id.count())}
ext-1:Must have either extensions or value[x], not both {extension.exists() != value.exists()}","n/a"
"RequestGroup.action.relatedAction.modifierExtension","RequestGroup.action.relatedAction.modifierExtension","","extensions
user contentmodifiers","",0,*,"","Y","Y","Extension {[]} {[]}
","Extensions that cannot be ignored even if unrecognized","May be used to represent additional information that is not part of the basic definition of the element and that modifies the understanding of the element in which it is contained and/or the understanding of the containing element's descendants. Usually modifier elements provide negation or qualification. To make the use of extensions safe and manageable, there is a strict set of governance applied to the definition and use of extensions. Though any implementer can define an extension, there is a set of requirements that SHALL be met as part of the definition of the extension. Applications processing a resource are required to check for modifier extensions.

Modifier extensions SHALL NOT change the meaning of any elements on Resource or DomainResource (including cannot change the meaning of modifierExtension itself).","There can be no stigma associated with the use of extensions by any application, project, or standard - regardless of the institution or jurisdiction that uses or defines the extensions.  The use of extensions is what allows the FHIR specification to retain a core level of simplicity for everyone.","Modifier extensions allow for extensions that *cannot* be safely ignored to be clearly distinguished from the vast majority of extensions which can be safely ignored.  This promotes interoperability by eliminating the need for implementers to prohibit the presence of extensions. For further information, see the [definition of modifier extensions](http://hl7.org/fhir/R4B/extensibility.html#modifierExtension).","","","","","","","",,,,,"",,,,"BackboneElement.modifierExtension",0,*,"","ele-1:All FHIR elements must have a @value or children {hasValue() or (children().count() > id.count())}
ext-1:Must have either extensions or value[x], not both {extension.exists() != value.exists()}","N/A"
"RequestGroup.action.relatedAction.actionId","RequestGroup.action.relatedAction.actionId","","","",1,1,"","","","id {[]} {[]}
","What action this is related to","The element id of the action this is related to.","","","","","","","","","",,,,,"",,,,"RequestGroup.action.relatedAction.actionId",1,1,"","ele-1:All FHIR elements must have a @value or children {hasValue() or (children().count() > id.count())}
"
"RequestGroup.action.relatedAction.relationship","RequestGroup.action.relatedAction.relationship","","","",1,1,"","","","code {[]} {[]}
","before-start | before | before-end | concurrent-with-start | concurrent | concurrent-with-end | after-start | after | after-end","The relationship of this action to the related action.","","","","","","","","","",,"required","Defines the types of relationships between actions.","http://hl7.org/fhir/ValueSet/action-relationship-type|4.3.0","",,,,"RequestGroup.action.relatedAction.relationship",1,1,"","ele-1:All FHIR elements must have a @value or children {hasValue() or (children().count() > id.count())}
"
"RequestGroup.action.relatedAction.offset[x]","RequestGroup.action.relatedAction.offset[x]","","","",0,1,"","","","Duration {[]} {[]}
Range {[]} {[]}","Time offset for the relationship","A duration or range of durations to apply to the relationship. For example, 30-60 minutes before.","","","","","","","","","",,,,,"",,,,"RequestGroup.action.relatedAction.offset[x]",0,1,"","ele-1:All FHIR elements must have a @value or children {hasValue() or (children().count() > id.count())}
"
"RequestGroup.action.timing[x]","RequestGroup.action.timing[x]","","","",0,1,"","","","dateTime {[]} {[]}
Age {[]} {[]}Period {[]} {[]}Duration {[]} {[]}Range {[]} {[]}Timing {[]} {[]}","When the action should take place","An optional value describing when the action should be performed.","","","","","","","","","",,,,,"",,,,"RequestGroup.action.timing[x]",0,1,"","ele-1:All FHIR elements must have a @value or children {hasValue() or (children().count() > id.count())}
","Request.occurrence[x]"
"RequestGroup.action.participant","RequestGroup.action.participant","","","",0,*,"","","","Reference {[]} {[CanonicalType[http://hl7.org/fhir/StructureDefinition/Patient], CanonicalType[http://hl7.org/fhir/StructureDefinition/Practitioner], CanonicalType[http://hl7.org/fhir/StructureDefinition/PractitionerRole], CanonicalType[http://hl7.org/fhir/StructureDefinition/RelatedPerson], CanonicalType[http://hl7.org/fhir/StructureDefinition/Device]]}
","Who should perform the action","The participant that should perform or be responsible for this action.","","","","","","","","","",,,,,"",,,,"RequestGroup.action.participant",0,*,"","ele-1:All FHIR elements must have a @value or children {hasValue() or (children().count() > id.count())}
","Request.performer","FiveWs.actor"
"RequestGroup.action.type","RequestGroup.action.type","","","",0,1,"","","","CodeableConcept {[]} {[]}
","create | update | remove | fire-event","The type of action to perform (create, update, remove).","","","","","","","","","",,"extensible","The type of action to be performed.","http://hl7.org/fhir/ValueSet/action-type","",,,,"RequestGroup.action.type",0,1,"","ele-1:All FHIR elements must have a @value or children {hasValue() or (children().count() > id.count())}
"
"RequestGroup.action.groupingBehavior","RequestGroup.action.groupingBehavior","","","",0,1,"","","","code {[]} {[]}
","visual-group | logical-group | sentence-group","Defines the grouping behavior for the action and its children.","","","","","","","","","",,"required","Defines organization behavior of a group.","http://hl7.org/fhir/ValueSet/action-grouping-behavior|4.3.0","",,,,"RequestGroup.action.groupingBehavior",0,1,"","ele-1:All FHIR elements must have a @value or children {hasValue() or (children().count() > id.count())}
"
"RequestGroup.action.selectionBehavior","RequestGroup.action.selectionBehavior","","","",0,1,"","","","code {[]} {[]}
","any | all | all-or-none | exactly-one | at-most-one | one-or-more","Defines the selection behavior for the action and its children.","","","","","","","","","",,"required","Defines selection behavior of a group.","http://hl7.org/fhir/ValueSet/action-selection-behavior|4.3.0","",,,,"RequestGroup.action.selectionBehavior",0,1,"","ele-1:All FHIR elements must have a @value or children {hasValue() or (children().count() > id.count())}
"
"RequestGroup.action.requiredBehavior","RequestGroup.action.requiredBehavior","","","",0,1,"","","","code {[]} {[]}
","must | could | must-unless-documented","Defines expectations around whether an action is required.","","","","","","","","","",,"required","Defines expectations around whether an action or action group is required.","http://hl7.org/fhir/ValueSet/action-required-behavior|4.3.0","",,,,"RequestGroup.action.requiredBehavior",0,1,"","ele-1:All FHIR elements must have a @value or children {hasValue() or (children().count() > id.count())}
"
"RequestGroup.action.precheckBehavior","RequestGroup.action.precheckBehavior","","","",0,1,"","","","code {[]} {[]}
","yes | no","Defines whether the action should usually be preselected.","","","","","","","","","",,"required","Defines selection frequency behavior for an action or group.","http://hl7.org/fhir/ValueSet/action-precheck-behavior|4.3.0","",,,,"RequestGroup.action.precheckBehavior",0,1,"","ele-1:All FHIR elements must have a @value or children {hasValue() or (children().count() > id.count())}
"
"RequestGroup.action.cardinalityBehavior","RequestGroup.action.cardinalityBehavior","","","",0,1,"","","","code {[]} {[]}
","single | multiple","Defines whether the action can be selected multiple times.","","","","","","","","","",,"required","Defines behavior for an action or a group for how many times that item may be repeated.","http://hl7.org/fhir/ValueSet/action-cardinality-behavior|4.3.0","",,,,"RequestGroup.action.cardinalityBehavior",0,1,"","ele-1:All FHIR elements must have a @value or children {hasValue() or (children().count() > id.count())}
"
"RequestGroup.action.resource","RequestGroup.action.resource","","","",0,1,"","","","Reference {[]} {[CanonicalType[http://hl7.org/fhir/StructureDefinition/Resource]]}
","The target of the action","The resource that is the target of the action (e.g. CommunicationRequest).","The target resource SHALL be a [Request](request.html) resource with a Request.intent set to ""option"".","","","","","","","","",,,,,"",,,,"RequestGroup.action.resource",0,1,"rqg-1
","ele-1:All FHIR elements must have a @value or children {hasValue() or (children().count() > id.count())}
"
"RequestGroup.action.action","RequestGroup.action.action","","","",0,*,"","","","null {[]} {[]}
","Sub action","Sub actions.","","","","","","","","","",,,,,"",,,,"RequestGroup.action.action",0,*,"rqg-1
","ele-1:All FHIR elements must have a @value or children {hasValue() or (children().count() > id.count())}
"
"RequestGroup.action:kiolaMeasurementRequests","RequestGroup.action","kiolaMeasurementRequests","","",0,*,"Y","","","BackboneElement {[]} {[]}
","Measurement requests, corresponding to the treatment plan definition.","Measurement requests, corresponding to the activities defined in the treatment plan definition, which might have been individualized for the patient. 
No action shall be added that does not correspond to an action in the definition, but actions might be removed.","","","","","","","","","",,,,,"",,,,"RequestGroup.action",0,*,"","ele-1:All FHIR elements must have a @value or children unless an empty Parameters resource {hasValue() or (children().count() > id.count()) or $this is Parameters}
rqg-1:Must have resource or action but not both {resource.exists() != action.exists()}"
"RequestGroup.action:kiolaMeasurementRequests.id","RequestGroup.action.id","","","",0,1,"","","","string {[]} {[]}
","Unique id for inter-element referencing","Unique id for the element within a resource (for internal references). This may be any string value that does not contain spaces.","","","","","","","","","",,,,,"",,,,"Element.id",0,1,"","","n/a"
"RequestGroup.action:kiolaMeasurementRequests.extension","RequestGroup.action.extension","","extensions
user content","",0,*,"","","","Extension {[]} {[]}
","Additional content defined by implementations","May be used to represent additional information that is not part of the basic definition of the element. To make the use of extensions safe and manageable, there is a strict set of governance  applied to the definition and use of extensions. Though any implementer can define an extension, there is a set of requirements that SHALL be met as part of the definition of the extension.","There can be no stigma associated with the use of extensions by any application, project, or standard - regardless of the institution or jurisdiction that uses or defines the extensions.  The use of extensions is what allows the FHIR specification to retain a core level of simplicity for everyone.","","","","","","","","",,,,,"",,,,"Element.extension",0,*,"","ele-1:All FHIR elements must have a @value or children {hasValue() or (children().count() > id.count())}
ext-1:Must have either extensions or value[x], not both {extension.exists() != value.exists()}","n/a"
"RequestGroup.action:kiolaMeasurementRequests.modifierExtension","RequestGroup.action.modifierExtension","","extensions
user contentmodifiers","",0,*,"","Y","Y","Extension {[]} {[]}
","Extensions that cannot be ignored even if unrecognized","May be used to represent additional information that is not part of the basic definition of the element and that modifies the understanding of the element in which it is contained and/or the understanding of the containing element's descendants. Usually modifier elements provide negation or qualification. To make the use of extensions safe and manageable, there is a strict set of governance applied to the definition and use of extensions. Though any implementer can define an extension, there is a set of requirements that SHALL be met as part of the definition of the extension. Applications processing a resource are required to check for modifier extensions.

Modifier extensions SHALL NOT change the meaning of any elements on Resource or DomainResource (including cannot change the meaning of modifierExtension itself).","There can be no stigma associated with the use of extensions by any application, project, or standard - regardless of the institution or jurisdiction that uses or defines the extensions.  The use of extensions is what allows the FHIR specification to retain a core level of simplicity for everyone.","Modifier extensions allow for extensions that *cannot* be safely ignored to be clearly distinguished from the vast majority of extensions which can be safely ignored.  This promotes interoperability by eliminating the need for implementers to prohibit the presence of extensions. For further information, see the [definition of modifier extensions](http://hl7.org/fhir/R4B/extensibility.html#modifierExtension).","","","","","","","",,,,,"",,,,"BackboneElement.modifierExtension",0,*,"","ele-1:All FHIR elements must have a @value or children {hasValue() or (children().count() > id.count())}
ext-1:Must have either extensions or value[x], not both {extension.exists() != value.exists()}","N/A"
"RequestGroup.action:kiolaMeasurementRequests.prefix","RequestGroup.action.prefix","","","",0,1,"","","","string {[]} {[]}
","User-visible prefix for the action (e.g. 1. or A.)","A user-visible prefix for the action.","","","","","","","","","",,,,,"",,,,"RequestGroup.action.prefix",0,1,"","ele-1:All FHIR elements must have a @value or children {hasValue() or (children().count() > id.count())}
"
"RequestGroup.action:kiolaMeasurementRequests.title","RequestGroup.action.title","","","",0,1,"","","","string {[]} {[]}
","User-visible title","The title of the action displayed to a user.","","","","","","","","","",,,,,"",,,,"RequestGroup.action.title",0,1,"","ele-1:All FHIR elements must have a @value or children {hasValue() or (children().count() > id.count())}
"
"RequestGroup.action:kiolaMeasurementRequests.description","RequestGroup.action.description","","","",0,1,"","","Y","string {[]} {[]}
","Short description of the action","A short description of the action used to provide a summary to display to the user.","","","","","","","","","",,,,,"",,,,"RequestGroup.action.description",0,1,"","ele-1:All FHIR elements must have a @value or children {hasValue() or (children().count() > id.count())}
"
"RequestGroup.action:kiolaMeasurementRequests.textEquivalent","RequestGroup.action.textEquivalent","","","",0,1,"","","Y","string {[]} {[]}
","Static text equivalent of the action, used if the dynamic aspects cannot be interpreted by the receiving system","A text equivalent of the action to be performed. This provides a human-interpretable description of the action when the definition is consumed by a system that might not be capable of interpreting it dynamically.","","","","","","","","","",,,,,"",,,,"RequestGroup.action.textEquivalent",0,1,"","ele-1:All FHIR elements must have a @value or children {hasValue() or (children().count() > id.count())}
"
"RequestGroup.action:kiolaMeasurementRequests.priority","RequestGroup.action.priority","","","",0,1,"","","","code {[]} {[]}
","routine | urgent | asap | stat","Indicates how quickly the action should be addressed with respect to other actions.","","","","","","","","","",,"required","Identifies the level of importance to be assigned to actioning the request.","http://hl7.org/fhir/ValueSet/request-priority|4.3.0","",,,,"RequestGroup.action.priority",0,1,"","ele-1:All FHIR elements must have a @value or children {hasValue() or (children().count() > id.count())}
","Request.priority"
"RequestGroup.action:kiolaMeasurementRequests.code","RequestGroup.action.code","","","",0,*,"","","","CodeableConcept {[]} {[]}
","Code representing the meaning of the action or sub-actions","A code that provides meaning for the action or action group. For example, a section may have a LOINC code for a section of a documentation template.","","","","","","","","","",,,,,"",,,,"RequestGroup.action.code",0,*,"","ele-1:All FHIR elements must have a @value or children {hasValue() or (children().count() > id.count())}
","Request.code"
"RequestGroup.action:kiolaMeasurementRequests.documentation","RequestGroup.action.documentation","","","",0,*,"","","","RelatedArtifact {[]} {[]}
","Supporting documentation for the intended performer of the action","Didactic or other informational resources associated with the action that can be provided to the CDS recipient. Information resources can include inline text commentary and links to web resources.","","","","","","","","","",,,,,"",,,,"RequestGroup.action.documentation",0,*,"","ele-1:All FHIR elements must have a @value or children {hasValue() or (children().count() > id.count())}
","Request.supportingInfo"
"RequestGroup.action:kiolaMeasurementRequests.condition","RequestGroup.action.condition","","","",0,*,"","","","BackboneElement {[]} {[]}
","Whether or not the action is applicable","An expression that describes applicability criteria, or start/stop conditions for the action.","When multiple conditions of the same kind are present, the effects are combined using AND semantics, so the overall condition is true only if all of the conditions are true.","","","","","","","","",,,,,"",,,,"RequestGroup.action.condition",0,*,"","ele-1:All FHIR elements must have a @value or children unless an empty Parameters resource {hasValue() or (children().count() > id.count()) or $this is Parameters}
"
"RequestGroup.action:kiolaMeasurementRequests.condition.id","RequestGroup.action.condition.id","","","",0,1,"","","","string {[]} {[]}
","Unique id for inter-element referencing","Unique id for the element within a resource (for internal references). This may be any string value that does not contain spaces.","","","","","","","","","",,,,,"",,,,"Element.id",0,1,"","","n/a"
"RequestGroup.action:kiolaMeasurementRequests.condition.extension","RequestGroup.action.condition.extension","","extensions
user content","",0,*,"","","","Extension {[]} {[]}
","Additional content defined by implementations","May be used to represent additional information that is not part of the basic definition of the element. To make the use of extensions safe and manageable, there is a strict set of governance  applied to the definition and use of extensions. Though any implementer can define an extension, there is a set of requirements that SHALL be met as part of the definition of the extension.","There can be no stigma associated with the use of extensions by any application, project, or standard - regardless of the institution or jurisdiction that uses or defines the extensions.  The use of extensions is what allows the FHIR specification to retain a core level of simplicity for everyone.","","","","","","","","",,,,,"",,,,"Element.extension",0,*,"","ele-1:All FHIR elements must have a @value or children {hasValue() or (children().count() > id.count())}
ext-1:Must have either extensions or value[x], not both {extension.exists() != value.exists()}","n/a"
"RequestGroup.action:kiolaMeasurementRequests.condition.modifierExtension","RequestGroup.action.condition.modifierExtension","","extensions
user contentmodifiers","",0,*,"","Y","Y","Extension {[]} {[]}
","Extensions that cannot be ignored even if unrecognized","May be used to represent additional information that is not part of the basic definition of the element and that modifies the understanding of the element in which it is contained and/or the understanding of the containing element's descendants. Usually modifier elements provide negation or qualification. To make the use of extensions safe and manageable, there is a strict set of governance applied to the definition and use of extensions. Though any implementer can define an extension, there is a set of requirements that SHALL be met as part of the definition of the extension. Applications processing a resource are required to check for modifier extensions.

Modifier extensions SHALL NOT change the meaning of any elements on Resource or DomainResource (including cannot change the meaning of modifierExtension itself).","There can be no stigma associated with the use of extensions by any application, project, or standard - regardless of the institution or jurisdiction that uses or defines the extensions.  The use of extensions is what allows the FHIR specification to retain a core level of simplicity for everyone.","Modifier extensions allow for extensions that *cannot* be safely ignored to be clearly distinguished from the vast majority of extensions which can be safely ignored.  This promotes interoperability by eliminating the need for implementers to prohibit the presence of extensions. For further information, see the [definition of modifier extensions](http://hl7.org/fhir/R4B/extensibility.html#modifierExtension).","","","","","","","",,,,,"",,,,"BackboneElement.modifierExtension",0,*,"","ele-1:All FHIR elements must have a @value or children {hasValue() or (children().count() > id.count())}
ext-1:Must have either extensions or value[x], not both {extension.exists() != value.exists()}","N/A"
"RequestGroup.action:kiolaMeasurementRequests.condition.kind","RequestGroup.action.condition.kind","","","",1,1,"","","","code {[]} {[]}
","applicability | start | stop","The kind of condition.","Applicability criteria are used to determine immediate applicability when a plan definition is applied to a given context. Start and stop criteria are carried through application and used to describe enter/exit criteria for an action.","","","","","","","","",,"required","The kind of condition for the action.","http://hl7.org/fhir/ValueSet/action-condition-kind|4.3.0","",,,,"RequestGroup.action.condition.kind",1,1,"","ele-1:All FHIR elements must have a @value or children {hasValue() or (children().count() > id.count())}
"
"RequestGroup.action:kiolaMeasurementRequests.condition.expression","RequestGroup.action.condition.expression","","","",0,1,"","","","Expression {[]} {[]}
","Boolean-valued expression","An expression that returns true or false, indicating whether or not the condition is satisfied.","The expression may be inlined, or may be a reference to a named expression within a logic library referenced by the library element.","","","","","","","","",,,,,"",,,,"RequestGroup.action.condition.expression",0,1,"","ele-1:All FHIR elements must have a @value or children {hasValue() or (children().count() > id.count())}
"
"RequestGroup.action:kiolaMeasurementRequests.relatedAction","RequestGroup.action.relatedAction","","","",0,*,"","","","BackboneElement {[]} {[]}
","Relationship to another action","A relationship to another action such as ""before"" or ""30-60 minutes after start of"".","","","","","","","","","",,,,,"",,,,"RequestGroup.action.relatedAction",0,*,"","ele-1:All FHIR elements must have a @value or children unless an empty Parameters resource {hasValue() or (children().count() > id.count()) or $this is Parameters}
"
"RequestGroup.action:kiolaMeasurementRequests.relatedAction.id","RequestGroup.action.relatedAction.id","","","",0,1,"","","","string {[]} {[]}
","Unique id for inter-element referencing","Unique id for the element within a resource (for internal references). This may be any string value that does not contain spaces.","","","","","","","","","",,,,,"",,,,"Element.id",0,1,"","","n/a"
"RequestGroup.action:kiolaMeasurementRequests.relatedAction.extension","RequestGroup.action.relatedAction.extension","","extensions
user content","",0,*,"","","","Extension {[]} {[]}
","Additional content defined by implementations","May be used to represent additional information that is not part of the basic definition of the element. To make the use of extensions safe and manageable, there is a strict set of governance  applied to the definition and use of extensions. Though any implementer can define an extension, there is a set of requirements that SHALL be met as part of the definition of the extension.","There can be no stigma associated with the use of extensions by any application, project, or standard - regardless of the institution or jurisdiction that uses or defines the extensions.  The use of extensions is what allows the FHIR specification to retain a core level of simplicity for everyone.","","","","","","","","",,,,,"",,,,"Element.extension",0,*,"","ele-1:All FHIR elements must have a @value or children {hasValue() or (children().count() > id.count())}
ext-1:Must have either extensions or value[x], not both {extension.exists() != value.exists()}","n/a"
"RequestGroup.action:kiolaMeasurementRequests.relatedAction.modifierExtension","RequestGroup.action.relatedAction.modifierExtension","","extensions
user contentmodifiers","",0,*,"","Y","Y","Extension {[]} {[]}
","Extensions that cannot be ignored even if unrecognized","May be used to represent additional information that is not part of the basic definition of the element and that modifies the understanding of the element in which it is contained and/or the understanding of the containing element's descendants. Usually modifier elements provide negation or qualification. To make the use of extensions safe and manageable, there is a strict set of governance applied to the definition and use of extensions. Though any implementer can define an extension, there is a set of requirements that SHALL be met as part of the definition of the extension. Applications processing a resource are required to check for modifier extensions.

Modifier extensions SHALL NOT change the meaning of any elements on Resource or DomainResource (including cannot change the meaning of modifierExtension itself).","There can be no stigma associated with the use of extensions by any application, project, or standard - regardless of the institution or jurisdiction that uses or defines the extensions.  The use of extensions is what allows the FHIR specification to retain a core level of simplicity for everyone.","Modifier extensions allow for extensions that *cannot* be safely ignored to be clearly distinguished from the vast majority of extensions which can be safely ignored.  This promotes interoperability by eliminating the need for implementers to prohibit the presence of extensions. For further information, see the [definition of modifier extensions](http://hl7.org/fhir/R4B/extensibility.html#modifierExtension).","","","","","","","",,,,,"",,,,"BackboneElement.modifierExtension",0,*,"","ele-1:All FHIR elements must have a @value or children {hasValue() or (children().count() > id.count())}
ext-1:Must have either extensions or value[x], not both {extension.exists() != value.exists()}","N/A"
"RequestGroup.action:kiolaMeasurementRequests.relatedAction.actionId","RequestGroup.action.relatedAction.actionId","","","",1,1,"","","","id {[]} {[]}
","What action this is related to","The element id of the action this is related to.","","","","","","","","","",,,,,"",,,,"RequestGroup.action.relatedAction.actionId",1,1,"","ele-1:All FHIR elements must have a @value or children {hasValue() or (children().count() > id.count())}
"
"RequestGroup.action:kiolaMeasurementRequests.relatedAction.relationship","RequestGroup.action.relatedAction.relationship","","","",1,1,"","","","code {[]} {[]}
","before-start | before | before-end | concurrent-with-start | concurrent | concurrent-with-end | after-start | after | after-end","The relationship of this action to the related action.","","","","","","","","","",,"required","Defines the types of relationships between actions.","http://hl7.org/fhir/ValueSet/action-relationship-type|4.3.0","",,,,"RequestGroup.action.relatedAction.relationship",1,1,"","ele-1:All FHIR elements must have a @value or children {hasValue() or (children().count() > id.count())}
"
"RequestGroup.action:kiolaMeasurementRequests.relatedAction.offset[x]","RequestGroup.action.relatedAction.offset[x]","","","",0,1,"","","","Duration {[]} {[]}
Range {[]} {[]}","Time offset for the relationship","A duration or range of durations to apply to the relationship. For example, 30-60 minutes before.","","","","","","","","","",,,,,"",,,,"RequestGroup.action.relatedAction.offset[x]",0,1,"","ele-1:All FHIR elements must have a @value or children {hasValue() or (children().count() > id.count())}
"
"RequestGroup.action:kiolaMeasurementRequests.timing[x]","RequestGroup.action.timing[x]","","","",0,1,"","","","dateTime {[]} {[]}
Age {[]} {[]}Period {[]} {[]}Duration {[]} {[]}Range {[]} {[]}Timing {[]} {[]}","When the action should take place","An optional value describing when the action should be performed.","","","","","","","","","",,,,,"",,,,"RequestGroup.action.timing[x]",0,1,"","ele-1:All FHIR elements must have a @value or children {hasValue() or (children().count() > id.count())}
","Request.occurrence[x]"
"RequestGroup.action:kiolaMeasurementRequests.participant","RequestGroup.action.participant","","","",0,*,"","","","Reference {[]} {[CanonicalType[http://hl7.org/fhir/StructureDefinition/Patient], CanonicalType[http://hl7.org/fhir/StructureDefinition/Practitioner], CanonicalType[http://hl7.org/fhir/StructureDefinition/PractitionerRole], CanonicalType[http://hl7.org/fhir/StructureDefinition/RelatedPerson], CanonicalType[http://hl7.org/fhir/StructureDefinition/Device]]}
","Who should perform the action","The participant that should perform or be responsible for this action.","","","","","","","","","",,,,,"",,,,"RequestGroup.action.participant",0,*,"","ele-1:All FHIR elements must have a @value or children {hasValue() or (children().count() > id.count())}
","Request.performer","FiveWs.actor"
"RequestGroup.action:kiolaMeasurementRequests.type","RequestGroup.action.type","","","",0,1,"","","","CodeableConcept {[]} {[]}
","create | update | remove | fire-event","The type of action to perform (create, update, remove).","","","","","","","","","",,"extensible","The type of action to be performed.","http://hl7.org/fhir/ValueSet/action-type","",,,,"RequestGroup.action.type",0,1,"","ele-1:All FHIR elements must have a @value or children {hasValue() or (children().count() > id.count())}
"
"RequestGroup.action:kiolaMeasurementRequests.groupingBehavior","RequestGroup.action.groupingBehavior","","","",0,1,"","","","code {[]} {[]}
","visual-group | logical-group | sentence-group","Defines the grouping behavior for the action and its children.","","","","","","","","","",,"required","Defines organization behavior of a group.","http://hl7.org/fhir/ValueSet/action-grouping-behavior|4.3.0","",,,,"RequestGroup.action.groupingBehavior",0,1,"","ele-1:All FHIR elements must have a @value or children {hasValue() or (children().count() > id.count())}
"
"RequestGroup.action:kiolaMeasurementRequests.selectionBehavior","RequestGroup.action.selectionBehavior","","","",0,1,"","","","code {[]} {[]}
","any | all | all-or-none | exactly-one | at-most-one | one-or-more","Defines the selection behavior for the action and its children.","","","","","","","","","",,"required","Defines selection behavior of a group.","http://hl7.org/fhir/ValueSet/action-selection-behavior|4.3.0","",,,,"RequestGroup.action.selectionBehavior",0,1,"","ele-1:All FHIR elements must have a @value or children {hasValue() or (children().count() > id.count())}
"
"RequestGroup.action:kiolaMeasurementRequests.requiredBehavior","RequestGroup.action.requiredBehavior","","","",0,1,"","","","code {[]} {[]}
","must | could | must-unless-documented","Defines expectations around whether an action is required.","","","","","","","","","",,"required","Defines expectations around whether an action or action group is required.","http://hl7.org/fhir/ValueSet/action-required-behavior|4.3.0","",,,,"RequestGroup.action.requiredBehavior",0,1,"","ele-1:All FHIR elements must have a @value or children {hasValue() or (children().count() > id.count())}
"
"RequestGroup.action:kiolaMeasurementRequests.precheckBehavior","RequestGroup.action.precheckBehavior","","","",0,1,"","","","code {[]} {[]}
","yes | no","Defines whether the action should usually be preselected.","","","","","","","","","",,"required","Defines selection frequency behavior for an action or group.","http://hl7.org/fhir/ValueSet/action-precheck-behavior|4.3.0","",,,,"RequestGroup.action.precheckBehavior",0,1,"","ele-1:All FHIR elements must have a @value or children {hasValue() or (children().count() > id.count())}
"
"RequestGroup.action:kiolaMeasurementRequests.cardinalityBehavior","RequestGroup.action.cardinalityBehavior","","","",0,1,"","","","code {[]} {[]}
","single | multiple","Defines whether the action can be selected multiple times.","","","","","","","","","",,"required","Defines behavior for an action or a group for how many times that item may be repeated.","http://hl7.org/fhir/ValueSet/action-cardinality-behavior|4.3.0","",,,,"RequestGroup.action.cardinalityBehavior",0,1,"","ele-1:All FHIR elements must have a @value or children {hasValue() or (children().count() > id.count())}
"
"RequestGroup.action:kiolaMeasurementRequests.resource","RequestGroup.action.resource","","","",1,1,"Y","","","Reference {[]} {[CanonicalType[https://fhir.ehealth-systems.at/artifacts/StructureDefinition/kiola-measurement-request]]} (contained
)
","The target of the action","The resource that is the target of the action (e.g. CommunicationRequest).","The target resource SHALL be a [Request](request.html) resource with a Request.intent set to ""option"".","","","","","","","","",,,,,"",,,,"RequestGroup.action.resource",0,1,"rqg-1
","ele-1:All FHIR elements must have a @value or children {hasValue() or (children().count() > id.count())}
"
"RequestGroup.action:kiolaMeasurementRequests.action","RequestGroup.action.action","","","",0,*,"","","","null {[]} {[]}
","Sub action","Sub actions.","","","","","","","","","",,,,,"",,,,"RequestGroup.action.action",0,*,"rqg-1
","ele-1:All FHIR elements must have a @value or children {hasValue() or (children().count() > id.count())}
"
