{"resourceType":"ValueSet","id":"legalStatusForTheSupplyVs","text":{"status":"generated","div":"<div xmlns=\"http://www.w3.org/1999/xhtml\"><ul><li>Include all codes defined in <a href=\"CodeSystem-100000072051.html\"><code>https://spor.ema.europa.eu/v1/lists/100000072051</code></a></li></ul></div>"},"url":"https://ema.europa.eu/fhir/vs/legalStatusForTheSupply","version":"0.1.0","name":"LegalStatusForTheSupplyVs","title":"The Legal Status of Supply Value Set","status":"active","date":"2024-05-17T10:36:09+00:00","publisher":"AGES","contact":[{"name":"AGES","telecom":[{"system":"url","value":"https://www.ages.at/"}]}],"compose":{"include":[{"system":"https://spor.ema.europa.eu/v1/lists/100000072051"}]}}