<?xml version="1.0" encoding="UTF-8"?>

<ValueSet xmlns="http://hl7.org/fhir">
  <id value="moped-abgangsart-valueset"/>
  <text>
    <status value="generated"/><div xmlns="http://www.w3.org/1999/xhtml"><p class="res-header-id"><b>Generated Narrative: ValueSet moped-abgangsart-valueset</b></p><a name="moped-abgangsart-valueset"> </a><a name="hcmoped-abgangsart-valueset"> </a><a name="moped-abgangsart-valueset-en-US"> </a><ul><li>Include these codes as defined in <code>http://tbd.at/MOPED-encounter-abgangsart</code><table class="none"><tr><td style="white-space:nowrap"><b>Code</b></td><td><b>Display</b></td></tr><tr><td>1</td><td>Lebend</td></tr><tr><td>2</td><td>Lebend mit Therapiereduktion</td></tr><tr><td>3</td><td>Gestorben</td></tr><tr><td>4</td><td>Gestorben mit Therapiereduktion</td></tr></table></li></ul></div>
  </text>
  <url value="http://example.org/ValueSet/moped-abgangsart-valueset"/>
  <version value="0.1.0"/>
  <name value="Abgangsart"/>
  <title value="Abgangsart des Patienten"/>
  <status value="draft"/>
  <date value="2024-10-24T12:20:26+00:00"/>
  <publisher value="Example Publisher"/>
  <contact>
    <name value="Example Publisher"/>
    <telecom>
      <system value="url"/>
      <value value="http://example.org/example-publisher"/>
    </telecom>
  </contact>
  <description value="ValueSet für die Abgangsart des Patienten"/>
  <compose>
    <include>
      <system value="http://tbd.at/MOPED-encounter-abgangsart"/>
      <concept>
        <code value="1"/>
        <display value="Lebend"/>
      </concept>
      <concept>
        <code value="2"/>
        <display value="Lebend mit Therapiereduktion"/>
      </concept>
      <concept>
        <code value="3"/>
        <display value="Gestorben"/>
      </concept>
      <concept>
        <code value="4"/>
        <display value="Gestorben mit Therapiereduktion"/>
      </concept>
    </include>
  </compose>
</ValueSet>