"Id","Path","Slice Name","Alias(s)","Label","Min","Max","Must Support?","Is Modifier?","Is Summary?","Type(s)","Short","Definition","Comments","Requirements","Default Value","Meaning When Missing","Fixed Value","Pattern","Example","Minimum Value","Maximum Value","Maximum Length","Binding Strength","Binding Description","Binding Value Set","Code","Slicing Discriminator","Slicing Description","Slicing Ordered","Slicing Rules","Base Path","Base Min","Base Max","Condition(s)","Constraint(s)","Mapping: Workflow Pattern","Mapping: FiveWs Pattern Mapping","Mapping: RIM Mapping","Mapping: DICOM Tag Mapping","Mapping: W3C PROV","Mapping: FHIR Provenance Mapping"
"AuditEvent","AuditEvent","","","",0,*,"","","","null {[]} {[]}
","Record of an event","A record of an event relevant for purposes such as operations, privacy, security, maintenance, and performance analysis.","Based on IHE-ATNA.","","","","","","","","",,,,,"",,,,"AuditEvent",0,*,"","dom-2:If the resource is contained in another resource, it SHALL NOT contain nested Resources {contained.contained.empty()}
dom-3:If the resource is contained in another resource, it SHALL be referred to from elsewhere in the resource or SHALL refer to the containing resource {contained.where((('#'+id in (%resource.descendants().reference | %resource.descendants().ofType(canonical) | %resource.descendants().ofType(uri) | %resource.descendants().ofType(url))) or descendants().where(reference = '#').exists() or descendants().where(ofType(canonical) = '#').exists() or descendants().where(ofType(canonical) = '#').exists()).not()).trace('unmatched', id).empty()}dom-4:If a resource is contained in another resource, it SHALL NOT have a meta.versionId or a meta.lastUpdated {contained.meta.versionId.empty() and contained.meta.lastUpdated.empty()}dom-5:If a resource is contained in another resource, it SHALL NOT have a security label {contained.meta.security.empty()}dom-6:A resource should have narrative for robust management {text.`div`.exists()}","Event","infrastructure.information","Entity, Role, or Act,ControlAct[moodCode=EVN]","Message"
"AuditEvent.id","AuditEvent.id","","","",0,1,"","","Y","id {[]} {[]}
","Logical id of this artifact","The logical id of the resource, as used in the URL for the resource. Once assigned, this value never changes.","Within the context of the FHIR RESTful interactions, the resource has an id except for cases like the create and conditional update. Otherwise, the use of the resouce id depends on the given use case.","","","","","","","","",,,,,"",,,,"Resource.id",0,1,"",""
"AuditEvent.meta","AuditEvent.meta","","","",0,1,"","","Y","Meta {[]} {[]}
","Metadata about the resource","The metadata about the resource. This is content that is maintained by the infrastructure. Changes to the content might not always be associated with version changes to the resource.","","","","","","","","","",,,,,"",,,,"Resource.meta",0,1,"","ele-1:All FHIR elements must have a @value or children {hasValue() or (children().count() > id.count())}
"
"AuditEvent.implicitRules","AuditEvent.implicitRules","","","",0,1,"","Y","Y","uri {[]} {[]}
","A set of rules under which this content was created","A reference to a set of rules that were followed when the resource was constructed, and which must be understood when processing the content. Often, this is a reference to an implementation guide that defines the special rules along with other profiles etc.","Asserting this rule set restricts the content to be only understood by a limited set of trading partners. This inherently limits the usefulness of the data in the long term. However, the existing health eco-system is highly fractured, and not yet ready to define, collect, and exchange data in a generally computable sense. Wherever possible, implementers and/or specification writers should avoid using this element. Often, when used, the URL is a reference to an implementation guide that defines these special rules as part of its narrative along with other profiles, value sets, etc.","","","","","","","","",,,,,"",,,,"Resource.implicitRules",0,1,"","ele-1:All FHIR elements must have a @value or children {hasValue() or (children().count() > id.count())}
"
"AuditEvent.language","AuditEvent.language","","","",0,1,"","","","code {[]} {[]}
","Language of the resource content","The base language in which the resource is written.","Language is provided to support indexing and accessibility (typically, services such as text to speech use the language tag). The html language tag in the narrative applies  to the narrative. The language tag on the resource may be used to specify the language of other presentations generated from the data in the resource. Not all the content has to be in the base language. The Resource.language should not be assumed to apply to the narrative automatically. If a language is specified, it should it also be specified on the div element in the html (see rules in HTML5 for information about the relationship between xml:lang and the html lang attribute).","","","","","","","","",,"required","IETF language tag for a human language","http://hl7.org/fhir/ValueSet/all-languages|5.0.0","",,,,"Resource.language",0,1,"","ele-1:All FHIR elements must have a @value or children {hasValue() or (children().count() > id.count())}
"
"AuditEvent.text","AuditEvent.text","","narrative
htmlxhtmldisplay","",0,1,"","","","Narrative {[]} {[]}
","Text summary of the resource, for human interpretation","A human-readable narrative that contains a summary of the resource and can be used to represent the content of the resource to a human. The narrative need not encode all the structured data, but is required to contain sufficient detail to make it ""clinically safe"" for a human to just read the narrative. Resource definitions may define what content should be represented in the narrative to ensure clinical safety.","Contained resources do not have a narrative. Resources that are not contained SHOULD have a narrative. In some cases, a resource may only have text with little or no additional discrete data (as long as all minOccurs=1 elements are satisfied).  This may be necessary for data from legacy systems where information is captured as a ""text blob"" or where text is additionally entered raw or narrated and encoded information is added later.","","","","","","","","",,,,,"",,,,"DomainResource.text",0,1,"dom-6
","ele-1:All FHIR elements must have a @value or children {hasValue() or (children().count() > id.count())}
","Act.text?"
"AuditEvent.contained","AuditEvent.contained","","inline resources
anonymous resourcescontained resources","",0,*,"","","","Resource {[]} {[]}
","Contained, inline Resources","These resources do not have an independent existence apart from the resource that contains them - they cannot be identified independently, nor can they have their own independent transaction scope. This is allowed to be a Parameters resource if and only if it is referenced by a resource that provides context/meaning.","This should never be done when the content can be identified properly, as once identification is lost, it is extremely difficult (and context dependent) to restore it again. Contained resources may have profiles and tags in their meta elements, but SHALL NOT have security labels.","","","","","","","","",,,,,"",,,,"DomainResource.contained",0,*,"dom-2
dom-4dom-3dom-5","","N/A"
"AuditEvent.extension","AuditEvent.extension","","extensions
user content","",0,*,"","","","Extension {[]} {[]}
","Additional content defined by implementations","May be used to represent additional information that is not part of the basic definition of the resource. To make the use of extensions safe and managable, there is a strict set of governance applied to the definition and use of extensions. Though any implementer can define an extension, there is a set of requirements that SHALL be met as part of the definition of the extension.","There can be no stigma associated with the use of extensions by any application, project, or standard - regardless of the institution or jurisdiction that uses or defines the extensions.  The use of extensions is what allows the FHIR specification to retain a core level of simplicity for everyone.","","","","","","","","",,,,,"",,,,"DomainResource.extension",0,*,"","ele-1:All FHIR elements must have a @value or children {hasValue() or (children().count() > id.count())}
ext-1:Must have either extensions or value[x], not both {extension.exists() != value.exists()}","N/A"
"AuditEvent.modifierExtension","AuditEvent.modifierExtension","","extensions
user content","",0,*,"","Y","Y","Extension {[]} {[]}
","Extensions that cannot be ignored","May be used to represent additional information that is not part of the basic definition of the resource and that modifies the understanding of the element that contains it and/or the understanding of the containing element's descendants. Usually modifier elements provide negation or qualification. To make the use of extensions safe and managable, there is a strict set of governance applied to the definition and use of extensions. Though any implementer is allowed to define an extension, there is a set of requirements that SHALL be met as part of the definition of the extension. Applications processing a resource are required to check for modifier extensions.

Modifier extensions SHALL NOT change the meaning of any elements on Resource or DomainResource (including cannot change the meaning of modifierExtension itself).","There can be no stigma associated with the use of extensions by any application, project, or standard - regardless of the institution or jurisdiction that uses or defines the extensions.  The use of extensions is what allows the FHIR specification to retain a core level of simplicity for everyone.","Modifier extensions allow for extensions that *cannot* be safely ignored to be clearly distinguished from the vast majority of extensions which can be safely ignored.  This promotes interoperability by eliminating the need for implementers to prohibit the presence of extensions. For further information, see the [definition of modifier extensions](http://hl7.org/fhir/R5/extensibility.html#modifierExtension).","","","","","","","",,,,,"",,,,"DomainResource.modifierExtension",0,*,"","ele-1:All FHIR elements must have a @value or children {hasValue() or (children().count() > id.count())}
ext-1:Must have either extensions or value[x], not both {extension.exists() != value.exists()}","N/A"
"AuditEvent.category","AuditEvent.category","","type
","",0,*,"","","Y","CodeableConcept {[]} {[]}
","Type/identifier of event","Classification of the type of event.","","Codes that classify the general type of event that happened.","","","","","","","",,"example","Type of event.","http://hl7.org/fhir/ValueSet/audit-event-type","",,,,"AuditEvent.category",0,*,"","ele-1:All FHIR elements must have a @value or children {hasValue() or (children().count() > id.count())}
","Event.code","FiveWs.what[x]",".code (type, subtype and action are pre-coordinated or sent as translations)","EventId","Activity"
"AuditEvent.code","AuditEvent.code","","subtype
","",1,1,"","","Y","CodeableConcept {[]} {[]}
","Specific type of event","Describes what happened. The most specific code for the event.","","This field enables queries of messages by implementation-defined event categories.","","","","","","","",,"example","Specific type of event.","http://hl7.org/fhir/ValueSet/audit-event-sub-type","",,,,"AuditEvent.code",1,1,"","ele-1:All FHIR elements must have a @value or children {hasValue() or (children().count() > id.count())}
","FiveWs.what[x]",".code (type, subtype and action are pre-coordinated or sent as translations)","EventTypeCode","Provenance.activity"
"AuditEvent.action","AuditEvent.action","","","",0,1,"","","Y","code {[]} {[]}
","Type of action performed during the event","Indicator for type of action performed during the event that generated the audit.","","This broadly indicates what kind of action was done on the AuditEvent.entity by the AuditEvent.agent.","","","","","","","",,"required","DICOM Audit Event Action","http://hl7.org/fhir/ValueSet/audit-event-action|5.0.0","",,,,"AuditEvent.action",0,1,"","ele-1:All FHIR elements must have a @value or children {hasValue() or (children().count() > id.count())}
","FiveWs.what[x]",".code (type, subtype and action are pre-coordinated or sent as translations)","EventActionCode"
"AuditEvent.severity","AuditEvent.severity","","","",0,1,"","","Y","code {[]} {[]}
","emergency | alert | critical | error | warning | notice | informational | debug","Indicates and enables segmentation of various severity including debugging from critical.","ATNA will map this to the SYSLOG PRI element.","","","","","","","","",,"required","This is in the SysLog header, PRI. http://tools.ietf.org/html/rfc5424#appendix-A.3","http://hl7.org/fhir/ValueSet/audit-event-severity|5.0.0","",,,,"AuditEvent.severity",0,1,"","ele-1:All FHIR elements must have a @value or children {hasValue() or (children().count() > id.count())}
","N/A","PRI"
"AuditEvent.occurred[x]","AuditEvent.occurred[x]","","","",1,1,"","","","dateTime {[]} {[]}
","When the activity occurred","The time or period during which the activity occurred.","The time or period can be a little arbitrary; where possible, the time should correspond to human assessment of the activity time.","","","","","","","","",,,,,"","type:$this}
","",,"closed","AuditEvent.occurred[x]",0,1,"","ele-1:All FHIR elements must have a @value or children {hasValue() or (children().count() > id.count())}
","Event.occurrence","FiveWs.done[x]","./effectiveTime[type=IVL_TS]","Activity.startTime & Activity.endTime","Provenance.occurred[x]"
"AuditEvent.occurred[x]:occurredDateTime","AuditEvent.occurred[x]","occurredDateTime","","",1,1,"","","","dateTime {[]} {[]}
","Documents when the event was conducted, not when it was audited.","The time or period during which the activity occurred.","The time or period can be a little arbitrary; where possible, the time should correspond to human assessment of the activity time.","","","","","","","","",,,,,"",,,,"AuditEvent.occurred[x]",0,1,"","ele-1:All FHIR elements must have a @value or children {hasValue() or (children().count() > id.count())}
","Event.occurrence","FiveWs.done[x]","./effectiveTime[type=IVL_TS]","Activity.startTime & Activity.endTime","Provenance.occurred[x]"
"AuditEvent.recorded","AuditEvent.recorded","","","",1,1,"","","Y","instant {[]} {[]}
","Time when the event was recorded","The time when the event was recorded.","In a distributed system, some sort of common time base (e.g. an NTP [RFC1305] server) is a good implementation tactic.","This ties an event to a specific date and time. Security audits typically require a consistent time base (e.g. UTC), to eliminate time-zone issues arising from geographical distribution.","","","","","","","",,,,,"",,,,"AuditEvent.recorded",1,1,"","ele-1:All FHIR elements must have a @value or children {hasValue() or (children().count() > id.count())}
","FiveWs.recorded",".effectiveTime","EventDateTime","Activity.when","Provenance.recorded"
"AuditEvent.outcome","AuditEvent.outcome","","","",0,1,"","","Y","BackboneElement {[]} {[]}
","Whether the event succeeded or failed","Indicates whether the event succeeded or failed. A free text descripiton can be given in outcome.text.","In some cases a ""success"" may be partial, for example, an incomplete or interrupted transfer of a radiological study. For the purpose of establishing accountability, these distinctions are not relevant.","when a code is given there must be one code from the given codeSystem, and may be other equivilant codes from other codeSystems (for example http response codes such as 2xx, 4xx, or 5xx).","","","","","","","",,,,,"",,,,"AuditEvent.outcome",0,1,"","ele-1:All FHIR elements must have a @value or children {hasValue() or (children().count() > id.count())}
","FiveWs.what[x]",".outboundRelationship[typeCode=OUT].target.text"
"AuditEvent.outcome.id","AuditEvent.outcome.id","","","",0,1,"","","","string {[]} {[]}
","Unique id for inter-element referencing","Unique id for the element within a resource (for internal references). This may be any string value that does not contain spaces.","","","","","","","","","",,,,,"",,,,"Element.id",0,1,"ele-1
","","n/a"
"AuditEvent.outcome.extension","AuditEvent.outcome.extension","","extensions
user content","",0,*,"","","","Extension {[]} {[]}
","Additional content defined by implementations","May be used to represent additional information that is not part of the basic definition of the element. To make the use of extensions safe and managable, there is a strict set of governance applied to the definition and use of extensions. Though any implementer can define an extension, there is a set of requirements that SHALL be met as part of the definition of the extension.","There can be no stigma associated with the use of extensions by any application, project, or standard - regardless of the institution or jurisdiction that uses or defines the extensions.  The use of extensions is what allows the FHIR specification to retain a core level of simplicity for everyone.","","","","","","","","",,,,,"",,,,"Element.extension",0,*,"","ele-1:All FHIR elements must have a @value or children {hasValue() or (children().count() > id.count())}
ext-1:Must have either extensions or value[x], not both {extension.exists() != value.exists()}","n/a"
"AuditEvent.outcome.modifierExtension","AuditEvent.outcome.modifierExtension","","extensions
user contentmodifiers","",0,*,"","Y","Y","Extension {[]} {[]}
","Extensions that cannot be ignored even if unrecognized","May be used to represent additional information that is not part of the basic definition of the element and that modifies the understanding of the element in which it is contained and/or the understanding of the containing element's descendants. Usually modifier elements provide negation or qualification. To make the use of extensions safe and managable, there is a strict set of governance applied to the definition and use of extensions. Though any implementer can define an extension, there is a set of requirements that SHALL be met as part of the definition of the extension. Applications processing a resource are required to check for modifier extensions.

Modifier extensions SHALL NOT change the meaning of any elements on Resource or DomainResource (including cannot change the meaning of modifierExtension itself).","There can be no stigma associated with the use of extensions by any application, project, or standard - regardless of the institution or jurisdiction that uses or defines the extensions.  The use of extensions is what allows the FHIR specification to retain a core level of simplicity for everyone.","Modifier extensions allow for extensions that *cannot* be safely ignored to be clearly distinguished from the vast majority of extensions which can be safely ignored.  This promotes interoperability by eliminating the need for implementers to prohibit the presence of extensions. For further information, see the [definition of modifier extensions](http://hl7.org/fhir/R5/extensibility.html#modifierExtension).","","","","","","","",,,,,"",,,,"BackboneElement.modifierExtension",0,*,"","ele-1:All FHIR elements must have a @value or children {hasValue() or (children().count() > id.count())}
ext-1:Must have either extensions or value[x], not both {extension.exists() != value.exists()}","N/A"
"AuditEvent.outcome.code","AuditEvent.outcome.code","","","",1,1,"","","Y","Coding {[]} {[]}
","Whether the event succeeded or failed","Indicates whether the event succeeded or failed.","In some cases a ""success"" may be partial, for example, an incomplete or interrupted transfer of a radiological study. For the purpose of establishing accountability, these distinctions are not relevant.","when a code is given there must be one code from the given codeSystem.","","","","","","","",,"preferred","DICOM Audit Event Outcome","http://hl7.org/fhir/ValueSet/audit-event-outcome","",,,,"AuditEvent.outcome.code",1,1,"","ele-1:All FHIR elements must have a @value or children {hasValue() or (children().count() > id.count())}
","FiveWs.what[x]",".outboundRelationship[typeCode=OUT].target.text","EventOutcomeIndicator EventOutcomeIndicator"
"AuditEvent.outcome.detail","AuditEvent.outcome.detail","","","",0,*,"","","Y","CodeableConcept {[]} {[]}
","Additional outcome detail","Additional details about the error. This may be a text description of the error or a system code that identifies the error.","A human readable description of the error issue SHOULD be placed in details.text.","","","","","","","","",,"example","A code that provides details as the exact issue.","http://hl7.org/fhir/ValueSet/audit-event-outcome-detail","",,,,"AuditEvent.outcome.detail",0,*,"","ele-1:All FHIR elements must have a @value or children {hasValue() or (children().count() > id.count())}
","FiveWs.what[x]",".outboundRelationship[typeCode=OUT].target.text"
"AuditEvent.authorization","AuditEvent.authorization","","PurposeOfEvent
","",0,*,"","","Y","CodeableConcept {[]} {[]}
","Authorization related to the event","The authorization (e.g., PurposeOfUse) that was used during the event being recorded.","Use AuditEvent.agent.authorization when you know that it is specific to the agent, otherwise use AuditEvent.authorization. For example, during a machine-to-machine transfer it might not be obvious to the audit system who caused the event, but it does know why.","Record of any relevant security context, not restricted to purposeOfUse valueSet. May include security compartments, refrain, obligation, or other security tags.","","","","","","","",,"example","The authorized purposeOfUse for the activity.","http://terminology.hl7.org/ValueSet/v3-PurposeOfUse","",,,,"AuditEvent.authorization",0,*,"","ele-1:All FHIR elements must have a @value or children {hasValue() or (children().count() > id.count())}
","Event.reason","FiveWs.why[x]","* .reasonCode [ControlActReason when Act.class = CACT Control Act]
*.outboundRelationship[typeCode=RSON].target","EventPurposeOfUse","Activity.Activity","Provenance.authorization"
"AuditEvent.basedOn","AuditEvent.basedOn","","","",0,*,"","","","Reference {[]} {[CanonicalType[http://hl7.org/fhir/StructureDefinition/CarePlan], CanonicalType[http://hl7.org/fhir/StructureDefinition/DeviceRequest], CanonicalType[http://hl7.org/fhir/StructureDefinition/ImmunizationRecommendation], CanonicalType[http://hl7.org/fhir/StructureDefinition/MedicationRequest], CanonicalType[http://hl7.org/fhir/StructureDefinition/NutritionOrder], CanonicalType[http://hl7.org/fhir/StructureDefinition/ServiceRequest], CanonicalType[http://hl7.org/fhir/StructureDefinition/Task]]}
","Workflow authorization within which this event occurred","Allows tracing of authorizatino for the events and tracking whether proposals/recommendations were acted upon.","","","","","","","","","",,,,,"",,,,"AuditEvent.basedOn",0,*,"","ele-1:All FHIR elements must have a @value or children {hasValue() or (children().count() > id.count())}
","Event.code","FiveWs.why[x]","Act.code","Activity.Activity"
"AuditEvent.patient","AuditEvent.patient","","","",1,1,"","","","Reference {[]} {[CanonicalType[http://hl7.org/fhir/StructureDefinition/Patient]]}
","The patient this Audit event is for.","The patient element is available to enable deterministic tracking of activities that involve the patient as the subject of the data used in an activity.","","When the .patient is populated it shall be accurate to the subject of the used data. The .patient shall not be populated when the used data used/created/updated/deleted (.entity) by the activity does not involve a subject. Note that when the patient is an agent, they will be recorded as an agent. When the Patient resource is Created, Updated, or Deleted it will be recorded as an entity.","","","","","","","",,,,,"",,,,"AuditEvent.patient",0,1,"","ele-1:All FHIR elements must have a @value or children {hasValue() or (children().count() > id.count())}
","Event.subject","FiveWs.subject[x]","participation[typeCode=RTGT]","Entity.Identity"
"AuditEvent.encounter","AuditEvent.encounter","","","",0,1,"","","","Reference {[]} {[CanonicalType[http://hl7.org/fhir/StructureDefinition/Encounter]]}
","Encounter within which this event occurred or which the event is tightly associated","This will typically be the encounter the event occurred, but some events may be initiated prior to or after the official completion of an encounter but still be tied to the context of the encounter (e.g. pre-admission lab tests).","","","","","","","","","",,,,,"",,,,"AuditEvent.encounter",0,1,"","ele-1:All FHIR elements must have a @value or children {hasValue() or (children().count() > id.count())}
","Event.code","FiveWs.why[x]","Act.code","Activity.Activity"
"AuditEvent.agent","AuditEvent.agent","","ActiveParticipant
","",1,*,"","","Y","BackboneElement {[]} {[]}
","Actor involved in the event","An actor taking an active role in the event or activity that is logged.","Several agents may be associated (i.e. have some responsibility for an activity) with an event or activity.

For example, an activity may be initiated by one user for other users or involve more than one user. However, only one user may be the initiator/requestor for the activity. 

When a network are used in an event being recorded, there should be distinct agent elements for the known actors using the network. The agent with a network detail would be the responsible agent for use of that network.","An agent can be a person, an organization, software, device, or other actors that may be ascribed responsibility.","","","","","","","",,,,,"",,,,"AuditEvent.agent",1,*,"","ele-1:All FHIR elements must have a @value or children {hasValue() or (children().count() > id.count())}
","Event.performer","FiveWs.who",".participation","ActiveParticipant","Agent","Provenance.agent"
"AuditEvent.agent.id","AuditEvent.agent.id","","","",0,1,"","","","string {[]} {[]}
","Unique id for inter-element referencing","Unique id for the element within a resource (for internal references). This may be any string value that does not contain spaces.","","","","","","","","","",,,,,"",,,,"Element.id",0,1,"ele-1
","","n/a"
"AuditEvent.agent.extension","AuditEvent.agent.extension","","extensions
user content","",0,*,"","","","Extension {[]} {[]}
","Additional content defined by implementations","May be used to represent additional information that is not part of the basic definition of the element. To make the use of extensions safe and managable, there is a strict set of governance applied to the definition and use of extensions. Though any implementer can define an extension, there is a set of requirements that SHALL be met as part of the definition of the extension.","There can be no stigma associated with the use of extensions by any application, project, or standard - regardless of the institution or jurisdiction that uses or defines the extensions.  The use of extensions is what allows the FHIR specification to retain a core level of simplicity for everyone.","","","","","","","","",,,,,"",,,,"Element.extension",0,*,"","ele-1:All FHIR elements must have a @value or children {hasValue() or (children().count() > id.count())}
ext-1:Must have either extensions or value[x], not both {extension.exists() != value.exists()}","n/a"
"AuditEvent.agent.modifierExtension","AuditEvent.agent.modifierExtension","","extensions
user contentmodifiers","",0,*,"","Y","Y","Extension {[]} {[]}
","Extensions that cannot be ignored even if unrecognized","May be used to represent additional information that is not part of the basic definition of the element and that modifies the understanding of the element in which it is contained and/or the understanding of the containing element's descendants. Usually modifier elements provide negation or qualification. To make the use of extensions safe and managable, there is a strict set of governance applied to the definition and use of extensions. Though any implementer can define an extension, there is a set of requirements that SHALL be met as part of the definition of the extension. Applications processing a resource are required to check for modifier extensions.

Modifier extensions SHALL NOT change the meaning of any elements on Resource or DomainResource (including cannot change the meaning of modifierExtension itself).","There can be no stigma associated with the use of extensions by any application, project, or standard - regardless of the institution or jurisdiction that uses or defines the extensions.  The use of extensions is what allows the FHIR specification to retain a core level of simplicity for everyone.","Modifier extensions allow for extensions that *cannot* be safely ignored to be clearly distinguished from the vast majority of extensions which can be safely ignored.  This promotes interoperability by eliminating the need for implementers to prohibit the presence of extensions. For further information, see the [definition of modifier extensions](http://hl7.org/fhir/R5/extensibility.html#modifierExtension).","","","","","","","",,,,,"",,,,"BackboneElement.modifierExtension",0,*,"","ele-1:All FHIR elements must have a @value or children {hasValue() or (children().count() > id.count())}
ext-1:Must have either extensions or value[x], not both {extension.exists() != value.exists()}","N/A"
"AuditEvent.agent.type","AuditEvent.agent.type","","","",0,1,"","","","CodeableConcept {[]} {[]}
","How agent participated","The Functional Role of the user when performing the event.","For example: assembler, author, prescriber, signer, investigator, etc.","Functional roles reflect functional aspects of relationships between entities. Functional roles are bound to the realization/performance of acts, where actions might be concatenated to an activity or even to a process. This element will hold the functional role that the agent played in the activity that is the focus of this Provenance. Where an agent played multiple functional roles, they will be listed as multiple .agent elements representing each functional participation. See ISO 21298:2018 - Health Informatics - Functional and structural roles, and ISO 22600-2:2014 - Health Informatics - Privilege Management and Access Control - Part 2: formal models.","","","","","","","",,"preferred","The Participation type of the agent to the event.","http://hl7.org/fhir/ValueSet/participation-role-type","",,,,"AuditEvent.agent.type",0,1,"","ele-1:All FHIR elements must have a @value or children {hasValue() or (children().count() > id.count())}
","Event.performer.function","FiveWs.who",".typeCode and/or .functionCode","prime RoleIdCode","Agent.Attribution","Provenance.agent.type"
"AuditEvent.agent.role","AuditEvent.agent.role","","","",0,*,"","","","CodeableConcept {[]} {[]}
","Agent role in the event","The structural roles of the agent indicating the agent's competency. The security role enabling the agent with respect to the activity.","For example: Chief-of-Radiology, Nurse, Physician, Medical-Student, etc.","Structural roles reflect the structural aspects of relationships between entities. Structural roles describe prerequisites, feasibilities, or competences for acts. Functional roles reflect functional aspects of relationships between entities. Functional roles are bound to the realization/performance of acts, where actions might be concatenated to an activity or even to a process. See ISO 21298:2018 - Health Informatics - Functional and structural roles, and ISO 22600-2:2014 - Health Informatics - Privilege Management and Access Control - Part 2: formal models..","","","","","","","",,"example","What security role enabled the agent to participate in the event.","http://hl7.org/fhir/ValueSet/security-role-type","",,,,"AuditEvent.agent.role",0,*,"","ele-1:All FHIR elements must have a @value or children {hasValue() or (children().count() > id.count())}
","FiveWs.who",".role","all RoleIdCode","Agent.Attribution","Provenance.agent.role"
"AuditEvent.agent.who","AuditEvent.agent.who","","userId
","",1,1,"","","Y","Reference {[]} {[CanonicalType[http://hl7.org/fhir/StructureDefinition/Practitioner], CanonicalType[http://hl7.org/fhir/StructureDefinition/PractitionerRole], CanonicalType[http://hl7.org/fhir/StructureDefinition/Organization], CanonicalType[http://hl7.org/fhir/StructureDefinition/CareTeam], CanonicalType[http://hl7.org/fhir/StructureDefinition/Patient], CanonicalType[http://hl7.org/fhir/StructureDefinition/Device], CanonicalType[http://hl7.org/fhir/StructureDefinition/RelatedPerson]]}
","Actor that participated in the task.","Reference to who this agent is that was involved in the event.","Where a User ID is available it will go into who.identifier. Where a name of the user (human readable) it will go into who.display.","This field ties an audit event to a specific resource or identifier.","","","","","","","",,,,,"",,,,"AuditEvent.agent.who",1,1,"","ele-1:All FHIR elements must have a @value or children {hasValue() or (children().count() > id.count())}
","Event.performer.actor","FiveWs.who",".id","UserName and UserId","Agent.Identity","Provenance.agent.who"
"AuditEvent.agent.requestor","AuditEvent.agent.requestor","","","",0,1,"","","Y","boolean {[]} {[]}
","Whether user is initiator","Indicator that the user is or is not the requestor, or initiator, for the event being audited.","There can only be one initiator. If the initiator is not clear, then do not choose any one agent as the initiator.","This value is used to distinguish between requestor-users and recipient-users. For example, one person may initiate a report-output to be sent to another user.","","false","","","","","",,,,,"",,,,"AuditEvent.agent.requestor",0,1,"","ele-1:All FHIR elements must have a @value or children {hasValue() or (children().count() > id.count())}
","FiveWs.who","If participation.typeCode was author, then true","UserIsRequestor"
"AuditEvent.agent.location","AuditEvent.agent.location","","","",0,1,"","","","Reference {[]} {[CanonicalType[http://hl7.org/fhir/StructureDefinition/Location]]}
","The agent location when the event occurred","Where the agent location is known, the agent location when the event occurred.","","","","","","","","","",,,,,"",,,,"AuditEvent.agent.location",0,1,"","ele-1:All FHIR elements must have a @value or children {hasValue() or (children().count() > id.count())}
","Event.location","FiveWs.where[x]","* Role.Class =SDLOC
*Role.Code = ServiceDeliveryLocationRoleType
 *Entity.Code  = PlaceEntityType = df.Types of places for  Entity.Class = PLC
*EntityClass = PLC = df.A physical place or site with its containing structure. May be natural or man-made. The geographic position of a place might or might not be constant.","Activity.location","Provenance.location"
"AuditEvent.agent.policy","AuditEvent.agent.policy","","","",0,*,"","","","uri {[]} {[]}
","Policy that authorized the agent participation in the event","Where the policy(ies) are known that authorized the agent participation in the event. Typically, a single activity may have multiple applicable policies, such as patient consent, guarantor funding, etc. The policy would also indicate the security token used.","For example: Where an OAuth token authorizes, the unique identifier from the OAuth token is placed into the policy element Where a policy engine (e.g. XACML) holds policy logic, the unique policy identifier is placed into the policy element.","This value is used retrospectively to determine the authorization policies.","","","","","","","",,,,,"",,,,"AuditEvent.agent.policy",0,*,"","ele-1:All FHIR elements must have a @value or children {hasValue() or (children().count() > id.count())}
","FiveWs.why[x]","ActPolicyType","ParticipantRoleIDCode","Provenance.policy"
"AuditEvent.agent.network[x]","AuditEvent.agent.network[x]","","","",0,1,"","","","Reference {[]} {[CanonicalType[http://hl7.org/fhir/StructureDefinition/Endpoint]]}
uri {[]} {[]}string {[]} {[]}","This agent network location for the activity","When the event utilizes a network there should be an agent describing the local system, and an agent describing remote system, with the network interface details.","When remote network endpoint is known, another agent representing the remote agent would indicate the remote network endpoint used. Convention is to indicate data flowing from Source to Destination. The convention for Search, given data flows both ways (query parameters vs results), is to have the Source as the initiator of the Search Transaction, and the Destination the responder to the Search transaction.","When a network protocol is used the endpoint is associated with the agent most directly using the endpoint. This is usually the software agent that has implemented the application level protocol.  Preference is to define network in terms of a Reference(Endpoint), or URI; use string only when address or hostname is all that is known. When encoding using string it is best to encode using the formal canonical host name, but if you can't, then you can encode numeric in Literal address form using square brackets '[]' as a v4 string (in dotted notation), or v6 string (in colon notation).","","","","","","","",,,,,"",,,,"AuditEvent.agent.network[x]",0,1,"","ele-1:All FHIR elements must have a @value or children {hasValue() or (children().count() > id.count())}
","FiveWs.where[x]",".player.description","NetworkAccessPointID and NetworkAccessPointTypeCode","Agent.Location"
"AuditEvent.agent.authorization","AuditEvent.agent.authorization","","PurposeOfUse
","",0,*,"","","","CodeableConcept {[]} {[]}
","Allowable authorization for this agent","The authorization (e.g., PurposeOfUse) that was used during the event being recorded.","Use AuditEvent.agent.authorization when you know that is specific to the agent, otherwise use AuditEvent.authorization. For example, during a machine-to-machine transfer it might not be obvious to the audit system who caused the event, but it does know why.","Record of any relevant security context, not restricted to purposeOfUse valueSet. May include security compartments, refrain, obligation, or other security tags.","","","","","","","",,"example","The reason the activity took place.","http://terminology.hl7.org/ValueSet/v3-PurposeOfUse","",,,,"AuditEvent.agent.authorization",0,*,"","ele-1:All FHIR elements must have a @value or children {hasValue() or (children().count() > id.count())}
","FiveWs.why[x]","*.reasonCode [ActHealthInformationPurposeOfUseReason codes/v:PurposeOfUse
(2.16.840.1.113883.1.11.20448)
* .outboundRelationship[typeCode=RSON or SUBJ].target","Agent.Activity"
"AuditEvent.source","AuditEvent.source","","","",1,1,"","","Y","BackboneElement {[]} {[]}
","Audit Event Reporter","The actor that is reporting the event.","Events are reported by the actor that detected them. This may be one of the participating actors, but may also be different. The actor may be a human such as a medical-records clerk disclosing data manually, that clerk would be the source for the record of disclosure.","The event is reported by one source.","","","","","","","",,,,,"",,,,"AuditEvent.source",1,1,"","ele-1:All FHIR elements must have a @value or children {hasValue() or (children().count() > id.count())}
","FiveWs.witness",".participation[typeCode=INF].role[classCode=ASSIGN].player[classCode=DEV, determinerCode=INSTANCE]","AuditSourceIdentification"
"AuditEvent.source.id","AuditEvent.source.id","","","",0,1,"","","","string {[]} {[]}
","Unique id for inter-element referencing","Unique id for the element within a resource (for internal references). This may be any string value that does not contain spaces.","","","","","","","","","",,,,,"",,,,"Element.id",0,1,"ele-1
","","n/a"
"AuditEvent.source.extension","AuditEvent.source.extension","","extensions
user content","",0,*,"","","","Extension {[]} {[]}
","Additional content defined by implementations","May be used to represent additional information that is not part of the basic definition of the element. To make the use of extensions safe and managable, there is a strict set of governance applied to the definition and use of extensions. Though any implementer can define an extension, there is a set of requirements that SHALL be met as part of the definition of the extension.","There can be no stigma associated with the use of extensions by any application, project, or standard - regardless of the institution or jurisdiction that uses or defines the extensions.  The use of extensions is what allows the FHIR specification to retain a core level of simplicity for everyone.","","","","","","","","",,,,,"",,,,"Element.extension",0,*,"","ele-1:All FHIR elements must have a @value or children {hasValue() or (children().count() > id.count())}
ext-1:Must have either extensions or value[x], not both {extension.exists() != value.exists()}","n/a"
"AuditEvent.source.modifierExtension","AuditEvent.source.modifierExtension","","extensions
user contentmodifiers","",0,*,"","Y","Y","Extension {[]} {[]}
","Extensions that cannot be ignored even if unrecognized","May be used to represent additional information that is not part of the basic definition of the element and that modifies the understanding of the element in which it is contained and/or the understanding of the containing element's descendants. Usually modifier elements provide negation or qualification. To make the use of extensions safe and managable, there is a strict set of governance applied to the definition and use of extensions. Though any implementer can define an extension, there is a set of requirements that SHALL be met as part of the definition of the extension. Applications processing a resource are required to check for modifier extensions.

Modifier extensions SHALL NOT change the meaning of any elements on Resource or DomainResource (including cannot change the meaning of modifierExtension itself).","There can be no stigma associated with the use of extensions by any application, project, or standard - regardless of the institution or jurisdiction that uses or defines the extensions.  The use of extensions is what allows the FHIR specification to retain a core level of simplicity for everyone.","Modifier extensions allow for extensions that *cannot* be safely ignored to be clearly distinguished from the vast majority of extensions which can be safely ignored.  This promotes interoperability by eliminating the need for implementers to prohibit the presence of extensions. For further information, see the [definition of modifier extensions](http://hl7.org/fhir/R5/extensibility.html#modifierExtension).","","","","","","","",,,,,"",,,,"BackboneElement.modifierExtension",0,*,"","ele-1:All FHIR elements must have a @value or children {hasValue() or (children().count() > id.count())}
ext-1:Must have either extensions or value[x], not both {extension.exists() != value.exists()}","N/A"
"AuditEvent.source.site","AuditEvent.source.site","","","",0,1,"","","","Reference {[]} {[CanonicalType[http://hl7.org/fhir/StructureDefinition/Location]]}
","Logical source location within the enterprise","Logical source location within the healthcare enterprise network.  For example, a hospital or other provider location within a multi-entity provider group.","","This value differentiates among the sites in a multi-site enterprise health information system.","","","","","","","",,,,,"",,,,"AuditEvent.source.site",0,1,"","ele-1:All FHIR elements must have a @value or children {hasValue() or (children().count() > id.count())}
","FiveWs.witness",".scopedRole[classCode=LOCE].player.desc","AuditEnterpriseSiteId"
"AuditEvent.source.observer","AuditEvent.source.observer","","SourceId
","",1,1,"","","Y","Reference {[]} {[CanonicalType[http://hl7.org/fhir/StructureDefinition/Practitioner], CanonicalType[http://hl7.org/fhir/StructureDefinition/PractitionerRole], CanonicalType[http://hl7.org/fhir/StructureDefinition/Organization], CanonicalType[http://hl7.org/fhir/StructureDefinition/CareTeam], CanonicalType[http://hl7.org/fhir/StructureDefinition/Patient], CanonicalType[http://hl7.org/fhir/StructureDefinition/Device], CanonicalType[http://hl7.org/fhir/StructureDefinition/RelatedPerson]]}
","The identity of source detecting the event","Identifier of the source where the event was detected.","","This field ties the event to a specific source system. It may be used to group events for analysis according to where the event was detected.","","","","","","","",,,,,"",,,,"AuditEvent.source.observer",1,1,"","ele-1:All FHIR elements must have a @value or children {hasValue() or (children().count() > id.count())}
","FiveWs.witness",".id","AuditSourceId"
"AuditEvent.source.type","AuditEvent.source.type","","","",0,*,"","","","CodeableConcept {[]} {[]}
","The type of source where event originated","Code specifying the type of source where event originated.","","This field indicates which type of source is identified by the Audit Source ID. It is an optional value that may be used to group events for analysis according to the type of source where the event occurred.","","","","","","","",,"preferred","Code specifying the type of system that detected and recorded the event. Use of these codes is not required but is encouraged to maintain translation with DICOM AuditMessage schema.","http://hl7.org/fhir/ValueSet/security-source-type","",,,,"AuditEvent.source.type",0,*,"","ele-1:All FHIR elements must have a @value or children {hasValue() or (children().count() > id.count())}
","FiveWs.witness",".code","AuditSourceTypeCode"
"AuditEvent.entity","AuditEvent.entity","","ParticipantObject
","",0,*,"","","Y","BackboneElement {[]} {[]}
","Data or objects used","Specific instances of data or objects that have been accessed.","Required unless the values for event identification, agent identification, and audit source identification are sufficient to document the entire auditable event. Because events may have more than one entity, this group can be a repeating set of values.","The event may have other entities involved.","","","","","","","",,,,,"",,,,"AuditEvent.entity",0,*,"","ele-1:All FHIR elements must have a @value or children {hasValue() or (children().count() > id.count())}
","FiveWs.what[x]",".outboundRelationship[typeCode=SUBJ].target  or  .participation[typeCode=SBJ].role","ParticipantObjectIdentification","Entity","Provenance.target, Provenance.entity"
"AuditEvent.entity.id","AuditEvent.entity.id","","","",0,1,"","","","string {[]} {[]}
","Unique id for inter-element referencing","Unique id for the element within a resource (for internal references). This may be any string value that does not contain spaces.","","","","","","","","","",,,,,"",,,,"Element.id",0,1,"ele-1
","","n/a"
"AuditEvent.entity.extension","AuditEvent.entity.extension","","extensions
user content","",0,*,"","","","Extension {[]} {[]}
","Additional content defined by implementations","May be used to represent additional information that is not part of the basic definition of the element. To make the use of extensions safe and managable, there is a strict set of governance applied to the definition and use of extensions. Though any implementer can define an extension, there is a set of requirements that SHALL be met as part of the definition of the extension.","There can be no stigma associated with the use of extensions by any application, project, or standard - regardless of the institution or jurisdiction that uses or defines the extensions.  The use of extensions is what allows the FHIR specification to retain a core level of simplicity for everyone.","","","","","","","","",,,,,"",,,,"Element.extension",0,*,"","ele-1:All FHIR elements must have a @value or children {hasValue() or (children().count() > id.count())}
ext-1:Must have either extensions or value[x], not both {extension.exists() != value.exists()}","n/a"
"AuditEvent.entity.modifierExtension","AuditEvent.entity.modifierExtension","","extensions
user contentmodifiers","",0,*,"","Y","Y","Extension {[]} {[]}
","Extensions that cannot be ignored even if unrecognized","May be used to represent additional information that is not part of the basic definition of the element and that modifies the understanding of the element in which it is contained and/or the understanding of the containing element's descendants. Usually modifier elements provide negation or qualification. To make the use of extensions safe and managable, there is a strict set of governance applied to the definition and use of extensions. Though any implementer can define an extension, there is a set of requirements that SHALL be met as part of the definition of the extension. Applications processing a resource are required to check for modifier extensions.

Modifier extensions SHALL NOT change the meaning of any elements on Resource or DomainResource (including cannot change the meaning of modifierExtension itself).","There can be no stigma associated with the use of extensions by any application, project, or standard - regardless of the institution or jurisdiction that uses or defines the extensions.  The use of extensions is what allows the FHIR specification to retain a core level of simplicity for everyone.","Modifier extensions allow for extensions that *cannot* be safely ignored to be clearly distinguished from the vast majority of extensions which can be safely ignored.  This promotes interoperability by eliminating the need for implementers to prohibit the presence of extensions. For further information, see the [definition of modifier extensions](http://hl7.org/fhir/R5/extensibility.html#modifierExtension).","","","","","","","",,,,,"",,,,"BackboneElement.modifierExtension",0,*,"","ele-1:All FHIR elements must have a @value or children {hasValue() or (children().count() > id.count())}
ext-1:Must have either extensions or value[x], not both {extension.exists() != value.exists()}","N/A"
"AuditEvent.entity.what","AuditEvent.entity.what","","","",0,1,"","","Y","Reference {[]} {[CanonicalType[http://hl7.org/fhir/StructureDefinition/Resource]]}
","Specific instance of resource","Identifies a specific instance of the entity. The reference should be version specific. This is allowed to be a Parameters resource.","Use .what.display when all you have is a string (e.g. ParticipantObjectName).","","","","","","","","",,,,,"",,,,"AuditEvent.entity.what",0,1,"","ele-1:All FHIR elements must have a @value or children {hasValue() or (children().count() > id.count())}
","FiveWs.what[x]",".id","ParticipantObjectTypeCode, ParticipantObjectName, ParticipantObjectID and ParticipantObjectIDTypeCode","Provenance.target, Provenance.entity.what"
"AuditEvent.entity.role","AuditEvent.entity.role","","","",0,1,"","","","CodeableConcept {[]} {[]}
","What role the entity played","Code representing the role the entity played in the event being audited.","","For some detailed audit analysis it may be necessary to indicate a more granular type of entity, based on the application role it serves.","","","","","","","",,"example","DICOM Audit Event Entity Role","http://hl7.org/fhir/ValueSet/object-role","",,,,"AuditEvent.entity.role",0,1,"","ele-1:All FHIR elements must have a @value or children {hasValue() or (children().count() > id.count())}
","FiveWs.context","role.code (not sure what this would mean for an Act)","ParticipantObjectTypeCodeRole","Entity.role"
"AuditEvent.entity.securityLabel","AuditEvent.entity.securityLabel","","","",0,*,"","","","CodeableConcept {[]} {[]}
","Security labels on the entity","Security labels for the identified entity.","Copied from entity meta security tags.","This field identifies the security labels for a specific instance of an object, such as a patient, to detect/track privacy and security issues.","","","","","","","",,"example","Example Security Labels from the Healthcare Privacy and Security Classification System.","http://hl7.org/fhir/ValueSet/security-label-examples","",,,,"AuditEvent.entity.securityLabel",0,*,"","ele-1:All FHIR elements must have a @value or children {hasValue() or (children().count() > id.count())}
","FiveWs.context",".confidentialityCode","ParticipantObjectSensitivity"
"AuditEvent.entity.query","AuditEvent.entity.query","","","",0,1,"","","Y","base64Binary {[]} {[]}
","Query parameters","The query parameters for a query-type entities.","The meaning and secondary-encoding of the content of base64 encoded blob is specific to the AuditEvent.type, AuditEvent.subtype, and AuditEvent.entity.role.  The base64 is a general-use and safe container for event specific data blobs regardless of the encoding used by the transaction being recorded.  An AuditEvent consuming application must understand the event it is consuming and the formats used by the event. For example, if auditing an Oracle network database access, the Oracle formats must be understood as they will be simply encoded in the base64binary blob.

The DICOM AuditMessage schema does not support both .name and .query being populated.","For query events, it may be necessary to capture the actual query input to the query process in order to identify the specific event. Because of differences among query implementations and data encoding for them, this is a base 64 encoded data blob. It may be subsequently decoded or interpreted by downstream audit analysis processing.","","","","","","","",,,,,"",,,,"AuditEvent.entity.query",0,1,"","ele-1:All FHIR elements must have a @value or children {hasValue() or (children().count() > id.count())}
","FiveWs.context","No mapping","ParticipantObjectQuery"
"AuditEvent.entity.detail","AuditEvent.entity.detail","","","",0,*,"","","","BackboneElement {[]} {[]}
","Additional Information about the entity","Tagged value pairs for conveying additional information about the entity.","","Implementation-defined data about specific details of the object accessed or used.","","","","","","","",,,,,"",,,,"AuditEvent.entity.detail",0,*,"","ele-1:All FHIR elements must have a @value or children {hasValue() or (children().count() > id.count())}
","FiveWs.context",".inboundRelationship[typeCode=SUBJ].target[classCode=OBS, moodCode=EVN]","ParticipantObjectDetail"
"AuditEvent.entity.detail.id","AuditEvent.entity.detail.id","","","",0,1,"","","","string {[]} {[]}
","Unique id for inter-element referencing","Unique id for the element within a resource (for internal references). This may be any string value that does not contain spaces.","","","","","","","","","",,,,,"",,,,"Element.id",0,1,"ele-1
","","n/a"
"AuditEvent.entity.detail.extension","AuditEvent.entity.detail.extension","","extensions
user content","",0,*,"","","","Extension {[]} {[]}
","Additional content defined by implementations","May be used to represent additional information that is not part of the basic definition of the element. To make the use of extensions safe and managable, there is a strict set of governance applied to the definition and use of extensions. Though any implementer can define an extension, there is a set of requirements that SHALL be met as part of the definition of the extension.","There can be no stigma associated with the use of extensions by any application, project, or standard - regardless of the institution or jurisdiction that uses or defines the extensions.  The use of extensions is what allows the FHIR specification to retain a core level of simplicity for everyone.","","","","","","","","",,,,,"",,,,"Element.extension",0,*,"","ele-1:All FHIR elements must have a @value or children {hasValue() or (children().count() > id.count())}
ext-1:Must have either extensions or value[x], not both {extension.exists() != value.exists()}","n/a"
"AuditEvent.entity.detail.modifierExtension","AuditEvent.entity.detail.modifierExtension","","extensions
user contentmodifiers","",0,*,"","Y","Y","Extension {[]} {[]}
","Extensions that cannot be ignored even if unrecognized","May be used to represent additional information that is not part of the basic definition of the element and that modifies the understanding of the element in which it is contained and/or the understanding of the containing element's descendants. Usually modifier elements provide negation or qualification. To make the use of extensions safe and managable, there is a strict set of governance applied to the definition and use of extensions. Though any implementer can define an extension, there is a set of requirements that SHALL be met as part of the definition of the extension. Applications processing a resource are required to check for modifier extensions.

Modifier extensions SHALL NOT change the meaning of any elements on Resource or DomainResource (including cannot change the meaning of modifierExtension itself).","There can be no stigma associated with the use of extensions by any application, project, or standard - regardless of the institution or jurisdiction that uses or defines the extensions.  The use of extensions is what allows the FHIR specification to retain a core level of simplicity for everyone.","Modifier extensions allow for extensions that *cannot* be safely ignored to be clearly distinguished from the vast majority of extensions which can be safely ignored.  This promotes interoperability by eliminating the need for implementers to prohibit the presence of extensions. For further information, see the [definition of modifier extensions](http://hl7.org/fhir/R5/extensibility.html#modifierExtension).","","","","","","","",,,,,"",,,,"BackboneElement.modifierExtension",0,*,"","ele-1:All FHIR elements must have a @value or children {hasValue() or (children().count() > id.count())}
ext-1:Must have either extensions or value[x], not both {extension.exists() != value.exists()}","N/A"
"AuditEvent.entity.detail.type","AuditEvent.entity.detail.type","","","",1,1,"","","","CodeableConcept {[]} {[]}
","Name of the property","The type of extra detail provided in the value.","","","","","","","","","",,"example","Additional detail about an entity used in an event.","http://hl7.org/fhir/ValueSet/audit-event-type","",,,,"AuditEvent.entity.detail.type",1,1,"","ele-1:All FHIR elements must have a @value or children {hasValue() or (children().count() > id.count())}
","FiveWs.context",".code","ParticipantObjectDetail.type"
"AuditEvent.entity.detail.value[x]","AuditEvent.entity.detail.value[x]","","","",1,1,"","","","Quantity {[]} {[]}
CodeableConcept {[]} {[]}string {[]} {[]}boolean {[]} {[]}integer {[]} {[]}Range {[]} {[]}Ratio {[]} {[]}time {[]} {[]}dateTime {[]} {[]}Period {[]} {[]}base64Binary {[]} {[]}","Property value","The  value of the extra detail.","","Should not duplicate the entity value unless absolutely necessary.","","","","","","","",,,,,"",,,,"AuditEvent.entity.detail.value[x]",1,1,"","ele-1:All FHIR elements must have a @value or children {hasValue() or (children().count() > id.count())}
","FiveWs.context",".value","ParticipantObjectDetail.value"
"AuditEvent.entity.agent","AuditEvent.entity.agent","","","",0,*,"","","","null {[]} {[]}
","Entity is attributed to this agent","The entity is attributed to an agent to express the agent's responsibility for that entity in the activity. This is most used to indicate when persistence media (the entity) are used by an agent. For example when importing data from a device, the device would be described in an entity, and the user importing data from that media would be indicated as the entity.agent.","A usecase where one AuditEvent.entity.agent is used where the Entity that was used in the creation/updating of a target resource, is not in the context of the same custodianship as the target resource, and thus the meaning of AuditEvent.entity.agent is to say that the entity referenced is managed elsewhere and that this Agent provided access to it.  This would be similar to where the Entity being referenced is managed outside FHIR, such as through HL7 V2, v3, or XDS. This might be where the Entity being referenced is managed in another FHIR resource server. Thus it explains the provenance of that Entity's use in the context of this AuditEvent activity.","","","","","","","","",,,,,"",,,,"AuditEvent.entity.agent",0,*,"","ele-1:All FHIR elements must have a @value or children {hasValue() or (children().count() > id.count())}
","./author/role","ActiveParticipant.MediaType","Provenance.entity.agent"
