{
  "resourceType": "CodeSystem",
  "id": "at-core-cs-religion",
  "text": {
    "status": "generated",
    "div": "<div xmlns=\"http://www.w3.org/1999/xhtml\"><p>This code system http://hl7.at/fhir/HL7ATCoreProfiles/4.0.1/CodeSystem/at-core-cs-religion defines the following codes:</p><table class=\"codes\"><tr><td style=\"white-space:nowrap\"><b>Code</b></td><td><b>Display</b></td></tr><tr><td style=\"white-space:nowrap\">100<a name=\"at-core-cs-religion-100\"> </a></td><td>Katholische Kirche (o.n.A.)</td></tr><tr><td style=\"white-space:nowrap\">110<a name=\"at-core-cs-religion-110\"> </a></td><td>Griechisch-Orientalische Kirchen</td></tr><tr><td style=\"white-space:nowrap\">119<a name=\"at-core-cs-religion-119\"> </a></td><td>Orientalisch-Orthodoxe Kirchen</td></tr><tr><td style=\"white-space:nowrap\">126<a name=\"at-core-cs-religion-126\"> </a></td><td>Evangelische Kirchen Österreich</td></tr><tr><td style=\"white-space:nowrap\">130<a name=\"at-core-cs-religion-130\"> </a></td><td>Andere Christliche Kirchen</td></tr><tr><td style=\"white-space:nowrap\">134<a name=\"at-core-cs-religion-134\"> </a></td><td>Sonstige Christliche Gemeinschaften</td></tr><tr><td style=\"white-space:nowrap\">148<a name=\"at-core-cs-religion-148\"> </a></td><td>Nicht-christliche Gemeinschaften</td></tr><tr><td style=\"white-space:nowrap\">159<a name=\"at-core-cs-religion-159\"> </a></td><td>Konfessionslos, ohne Angabe</td></tr><tr><td style=\"white-space:nowrap\">101<a name=\"at-core-cs-religion-101\"> </a></td><td>Römisch-Katholisch</td></tr><tr><td style=\"white-space:nowrap\">102<a name=\"at-core-cs-religion-102\"> </a></td><td>Griechisch-Katholische Kirche</td></tr><tr><td style=\"white-space:nowrap\">103<a name=\"at-core-cs-religion-103\"> </a></td><td>Armenisch-Katholische Kirche</td></tr><tr><td style=\"white-space:nowrap\">104<a name=\"at-core-cs-religion-104\"> </a></td><td>Bulgarisch-Katholische Kirche</td></tr><tr><td style=\"white-space:nowrap\">105<a name=\"at-core-cs-religion-105\"> </a></td><td>Rumänische griechisch-katholische Kirche</td></tr><tr><td style=\"white-space:nowrap\">106<a name=\"at-core-cs-religion-106\"> </a></td><td>Russisch-Katholische Kirche</td></tr><tr><td style=\"white-space:nowrap\">107<a name=\"at-core-cs-religion-107\"> </a></td><td>Syrisch-Katholische Kirche</td></tr><tr><td style=\"white-space:nowrap\">108<a name=\"at-core-cs-religion-108\"> </a></td><td>Ukrainische Griechisch-Katholische Kirche</td></tr><tr><td style=\"white-space:nowrap\">109<a name=\"at-core-cs-religion-109\"> </a></td><td>Katholische Ostkirche (ohne nähere Angabe)</td></tr><tr><td style=\"white-space:nowrap\">111<a name=\"at-core-cs-religion-111\"> </a></td><td>Orthodoxe Kirchen (o.n.A.)</td></tr><tr><td style=\"white-space:nowrap\">112<a name=\"at-core-cs-religion-112\"> </a></td><td>Griechisch-Orthodoxe Kirche (Hl.Dreifaltigkeit)</td></tr><tr><td style=\"white-space:nowrap\">113<a name=\"at-core-cs-religion-113\"> </a></td><td>Griechisch-Orthodoxe Kirche (Hl.Georg)</td></tr><tr><td style=\"white-space:nowrap\">114<a name=\"at-core-cs-religion-114\"> </a></td><td>Bulgarisch-Orthodoxe Kirche</td></tr><tr><td style=\"white-space:nowrap\">115<a name=\"at-core-cs-religion-115\"> </a></td><td>Rumänisch-griechisch-orientalische Kirche</td></tr><tr><td style=\"white-space:nowrap\">116<a name=\"at-core-cs-religion-116\"> </a></td><td>Russisch-Orthodoxe Kirche</td></tr><tr><td style=\"white-space:nowrap\">117<a name=\"at-core-cs-religion-117\"> </a></td><td>Serbisch-griechisch-Orthodoxe Kirche</td></tr><tr><td style=\"white-space:nowrap\">118<a name=\"at-core-cs-religion-118\"> </a></td><td>Ukrainisch-Orthodoxe Kirche</td></tr><tr><td style=\"white-space:nowrap\">120<a name=\"at-core-cs-religion-120\"> </a></td><td>Armenisch-apostolische Kirche</td></tr><tr><td style=\"white-space:nowrap\">121<a name=\"at-core-cs-religion-121\"> </a></td><td>Syrisch-orthodoxe Kirche</td></tr><tr><td style=\"white-space:nowrap\">122<a name=\"at-core-cs-religion-122\"> </a></td><td>Syrisch-orthodoxe Kirche</td></tr><tr><td style=\"white-space:nowrap\">123<a name=\"at-core-cs-religion-123\"> </a></td><td>Koptisch-orthodoxe Kirche</td></tr><tr><td style=\"white-space:nowrap\">124<a name=\"at-core-cs-religion-124\"> </a></td><td>Armenisch-apostolische Kirche</td></tr><tr><td style=\"white-space:nowrap\">125<a name=\"at-core-cs-religion-125\"> </a></td><td>Äthiopisch-Orthodoxe Kirche</td></tr><tr><td style=\"white-space:nowrap\">127<a name=\"at-core-cs-religion-127\"> </a></td><td>Evangelische Kirche (o.n.A.)</td></tr><tr><td style=\"white-space:nowrap\">128<a name=\"at-core-cs-religion-128\"> </a></td><td>Evangelische Kirche A.B.</td></tr><tr><td style=\"white-space:nowrap\">129<a name=\"at-core-cs-religion-129\"> </a></td><td>Evangelische Kirche H.B.</td></tr><tr><td style=\"white-space:nowrap\">131<a name=\"at-core-cs-religion-131\"> </a></td><td>Altkatholische Kirche Österreichs</td></tr><tr><td style=\"white-space:nowrap\">132<a name=\"at-core-cs-religion-132\"> </a></td><td>Anglikanische Kirche</td></tr><tr><td style=\"white-space:nowrap\">133<a name=\"at-core-cs-religion-133\"> </a></td><td>Evangelisch-methodistische Kirche (EmK)</td></tr><tr><td style=\"white-space:nowrap\">135<a name=\"at-core-cs-religion-135\"> </a></td><td>Baptisten</td></tr><tr><td style=\"white-space:nowrap\">136<a name=\"at-core-cs-religion-136\"> </a></td><td>Bund evangelikaler Gemeinden in Österreich</td></tr><tr><td style=\"white-space:nowrap\">137<a name=\"at-core-cs-religion-137\"> </a></td><td>Freie Christengemeinde/Pfingstgemeinde</td></tr><tr><td style=\"white-space:nowrap\">138<a name=\"at-core-cs-religion-138\"> </a></td><td>Mennonitische Freikirche</td></tr><tr><td style=\"white-space:nowrap\">139<a name=\"at-core-cs-religion-139\"> </a></td><td>Kirche der Siebenten-Tags-Adventisten</td></tr><tr><td style=\"white-space:nowrap\">140<a name=\"at-core-cs-religion-140\"> </a></td><td>Christengemeinschaft</td></tr><tr><td style=\"white-space:nowrap\">141<a name=\"at-core-cs-religion-141\"> </a></td><td>Jehovas Zeugen</td></tr><tr><td style=\"white-space:nowrap\">142<a name=\"at-core-cs-religion-142\"> </a></td><td>Neuapostolische Kirche</td></tr><tr><td style=\"white-space:nowrap\">143<a name=\"at-core-cs-religion-143\"> </a></td><td>Mormonen</td></tr><tr><td style=\"white-space:nowrap\">144<a name=\"at-core-cs-religion-144\"> </a></td><td>Sonstige Christliche Gemeinschaften (O.n.A.)</td></tr><tr><td style=\"white-space:nowrap\">145<a name=\"at-core-cs-religion-145\"> </a></td><td>ELAIA Christengemeinden</td></tr><tr><td style=\"white-space:nowrap\">146<a name=\"at-core-cs-religion-146\"> </a></td><td>Pfingstkirche Gemeinde Gottes</td></tr><tr><td style=\"white-space:nowrap\">149<a name=\"at-core-cs-religion-149\"> </a></td><td>Israelitische Religionsgesellschaft</td></tr><tr><td style=\"white-space:nowrap\">150<a name=\"at-core-cs-religion-150\"> </a></td><td>Islamische Glaubensgemeinschaft</td></tr><tr><td style=\"white-space:nowrap\">151<a name=\"at-core-cs-religion-151\"> </a></td><td>Alevitische Religionsgesellschaft</td></tr><tr><td style=\"white-space:nowrap\">152<a name=\"at-core-cs-religion-152\"> </a></td><td>Buddhistische Religionsgesellschaft</td></tr><tr><td style=\"white-space:nowrap\">153<a name=\"at-core-cs-religion-153\"> </a></td><td>Baha` i</td></tr><tr><td style=\"white-space:nowrap\">154<a name=\"at-core-cs-religion-154\"> </a></td><td>Hinduistische Religionsgesellschaft</td></tr><tr><td style=\"white-space:nowrap\">155<a name=\"at-core-cs-religion-155\"> </a></td><td>Sikh</td></tr><tr><td style=\"white-space:nowrap\">156<a name=\"at-core-cs-religion-156\"> </a></td><td>Shintoismus</td></tr><tr><td style=\"white-space:nowrap\">157<a name=\"at-core-cs-religion-157\"> </a></td><td>Vereinigungskirche</td></tr><tr><td style=\"white-space:nowrap\">162<a name=\"at-core-cs-religion-162\"> </a></td><td>Pastafarianismus</td></tr><tr><td style=\"white-space:nowrap\">158<a name=\"at-core-cs-religion-158\"> </a></td><td>Andere religiöse Bekenntnisgemeinschaften</td></tr><tr><td style=\"white-space:nowrap\">160<a name=\"at-core-cs-religion-160\"> </a></td><td>Konfessionslos</td></tr><tr><td style=\"white-space:nowrap\">161<a name=\"at-core-cs-religion-161\"> </a></td><td>Ohne Angabe</td></tr></table></div>"
  },
  "url": "http://hl7.at/fhir/HL7ATCoreProfiles/4.0.1/CodeSystem/at-core-cs-religion",
  "version": "0.3.0",
  "name": "HL7ATCoreCSReligion",
  "title": "HL7 AT Core Religion Code System",
  "status": "active",
  "date": "2021-07-14T18:22:38+00:00",
  "contact": [
    {
      "name": "Technical Committee for FHIR at HL7 Austria",
      "telecom": [
        {
          "system": "email",
          "value": "mailto:tc-fhir@hl7.at"
        }
      ]
    }
  ],
  "description": "Code system for the religions and faith communities in Austria",
  "content": "complete",
  "concept": [
    {
      "code": "100",
      "display": "Katholische Kirche (o.n.A.)",
      "property": [
        {
          "code": "child",
          "valueCode": "101"
        },
        {
          "code": "child",
          "valueCode": "102"
        },
        {
          "code": "child",
          "valueCode": "103"
        },
        {
          "code": "child",
          "valueCode": "104"
        },
        {
          "code": "child",
          "valueCode": "105"
        },
        {
          "code": "child",
          "valueCode": "106"
        },
        {
          "code": "child",
          "valueCode": "107"
        },
        {
          "code": "child",
          "valueCode": "108"
        },
        {
          "code": "child",
          "valueCode": "109"
        }
      ]
    },
    {
      "code": "110",
      "display": "Griechisch-Orientalische Kirchen",
      "property": [
        {
          "code": "child",
          "valueCode": "111"
        },
        {
          "code": "child",
          "valueCode": "112"
        },
        {
          "code": "child",
          "valueCode": "113"
        },
        {
          "code": "child",
          "valueCode": "114"
        },
        {
          "code": "child",
          "valueCode": "115"
        },
        {
          "code": "child",
          "valueCode": "116"
        },
        {
          "code": "child",
          "valueCode": "117"
        },
        {
          "code": "child",
          "valueCode": "118"
        }
      ]
    },
    {
      "code": "119",
      "display": "Orientalisch-Orthodoxe Kirchen",
      "property": [
        {
          "code": "child",
          "valueCode": "120"
        },
        {
          "code": "child",
          "valueCode": "121"
        },
        {
          "code": "child",
          "valueCode": "122"
        },
        {
          "code": "child",
          "valueCode": "123"
        },
        {
          "code": "child",
          "valueCode": "124"
        },
        {
          "code": "child",
          "valueCode": "125"
        }
      ]
    },
    {
      "code": "126",
      "display": "Evangelische Kirchen Österreich",
      "property": [
        {
          "code": "child",
          "valueCode": "127"
        },
        {
          "code": "child",
          "valueCode": "128"
        },
        {
          "code": "child",
          "valueCode": "129"
        }
      ]
    },
    {
      "code": "130",
      "display": "Andere Christliche Kirchen",
      "property": [
        {
          "code": "child",
          "valueCode": "131"
        },
        {
          "code": "child",
          "valueCode": "132"
        },
        {
          "code": "child",
          "valueCode": "133"
        }
      ]
    },
    {
      "code": "134",
      "display": "Sonstige Christliche Gemeinschaften",
      "property": [
        {
          "code": "child",
          "valueCode": "135"
        },
        {
          "code": "child",
          "valueCode": "136"
        },
        {
          "code": "child",
          "valueCode": "137"
        },
        {
          "code": "child",
          "valueCode": "138"
        },
        {
          "code": "child",
          "valueCode": "139"
        },
        {
          "code": "child",
          "valueCode": "140"
        },
        {
          "code": "child",
          "valueCode": "141"
        },
        {
          "code": "child",
          "valueCode": "142"
        },
        {
          "code": "child",
          "valueCode": "143"
        },
        {
          "code": "child",
          "valueCode": "144"
        },
        {
          "code": "child",
          "valueCode": "145"
        },
        {
          "code": "child",
          "valueCode": "146"
        }
      ]
    },
    {
      "code": "148",
      "display": "Nicht-christliche Gemeinschaften",
      "property": [
        {
          "code": "child",
          "valueCode": "149"
        },
        {
          "code": "child",
          "valueCode": "150"
        },
        {
          "code": "child",
          "valueCode": "151"
        },
        {
          "code": "child",
          "valueCode": "152"
        },
        {
          "code": "child",
          "valueCode": "153"
        },
        {
          "code": "child",
          "valueCode": "154"
        },
        {
          "code": "child",
          "valueCode": "155"
        },
        {
          "code": "child",
          "valueCode": "156"
        },
        {
          "code": "child",
          "valueCode": "157"
        },
        {
          "code": "child",
          "valueCode": "162"
        },
        {
          "code": "child",
          "valueCode": "158"
        }
      ]
    },
    {
      "code": "159",
      "display": "Konfessionslos, ohne Angabe",
      "property": [
        {
          "code": "child",
          "valueCode": "160"
        },
        {
          "code": "child",
          "valueCode": "161"
        }
      ]
    },
    {
      "code": "101",
      "display": "Römisch-Katholisch",
      "property": [
        {
          "code": "parent",
          "valueCode": "100"
        }
      ]
    },
    {
      "code": "102",
      "display": "Griechisch-Katholische Kirche",
      "property": [
        {
          "code": "parent",
          "valueCode": "100"
        }
      ]
    },
    {
      "code": "103",
      "display": "Armenisch-Katholische Kirche",
      "property": [
        {
          "code": "parent",
          "valueCode": "100"
        }
      ]
    },
    {
      "code": "104",
      "display": "Bulgarisch-Katholische Kirche",
      "property": [
        {
          "code": "parent",
          "valueCode": "100"
        }
      ]
    },
    {
      "code": "105",
      "display": "Rumänische griechisch-katholische Kirche",
      "property": [
        {
          "code": "parent",
          "valueCode": "100"
        }
      ]
    },
    {
      "code": "106",
      "display": "Russisch-Katholische Kirche",
      "property": [
        {
          "code": "parent",
          "valueCode": "100"
        }
      ]
    },
    {
      "code": "107",
      "display": "Syrisch-Katholische Kirche",
      "property": [
        {
          "code": "parent",
          "valueCode": "100"
        }
      ]
    },
    {
      "code": "108",
      "display": "Ukrainische Griechisch-Katholische Kirche",
      "property": [
        {
          "code": "parent",
          "valueCode": "100"
        }
      ]
    },
    {
      "code": "109",
      "display": "Katholische Ostkirche (ohne nähere Angabe)",
      "property": [
        {
          "code": "parent",
          "valueCode": "100"
        }
      ]
    },
    {
      "code": "111",
      "display": "Orthodoxe Kirchen (o.n.A.)",
      "property": [
        {
          "code": "parent",
          "valueCode": "110"
        }
      ]
    },
    {
      "code": "112",
      "display": "Griechisch-Orthodoxe Kirche (Hl.Dreifaltigkeit)",
      "property": [
        {
          "code": "parent",
          "valueCode": "110"
        }
      ]
    },
    {
      "code": "113",
      "display": "Griechisch-Orthodoxe Kirche (Hl.Georg)",
      "property": [
        {
          "code": "parent",
          "valueCode": "110"
        }
      ]
    },
    {
      "code": "114",
      "display": "Bulgarisch-Orthodoxe Kirche",
      "property": [
        {
          "code": "parent",
          "valueCode": "110"
        }
      ]
    },
    {
      "code": "115",
      "display": "Rumänisch-griechisch-orientalische Kirche",
      "property": [
        {
          "code": "parent",
          "valueCode": "110"
        }
      ]
    },
    {
      "code": "116",
      "display": "Russisch-Orthodoxe Kirche",
      "property": [
        {
          "code": "parent",
          "valueCode": "110"
        }
      ]
    },
    {
      "code": "117",
      "display": "Serbisch-griechisch-Orthodoxe Kirche",
      "property": [
        {
          "code": "parent",
          "valueCode": "110"
        }
      ]
    },
    {
      "code": "118",
      "display": "Ukrainisch-Orthodoxe Kirche",
      "property": [
        {
          "code": "parent",
          "valueCode": "110"
        }
      ]
    },
    {
      "code": "120",
      "display": "Armenisch-apostolische Kirche",
      "property": [
        {
          "code": "parent",
          "valueCode": "119"
        }
      ]
    },
    {
      "code": "121",
      "display": "Syrisch-orthodoxe Kirche",
      "property": [
        {
          "code": "parent",
          "valueCode": "119"
        }
      ]
    },
    {
      "code": "122",
      "display": "Syrisch-orthodoxe Kirche",
      "property": [
        {
          "code": "parent",
          "valueCode": "119"
        }
      ]
    },
    {
      "code": "123",
      "display": "Koptisch-orthodoxe Kirche",
      "property": [
        {
          "code": "parent",
          "valueCode": "119"
        }
      ]
    },
    {
      "code": "124",
      "display": "Armenisch-apostolische Kirche",
      "property": [
        {
          "code": "parent",
          "valueCode": "119"
        }
      ]
    },
    {
      "code": "125",
      "display": "Äthiopisch-Orthodoxe Kirche",
      "property": [
        {
          "code": "parent",
          "valueCode": "119"
        }
      ]
    },
    {
      "code": "127",
      "display": "Evangelische Kirche (o.n.A.)",
      "property": [
        {
          "code": "parent",
          "valueCode": "126"
        }
      ]
    },
    {
      "code": "128",
      "display": "Evangelische Kirche A.B.",
      "property": [
        {
          "code": "parent",
          "valueCode": "126"
        }
      ]
    },
    {
      "code": "129",
      "display": "Evangelische Kirche H.B.",
      "property": [
        {
          "code": "parent",
          "valueCode": "126"
        }
      ]
    },
    {
      "code": "131",
      "display": "Altkatholische Kirche Österreichs",
      "property": [
        {
          "code": "parent",
          "valueCode": "130"
        }
      ]
    },
    {
      "code": "132",
      "display": "Anglikanische Kirche",
      "property": [
        {
          "code": "parent",
          "valueCode": "130"
        }
      ]
    },
    {
      "code": "133",
      "display": "Evangelisch-methodistische Kirche (EmK)",
      "property": [
        {
          "code": "parent",
          "valueCode": "130"
        }
      ]
    },
    {
      "code": "135",
      "display": "Baptisten",
      "property": [
        {
          "code": "parent",
          "valueCode": "134"
        }
      ]
    },
    {
      "code": "136",
      "display": "Bund evangelikaler Gemeinden in Österreich",
      "property": [
        {
          "code": "parent",
          "valueCode": "134"
        }
      ]
    },
    {
      "code": "137",
      "display": "Freie Christengemeinde/Pfingstgemeinde",
      "property": [
        {
          "code": "parent",
          "valueCode": "134"
        }
      ]
    },
    {
      "code": "138",
      "display": "Mennonitische Freikirche",
      "property": [
        {
          "code": "parent",
          "valueCode": "134"
        }
      ]
    },
    {
      "code": "139",
      "display": "Kirche der Siebenten-Tags-Adventisten",
      "property": [
        {
          "code": "parent",
          "valueCode": "134"
        }
      ]
    },
    {
      "code": "140",
      "display": "Christengemeinschaft",
      "property": [
        {
          "code": "parent",
          "valueCode": "134"
        }
      ]
    },
    {
      "code": "141",
      "display": "Jehovas Zeugen",
      "property": [
        {
          "code": "parent",
          "valueCode": "134"
        }
      ]
    },
    {
      "code": "142",
      "display": "Neuapostolische Kirche",
      "property": [
        {
          "code": "parent",
          "valueCode": "134"
        }
      ]
    },
    {
      "code": "143",
      "display": "Mormonen",
      "property": [
        {
          "code": "parent",
          "valueCode": "134"
        }
      ]
    },
    {
      "code": "144",
      "display": "Sonstige Christliche Gemeinschaften (O.n.A.)",
      "property": [
        {
          "code": "parent",
          "valueCode": "134"
        }
      ]
    },
    {
      "code": "145",
      "display": "ELAIA Christengemeinden",
      "property": [
        {
          "code": "parent",
          "valueCode": "134"
        }
      ]
    },
    {
      "code": "146",
      "display": "Pfingstkirche Gemeinde Gottes",
      "property": [
        {
          "code": "parent",
          "valueCode": "134"
        }
      ]
    },
    {
      "code": "149",
      "display": "Israelitische Religionsgesellschaft",
      "property": [
        {
          "code": "parent",
          "valueCode": "148"
        }
      ]
    },
    {
      "code": "150",
      "display": "Islamische Glaubensgemeinschaft",
      "property": [
        {
          "code": "parent",
          "valueCode": "148"
        }
      ]
    },
    {
      "code": "151",
      "display": "Alevitische Religionsgesellschaft",
      "property": [
        {
          "code": "parent",
          "valueCode": "148"
        }
      ]
    },
    {
      "code": "152",
      "display": "Buddhistische Religionsgesellschaft",
      "property": [
        {
          "code": "parent",
          "valueCode": "148"
        }
      ]
    },
    {
      "code": "153",
      "display": "Baha` i",
      "property": [
        {
          "code": "parent",
          "valueCode": "148"
        }
      ]
    },
    {
      "code": "154",
      "display": "Hinduistische Religionsgesellschaft",
      "property": [
        {
          "code": "parent",
          "valueCode": "148"
        }
      ]
    },
    {
      "code": "155",
      "display": "Sikh",
      "property": [
        {
          "code": "parent",
          "valueCode": "148"
        }
      ]
    },
    {
      "code": "156",
      "display": "Shintoismus",
      "property": [
        {
          "code": "parent",
          "valueCode": "148"
        }
      ]
    },
    {
      "code": "157",
      "display": "Vereinigungskirche",
      "property": [
        {
          "code": "parent",
          "valueCode": "148"
        }
      ]
    },
    {
      "code": "162",
      "display": "Pastafarianismus",
      "property": [
        {
          "code": "parent",
          "valueCode": "148"
        }
      ]
    },
    {
      "code": "158",
      "display": "Andere religiöse Bekenntnisgemeinschaften",
      "property": [
        {
          "code": "parent",
          "valueCode": "148"
        }
      ]
    },
    {
      "code": "160",
      "display": "Konfessionslos",
      "property": [
        {
          "code": "parent",
          "valueCode": "159"
        }
      ]
    },
    {
      "code": "161",
      "display": "Ohne Angabe",
      "property": [
        {
          "code": "parent",
          "valueCode": "159"
        }
      ]
    }
  ]
}