{
  "resourceType" : "ValueSet",
  "id" : "moped-Anwesenheitsart-valueset",
  "text" : {
    "status" : "generated",
    "div" : "<div xmlns=\"http://www.w3.org/1999/xhtml\"><p class=\"res-header-id\"><b>Generated Narrative: ValueSet moped-Anwesenheitsart-valueset</b></p><a name=\"moped-Anwesenheitsart-valueset\"> </a><a name=\"hcmoped-Anwesenheitsart-valueset\"> </a><a name=\"moped-Anwesenheitsart-valueset-en-US\"> </a><ul><li>Include these codes as defined in <code>http://tbd.at/MOPED-Anwesenheitsart</code><table class=\"none\"><tr><td style=\"white-space:nowrap\"><b>Code</b></td><td><b>Display</b></td></tr><tr><td>ANW</td><td>physisch anwesend</td></tr><tr><td>ABW</td><td>physisch nicht anwesend</td></tr></table></li></ul></div>"
  },
  "url" : "http://example.org/ValueSet/moped-Anwesenheitsart-valueset",
  "version" : "0.1.0",
  "name" : "Anwesenheitsart",
  "title" : "Anwesenheitsart",
  "status" : "draft",
  "date" : "2024-10-24T14:50:34+00:00",
  "publisher" : "Example Publisher",
  "contact" : [{
    "name" : "Example Publisher",
    "telecom" : [{
      "system" : "url",
      "value" : "http://example.org/example-publisher"
    }]
  }],
  "description" : "ValueSet für die Anwesenheitsart",
  "compose" : {
    "include" : [{
      "system" : "http://tbd.at/MOPED-Anwesenheitsart",
      "concept" : [{
        "code" : "ANW",
        "display" : "physisch anwesend"
      },
      {
        "code" : "ABW",
        "display" : "physisch nicht anwesend"
      }]
    }]
  }
}