<?xml version="1.0" encoding="UTF-8"?>

<CodeSystem xmlns="http://hl7.org/fhir">
  <id value="100000072051"/>
  <text>
    <status value="generated"/><div xmlns="http://www.w3.org/1999/xhtml"><p>This case-sensitive code system <code>https://spor.ema.europa.eu/v1/lists/100000072051</code> defines the following codes:</p><table class="codes"><tr><td style="white-space:nowrap"><b>Code</b></td><td><b>Display</b></td></tr><tr><td style="white-space:nowrap">100000072076<a name="100000072051-100000072076"> </a></td><td>Medicinal product not subject to medical prescription</td></tr><tr><td style="white-space:nowrap">100000072077<a name="100000072051-100000072077"> </a></td><td>Medicinal product on medical prescription for renewable or non-renewable delivery</td></tr><tr><td style="white-space:nowrap">100000072078<a name="100000072051-100000072078"> </a></td><td>Medicinal product subject to restricted medical prescription</td></tr><tr><td style="white-space:nowrap">100000072079<a name="100000072051-100000072079"> </a></td><td>Medicinal product on medical prescription for non-renewable delivery</td></tr><tr><td style="white-space:nowrap">100000072084<a name="100000072051-100000072084"> </a></td><td>Medicinal product subject to medical prescription</td></tr><tr><td style="white-space:nowrap">100000072085<a name="100000072051-100000072085"> </a></td><td>Medicinal product subject to special medical prescription</td></tr><tr><td style="white-space:nowrap">100000072086<a name="100000072051-100000072086"> </a></td><td>Medicinal product on medical prescription for renewable delivery</td></tr><tr><td style="white-space:nowrap">100000157313<a name="100000072051-100000157313"> </a></td><td>Medicinal product subject to special and restricted medical prescription</td></tr><tr><td style="white-space:nowrap">200000002239<a name="100000072051-200000002239"> </a></td><td>Medicinal product subject to medical prescription exempt for some pack sizes</td></tr><tr><td style="white-space:nowrap">200000017695<a name="100000072051-200000017695"> </a></td><td>Veterinary medicinal product not subject to veterinary prescription</td></tr><tr><td style="white-space:nowrap">200000017698<a name="100000072051-200000017698"> </a></td><td>Veterinary medicinal product subject to veterinary prescription</td></tr><tr><td style="white-space:nowrap">200000017699<a name="100000072051-200000017699"> </a></td><td>Veterinary medicinal product subject to veterinary prescription except for some pack sizes</td></tr><tr><td style="white-space:nowrap">200000027067<a name="100000072051-200000027067"> </a></td><td>Veterinary medicinal product not subject to veterinary prescription, free trade for food-producing animals</td></tr><tr><td style="white-space:nowrap">200000027068<a name="100000072051-200000027068"> </a></td><td>Veterinary medicinal product not subject to veterinary prescription, free trade for non food-producing animals</td></tr><tr><td style="white-space:nowrap">200000027069<a name="100000072051-200000027069"> </a></td><td>Veterinary medicinal product not subject to veterinary prescription, dispensed by retailers</td></tr><tr><td style="white-space:nowrap">200000027070<a name="100000072051-200000027070"> </a></td><td>Medicated feedingstuffs retailed by feedmills only under veterinary prescription</td></tr><tr><td style="white-space:nowrap">200000027071<a name="100000072051-200000027071"> </a></td><td>Veterinary medicinal product subject to veterinary prescription, narcotic</td></tr><tr><td style="white-space:nowrap">200000027072<a name="100000072051-200000027072"> </a></td><td>Veterinary medicinal product subject to veterinary prescription, narcotic for use under veterinary or special supervision</td></tr><tr><td style="white-space:nowrap">200000027073<a name="100000072051-200000027073"> </a></td><td>Veterinary medicinal product subject to veterinary prescription, narcotic use and administration exclusively by veterinarians</td></tr><tr><td style="white-space:nowrap">200000027074<a name="100000072051-200000027074"> </a></td><td>Veterinary medicinal product subject to veterinary prescription, psychotropic</td></tr><tr><td style="white-space:nowrap">200000027075<a name="100000072051-200000027075"> </a></td><td>Veterinary medicinal product subject to veterinary prescription, psychotropic for use under veterinary or special supervision</td></tr><tr><td style="white-space:nowrap">200000027076<a name="100000072051-200000027076"> </a></td><td>Veterinary medicinal product subject to veterinary prescription, psychotropic use and administration exclusively by veterinarians</td></tr><tr><td style="white-space:nowrap">200000027077<a name="100000072051-200000027077"> </a></td><td>Veterinary medicinal product subject to restricted veterinary prescription</td></tr><tr><td style="white-space:nowrap">200000027078<a name="100000072051-200000027078"> </a></td><td>Veterinary medicinal product subject to restricted veterinary prescription for use under veterinary or special supervision</td></tr><tr><td style="white-space:nowrap">200000027079<a name="100000072051-200000027079"> </a></td><td>Veterinary medicinal product subject to restricted veterinary prescription, use and administration exclusively by veterinarians</td></tr><tr><td style="white-space:nowrap">200000027080<a name="100000072051-200000027080"> </a></td><td>Veterinary medicinal product subject to restricted veterinary prescription, use and administration exclusively by official veterinary services</td></tr><tr><td style="white-space:nowrap">200000027081<a name="100000072051-200000027081"> </a></td><td>Veterinary medicinal product subject to renewable or not renewable veterinary prescription</td></tr><tr><td style="white-space:nowrap">200000027082<a name="100000072051-200000027082"> </a></td><td>Veterinary medicinal product subject to not renewable veterinary prescription</td></tr><tr><td style="white-space:nowrap">200000027083<a name="100000072051-200000027083"> </a></td><td>Veterinary medicinal product subject to renewable veterinary prescription</td></tr><tr><td style="white-space:nowrap">200000027084<a name="100000072051-200000027084"> </a></td><td>Veterinary medicinal product subject to veterinary prescription and to single or multiple dispensing</td></tr><tr><td style="white-space:nowrap">200000027085<a name="100000072051-200000027085"> </a></td><td>Veterinary medicinal product subject to single dispensing</td></tr><tr><td style="white-space:nowrap">200000027086<a name="100000072051-200000027086"> </a></td><td>Veterinary medicinal product subject to multiple dispensing</td></tr></table></div>
  </text>
  <url value="https://spor.ema.europa.eu/v1/lists/100000072051"/>
  <version value="0.1.0"/>
  <name value="LegalStatusForTheSupplyCs"/>
  <title value="Legal Status From the Supply"/>
  <status value="active"/>
  <experimental value="false"/>
  <date value="2024-05-24T07:08:51+00:00"/>
  <publisher value="AGES"/>
  <contact>
    <name value="AGES"/>
    <telecom>
      <system value="url"/>
      <value value="https://www.ages.at/"/>
    </telecom>
  </contact>
  <description value="Legal Status From the Supply"/>
  <jurisdiction>
    <text value="European Union"/>
  </jurisdiction>
  <caseSensitive value="true"/>
  <content value="complete"/>
  <count value="32"/>
  <concept>
    <code value="100000072076"/>
    <display value="Medicinal product not subject to medical prescription"/>
  </concept>
  <concept>
    <code value="100000072077"/>
    <display value="Medicinal product on medical prescription for renewable or non-renewable delivery"/>
  </concept>
  <concept>
    <code value="100000072078"/>
    <display value="Medicinal product subject to restricted medical prescription"/>
  </concept>
  <concept>
    <code value="100000072079"/>
    <display value="Medicinal product on medical prescription for non-renewable delivery"/>
  </concept>
  <concept>
    <code value="100000072084"/>
    <display value="Medicinal product subject to medical prescription"/>
  </concept>
  <concept>
    <code value="100000072085"/>
    <display value="Medicinal product subject to special medical prescription"/>
  </concept>
  <concept>
    <code value="100000072086"/>
    <display value="Medicinal product on medical prescription for renewable delivery"/>
  </concept>
  <concept>
    <code value="100000157313"/>
    <display value="Medicinal product subject to special and restricted medical prescription"/>
  </concept>
  <concept>
    <code value="200000002239"/>
    <display value="Medicinal product subject to medical prescription exempt for some pack sizes"/>
  </concept>
  <concept>
    <code value="200000017695"/>
    <display value="Veterinary medicinal product not subject to veterinary prescription"/>
  </concept>
  <concept>
    <code value="200000017698"/>
    <display value="Veterinary medicinal product subject to veterinary prescription"/>
  </concept>
  <concept>
    <code value="200000017699"/>
    <display value="Veterinary medicinal product subject to veterinary prescription except for some pack sizes"/>
  </concept>
  <concept>
    <code value="200000027067"/>
    <display value="Veterinary medicinal product not subject to veterinary prescription, free trade for food-producing animals"/>
  </concept>
  <concept>
    <code value="200000027068"/>
    <display value="Veterinary medicinal product not subject to veterinary prescription, free trade for non food-producing animals"/>
  </concept>
  <concept>
    <code value="200000027069"/>
    <display value="Veterinary medicinal product not subject to veterinary prescription, dispensed by retailers"/>
  </concept>
  <concept>
    <code value="200000027070"/>
    <display value="Medicated feedingstuffs retailed by feedmills only under veterinary prescription"/>
  </concept>
  <concept>
    <code value="200000027071"/>
    <display value="Veterinary medicinal product subject to veterinary prescription, narcotic"/>
  </concept>
  <concept>
    <code value="200000027072"/>
    <display value="Veterinary medicinal product subject to veterinary prescription, narcotic for use under veterinary or special supervision"/>
  </concept>
  <concept>
    <code value="200000027073"/>
    <display value="Veterinary medicinal product subject to veterinary prescription, narcotic use and administration exclusively by veterinarians"/>
  </concept>
  <concept>
    <code value="200000027074"/>
    <display value="Veterinary medicinal product subject to veterinary prescription, psychotropic"/>
  </concept>
  <concept>
    <code value="200000027075"/>
    <display value="Veterinary medicinal product subject to veterinary prescription, psychotropic for use under veterinary or special supervision"/>
  </concept>
  <concept>
    <code value="200000027076"/>
    <display value="Veterinary medicinal product subject to veterinary prescription, psychotropic use and administration exclusively by veterinarians"/>
  </concept>
  <concept>
    <code value="200000027077"/>
    <display value="Veterinary medicinal product subject to restricted veterinary prescription"/>
  </concept>
  <concept>
    <code value="200000027078"/>
    <display value="Veterinary medicinal product subject to restricted veterinary prescription for use under veterinary or special supervision"/>
  </concept>
  <concept>
    <code value="200000027079"/>
    <display value="Veterinary medicinal product subject to restricted veterinary prescription, use and administration exclusively by veterinarians"/>
  </concept>
  <concept>
    <code value="200000027080"/>
    <display value="Veterinary medicinal product subject to restricted veterinary prescription, use and administration exclusively by official veterinary services"/>
  </concept>
  <concept>
    <code value="200000027081"/>
    <display value="Veterinary medicinal product subject to renewable or not renewable veterinary prescription"/>
  </concept>
  <concept>
    <code value="200000027082"/>
    <display value="Veterinary medicinal product subject to not renewable veterinary prescription"/>
  </concept>
  <concept>
    <code value="200000027083"/>
    <display value="Veterinary medicinal product subject to renewable veterinary prescription"/>
  </concept>
  <concept>
    <code value="200000027084"/>
    <display value="Veterinary medicinal product subject to veterinary prescription and to single or multiple dispensing"/>
  </concept>
  <concept>
    <code value="200000027085"/>
    <display value="Veterinary medicinal product subject to single dispensing"/>
  </concept>
  <concept>
    <code value="200000027086"/>
    <display value="Veterinary medicinal product subject to multiple dispensing"/>
  </concept>
</CodeSystem>